time,temperature_2m,dew_point_2m,shortwave_radiation,wind_speed_10m,cloud_cover
2025-01-01T06:00Z,6.5,2.6,0.0,2.93,0
2025-01-01T07:00Z,5.8,2.3,0.0,2.55,72
2025-01-01T08:00Z,5.2,2.1,0.0,2.46,45
2025-01-01T09:00Z,4.7,1.8,0.0,2.51,78
2025-01-01T10:00Z,4.3,1.4,0.0,2.74,29
2025-01-01T11:00Z,3.9,1.0,0.0,2.66,20
2025-01-01T12:00Z,3.6,0.7,0.0,2.33,92
2025-01-01T13:00Z,2.7,0.3,0.0,2.1,97
2025-01-01T14:00Z,2.6,0.0,9.0,2.71,1
2025-01-01T15:00Z,3.7,0.2,135.0,2.36,23
2025-01-01T16:00Z,5.2,0.3,310.0,2.58,0
2025-01-01T17:00Z,6.3,0.5,456.0,2.63,3
2025-01-01T18:00Z,7.2,0.9,551.0,2.12,20
2025-01-01T19:00Z,7.9,1.6,582.0,1.7,5
2025-01-01T20:00Z,8.5,1.9,551.0,1.6,32
2025-01-01T21:00Z,8.7,2.1,459.0,1.4,2
2025-01-01T22:00Z,8.6,2.2,315.0,1.33,0
2025-01-01T23:00Z,8.1,2.6,141.0,0.96,0
2025-01-02T00:00Z,6.7,3.3,11.0,0.78,0
2025-01-02T01:00Z,7.4,3.1,0.0,0.34,0
2025-01-02T02:00Z,7.0,2.8,0.0,0.2,0
2025-01-02T03:00Z,6.2,2.7,0.0,0.43,6
2025-01-02T04:00Z,5.7,2.5,0.0,0.47,0
2025-01-02T05:00Z,5.4,2.4,0.0,0.43,0
2025-01-02T06:00Z,4.9,2.3,0.0,0.64,0
2025-01-02T07:00Z,4.4,2.2,0.0,1.1,1
2025-01-02T08:00Z,4.0,2.0,0.0,1.12,0
2025-01-02T09:00Z,4.2,1.9,0.0,1.45,0
2025-01-02T10:00Z,3.8,1.7,0.0,1.31,0
2025-01-02T11:00Z,3.7,1.8,0.0,1.75,0
2025-01-02T12:00Z,3.4,1.7,0.0,1.43,0
2025-01-02T13:00Z,1.8,0.5,0.0,1.74,0
2025-01-02T14:00Z,2.0,0.8,9.0,2.23,2
2025-01-02T15:00Z,4.0,2.3,133.0,2.12,19
2025-01-02T16:00Z,6.8,3.8,306.0,1.46,25
2025-01-02T17:00Z,9.5,5.0,451.0,1.7,0
2025-01-02T18:00Z,11.7,5.7,547.0,1.53,1
2025-01-02T19:00Z,13.3,5.8,579.0,2.01,0
2025-01-02T20:00Z,14.5,5.7,547.0,2.63,0
2025-01-02T21:00Z,15.1,6.2,456.0,2.22,1
2025-01-02T22:00Z,14.9,6.6,309.0,2.76,0
2025-01-02T23:00Z,13.7,7.1,140.0,2.71,0
2025-01-03T00:00Z,12.0,6.9,12.0,2.48,0
2025-01-03T01:00Z,11.0,7.1,0.0,2.03,0
2025-01-03T02:00Z,10.2,7.1,0.0,1.41,0
2025-01-03T03:00Z,9.8,7.0,0.0,1.65,0
2025-01-03T04:00Z,9.2,6.8,0.0,1.67,1
2025-01-03T05:00Z,8.6,6.6,0.0,1.48,0
2025-01-03T06:00Z,8.0,6.2,0.0,1.33,0
2025-01-03T07:00Z,7.2,5.7,0.0,0.78,0
2025-01-03T08:00Z,6.7,5.5,0.0,0.78,0
2025-01-03T09:00Z,6.5,5.4,0.0,1.13,0
2025-01-03T10:00Z,6.2,5.2,0.0,1.21,0
2025-01-03T11:00Z,5.8,5.0,0.0,1.24,0
2025-01-03T12:00Z,6.1,5.1,0.0,2.08,0
2025-01-03T13:00Z,5.8,4.9,0.0,1.95,0
2025-01-03T14:00Z,5.7,4.9,9.0,2.32,0
2025-01-03T15:00Z,7.0,5.8,120.0,1.52,0
2025-01-03T16:00Z,8.7,6.7,275.0,1.38,0
2025-01-03T17:00Z,11.0,7.4,437.0,1.96,0
2025-01-03T18:00Z,12.8,7.7,544.0,2.51,0
2025-01-03T19:00Z,14.0,7.9,579.0,1.98,0
2025-01-03T20:00Z,14.7,8.1,549.0,1.32,0
2025-01-03T21:00Z,15.0,8.2,457.0,1.9,0
2025-01-03T22:00Z,15.0,8.2,313.0,1.71,7
2025-01-03T23:00Z,14.1,9.3,137.0,0.95,60
2025-01-04T00:00Z,12.7,8.8,12.0,2.14,1
2025-01-04T01:00Z,14.0,9.8,0.0,2.06,99
2025-01-04T02:00Z,13.9,9.7,0.0,2.3,100
2025-01-04T03:00Z,13.6,9.2,0.0,2.6,100
2025-01-04T04:00Z,13.1,8.8,0.0,2.6,100
2025-01-04T05:00Z,12.8,8.9,0.0,2.6,100
2025-01-04T06:00Z,12.8,9.0,0.0,3.11,100
2025-01-04T07:00Z,12.8,8.8,0.0,3.94,100
2025-01-04T08:00Z,12.3,8.5,0.0,3.62,100
2025-01-04T09:00Z,12.2,8.5,0.0,3.72,100
2025-01-04T10:00Z,12.2,8.5,0.0,3.39,100
2025-01-04T11:00Z,12.4,8.6,0.0,3.82,92
2025-01-04T12:00Z,12.0,8.6,0.0,3.75,100
2025-01-04T13:00Z,12.5,9.1,0.0,3.82,100
2025-01-04T14:00Z,12.0,9.1,6.0,3.72,96
2025-01-04T15:00Z,12.7,9.4,99.0,3.11,100
2025-01-04T16:00Z,13.1,9.2,123.0,3.34,100
2025-01-04T17:00Z,14.4,9.3,209.0,3.83,100
2025-01-04T18:00Z,16.5,10.1,346.0,4.01,100
2025-01-04T19:00Z,16.5,11.0,153.0,3.73,100
2025-01-04T20:00Z,18.0,12.1,318.0,4.7,100
2025-01-04T21:00Z,17.4,12.5,174.0,4.5,43
2025-01-04T22:00Z,17.9,13.0,254.0,2.44,95
2025-01-04T23:00Z,18.2,14.8,67.0,4.18,92
2025-01-05T00:00Z,17.8,14.6,8.0,4.54,100
2025-01-05T01:00Z,16.2,13.9,0.0,5.27,100
2025-01-05T02:00Z,16.0,13.8,0.0,5.29,100
2025-01-05T03:00Z,16.0,14.3,0.0,5.46,100
2025-01-05T04:00Z,16.5,15.3,0.0,5.44,100
2025-01-05T05:00Z,17.5,16.5,0.0,6.17,100
2025-01-05T06:00Z,18.1,16.9,0.0,7.07,100
2025-01-05T07:00Z,18.2,16.4,0.0,6.35,100
2025-01-05T08:00Z,18.4,16.0,0.0,6.3,100
2025-01-05T09:00Z,18.1,15.6,0.0,5.66,73
2025-01-05T10:00Z,17.8,15.4,0.0,5.25,100
2025-01-05T11:00Z,18.1,15.8,0.0,5.46,100
2025-01-05T12:00Z,18.5,15.9,0.0,6.35,100
2025-01-05T13:00Z,17.7,15.3,0.0,5.72,99
2025-01-05T14:00Z,16.4,15.1,2.0,7.73,67
2025-01-05T15:00Z,7.2,2.7,89.0,6.16,2
2025-01-05T16:00Z,7.5,0.4,311.0,6.6,18
2025-01-05T17:00Z,7.9,-1.8,460.0,7.11,0
2025-01-05T18:00Z,6.7,-3.4,557.0,7.65,48
2025-01-05T19:00Z,6.0,-5.9,588.0,7.72,63
2025-01-05T20:00Z,5.2,-7.7,544.0,7.53,24
2025-01-05T21:00Z,4.7,-8.5,477.0,7.08,46
2025-01-05T22:00Z,4.3,-8.9,328.0,6.65,0
2025-01-05T23:00Z,2.8,-9.2,156.0,7.45,0
2025-01-06T00:00Z,1.6,-8.9,15.0,7.18,0
2025-01-06T01:00Z,-0.3,-8.4,0.0,6.66,2
2025-01-06T02:00Z,-1.1,-8.9,0.0,6.39,21
2025-01-06T03:00Z,-1.8,-9.3,0.0,6.63,15
2025-01-06T04:00Z,-2.4,-9.4,0.0,6.06,14
2025-01-06T05:00Z,-2.7,-9.5,0.0,5.83,15
2025-01-06T06:00Z,-3.1,-9.8,0.0,5.67,49
2025-01-06T07:00Z,-3.2,-9.7,0.0,5.56,10
2025-01-06T08:00Z,-3.5,-9.8,0.0,5.81,34
2025-01-06T09:00Z,-3.8,-9.6,0.0,5.24,21
2025-01-06T10:00Z,-4.0,-9.6,0.0,4.84,18
2025-01-06T11:00Z,-4.2,-10.2,0.0,4.74,9
2025-01-06T12:00Z,-4.5,-10.8,0.0,4.81,1
2025-01-06T13:00Z,-5.4,-10.7,0.0,5.18,22
2025-01-06T14:00Z,-5.4,-11.2,9.0,4.86,6
2025-01-06T15:00Z,-4.3,-11.2,134.0,4.7,0
2025-01-06T16:00Z,-2.9,-11.5,309.0,4.37,0
2025-01-06T17:00Z,-1.5,-11.6,466.0,4.08,0
2025-01-06T18:00Z,-0.1,-11.0,566.0,4.07,0
2025-01-06T19:00Z,1.0,-10.1,604.0,3.76,0
2025-01-06T20:00Z,1.8,-9.8,576.0,3.62,3
2025-01-06T21:00Z,2.3,-10.3,484.0,3.61,0
2025-01-06T22:00Z,2.3,-10.7,338.0,3.56,4
2025-01-06T23:00Z,1.7,-10.2,159.0,3.03,18
2025-01-07T00:00Z,0.5,-9.7,16.0,2.52,78
2025-01-07T01:00Z,1.3,-8.1,0.0,2.34,9
2025-01-07T02:00Z,0.8,-8.7,0.0,2.61,17
2025-01-07T03:00Z,0.3,-10.4,0.0,3.01,77
2025-01-07T04:00Z,-0.6,-10.7,0.0,2.9,100
2025-01-07T05:00Z,-1.1,-9.6,0.0,2.36,100
2025-01-07T06:00Z,-1.2,-8.6,0.0,2.15,6
2025-01-07T07:00Z,-2.2,-8.4,0.0,2.17,87
2025-01-07T08:00Z,-2.4,-8.6,0.0,2.53,94
2025-01-07T09:00Z,-2.7,-8.8,0.0,2.64,92
2025-01-07T10:00Z,-2.9,-9.2,0.0,2.43,100
2025-01-07T11:00Z,-3.3,-9.3,0.0,2.42,100
2025-01-07T12:00Z,-3.6,-9.6,0.0,2.43,45
2025-01-07T13:00Z,-4.4,-11.2,0.0,2.79,100
2025-01-07T14:00Z,-4.3,-11.1,7.0,2.73,100
2025-01-07T15:00Z,-3.6,-10.9,82.0,2.65,100
2025-01-07T16:00Z,-2.5,-10.7,237.0,2.44,98
2025-01-07T17:00Z,-1.3,-10.5,352.0,1.96,96
2025-01-07T18:00Z,-0.4,-9.5,414.0,2.1,98
2025-01-07T19:00Z,0.6,-7.9,453.0,2.25,51
2025-01-07T20:00Z,1.7,-6.6,566.0,2.49,63
2025-01-07T21:00Z,2.1,-6.0,470.0,2.42,24
2025-01-07T22:00Z,2.2,-6.0,327.0,2.7,0
2025-01-07T23:00Z,1.7,-5.8,158.0,2.47,3
2025-01-08T00:00Z,0.5,-5.7,16.0,2.58,0
2025-01-08T01:00Z,0.9,-5.2,0.0,2.77,10
2025-01-08T02:00Z,0.5,-5.7,0.0,2.8,100
2025-01-08T03:00Z,0.5,-6.2,0.0,3.24,100
2025-01-08T04:00Z,0.2,-6.5,0.0,3.23,100
2025-01-08T05:00Z,0.1,-6.5,0.0,3.26,72
2025-01-08T06:00Z,-0.7,-6.7,0.0,3.21,100
2025-01-08T07:00Z,-0.9,-6.9,0.0,3.27,43
2025-01-08T08:00Z,-1.7,-7.2,0.0,3.17,100
2025-01-08T09:00Z,-1.6,-6.9,0.0,3.07,92
2025-01-08T10:00Z,-1.7,-6.9,0.0,2.91,97
2025-01-08T11:00Z,-2.0,-7.3,0.0,2.7,46
2025-01-08T12:00Z,-2.5,-7.9,0.0,2.5,18
2025-01-08T13:00Z,-2.7,-8.5,0.0,2.93,100
2025-01-08T14:00Z,-2.8,-10.0,8.0,3.17,100
2025-01-08T15:00Z,-2.4,-10.0,100.0,3.25,100
2025-01-08T16:00Z,-1.7,-8.8,193.0,3.16,99
2025-01-08T17:00Z,-1.2,-7.9,187.0,2.08,96
2025-01-08T18:00Z,0.3,-6.9,417.0,1.9,100
2025-01-08T19:00Z,0.8,-6.2,333.0,1.98,3
2025-01-08T20:00Z,2.2,-5.4,558.0,2.01,0
2025-01-08T21:00Z,2.9,-5.0,469.0,1.79,0
2025-01-08T22:00Z,3.1,-4.9,329.0,1.5,0
2025-01-08T23:00Z,2.7,-4.7,156.0,1.1,1
2025-01-09T00:00Z,1.8,-3.6,17.0,0.21,0
2025-01-09T01:00Z,1.9,-4.1,0.0,0.1,15
2025-01-09T02:00Z,1.1,-3.7,0.0,0.65,10
2025-01-09T03:00Z,0.6,-3.5,0.0,0.76,42
2025-01-09T04:00Z,0.1,-3.5,0.0,1.0,100
2025-01-09T05:00Z,0.3,-3.5,0.0,1.04,46
2025-01-09T06:00Z,-0.4,-3.7,0.0,1.06,92
2025-01-09T07:00Z,-0.3,-4.1,0.0,1.32,99
2025-01-09T08:00Z,-0.5,-4.4,0.0,1.43,100
2025-01-09T09:00Z,-0.3,-4.2,0.0,1.52,100
2025-01-09T10:00Z,0.3,-3.8,0.0,1.84,100
2025-01-09T11:00Z,0.4,-3.4,0.0,1.45,100
2025-01-09T12:00Z,0.6,-3.4,0.0,1.73,100
2025-01-09T13:00Z,0.9,-3.6,0.0,1.39,100
2025-01-09T14:00Z,0.7,-3.3,1.0,1.35,100
2025-01-09T15:00Z,0.6,-3.0,17.0,0.87,100
2025-01-09T16:00Z,0.8,-2.8,36.0,1.2,100
2025-01-09T17:00Z,0.8,-2.5,72.0,1.55,100
2025-01-09T18:00Z,0.7,-2.0,66.0,2.11,100
2025-01-09T19:00Z,0.5,-1.2,68.0,2.1,100
2025-01-09T20:00Z,0.6,-0.7,82.0,1.98,100
2025-01-09T21:00Z,0.9,-0.4,92.0,2.3,100
2025-01-09T22:00Z,0.9,-0.1,75.0,2.72,100
2025-01-09T23:00Z,0.8,-0.2,39.0,1.7,100
2025-01-10T00:00Z,0.6,0.1,3.0,1.9,100
2025-01-10T01:00Z,0.6,0.5,0.0,1.32,100
2025-01-10T02:00Z,0.6,0.4,0.0,2.31,100
2025-01-10T03:00Z,0.7,0.4,0.0,1.45,100
2025-01-10T04:00Z,0.5,0.3,0.0,2.47,100
2025-01-10T05:00Z,0.5,0.2,0.0,2.36,100
2025-01-10T06:00Z,0.3,-0.2,0.0,2.86,100
2025-01-10T07:00Z,0.0,-0.6,0.0,2.81,100
2025-01-10T08:00Z,-0.1,-0.9,0.0,2.36,100
2025-01-10T09:00Z,-0.2,-1.0,0.0,1.9,100
2025-01-10T10:00Z,-0.2,-1.0,0.0,2.35,100
2025-01-10T11:00Z,-0.2,-0.9,0.0,2.15,100
2025-01-10T12:00Z,-0.2,-0.9,0.0,2.48,100
2025-01-10T13:00Z,0.2,-0.6,0.0,2.51,100
2025-01-10T14:00Z,0.1,-0.7,3.0,3.0,100
2025-01-10T15:00Z,0.1,-0.8,39.0,3.55,100
2025-01-10T16:00Z,0.2,-0.8,89.0,3.58,100
2025-01-10T17:00Z,0.6,-0.6,262.0,3.4,100
2025-01-10T18:00Z,0.9,-0.5,433.0,3.9,100
2025-01-10T19:00Z,1.3,-0.2,472.0,3.36,100
2025-01-10T20:00Z,1.6,-0.3,402.0,4.34,99
2025-01-10T21:00Z,1.7,-0.3,292.0,4.89,85
2025-01-10T22:00Z,1.6,-0.8,309.0,4.85,76
2025-01-10T23:00Z,1.0,-1.5,161.0,4.39,2
2025-01-11T00:00Z,0.0,-2.5,22.0,3.83,0
2025-01-11T01:00Z,-0.1,-1.8,0.0,2.82,0
2025-01-11T02:00Z,-0.4,-2.1,0.0,2.64,0
2025-01-11T03:00Z,-0.8,-2.5,0.0,2.01,0
2025-01-11T04:00Z,-1.3,-2.9,0.0,1.74,0
2025-01-11T05:00Z,-1.5,-3.1,0.0,1.71,0
2025-01-11T06:00Z,-1.6,-3.1,0.0,1.95,0
2025-01-11T07:00Z,-1.7,-3.3,0.0,2.0,0
2025-01-11T08:00Z,-2.4,-3.9,0.0,1.37,0
2025-01-11T09:00Z,-2.5,-4.1,0.0,1.38,0
2025-01-11T10:00Z,-1.5,-3.4,0.0,2.11,0
2025-01-11T11:00Z,-1.4,-3.4,0.0,2.15,0
2025-01-11T12:00Z,-1.3,-3.4,0.0,2.32,0
2025-01-11T13:00Z,-1.8,-4.0,0.0,2.81,0
2025-01-11T14:00Z,-1.7,-4.0,10.0,3.35,0
2025-01-11T15:00Z,0.2,-3.5,143.0,2.97,0
2025-01-11T16:00Z,2.7,-3.5,328.0,2.37,0
2025-01-11T17:00Z,5.0,-2.8,486.0,2.47,0
2025-01-11T18:00Z,7.2,-1.7,589.0,3.21,0
2025-01-11T19:00Z,9.1,-2.0,627.0,3.86,0
2025-01-11T20:00Z,10.4,-2.8,599.0,4.5,0
2025-01-11T21:00Z,10.7,-2.8,506.0,4.92,0
2025-01-11T22:00Z,10.3,-1.7,359.0,4.7,0
2025-01-11T23:00Z,9.1,-1.8,177.0,4.44,0
2025-01-12T00:00Z,7.4,-2.4,22.0,4.41,0
2025-01-12T01:00Z,8.3,-2.8,0.0,4.96,0
2025-01-12T02:00Z,7.9,-3.2,0.0,4.88,0
2025-01-12T03:00Z,7.1,-2.2,0.0,4.46,0
2025-01-12T04:00Z,6.7,-1.7,0.0,4.66,0
2025-01-12T05:00Z,6.4,-1.7,0.0,4.63,0
2025-01-12T06:00Z,6.2,-1.8,0.0,4.65,0
2025-01-12T07:00Z,5.8,-1.5,0.0,4.1,0
2025-01-12T08:00Z,5.4,-1.1,0.0,3.31,0
2025-01-12T09:00Z,4.5,-0.7,0.0,3.0,0
2025-01-12T10:00Z,4.1,-0.7,0.0,3.45,0
2025-01-12T11:00Z,3.9,-0.6,0.0,3.41,0
2025-01-12T12:00Z,3.8,-0.4,0.0,3.32,0
2025-01-12T13:00Z,3.1,-0.5,0.0,2.98,0
2025-01-12T14:00Z,3.0,-0.4,9.0,2.44,0
2025-01-12T15:00Z,4.3,0.5,136.0,2.07,0
2025-01-12T16:00Z,5.2,0.4,313.0,2.36,0
2025-01-12T17:00Z,6.4,1.1,463.0,2.79,19
2025-01-12T18:00Z,7.4,1.7,563.0,3.46,4
2025-01-12T19:00Z,8.1,2.1,602.0,3.87,1
2025-01-12T20:00Z,8.7,2.1,575.0,3.95,12
2025-01-12T21:00Z,8.9,1.7,488.0,3.99,36
2025-01-12T22:00Z,8.7,1.6,346.0,3.99,28
2025-01-12T23:00Z,8.0,1.9,170.0,3.49,16
2025-01-13T00:00Z,6.7,2.0,22.0,3.31,7
2025-01-13T01:00Z,7.3,2.2,0.0,2.57,0
2025-01-13T02:00Z,6.6,2.3,0.0,2.84,66
2025-01-13T03:00Z,6.0,2.3,0.0,3.08,6
2025-01-13T04:00Z,5.4,2.1,0.0,3.31,19
2025-01-13T05:00Z,4.8,1.7,0.0,3.42,4
2025-01-13T06:00Z,4.1,0.9,0.0,3.71,4
2025-01-13T07:00Z,3.3,-0.4,0.0,3.8,0
2025-01-13T08:00Z,2.4,-1.9,0.0,3.6,2
2025-01-13T09:00Z,1.5,-2.9,0.0,3.35,2
2025-01-13T10:00Z,0.7,-4.2,0.0,3.11,72
2025-01-13T11:00Z,-0.2,-4.9,0.0,2.9,87
2025-01-13T12:00Z,-0.8,-5.4,0.0,2.8,5
2025-01-13T13:00Z,-1.1,-6.2,0.0,2.31,0
2025-01-13T14:00Z,-1.3,-6.3,10.0,2.46,36
2025-01-13T15:00Z,0.1,-5.5,143.0,2.11,96
2025-01-13T16:00Z,1.8,-4.8,322.0,2.36,83
2025-01-13T17:00Z,3.6,-3.9,475.0,2.26,99
2025-01-13T18:00Z,5.3,-3.2,582.0,2.21,9
2025-01-13T19:00Z,6.7,-2.9,623.0,2.29,11
2025-01-13T20:00Z,7.7,-2.5,596.0,2.38,18
2025-01-13T21:00Z,8.1,-2.2,504.0,2.29,1
2025-01-13T22:00Z,7.9,-2.1,359.0,1.9,0
2025-01-13T23:00Z,7.2,-0.9,178.0,1.12,0
2025-01-14T00:00Z,5.2,-0.4,24.0,1.11,0
2025-01-14T01:00Z,6.4,-0.6,0.0,1.44,0
2025-01-14T02:00Z,5.4,-0.9,0.0,1.7,1
2025-01-14T03:00Z,4.4,-1.2,0.0,1.74,2
2025-01-14T04:00Z,3.6,-1.3,0.0,1.72,0
2025-01-14T05:00Z,2.9,-1.3,0.0,1.41,0
2025-01-14T06:00Z,2.3,-1.4,0.0,1.28,1
2025-01-14T07:00Z,1.8,-1.7,0.0,1.04,2
2025-01-14T08:00Z,1.5,-2.0,0.0,0.89,1
2025-01-14T09:00Z,1.1,-2.2,0.0,0.8,5
2025-01-14T10:00Z,0.7,-2.3,0.0,1.03,45
2025-01-14T11:00Z,0.5,-2.6,0.0,0.81,18
2025-01-14T12:00Z,0.1,-2.8,0.0,1.08,1
2025-01-14T13:00Z,-1.7,-4.1,0.0,0.75,93
2025-01-14T14:00Z,-1.4,-3.8,10.0,1.1,94
2025-01-14T15:00Z,1.3,-4.2,140.0,1.3,94
2025-01-14T16:00Z,4.4,-4.8,320.0,0.81,82
2025-01-14T17:00Z,6.7,-3.5,468.0,1.05,94
2025-01-14T18:00Z,8.3,-2.0,566.0,1.2,100
2025-01-14T19:00Z,9.4,-1.2,603.0,0.86,99
2025-01-14T20:00Z,10.1,-0.6,573.0,0.67,96
2025-01-14T21:00Z,10.4,-0.3,485.0,0.57,100
2025-01-14T22:00Z,10.3,0.0,334.0,0.6,93
2025-01-14T23:00Z,8.9,2.8,176.0,0.75,91
2025-01-15T00:00Z,6.3,1.2,25.0,1.13,0
2025-01-15T01:00Z,8.2,1.4,0.0,1.57,1
2025-01-15T02:00Z,7.4,1.1,0.0,1.51,6
2025-01-15T03:00Z,6.8,1.0,0.0,1.6,5
2025-01-15T04:00Z,5.9,0.8,0.0,1.48,0
2025-01-15T05:00Z,5.0,0.3,0.0,0.76,0
2025-01-15T06:00Z,4.4,-0.2,0.0,0.85,0
2025-01-15T07:00Z,4.0,-0.7,0.0,0.29,0
2025-01-15T08:00Z,3.3,-0.8,0.0,0.45,0
2025-01-15T09:00Z,2.8,-1.0,0.0,0.25,0
2025-01-15T10:00Z,2.2,-1.2,0.0,0.3,0
2025-01-15T11:00Z,1.6,-1.4,0.0,0.38,2
2025-01-15T12:00Z,0.8,-1.6,0.0,0.86,18
2025-01-15T13:00Z,0.4,-2.3,0.0,0.6,23
2025-01-15T14:00Z,0.7,-1.8,10.0,1.23,35
2025-01-15T15:00Z,2.5,-0.4,133.0,0.6,19
2025-01-15T16:00Z,5.3,1.0,307.0,0.6,78
2025-01-15T17:00Z,8.0,2.1,464.0,1.54,99
2025-01-15T18:00Z,10.0,2.1,562.0,0.85,0
2025-01-15T19:00Z,11.7,1.5,615.0,0.35,0
2025-01-15T20:00Z,12.7,1.1,588.0,0.41,0
2025-01-15T21:00Z,13.1,1.6,499.0,1.19,0
2025-01-15T22:00Z,12.8,1.9,357.0,1.61,0
2025-01-15T23:00Z,11.6,3.9,179.0,1.06,0
2025-01-16T00:00Z,9.5,2.9,26.0,0.78,0
2025-01-16T01:00Z,10.0,3.2,0.0,1.34,0
2025-01-16T02:00Z,9.0,3.1,0.0,1.43,0
2025-01-16T03:00Z,7.9,2.9,0.0,1.32,0
2025-01-16T04:00Z,6.9,2.5,0.0,0.85,0
2025-01-16T05:00Z,6.0,2.2,0.0,0.71,0
2025-01-16T06:00Z,4.9,2.1,0.0,0.65,17
2025-01-16T07:00Z,3.9,2.0,0.0,0.98,8
2025-01-16T08:00Z,3.6,1.9,0.0,1.3,35
2025-01-16T09:00Z,3.2,1.6,0.0,1.31,19
2025-01-16T10:00Z,2.9,1.2,0.0,1.35,94
2025-01-16T11:00Z,2.7,0.9,0.0,1.46,75
2025-01-16T12:00Z,2.4,0.5,0.0,1.4,96
2025-01-16T13:00Z,0.9,-0.8,0.0,1.75,99
2025-01-16T14:00Z,1.2,-0.6,9.0,1.87,97
2025-01-16T15:00Z,2.9,0.6,123.0,1.98,98
2025-01-16T16:00Z,5.7,2.2,293.0,0.96,99
2025-01-16T17:00Z,8.5,3.2,445.0,1.2,94
2025-01-16T18:00Z,11.0,3.7,535.0,1.35,100
2025-01-16T19:00Z,12.8,3.3,565.0,1.68,98
2025-01-16T20:00Z,13.7,2.4,540.0,2.09,91
2025-01-16T21:00Z,14.2,2.1,496.0,2.02,36
2025-01-16T22:00Z,14.2,1.9,366.0,1.58,0
2025-01-16T23:00Z,12.8,5.3,189.0,0.76,0
2025-01-17T00:00Z,10.4,3.2,29.0,1.34,0
2025-01-17T01:00Z,10.7,2.8,0.0,1.86,0
2025-01-17T02:00Z,10.0,2.2,0.0,2.66,0
2025-01-17T03:00Z,9.5,1.3,0.0,3.25,0
2025-01-17T04:00Z,9.0,0.5,0.0,3.22,0
2025-01-17T05:00Z,8.0,0.3,0.0,3.21,0
2025-01-17T06:00Z,7.6,0.4,0.0,3.6,0
2025-01-17T07:00Z,7.7,0.4,0.0,3.75,0
2025-01-17T08:00Z,7.5,0.1,0.0,3.9,99
2025-01-17T09:00Z,7.6,-0.4,0.0,3.96,100
2025-01-17T10:00Z,7.5,-0.5,0.0,3.75,99
2025-01-17T11:00Z,7.2,-0.1,0.0,4.0,100
2025-01-17T12:00Z,7.1,0.5,0.0,3.86,100
2025-01-17T13:00Z,7.3,1.1,0.0,4.15,100
2025-01-17T14:00Z,7.6,1.6,7.0,4.16,100
2025-01-17T15:00Z,8.9,2.3,64.0,4.46,100
2025-01-17T16:00Z,10.2,2.5,104.0,5.06,100
2025-01-17T17:00Z,11.0,4.0,231.0,4.48,100
2025-01-17T18:00Z,12.2,4.1,335.0,4.38,99
2025-01-17T19:00Z,13.3,3.2,352.0,5.22,100
2025-01-17T20:00Z,13.4,4.9,243.0,5.45,73
2025-01-17T21:00Z,14.5,6.1,294.0,6.01,88
2025-01-17T22:00Z,15.5,7.1,342.0,5.53,2
2025-01-17T23:00Z,15.2,7.3,182.0,5.01,2
2025-01-18T00:00Z,14.2,6.9,29.0,5.42,0
2025-01-18T01:00Z,13.9,7.9,0.0,5.75,0
2025-01-18T02:00Z,14.5,8.1,0.0,5.97,0
2025-01-18T03:00Z,14.9,7.7,0.0,6.06,1
2025-01-18T04:00Z,15.0,6.6,0.0,6.56,0
2025-01-18T05:00Z,14.8,4.4,0.0,5.71,0
2025-01-18T06:00Z,14.3,2.1,0.0,5.5,0
2025-01-18T07:00Z,10.8,0.3,0.0,5.84,0
2025-01-18T08:00Z,8.6,-0.6,0.0,5.54,0
2025-01-18T09:00Z,7.3,-0.8,0.0,5.19,0
2025-01-18T10:00Z,6.5,-0.6,0.0,5.34,0
2025-01-18T11:00Z,6.0,-0.3,0.0,5.52,0
2025-01-18T12:00Z,5.6,-0.6,0.0,5.57,0
2025-01-18T13:00Z,4.6,-0.2,0.0,5.2,0
2025-01-18T14:00Z,4.4,-0.7,11.0,5.21,0
2025-01-18T15:00Z,4.9,-1.3,143.0,4.83,0
2025-01-18T16:00Z,5.2,-2.0,325.0,4.89,0
2025-01-18T17:00Z,5.8,-2.2,480.0,4.77,0
2025-01-18T18:00Z,6.5,-2.1,583.0,4.81,0
2025-01-18T19:00Z,7.1,-2.0,623.0,4.92,0
2025-01-18T20:00Z,7.5,-1.9,599.0,4.81,0
2025-01-18T21:00Z,7.7,-2.2,512.0,4.78,0
2025-01-18T22:00Z,7.4,-2.9,369.0,4.74,0
2025-01-18T23:00Z,6.5,-4.0,192.0,4.63,0
2025-01-19T00:00Z,5.1,-4.1,31.0,4.46,0
2025-01-19T01:00Z,5.1,-3.5,0.0,4.5,0
2025-01-19T02:00Z,3.4,-6.3,0.0,6.47,0
2025-01-19T03:00Z,0.9,-7.8,0.0,6.23,0
2025-01-19T04:00Z,-0.3,-8.0,0.0,5.12,0
2025-01-19T05:00Z,-1.0,-7.7,0.0,4.8,0
2025-01-19T06:00Z,-1.7,-8.2,0.0,4.89,42
2025-01-19T07:00Z,-2.3,-8.9,0.0,5.05,90
2025-01-19T08:00Z,-2.7,-10.3,0.0,5.52,100
2025-01-19T09:00Z,-3.0,-12.1,0.0,6.05,80
2025-01-19T10:00Z,-3.7,-11.8,0.0,5.42,0
2025-01-19T11:00Z,-4.1,-11.5,0.0,5.05,0
2025-01-19T12:00Z,-4.4,-11.9,0.0,4.92,0
2025-01-19T13:00Z,-5.1,-12.3,0.0,4.94,0
2025-01-19T14:00Z,-5.2,-13.7,12.0,4.94,0
2025-01-19T15:00Z,-4.5,-13.7,152.0,4.87,2
2025-01-19T16:00Z,-3.5,-13.5,341.0,4.64,21
2025-01-19T17:00Z,-2.5,-13.1,501.0,4.38,49
2025-01-19T18:00Z,-1.5,-13.0,601.0,4.15,11
2025-01-19T19:00Z,-0.7,-12.6,652.0,3.88,41
2025-01-19T20:00Z,-0.2,-12.4,626.0,3.74,53
2025-01-19T21:00Z,-0.1,-12.1,529.0,3.48,8
2025-01-19T22:00Z,-0.2,-12.4,385.0,3.05,0
2025-01-19T23:00Z,-0.8,-12.8,204.0,2.89,0
2025-01-20T00:00Z,-1.9,-11.5,34.0,2.04,0
2025-01-20T01:00Z,-2.1,-11.0,0.0,1.83,0
2025-01-20T02:00Z,-2.6,-11.4,0.0,2.06,0
2025-01-20T03:00Z,-2.9,-11.3,0.0,1.97,7
2025-01-20T04:00Z,-3.1,-10.9,0.0,2.12,10
2025-01-20T05:00Z,-3.4,-11.2,0.0,1.87,0
2025-01-20T06:00Z,-3.7,-11.6,0.0,2.09,7
2025-01-20T07:00Z,-3.9,-12.1,0.0,2.3,49
2025-01-20T08:00Z,-4.1,-12.5,0.0,2.38,20
2025-01-20T09:00Z,-4.3,-13.1,0.0,2.37,3
2025-01-20T10:00Z,-4.5,-13.4,0.0,2.21,0
2025-01-20T11:00Z,-4.6,-13.5,0.0,2.36,0
2025-01-20T12:00Z,-4.8,-14.0,0.0,2.66,0
2025-01-20T13:00Z,-5.5,-14.1,0.0,2.35,7
2025-01-20T14:00Z,-5.4,-14.0,12.0,2.7,9
2025-01-20T15:00Z,-4.3,-14.3,150.0,2.77,26
2025-01-20T16:00Z,-2.8,-15.5,339.0,2.86,3
2025-01-20T17:00Z,-1.4,-17.3,500.0,2.88,18
2025-01-20T18:00Z,-0.1,-19.0,606.0,2.72,3
2025-01-20T19:00Z,0.9,-19.8,649.0,2.6,6
2025-01-20T20:00Z,1.2,-16.9,628.0,2.91,11
2025-01-20T21:00Z,1.3,-15.7,537.0,3.04,20
2025-01-20T22:00Z,1.1,-15.6,388.0,3.19,87
2025-01-20T23:00Z,0.5,-14.4,155.0,2.84,94
2025-01-21T00:00Z,-0.2,-13.1,16.0,2.93,100
2025-01-21T01:00Z,-0.6,-11.4,0.0,2.55,100
2025-01-21T02:00Z,-0.8,-11.3,0.0,2.86,100
2025-01-21T03:00Z,-1.0,-11.1,0.0,2.82,100
2025-01-21T04:00Z,-1.2,-10.8,0.0,2.95,100
2025-01-21T05:00Z,-1.5,-11.1,0.0,3.28,100
2025-01-21T06:00Z,-2.0,-10.5,0.0,3.92,100
2025-01-21T07:00Z,-2.7,-9.1,0.0,3.32,100
2025-01-21T08:00Z,-2.9,-8.9,0.0,2.77,100
2025-01-21T09:00Z,-3.2,-9.0,0.0,2.78,100
2025-01-21T10:00Z,-3.5,-9.2,0.0,3.46,100
2025-01-21T11:00Z,-3.7,-9.5,0.0,3.45,100
2025-01-21T12:00Z,-3.8,-9.1,0.0,3.79,100
2025-01-21T13:00Z,-4.0,-8.1,0.0,4.58,100
2025-01-21T14:00Z,-4.3,-10.1,4.0,4.43,97
2025-01-21T15:00Z,-4.6,-14.6,91.0,3.63,0
2025-01-21T16:00Z,-4.1,-17.0,353.0,3.16,0
2025-01-21T17:00Z,-3.0,-18.2,515.0,2.45,0
2025-01-21T18:00Z,-2.0,-19.8,627.0,2.22,0
2025-01-21T19:00Z,-1.2,-19.6,674.0,2.18,0
2025-01-21T20:00Z,-0.9,-17.6,650.0,1.97,0
2025-01-21T21:00Z,-0.9,-16.7,558.0,1.89,0
2025-01-21T22:00Z,-1.2,-16.6,407.0,1.38,0
2025-01-21T23:00Z,-1.8,-16.2,217.0,0.74,0
2025-01-22T00:00Z,-3.0,-14.0,40.0,0.11,0
2025-01-22T01:00Z,-2.8,-10.4,0.0,0.79,0
2025-01-22T02:00Z,-2.9,-10.6,0.0,1.7,0
2025-01-22T03:00Z,-3.0,-11.9,0.0,2.27,0
2025-01-22T04:00Z,-3.1,-13.5,0.0,2.97,0
2025-01-22T05:00Z,-3.2,-14.7,0.0,3.34,0
2025-01-22T06:00Z,-3.1,-15.7,0.0,3.51,0
2025-01-22T07:00Z,-3.0,-16.2,0.0,3.8,0
2025-01-22T08:00Z,-2.9,-15.8,0.0,3.87,0
2025-01-22T09:00Z,-2.8,-15.0,0.0,3.96,0
2025-01-22T10:00Z,-2.8,-13.7,0.0,3.86,0
2025-01-22T11:00Z,-2.7,-12.1,0.0,3.96,0
2025-01-22T12:00Z,-2.7,-11.0,0.0,4.21,0
2025-01-22T13:00Z,-4.1,-10.3,0.0,4.3,0
2025-01-22T14:00Z,-3.9,-9.9,13.0,4.35,0
2025-01-22T15:00Z,-2.3,-9.6,155.0,3.6,0
2025-01-22T16:00Z,-0.1,-9.2,346.0,4.43,0
2025-01-22T17:00Z,2.3,-9.0,507.0,4.85,0
2025-01-22T18:00Z,4.6,-9.0,613.0,4.37,1
2025-01-22T19:00Z,6.4,-8.8,653.0,4.03,15
2025-01-22T20:00Z,7.4,-7.7,628.0,3.71,7
2025-01-22T21:00Z,8.2,-7.1,538.0,3.04,1
2025-01-22T22:00Z,8.6,-6.7,395.0,2.06,0
2025-01-22T23:00Z,7.0,-2.3,212.0,1.03,0
2025-01-23T00:00Z,4.6,-5.3,40.0,0.6,0
2025-01-23T01:00Z,5.0,-1.9,0.0,1.64,0
2025-01-23T02:00Z,3.4,-1.7,0.0,1.35,0
2025-01-23T03:00Z,2.6,-2.1,0.0,1.41,94
2025-01-23T04:00Z,2.2,-2.7,0.0,1.65,48
2025-01-23T05:00Z,2.3,-3.2,0.0,1.79,100
2025-01-23T06:00Z,1.8,-3.9,0.0,3.18,100
2025-01-23T07:00Z,1.2,-5.2,0.0,2.72,87
2025-01-23T08:00Z,0.6,-5.7,0.0,2.47,41
2025-01-23T09:00Z,0.0,-5.5,0.0,2.29,17
2025-01-23T10:00Z,-0.5,-5.3,0.0,2.08,0
2025-01-23T11:00Z,-0.8,-5.2,0.0,1.95,0
2025-01-23T12:00Z,-0.9,-5.0,0.0,1.98,0
2025-01-23T13:00Z,-1.9,-6.4,0.0,1.92,0
2025-01-23T14:00Z,-1.7,-5.7,13.0,2.94,0
2025-01-23T15:00Z,0.5,-6.1,154.0,2.36,0
2025-01-23T16:00Z,2.6,-7.2,343.0,2.48,0
2025-01-23T17:00Z,4.9,-7.8,503.0,2.4,0
2025-01-23T18:00Z,6.5,-7.1,613.0,2.41,0
2025-01-23T19:00Z,7.3,-5.4,657.0,2.19,0
2025-01-23T20:00Z,7.9,-5.2,634.0,2.3,0
2025-01-23T21:00Z,8.4,-5.9,544.0,2.64,0
2025-01-23T22:00Z,8.2,-6.4,398.0,3.11,0
2025-01-23T23:00Z,7.1,-4.9,214.0,2.24,0
2025-01-24T00:00Z,4.8,-3.7,41.0,1.82,0
2025-01-24T01:00Z,5.6,-2.8,0.0,2.27,0
2025-01-24T02:00Z,4.7,-3.3,0.0,2.19,0
2025-01-24T03:00Z,3.9,-3.5,0.0,2.11,0
2025-01-24T04:00Z,3.0,-3.4,0.0,1.81,0
2025-01-24T05:00Z,2.2,-3.7,0.0,2.23,0
2025-01-24T06:00Z,1.0,-3.6,0.0,1.28,0
2025-01-24T07:00Z,0.1,-3.9,0.0,0.72,0
2025-01-24T08:00Z,-0.2,-3.8,0.0,1.42,0
2025-01-24T09:00Z,-0.5,-4.0,0.0,1.43,0
2025-01-24T10:00Z,-0.5,-4.2,0.0,1.79,0
2025-01-24T11:00Z,-0.4,-4.6,0.0,1.9,0
2025-01-24T12:00Z,-0.3,-5.1,0.0,1.88,0
2025-01-24T13:00Z,-2.7,-7.5,0.0,1.44,0
2025-01-24T14:00Z,-1.8,-8.2,14.0,1.61,0
2025-01-24T15:00Z,0.7,-8.5,159.0,1.84,0
2025-01-24T16:00Z,3.5,-8.7,352.0,1.57,0
2025-01-24T17:00Z,6.5,-9.0,514.0,2.08,0
2025-01-24T18:00Z,9.1,-8.5,624.0,2.82,0
2025-01-24T19:00Z,10.7,-8.3,669.0,3.68,0
2025-01-24T20:00Z,11.6,-9.8,647.0,4.32,0
2025-01-24T21:00Z,12.0,-10.7,559.0,4.52,0
2025-01-24T22:00Z,11.8,-9.6,412.0,4.03,0
2025-01-24T23:00Z,10.4,-8.3,225.0,3.31,0
2025-01-25T00:00Z,7.5,-7.9,45.0,3.42,0
2025-01-25T01:00Z,9.0,-7.9,0.0,3.91,0
2025-01-25T02:00Z,8.3,-8.2,0.0,4.46,0
2025-01-25T03:00Z,7.9,-8.1,0.0,5.02,0
2025-01-25T04:00Z,7.7,-8.7,0.0,5.16,0
2025-01-25T05:00Z,7.2,-8.1,0.0,5.15,18
2025-01-25T06:00Z,6.8,-7.3,0.0,4.91,30
2025-01-25T07:00Z,6.4,-6.8,0.0,4.76,85
2025-01-25T08:00Z,6.1,-6.7,0.0,4.85,92
2025-01-25T09:00Z,5.6,-6.7,0.0,4.9,60
2025-01-25T10:00Z,5.0,-6.4,0.0,4.76,62
2025-01-25T11:00Z,4.5,-6.5,0.0,4.5,91
2025-01-25T12:00Z,3.9,-6.9,0.0,4.05,98
2025-01-25T13:00Z,3.0,-5.9,0.0,3.82,73
2025-01-25T14:00Z,2.7,-5.5,13.0,3.64,95
2025-01-25T15:00Z,4.2,-4.4,137.0,3.17,81
2025-01-25T16:00Z,6.5,-3.5,339.0,3.36,25
2025-01-25T17:00Z,9.1,-1.9,506.0,3.39,15
2025-01-25T18:00Z,11.8,-0.4,608.0,3.53,12
2025-01-25T19:00Z,14.1,1.1,638.0,4.01,37
2025-01-25T20:00Z,15.7,3.0,577.0,4.6,46
2025-01-25T21:00Z,16.0,4.5,447.0,4.87,79
2025-01-25T22:00Z,15.6,5.2,293.0,4.51,84
2025-01-25T23:00Z,14.7,5.8,163.0,3.7,61
2025-01-26T00:00Z,13.3,6.4,41.0,3.34,47
2025-01-26T01:00Z,11.0,7.6,0.0,3.04,100
2025-01-26T02:00Z,10.7,8.1,0.0,3.34,100
2025-01-26T03:00Z,10.6,8.3,0.0,3.72,100
2025-01-26T04:00Z,10.5,8.5,0.0,3.45,100
2025-01-26T05:00Z,10.2,8.6,0.0,3.26,90
2025-01-26T06:00Z,9.7,8.7,0.0,2.03,42
2025-01-26T07:00Z,9.1,8.4,0.0,1.15,100
2025-01-26T08:00Z,9.6,8.8,0.0,1.01,100
2025-01-26T09:00Z,9.7,8.8,0.0,1.73,100
2025-01-26T10:00Z,9.7,8.9,0.0,1.41,100
2025-01-26T11:00Z,9.4,8.9,0.0,1.49,100
2025-01-26T12:00Z,9.3,8.9,0.0,0.29,100
2025-01-26T13:00Z,9.0,8.4,0.0,1.35,100
2025-01-26T14:00Z,9.1,8.6,3.0,1.03,100
2025-01-26T15:00Z,9.4,8.7,23.0,2.62,100
2025-01-26T16:00Z,9.9,8.9,62.0,1.53,100
2025-01-26T17:00Z,10.9,9.1,158.0,1.35,100
2025-01-26T18:00Z,11.1,9.2,127.0,1.48,100
2025-01-26T19:00Z,11.8,9.3,190.0,2.29,100
2025-01-26T20:00Z,12.2,9.4,224.0,3.18,100
2025-01-26T21:00Z,11.2,8.8,134.0,3.62,100
2025-01-26T22:00Z,10.3,7.3,76.0,3.49,100
2025-01-26T23:00Z,9.8,6.7,61.0,3.05,100
2025-01-27T00:00Z,9.2,6.2,15.0,2.78,100
2025-01-27T01:00Z,6.4,4.3,0.0,2.1,100
2025-01-27T02:00Z,6.4,4.2,0.0,1.87,100
2025-01-27T03:00Z,6.2,3.8,0.0,2.56,100
2025-01-27T04:00Z,6.1,2.6,0.0,3.0,100
2025-01-27T05:00Z,6.1,1.8,0.0,2.87,99
2025-01-27T06:00Z,5.7,0.7,0.0,3.16,95
2025-01-27T07:00Z,4.5,-0.6,0.0,3.28,42
2025-01-27T08:00Z,2.8,-1.9,0.0,3.55,60
2025-01-27T09:00Z,2.0,-2.9,0.0,3.3,43
2025-01-27T10:00Z,1.3,-3.6,0.0,3.23,80
2025-01-27T11:00Z,1.0,-4.1,0.0,3.18,89
2025-01-27T12:00Z,0.6,-4.5,0.0,2.9,99
2025-01-27T13:00Z,-0.3,-4.6,0.0,2.39,41
2025-01-27T14:00Z,-0.2,-4.6,14.0,2.53,91
2025-01-27T15:00Z,0.9,-4.7,149.0,2.52,91
2025-01-27T16:00Z,2.3,-4.2,253.0,2.36,37
2025-01-27T17:00Z,4.5,-3.2,500.0,2.26,83
2025-01-27T18:00Z,5.8,-2.4,470.0,1.99,47
2025-01-27T19:00Z,7.2,-1.3,571.0,1.66,61
2025-01-27T20:00Z,8.2,-0.1,517.0,1.35,11
2025-01-27T21:00Z,9.2,1.0,538.0,1.33,30
2025-01-27T22:00Z,9.4,1.3,373.0,1.53,52
2025-01-27T23:00Z,8.9,1.3,204.0,1.35,23
2025-01-28T00:00Z,7.4,2.5,46.0,0.63,25
2025-01-28T01:00Z,8.4,3.4,0.0,0.6,100
2025-01-28T02:00Z,8.8,2.9,0.0,1.06,91
2025-01-28T03:00Z,8.2,3.3,0.0,0.41,100
2025-01-28T04:00Z,8.1,2.9,0.0,2.02,100
2025-01-28T05:00Z,7.6,3.7,0.0,1.39,100
2025-01-28T06:00Z,7.8,3.8,0.0,0.85,100
2025-01-28T07:00Z,7.8,3.9,0.0,0.74,100
2025-01-28T08:00Z,7.8,4.0,0.0,0.93,100
2025-01-28T09:00Z,7.7,4.4,0.0,0.57,100
2025-01-28T10:00Z,7.8,4.8,0.0,0.41,100
2025-01-28T11:00Z,7.8,4.7,0.0,0.5,100
2025-01-28T12:00Z,7.7,5.0,0.0,0.8,100
2025-01-28T13:00Z,7.8,5.1,0.0,1.41,100
2025-01-28T14:00Z,7.9,4.9,4.0,1.26,100
2025-01-28T15:00Z,8.5,5.2,44.0,1.32,100
2025-01-28T16:00Z,9.5,5.0,109.0,1.5,100
2025-01-28T17:00Z,10.5,5.0,171.0,1.49,100
2025-01-28T18:00Z,12.1,5.4,321.0,1.52,100
2025-01-28T19:00Z,13.6,6.1,401.0,1.42,100
2025-01-28T20:00Z,14.2,6.4,336.0,0.92,100
2025-01-28T21:00Z,14.6,6.7,246.0,0.74,100
2025-01-28T22:00Z,14.8,6.9,168.0,0.6,100
2025-01-28T23:00Z,14.7,7.5,99.0,0.7,100
2025-01-29T00:00Z,13.7,8.9,26.0,0.76,100
2025-01-29T01:00Z,12.4,7.0,0.0,1.87,100
2025-01-29T02:00Z,12.2,7.1,0.0,2.02,100
2025-01-29T03:00Z,12.0,7.4,0.0,1.8,100
2025-01-29T04:00Z,11.6,7.6,0.0,1.96,100
2025-01-29T05:00Z,11.5,7.9,0.0,1.99,100
2025-01-29T06:00Z,11.4,8.4,0.0,1.78,100
2025-01-29T07:00Z,11.4,8.9,0.0,2.02,100
2025-01-29T08:00Z,11.1,9.3,0.0,1.94,100
2025-01-29T09:00Z,11.3,9.6,0.0,1.84,100
2025-01-29T10:00Z,11.3,10.0,0.0,1.31,100
2025-01-29T11:00Z,11.3,10.3,0.0,1.3,100
2025-01-29T12:00Z,11.4,10.5,0.0,1.57,100
2025-01-29T13:00Z,11.5,10.8,0.0,1.82,100
2025-01-29T14:00Z,11.7,11.1,2.0,2.44,100
2025-01-29T15:00Z,12.3,11.6,30.0,3.22,100
2025-01-29T16:00Z,12.6,12.2,50.0,2.83,100
2025-01-29T17:00Z,13.3,12.5,87.0,2.87,100
2025-01-29T18:00Z,13.7,12.9,105.0,3.18,100
2025-01-29T19:00Z,16.1,13.7,320.0,4.04,100
2025-01-29T20:00Z,16.5,14.2,194.0,3.44,100
2025-01-29T21:00Z,16.1,14.5,144.0,3.68,100
2025-01-29T22:00Z,15.6,14.9,94.0,3.79,100
2025-01-29T23:00Z,15.6,15.0,56.0,2.16,100
2025-01-30T00:00Z,15.1,14.9,6.0,2.01,100
2025-01-30T01:00Z,16.0,15.7,0.0,3.09,100
2025-01-30T02:00Z,15.4,14.9,0.0,1.36,100
2025-01-30T03:00Z,15.1,14.5,0.0,0.21,100
2025-01-30T04:00Z,15.0,14.4,0.0,1.48,100
2025-01-30T05:00Z,14.8,14.5,0.0,2.48,100
2025-01-30T06:00Z,14.7,13.2,0.0,2.02,100
2025-01-30T07:00Z,14.2,13.7,0.0,1.68,100
2025-01-30T08:00Z,13.9,13.8,0.0,1.48,94
2025-01-30T09:00Z,13.6,13.5,0.0,2.55,100
2025-01-30T10:00Z,13.5,13.3,0.0,3.81,100
2025-01-30T11:00Z,13.5,13.2,0.0,2.83,100
2025-01-30T12:00Z,13.6,13.0,0.0,4.21,98
2025-01-30T13:00Z,13.6,12.9,0.0,3.37,100
2025-01-30T14:00Z,13.4,12.9,4.0,2.64,100
2025-01-30T15:00Z,14.0,13.0,57.0,3.05,100
2025-01-30T16:00Z,14.1,13.1,76.0,2.93,100
2025-01-30T17:00Z,14.7,13.3,131.0,3.71,86
2025-01-30T18:00Z,16.3,12.5,341.0,3.75,100
2025-01-30T19:00Z,17.0,12.4,344.0,3.7,26
2025-01-30T20:00Z,18.2,10.9,524.0,3.33,99
2025-01-30T21:00Z,18.9,8.2,513.0,2.93,100
2025-01-30T22:00Z,18.8,7.5,389.0,2.62,59
2025-01-30T23:00Z,18.1,8.6,233.0,1.59,99
2025-01-31T00:00Z,16.3,6.7,45.0,3.24,100
2025-01-31T01:00Z,15.8,2.6,0.0,4.84,95
2025-01-31T02:00Z,14.9,2.1,0.0,4.07,97
2025-01-31T03:00Z,13.8,2.2,0.0,3.72,0
2025-01-31T04:00Z,12.5,2.4,0.0,3.54,0
2025-01-31T05:00Z,11.9,1.8,0.0,3.62,0
2025-01-31T06:00Z,11.2,1.1,0.0,3.48,0
2025-01-31T07:00Z,10.4,0.6,0.0,3.59,0
2025-01-31T08:00Z,10.0,-0.1,0.0,4.05,0
2025-01-31T09:00Z,10.0,-0.6,0.0,4.74,0
2025-01-31T10:00Z,9.4,-0.2,0.0,4.7,0
2025-01-31T11:00Z,8.8,1.5,0.0,4.75,0
2025-01-31T12:00Z,8.3,2.0,0.0,5.31,0
2025-01-31T13:00Z,8.0,2.2,0.0,5.45,2
2025-01-31T14:00Z,8.1,3.4,17.0,5.18,21
2025-01-31T15:00Z,9.3,4.8,159.0,4.43,0
2025-01-31T16:00Z,11.1,5.8,354.0,3.61,0
2025-01-31T17:00Z,12.7,5.4,518.0,4.55,0
2025-01-31T18:00Z,13.9,4.7,626.0,4.49,0
2025-01-31T19:00Z,14.9,5.5,665.0,4.0,0
2025-01-31T20:00Z,15.8,6.0,641.0,4.32,0
2025-01-31T21:00Z,16.5,5.4,559.0,4.41,0
2025-01-31T22:00Z,16.7,4.1,422.0,4.11,0
2025-01-31T23:00Z,16.0,4.8,241.0,2.8,0
2025-02-01T00:00Z,13.6,5.2,59.0,1.88,0
2025-02-01T01:00Z,13.3,4.9,0.0,2.1,0
2025-02-01T02:00Z,12.5,4.1,0.0,2.24,0
2025-02-01T03:00Z,11.4,3.6,0.0,2.37,0
2025-02-01T04:00Z,10.5,3.0,0.0,2.31,0
2025-02-01T05:00Z,9.5,2.6,0.0,1.67,0
2025-02-01T06:00Z,8.9,2.3,0.0,1.72,0
2025-02-01T07:00Z,8.1,2.3,0.0,1.6,0
2025-02-01T08:00Z,7.2,2.0,0.0,1.39,0
2025-02-01T09:00Z,6.7,1.6,0.0,1.11,0
2025-02-01T10:00Z,6.2,1.4,0.0,0.99,0
2025-02-01T11:00Z,5.6,1.4,0.0,1.35,0
2025-02-01T12:00Z,5.3,1.5,0.0,1.41,0
2025-02-01T13:00Z,3.5,0.3,0.0,0.49,0
2025-02-01T14:00Z,3.9,1.1,19.0,1.6,0
2025-02-01T15:00Z,6.0,2.8,174.0,1.15,0
2025-02-01T16:00Z,8.7,4.0,368.0,1.01,0
2025-02-01T17:00Z,11.7,5.3,530.0,1.1,0
2025-02-01T18:00Z,14.2,6.5,641.0,1.32,0
2025-02-01T19:00Z,16.2,6.6,688.0,2.1,0
2025-02-01T20:00Z,17.6,5.7,667.0,2.9,0
2025-02-01T21:00Z,18.2,5.4,580.0,3.35,0
2025-02-01T22:00Z,18.2,5.7,435.0,3.47,0
2025-02-01T23:00Z,17.1,6.4,249.0,3.45,0
2025-02-02T00:00Z,15.0,6.0,62.0,3.51,0
2025-02-02T01:00Z,14.9,4.6,0.0,4.17,0
2025-02-02T02:00Z,14.3,4.6,0.0,4.37,0
2025-02-02T03:00Z,14.0,3.7,0.0,4.62,5
2025-02-02T04:00Z,13.4,3.4,0.0,4.65,1
2025-02-02T05:00Z,12.8,3.4,0.0,4.66,0
2025-02-02T06:00Z,12.6,3.1,0.0,4.36,0
2025-02-02T07:00Z,12.1,3.1,0.0,4.0,0
2025-02-02T08:00Z,11.7,3.3,0.0,3.85,0
2025-02-02T09:00Z,11.1,3.4,0.0,3.66,0
2025-02-02T10:00Z,10.5,3.5,0.0,3.32,0
2025-02-02T11:00Z,9.9,3.5,0.0,3.1,0
2025-02-02T12:00Z,9.6,3.5,0.0,3.15,0
2025-02-02T13:00Z,9.2,3.3,0.0,3.11,0
2025-02-02T14:00Z,9.3,3.6,20.0,2.9,9
2025-02-02T15:00Z,11.3,4.9,177.0,2.9,4
2025-02-02T16:00Z,13.9,6.5,370.0,2.35,0
2025-02-02T17:00Z,16.2,7.5,531.0,2.3,0
2025-02-02T18:00Z,18.1,8.1,640.0,2.81,0
2025-02-02T19:00Z,19.8,8.8,685.0,3.05,0
2025-02-02T20:00Z,21.1,9.4,662.0,3.5,45
2025-02-02T21:00Z,21.8,10.4,574.0,3.71,0
2025-02-02T22:00Z,21.7,11.3,430.0,3.66,0
2025-02-02T23:00Z,20.6,11.9,245.0,3.85,0
2025-02-03T00:00Z,18.7,12.0,62.0,4.0,0
2025-02-03T01:00Z,19.2,11.9,0.0,4.64,0
2025-02-03T02:00Z,18.6,11.1,0.0,4.99,0
2025-02-03T03:00Z,18.1,10.8,0.0,5.12,0
2025-02-03T04:00Z,17.7,10.0,0.0,5.3,0
2025-02-03T05:00Z,17.2,9.6,0.0,5.02,0
2025-02-03T06:00Z,16.7,10.0,0.0,4.74,0
2025-02-03T07:00Z,16.3,10.5,0.0,4.75,0
2025-02-03T08:00Z,15.9,11.2,0.0,4.65,0
2025-02-03T09:00Z,15.4,11.7,0.0,4.51,0
2025-02-03T10:00Z,15.0,11.7,0.0,4.25,0
2025-02-03T11:00Z,14.6,11.5,0.0,3.97,0
2025-02-03T12:00Z,14.3,11.4,0.0,3.75,0
2025-02-03T13:00Z,14.6,12.5,0.0,3.83,0
2025-02-03T14:00Z,14.7,12.5,20.0,3.83,0
2025-02-03T15:00Z,16.4,13.0,172.0,3.7,0
2025-02-03T16:00Z,18.2,14.2,364.0,3.22,0
2025-02-03T17:00Z,20.3,15.0,523.0,3.68,0
2025-02-03T18:00Z,22.0,15.6,630.0,4.09,0
2025-02-03T19:00Z,23.5,16.2,676.0,4.28,0
2025-02-03T20:00Z,24.6,16.7,655.0,4.35,0
2025-02-03T21:00Z,24.9,17.0,569.0,4.43,0
2025-02-03T22:00Z,24.7,17.2,426.0,4.05,0
2025-02-03T23:00Z,23.7,17.6,244.0,3.42,0
2025-02-04T00:00Z,21.8,17.3,63.0,3.4,0
2025-02-04T01:00Z,21.7,16.9,0.0,3.43,0
2025-02-04T02:00Z,21.0,16.4,0.0,3.55,0
2025-02-04T03:00Z,20.4,16.2,0.0,3.61,0
2025-02-04T04:00Z,20.0,16.1,0.0,3.55,0
2025-02-04T05:00Z,19.6,16.4,0.0,3.67,0
2025-02-04T06:00Z,19.2,16.8,0.0,3.66,0
2025-02-04T07:00Z,19.1,17.2,0.0,3.41,0
2025-02-04T08:00Z,18.7,17.4,0.0,3.21,0
2025-02-04T09:00Z,18.4,17.4,0.0,2.92,0
2025-02-04T10:00Z,17.8,17.2,0.0,2.9,2
2025-02-04T11:00Z,17.4,17.0,0.0,2.7,87
2025-02-04T12:00Z,17.4,17.1,0.0,2.72,100
2025-02-04T13:00Z,18.6,18.5,0.0,1.76,100
2025-02-04T14:00Z,18.4,18.4,6.0,1.5,100
2025-02-04T15:00Z,18.8,18.3,47.0,1.21,99
2025-02-04T16:00Z,19.4,18.5,136.0,2.42,33
2025-02-04T17:00Z,21.0,17.9,422.0,2.21,15
2025-02-04T18:00Z,21.5,17.3,561.0,1.78,27
2025-02-04T19:00Z,21.5,17.0,631.0,1.63,40
2025-02-04T20:00Z,21.7,16.8,606.0,1.19,24
2025-02-04T21:00Z,22.1,17.0,508.0,1.24,4
2025-02-04T22:00Z,21.9,17.1,352.0,1.45,71
2025-02-04T23:00Z,21.2,17.0,188.0,1.33,83
2025-02-05T00:00Z,20.1,16.9,31.0,1.74,36
2025-02-05T01:00Z,11.5,10.5,0.0,1.95,100
2025-02-05T02:00Z,11.5,10.6,0.0,1.96,100
2025-02-05T03:00Z,11.7,10.9,0.0,1.79,100
2025-02-05T04:00Z,11.8,11.1,0.0,1.63,100
2025-02-05T05:00Z,11.8,11.1,0.0,1.72,100
2025-02-05T06:00Z,11.7,11.1,0.0,1.77,100
2025-02-05T07:00Z,11.8,11.0,0.0,1.52,100
2025-02-05T08:00Z,11.8,10.9,0.0,1.23,100
2025-02-05T09:00Z,11.7,10.9,0.0,1.03,100
2025-02-05T10:00Z,11.7,10.8,0.0,1.05,100
2025-02-05T11:00Z,11.9,10.8,0.0,1.2,100
2025-02-05T12:00Z,12.0,11.0,0.0,1.14,100
2025-02-05T13:00Z,9.0,8.8,0.0,0.16,100
2025-02-05T14:00Z,9.6,9.1,16.0,0.18,96
2025-02-05T15:00Z,11.4,10.3,119.0,0.36,100
2025-02-05T16:00Z,14.3,12.5,209.0,1.35,100
2025-02-05T17:00Z,16.5,14.6,195.0,0.85,100
2025-02-05T18:00Z,19.0,16.4,253.0,2.37,100
2025-02-05T19:00Z,19.5,16.8,188.0,4.45,100
2025-02-05T20:00Z,20.9,17.6,193.0,2.46,100
2025-02-05T21:00Z,22.2,18.0,260.0,2.93,100
2025-02-05T22:00Z,22.2,18.3,159.0,2.75,100
2025-02-05T23:00Z,22.4,18.4,127.0,3.65,95
2025-02-06T00:00Z,22.0,17.9,47.0,3.97,1
2025-02-06T01:00Z,21.1,17.6,0.0,4.75,2
2025-02-06T02:00Z,21.0,17.8,0.0,4.78,3
2025-02-06T03:00Z,20.9,18.0,0.0,4.75,0
2025-02-06T04:00Z,20.7,17.9,0.0,4.8,0
2025-02-06T05:00Z,20.4,18.0,0.0,4.4,0
2025-02-06T06:00Z,20.1,18.0,0.0,4.2,1
2025-02-06T07:00Z,19.7,18.2,0.0,4.21,3
2025-02-06T08:00Z,19.4,18.3,0.0,4.36,6
2025-02-06T09:00Z,19.3,18.4,0.0,4.14,7
2025-02-06T10:00Z,19.1,18.3,0.0,3.91,10
2025-02-06T11:00Z,18.8,18.1,0.0,3.73,19
2025-02-06T12:00Z,18.5,17.9,0.0,3.73,12
2025-02-06T13:00Z,18.4,17.6,0.0,3.67,8
2025-02-06T14:00Z,18.0,17.3,22.0,3.83,2
2025-02-06T15:00Z,19.4,17.6,172.0,4.58,9
2025-02-06T16:00Z,20.7,18.2,356.0,3.69,0
2025-02-06T17:00Z,22.3,18.5,507.0,3.38,0
2025-02-06T18:00Z,23.8,18.7,629.0,3.69,0
2025-02-06T19:00Z,24.8,19.0,676.0,3.74,0
2025-02-06T20:00Z,25.9,19.1,656.0,3.18,2
2025-02-06T21:00Z,26.5,18.8,563.0,3.21,27
2025-02-06T22:00Z,26.6,18.6,386.0,2.91,35
2025-02-06T23:00Z,25.8,19.3,204.0,2.05,26
2025-02-07T00:00Z,24.1,19.3,60.0,3.14,8
2025-02-07T01:00Z,23.0,19.0,0.0,2.56,9
2025-02-07T02:00Z,21.5,18.8,0.0,2.53,37
2025-02-07T03:00Z,17.2,15.0,0.0,4.0,30
2025-02-07T04:00Z,15.4,13.2,0.0,2.91,9
2025-02-07T05:00Z,14.2,12.3,0.0,2.28,7
2025-02-07T06:00Z,13.3,11.3,0.0,2.41,7
2025-02-07T07:00Z,12.6,10.7,0.0,2.01,12
2025-02-07T08:00Z,12.2,10.6,0.0,1.55,14
2025-02-07T09:00Z,12.0,10.5,0.0,1.19,83
2025-02-07T10:00Z,12.2,10.5,0.0,1.25,100
2025-02-07T11:00Z,12.3,10.8,0.0,0.91,100
2025-02-07T12:00Z,12.6,11.1,0.0,0.25,100
2025-02-07T13:00Z,11.2,9.9,0.0,0.97,100
2025-02-07T14:00Z,11.4,10.0,7.0,1.01,100
2025-02-07T15:00Z,12.1,10.4,50.0,0.63,100
2025-02-07T16:00Z,13.1,11.1,105.0,0.75,100
2025-02-07T17:00Z,14.2,12.0,137.0,1.12,100
2025-02-07T18:00Z,15.7,13.4,217.0,0.98,100
2025-02-07T19:00Z,16.9,14.5,229.0,0.87,100
2025-02-07T20:00Z,18.6,15.6,233.0,0.85,100
2025-02-07T21:00Z,19.7,16.7,221.0,1.32,75
2025-02-07T22:00Z,22.5,18.4,362.0,1.18,8
2025-02-07T23:00Z,23.8,18.7,245.0,3.35,0
2025-02-08T00:00Z,22.9,17.8,72.0,3.86,0
2025-02-08T01:00Z,21.6,17.5,0.0,4.11,0
2025-02-08T02:00Z,20.9,17.1,0.0,4.46,0
2025-02-08T03:00Z,20.8,17.1,0.0,4.96,0
2025-02-08T04:00Z,20.6,17.1,0.0,4.91,0
2025-02-08T05:00Z,20.4,17.1,0.0,4.8,0
2025-02-08T06:00Z,20.2,17.3,0.0,4.5,0
2025-02-08T07:00Z,19.9,17.8,0.0,4.39,6
2025-02-08T08:00Z,19.7,18.2,0.0,4.92,7
2025-02-08T09:00Z,19.5,18.3,0.0,4.97,85
2025-02-08T10:00Z,19.5,18.4,0.0,5.04,100
2025-02-08T11:00Z,19.6,18.4,0.0,4.98,31
2025-02-08T12:00Z,19.4,18.2,0.0,4.76,22
2025-02-08T13:00Z,20.1,18.7,0.0,4.8,41
2025-02-08T14:00Z,20.2,18.6,21.0,4.65,7
2025-02-08T15:00Z,21.3,18.8,166.0,4.1,4
2025-02-08T16:00Z,22.7,18.9,368.0,4.96,11
2025-02-08T17:00Z,24.1,19.1,510.0,4.76,1
2025-02-08T18:00Z,25.3,19.3,636.0,4.52,0
2025-02-08T19:00Z,26.5,19.3,681.0,3.59,17
2025-02-08T20:00Z,27.2,19.1,605.0,3.06,30
2025-02-08T21:00Z,27.6,18.6,492.0,2.75,52
2025-02-08T22:00Z,21.6,10.4,341.0,5.48,9
2025-02-08T23:00Z,19.3,10.5,224.0,5.25,9
2025-02-09T00:00Z,16.6,9.6,72.0,4.43,6
2025-02-09T01:00Z,13.2,7.6,0.0,5.02,1
2025-02-09T02:00Z,11.5,6.9,0.0,4.17,2
2025-02-09T03:00Z,10.2,5.7,0.0,3.77,19
2025-02-09T04:00Z,10.1,5.3,0.0,4.1,53
2025-02-09T05:00Z,9.9,5.7,0.0,2.93,47
2025-02-09T06:00Z,9.6,5.1,0.0,3.05,89
2025-02-09T07:00Z,9.2,4.5,0.0,2.76,54
2025-02-09T08:00Z,8.8,4.1,0.0,2.47,50
2025-02-09T09:00Z,8.6,3.9,0.0,2.57,97
2025-02-09T10:00Z,8.6,3.7,0.0,2.5,100
2025-02-09T11:00Z,8.5,3.9,0.0,2.41,100
2025-02-09T12:00Z,8.6,4.0,0.0,2.55,100
2025-02-09T13:00Z,8.8,4.5,0.0,2.34,100
2025-02-09T14:00Z,8.7,4.8,6.0,2.29,100
2025-02-09T15:00Z,8.9,5.1,43.0,2.32,100
2025-02-09T16:00Z,9.2,5.4,87.0,2.42,100
2025-02-09T17:00Z,9.6,5.7,136.0,2.41,100
2025-02-09T18:00Z,10.1,6.2,183.0,2.04,100
2025-02-09T19:00Z,10.4,6.7,150.0,1.81,100
2025-02-09T20:00Z,11.0,7.1,165.0,2.21,100
2025-02-09T21:00Z,11.4,7.5,129.0,2.79,100
2025-02-09T22:00Z,12.3,7.8,121.0,2.71,100
2025-02-09T23:00Z,12.5,8.3,51.0,1.9,100
2025-02-10T00:00Z,12.3,8.8,18.0,2.0,100
2025-02-10T01:00Z,6.9,4.5,0.0,3.75,100
2025-02-10T02:00Z,7.0,4.6,0.0,3.47,100
2025-02-10T03:00Z,7.0,4.6,0.0,3.6,100
2025-02-10T04:00Z,7.0,4.7,0.0,2.64,100
2025-02-10T05:00Z,6.8,4.5,0.0,2.47,100
2025-02-10T06:00Z,6.7,4.3,0.0,2.71,100
2025-02-10T07:00Z,6.6,4.3,0.0,2.38,100
2025-02-10T08:00Z,6.6,4.6,0.0,2.72,100
2025-02-10T09:00Z,6.6,4.8,0.0,2.48,100
2025-02-10T10:00Z,6.6,4.9,0.0,2.79,100
2025-02-10T11:00Z,6.6,4.9,0.0,2.55,100
2025-02-10T12:00Z,6.4,4.8,0.0,1.86,100
2025-02-10T13:00Z,5.8,4.5,0.0,2.33,100
2025-02-10T14:00Z,5.7,4.4,4.0,2.56,100
2025-02-10T15:00Z,5.8,4.4,37.0,2.82,100
2025-02-10T16:00Z,6.1,4.5,80.0,2.44,100
2025-02-10T17:00Z,6.5,4.5,87.0,2.57,100
2025-02-10T18:00Z,7.0,4.9,121.0,1.85,100
2025-02-10T19:00Z,7.6,5.2,170.0,1.91,100
2025-02-10T20:00Z,7.9,5.4,132.0,1.9,100
2025-02-10T21:00Z,8.3,5.7,132.0,1.91,100
2025-02-10T22:00Z,8.5,6.0,114.0,1.69,100
2025-02-10T23:00Z,8.5,6.1,74.0,1.68,100
2025-02-11T00:00Z,8.3,6.1,18.0,1.57,100
2025-02-11T01:00Z,6.1,4.6,0.0,1.43,100
2025-02-11T02:00Z,6.2,4.9,0.0,1.81,100
2025-02-11T03:00Z,6.5,5.1,0.0,1.11,100
2025-02-11T04:00Z,6.5,5.8,0.0,1.5,100
2025-02-11T05:00Z,6.6,6.1,0.0,3.36,100
2025-02-11T06:00Z,6.9,6.3,0.0,0.25,100
2025-02-11T07:00Z,6.9,6.4,0.0,1.81,100
2025-02-11T08:00Z,6.8,6.5,0.0,2.45,100
2025-02-11T09:00Z,6.8,6.5,0.0,2.49,100
2025-02-11T10:00Z,6.8,6.5,0.0,2.38,100
2025-02-11T11:00Z,6.9,6.3,0.0,1.86,100
2025-02-11T12:00Z,6.9,6.5,0.0,2.6,100
2025-02-11T13:00Z,5.5,5.2,0.0,2.61,100
2025-02-11T14:00Z,5.5,4.7,8.0,2.8,100
2025-02-11T15:00Z,5.7,4.6,57.0,2.82,100
2025-02-11T16:00Z,6.2,4.6,113.0,2.51,100
2025-02-11T17:00Z,7.4,5.0,298.0,2.83,100
2025-02-11T18:00Z,8.0,5.0,269.0,2.76,100
2025-02-11T19:00Z,8.7,5.0,297.0,2.92,100
2025-02-11T20:00Z,9.5,5.3,379.0,2.66,100
2025-02-11T21:00Z,9.6,5.4,324.0,2.9,100
2025-02-11T22:00Z,9.3,5.1,190.0,2.95,100
2025-02-11T23:00Z,9.4,5.1,129.0,2.5,100
2025-02-12T00:00Z,9.0,5.0,35.0,2.24,100
2025-02-12T01:00Z,6.8,4.6,0.0,2.43,100
2025-02-12T02:00Z,6.4,4.3,0.0,2.77,100
2025-02-12T03:00Z,6.0,4.0,0.0,2.7,100
2025-02-12T04:00Z,6.1,3.8,0.0,2.75,100
2025-02-12T05:00Z,6.2,3.9,0.0,2.55,100
2025-02-12T06:00Z,6.2,4.3,0.0,2.6,100
2025-02-12T07:00Z,6.3,4.6,0.0,2.08,100
2025-02-12T08:00Z,6.4,4.7,0.0,2.17,100
2025-02-12T09:00Z,6.3,5.3,0.0,1.66,100
2025-02-12T10:00Z,6.3,5.6,0.0,2.08,100
2025-02-12T11:00Z,6.1,5.6,0.0,3.95,100
2025-02-12T12:00Z,5.6,4.8,0.0,3.16,100
2025-02-12T13:00Z,5.2,4.7,0.0,1.96,100
2025-02-12T14:00Z,5.2,4.5,6.0,2.43,100
2025-02-12T15:00Z,5.9,4.4,64.0,3.08,100
2025-02-12T16:00Z,6.0,4.6,76.0,3.78,100
2025-02-12T17:00Z,6.5,4.3,117.0,4.25,100
2025-02-12T18:00Z,7.1,4.2,215.0,3.62,100
2025-02-12T19:00Z,7.9,4.3,316.0,4.18,100
2025-02-12T20:00Z,8.5,4.0,366.0,4.89,100
2025-02-12T21:00Z,8.9,3.5,362.0,4.92,99
2025-02-12T22:00Z,8.7,2.8,264.0,4.52,69
2025-02-12T23:00Z,8.1,2.2,229.0,4.55,11
2025-02-13T00:00Z,6.3,1.1,85.0,4.25,2
2025-02-13T01:00Z,3.4,-0.5,0.0,4.86,100
2025-02-13T02:00Z,2.6,-1.7,0.0,4.79,99
2025-02-13T03:00Z,1.5,-2.5,0.0,4.42,100
2025-02-13T04:00Z,0.6,-3.5,0.0,4.28,91
2025-02-13T05:00Z,-0.1,-4.4,0.0,3.87,20
2025-02-13T06:00Z,-0.7,-5.3,0.0,4.05,97
2025-02-13T07:00Z,-1.2,-5.7,0.0,4.29,73
2025-02-13T08:00Z,-1.8,-6.5,0.0,3.52,21
2025-02-13T09:00Z,-2.4,-7.0,0.0,3.76,23
2025-02-13T10:00Z,-2.7,-7.3,0.0,4.94,53
2025-02-13T11:00Z,-3.2,-7.9,0.0,4.83,98
2025-02-13T12:00Z,-3.8,-8.4,0.0,4.21,93
2025-02-13T13:00Z,-4.6,-9.1,0.0,3.89,72
2025-02-13T14:00Z,-4.4,-9.1,28.0,4.78,91
2025-02-13T15:00Z,-3.7,-8.6,180.0,4.53,96
2025-02-13T16:00Z,-2.6,-8.3,371.0,4.04,91
2025-02-13T17:00Z,-1.3,-7.5,566.0,4.04,5
2025-02-13T18:00Z,0.1,-6.7,680.0,3.64,20
2025-02-13T19:00Z,1.4,-5.8,731.0,3.35,54
2025-02-13T20:00Z,2.4,-5.2,713.0,3.01,100
2025-02-13T21:00Z,3.2,-4.6,567.0,2.66,100
2025-02-13T22:00Z,3.5,-4.4,364.0,2.42,100
2025-02-13T23:00Z,3.3,-4.4,173.0,2.39,100
2025-02-14T00:00Z,3.0,-4.0,45.0,1.6,100
2025-02-14T01:00Z,2.3,-3.6,0.0,1.36,100
2025-02-14T02:00Z,2.1,-3.3,0.0,1.29,100
2025-02-14T03:00Z,2.0,-2.7,0.0,0.99,100
2025-02-14T04:00Z,1.9,-1.7,0.0,0.65,100
2025-02-14T05:00Z,1.7,-1.5,0.0,0.67,100
2025-02-14T06:00Z,1.8,-1.4,0.0,0.76,100
2025-02-14T07:00Z,1.6,-2.0,0.0,0.86,91
2025-02-14T08:00Z,1.4,-1.8,0.0,0.46,31
2025-02-14T09:00Z,0.8,-2.2,0.0,0.53,49
2025-02-14T10:00Z,1.4,-1.7,0.0,1.95,16
2025-02-14T11:00Z,0.9,-2.0,0.0,0.34,10
2025-02-14T12:00Z,0.6,-2.0,0.0,0.8,63
2025-02-14T13:00Z,3.1,-0.5,0.0,2.32,98
2025-02-14T14:00Z,3.3,-0.3,27.0,2.54,94
2025-02-14T15:00Z,4.1,0.1,98.0,2.52,35
2025-02-14T16:00Z,6.2,1.1,396.0,3.15,92
2025-02-14T17:00Z,7.3,1.9,395.0,3.14,100
2025-02-14T18:00Z,8.1,2.4,378.0,3.22,87
2025-02-14T19:00Z,8.2,3.0,352.0,2.95,100
2025-02-14T20:00Z,8.9,3.9,313.0,2.72,100
2025-02-14T21:00Z,10.9,4.9,398.0,2.87,100
2025-02-14T22:00Z,11.6,5.0,187.0,3.99,100
2025-02-14T23:00Z,10.7,5.5,83.0,4.18,100
2025-02-15T00:00Z,9.8,5.8,16.0,4.32,100
2025-02-15T01:00Z,8.4,6.9,0.0,4.38,100
2025-02-15T02:00Z,8.2,7.0,0.0,4.39,100
2025-02-15T03:00Z,8.1,7.1,0.0,4.57,100
2025-02-15T04:00Z,8.3,7.4,0.0,4.37,100
2025-02-15T05:00Z,8.6,7.6,0.0,4.31,100
2025-02-15T06:00Z,8.8,7.9,0.0,4.22,100
2025-02-15T07:00Z,9.3,8.5,0.0,3.98,100
2025-02-15T08:00Z,9.6,8.9,0.0,3.65,100
2025-02-15T09:00Z,9.9,9.2,0.0,3.7,100
2025-02-15T10:00Z,10.4,9.7,0.0,3.66,100
2025-02-15T11:00Z,10.8,10.1,0.0,3.66,100
2025-02-15T12:00Z,11.2,10.6,0.0,3.34,100
2025-02-15T13:00Z,9.2,8.7,0.0,2.19,100
2025-02-15T14:00Z,9.6,9.1,5.0,2.3,100
2025-02-15T15:00Z,10.5,9.8,36.0,2.6,100
2025-02-15T16:00Z,11.9,11.0,77.0,3.3,100
2025-02-15T17:00Z,13.4,12.1,141.0,3.92,100
2025-02-15T18:00Z,15.3,13.1,245.0,4.58,100
2025-02-15T19:00Z,16.4,13.4,236.0,4.23,96
2025-02-15T20:00Z,19.4,12.4,479.0,4.11,4
2025-02-15T21:00Z,20.5,12.6,596.0,3.67,4
2025-02-15T22:00Z,20.8,11.9,449.0,4.29,15
2025-02-15T23:00Z,17.8,9.3,234.0,6.36,4
2025-02-16T00:00Z,14.5,8.1,93.0,6.63,1
2025-02-16T01:00Z,9.0,4.3,1.0,5.98,0
2025-02-16T02:00Z,7.0,2.8,0.0,5.55,6
2025-02-16T03:00Z,5.4,1.3,0.0,5.15,10
2025-02-16T04:00Z,3.9,-0.4,0.0,5.59,20
2025-02-16T05:00Z,2.6,-1.7,0.0,5.66,16
2025-02-16T06:00Z,2.0,-2.4,0.0,4.94,11
2025-02-16T07:00Z,1.6,-2.7,0.0,5.07,7
2025-02-16T08:00Z,1.1,-3.2,0.0,5.12,3
2025-02-16T09:00Z,0.7,-3.7,0.0,5.13,5
2025-02-16T10:00Z,0.3,-4.4,0.0,5.3,4
2025-02-16T11:00Z,-0.3,-5.2,0.0,5.01,0
2025-02-16T12:00Z,-0.8,-5.8,0.0,4.94,2
2025-02-16T13:00Z,-0.6,-4.6,0.0,5.04,23
2025-02-16T14:00Z,-0.5,-5.1,37.0,5.04,11
2025-02-16T15:00Z,0.3,-5.1,214.0,5.67,36
2025-02-16T16:00Z,1.2,-5.4,395.0,6.17,57
2025-02-16T17:00Z,2.6,-5.0,572.0,4.65,6
2025-02-16T18:00Z,3.7,-4.3,695.0,4.09,60
2025-02-16T19:00Z,4.3,-3.9,740.0,4.21,3
2025-02-16T20:00Z,5.3,-3.5,734.0,4.33,0
2025-02-16T21:00Z,5.9,-3.3,647.0,3.86,0
2025-02-16T22:00Z,6.2,-3.2,499.0,3.35,3
2025-02-16T23:00Z,6.0,-3.2,306.0,3.21,22
2025-02-17T00:00Z,5.1,-2.7,102.0,2.35,89
2025-02-17T01:00Z,4.6,-2.2,1.0,2.16,17
2025-02-17T02:00Z,3.9,-2.3,0.0,2.0,5
2025-02-17T03:00Z,3.2,-2.9,0.0,1.98,15
2025-02-17T04:00Z,2.5,-2.9,0.0,1.6,22
2025-02-17T05:00Z,2.0,-3.2,0.0,1.67,80
2025-02-17T06:00Z,1.5,-3.5,0.0,1.86,82
2025-02-17T07:00Z,0.9,-3.5,0.0,1.48,62
2025-02-17T08:00Z,0.6,-3.6,0.0,1.82,66
2025-02-17T09:00Z,0.2,-3.8,0.0,2.34,91
2025-02-17T10:00Z,-0.2,-4.1,0.0,2.36,98
2025-02-17T11:00Z,-0.5,-4.2,0.0,1.93,99
2025-02-17T12:00Z,-0.7,-4.1,0.0,1.78,65
2025-02-17T13:00Z,-1.1,-4.5,0.0,2.28,90
2025-02-17T14:00Z,-0.6,-4.1,40.0,2.48,70
2025-02-17T15:00Z,1.1,-3.9,220.0,2.66,30
2025-02-17T16:00Z,3.3,-3.0,426.0,2.65,48
2025-02-17T17:00Z,5.5,-1.8,592.0,2.97,25
2025-02-17T18:00Z,7.5,-0.7,704.0,3.37,48
2025-02-17T19:00Z,9.1,0.4,748.0,3.56,54
2025-02-17T20:00Z,10.3,1.1,725.0,3.81,66
2025-02-17T21:00Z,11.0,1.6,638.0,4.03,0
2025-02-17T22:00Z,11.3,2.4,492.0,4.3,58
2025-02-17T23:00Z,11.2,2.8,300.0,4.31,86
2025-02-18T00:00Z,10.2,3.3,100.0,3.48,96
2025-02-18T01:00Z,10.0,3.6,2.0,3.7,96
2025-02-18T02:00Z,9.6,4.0,0.0,3.82,78
2025-02-18T03:00Z,9.1,4.3,0.0,3.88,93
2025-02-18T04:00Z,8.7,4.4,0.0,3.48,82
2025-02-18T05:00Z,8.4,4.6,0.0,3.68,100
2025-02-18T06:00Z,8.4,4.7,0.0,3.75,74
2025-02-18T07:00Z,8.7,5.4,0.0,3.71,100
2025-02-18T08:00Z,9.4,6.6,0.0,4.03,100
2025-02-18T09:00Z,9.5,7.1,0.0,3.68,100
2025-02-18T10:00Z,9.4,7.2,0.0,3.65,100
2025-02-18T11:00Z,9.4,7.3,0.0,3.76,100
2025-02-18T12:00Z,9.3,7.3,0.0,3.29,100
2025-02-18T13:00Z,8.8,7.0,0.0,3.37,100
2025-02-18T14:00Z,8.7,7.0,6.0,3.63,100
2025-02-18T15:00Z,8.9,7.2,41.0,3.24,100
2025-02-18T16:00Z,9.2,7.5,69.0,3.02,100
2025-02-18T17:00Z,9.8,7.9,115.0,3.26,100
2025-02-18T18:00Z,11.2,9.2,224.0,3.22,100
2025-02-18T19:00Z,11.9,10.4,161.0,1.06,100
2025-02-18T20:00Z,11.1,10.0,178.0,3.51,100
2025-02-18T21:00Z,9.4,8.1,116.0,4.3,100
2025-02-18T22:00Z,7.6,5.6,96.0,5.55,100
2025-02-18T23:00Z,6.8,4.0,61.0,5.5,100
2025-02-19T00:00Z,3.3,0.7,21.0,6.58,100
2025-02-19T01:00Z,-1.4,-4.2,0.0,5.33,100
2025-02-19T02:00Z,-2.3,-5.0,0.0,5.41,100
2025-02-19T03:00Z,-3.0,-6.3,0.0,5.75,100
2025-02-19T04:00Z,-3.9,-8.1,0.0,5.63,100
2025-02-19T05:00Z,-4.6,-9.5,0.0,4.65,100
2025-02-19T06:00Z,-4.8,-9.9,0.0,4.75,100
2025-02-19T07:00Z,-5.4,-10.4,0.0,4.98,100
2025-02-19T08:00Z,-5.8,-10.9,0.0,5.34,100
2025-02-19T09:00Z,-6.3,-11.3,0.0,5.47,100
2025-02-19T10:00Z,-6.7,-11.9,0.0,5.7,100
2025-02-19T11:00Z,-6.8,-12.2,0.0,5.59,99
2025-02-19T12:00Z,-7.0,-12.5,0.0,6.0,93
2025-02-19T13:00Z,-8.7,-14.7,0.0,3.88,100
2025-02-19T14:00Z,-8.4,-14.8,19.0,4.6,100
2025-02-19T15:00Z,-7.8,-15.0,90.0,4.95,98
2025-02-19T16:00Z,-7.3,-15.9,188.0,4.76,97
2025-02-19T17:00Z,-6.4,-16.3,293.0,4.97,100
2025-02-19T18:00Z,-5.8,-16.5,373.0,5.36,100
2025-02-19T19:00Z,-4.6,-15.9,473.0,5.41,100
2025-02-19T20:00Z,-3.9,-15.7,465.0,5.48,98
2025-02-19T21:00Z,-3.2,-16.3,443.0,5.33,93
2025-02-19T22:00Z,-2.3,-16.2,407.0,5.1,1
2025-02-19T23:00Z,-2.4,-16.0,306.0,4.8,1
2025-02-20T00:00Z,-3.6,-15.9,110.0,4.4,0
2025-02-20T01:00Z,-4.6,-11.5,1.0,4.77,91
2025-02-20T02:00Z,-5.3,-12.3,0.0,4.8,84
2025-02-20T03:00Z,-6.0,-13.0,0.0,4.65,66
2025-02-20T04:00Z,-6.4,-13.4,0.0,4.51,99
2025-02-20T05:00Z,-6.9,-13.7,0.0,4.66,97
2025-02-20T06:00Z,-7.3,-14.2,0.0,4.5,96
2025-02-20T07:00Z,-7.5,-14.3,0.0,4.7,100
2025-02-20T08:00Z,-7.7,-14.6,0.0,4.43,97
2025-02-20T09:00Z,-8.0,-14.9,0.0,4.29,96
2025-02-20T10:00Z,-8.4,-15.1,0.0,4.27,78
2025-02-20T11:00Z,-8.9,-16.9,0.0,4.05,0
2025-02-20T12:00Z,-9.6,-18.6,0.0,4.09,0
2025-02-20T13:00Z,-10.7,-17.8,0.0,3.51,0
2025-02-20T14:00Z,-10.3,-17.9,47.0,3.77,0
2025-02-20T15:00Z,-9.1,-18.2,227.0,3.78,0
2025-02-20T16:00Z,-7.5,-18.6,427.0,3.19,3
2025-02-20T17:00Z,-5.6,-19.0,609.0,3.27,0
2025-02-20T18:00Z,-3.9,-19.2,724.0,2.74,6
2025-02-20T19:00Z,-2.3,-19.0,773.0,2.93,6
2025-02-20T20:00Z,-1.5,-17.8,752.0,2.37,26
2025-02-20T21:00Z,-1.0,-15.2,656.0,2.73,9
2025-02-20T22:00Z,-0.8,-14.4,511.0,3.05,8
2025-02-20T23:00Z,-1.2,-14.4,320.0,2.6,3
2025-02-21T00:00Z,-2.0,-13.8,113.0,2.26,13
2025-02-21T01:00Z,-2.8,-10.9,2.0,1.46,4
2025-02-21T02:00Z,-2.8,-10.9,0.0,2.96,0
2025-02-21T03:00Z,-3.0,-10.5,0.0,2.07,0
2025-02-21T04:00Z,-3.1,-11.0,0.0,1.93,0
2025-02-21T05:00Z,-3.2,-11.3,0.0,1.98,0
2025-02-21T06:00Z,-3.5,-12.0,0.0,2.17,16
2025-02-21T07:00Z,-4.0,-13.1,0.0,2.66,15
2025-02-21T08:00Z,-4.4,-13.6,0.0,2.8,29
2025-02-21T09:00Z,-4.5,-13.9,0.0,2.48,88
2025-02-21T10:00Z,-4.6,-14.1,0.0,2.01,22
2025-02-21T11:00Z,-4.6,-13.9,0.0,2.35,30
2025-02-21T12:00Z,-4.5,-13.2,0.0,2.11,77
2025-02-21T13:00Z,-3.8,-10.4,0.0,1.8,100
2025-02-21T14:00Z,-3.2,-10.0,14.0,2.09,100
2025-02-21T15:00Z,-2.7,-10.3,71.0,2.33,100
2025-02-21T16:00Z,-2.1,-10.7,150.0,1.98,100
2025-02-21T17:00Z,-1.8,-10.7,172.0,1.87,100
2025-02-21T18:00Z,-1.1,-10.2,274.0,1.57,100
2025-02-21T19:00Z,-0.9,-9.8,253.0,1.28,100
2025-02-21T20:00Z,-0.5,-9.4,283.0,0.96,100
2025-02-21T21:00Z,-0.5,-9.4,208.0,1.17,100
2025-02-21T22:00Z,-0.4,-9.4,178.0,1.17,100
2025-02-21T23:00Z,-0.5,-9.5,105.0,1.14,100
2025-02-22T00:00Z,-0.7,-9.2,52.0,1.22,100
2025-02-22T01:00Z,-0.5,-9.1,1.0,1.07,100
2025-02-22T02:00Z,-0.5,-8.4,0.0,1.06,100
2025-02-22T03:00Z,-0.6,-7.9,0.0,0.8,100
2025-02-22T04:00Z,-0.6,-8.2,0.0,0.79,100
2025-02-22T05:00Z,-0.7,-8.1,0.0,0.78,100
2025-02-22T06:00Z,-0.7,-7.9,0.0,0.55,100
2025-02-22T07:00Z,-0.7,-7.9,0.0,0.46,100
2025-02-22T08:00Z,-0.7,-7.8,0.0,0.84,100
2025-02-22T09:00Z,-0.7,-7.6,0.0,0.6,100
2025-02-22T10:00Z,-0.6,-7.2,0.0,0.72,100
2025-02-22T11:00Z,-0.9,-6.1,0.0,0.54,95
2025-02-22T12:00Z,-1.3,-5.2,0.0,0.45,81
2025-02-22T13:00Z,-1.7,-7.6,0.0,0.2,92
2025-02-22T14:00Z,-1.1,-8.4,44.0,0.65,93
2025-02-22T15:00Z,0.3,-8.6,221.0,0.32,42
2025-02-22T16:00Z,1.9,-7.4,426.0,0.29,94
2025-02-22T17:00Z,3.4,-5.8,597.0,0.47,40
2025-02-22T18:00Z,4.7,-4.4,727.0,0.5,70
2025-02-22T19:00Z,5.9,-3.3,746.0,0.53,62
2025-02-22T20:00Z,6.9,-2.4,736.0,0.36,0
2025-02-22T21:00Z,7.7,-1.6,668.0,0.27,0
2025-02-22T22:00Z,7.9,-1.2,514.0,0.56,0
2025-02-22T23:00Z,7.7,-0.9,320.0,1.25,0
2025-02-23T00:00Z,6.4,0.9,116.0,0.99,0
2025-02-23T01:00Z,6.9,-1.0,3.0,1.79,39
2025-02-23T02:00Z,6.5,-0.8,0.0,1.6,19
2025-02-23T03:00Z,5.7,-0.7,0.0,1.9,2
2025-02-23T04:00Z,5.1,-0.4,0.0,1.67,39
2025-02-23T05:00Z,5.2,0.7,0.0,1.28,100
2025-02-23T06:00Z,5.5,1.2,0.0,1.61,100
2025-02-23T07:00Z,5.6,1.2,0.0,2.07,100
2025-02-23T08:00Z,5.2,2.2,0.0,2.11,100
2025-02-23T09:00Z,4.5,3.2,0.0,2.04,100
2025-02-23T10:00Z,4.5,3.5,0.0,0.7,100
2025-02-23T11:00Z,4.3,3.5,0.0,1.32,100
2025-02-23T12:00Z,4.4,3.7,0.0,0.46,100
2025-02-23T13:00Z,4.4,3.7,0.0,0.46,100
2025-02-23T14:00Z,4.4,3.5,16.0,0.35,100
2025-02-23T15:00Z,5.6,4.2,117.0,0.45,100
2025-02-23T16:00Z,7.9,5.4,373.0,0.73,69
2025-02-23T17:00Z,10.2,6.0,591.0,0.71,0
2025-02-23T18:00Z,12.0,6.7,708.0,0.61,0
2025-02-23T19:00Z,13.2,7.2,762.0,0.71,0
2025-02-23T20:00Z,14.3,7.4,742.0,0.62,0
2025-02-23T21:00Z,14.9,7.7,653.0,0.56,0
2025-02-23T22:00Z,14.9,7.8,505.0,1.33,0
2025-02-23T23:00Z,14.5,7.8,316.0,1.83,23
2025-02-24T00:00Z,13.1,8.6,116.0,1.07,14
2025-02-24T01:00Z,12.4,7.6,3.0,2.71,0
2025-02-24T02:00Z,11.0,7.3,0.0,2.38,0
2025-02-24T03:00Z,10.1,6.8,0.0,2.44,0
2025-02-24T04:00Z,9.3,6.6,0.0,2.54,0
2025-02-24T05:00Z,8.4,6.5,0.0,2.44,0
2025-02-24T06:00Z,7.6,6.3,0.0,2.66,0
2025-02-24T07:00Z,6.9,6.0,0.0,2.18,0
2025-02-24T08:00Z,6.4,5.5,0.0,1.77,0
2025-02-24T09:00Z,6.0,5.2,0.0,1.9,0
2025-02-24T10:00Z,5.7,4.9,0.0,1.96,0
2025-02-24T11:00Z,5.3,4.7,0.0,1.99,0
2025-02-24T12:00Z,4.0,3.6,0.0,1.15,0
2025-02-24T13:00Z,5.6,5.0,0.0,1.82,0
2025-02-24T14:00Z,6.5,6.1,52.0,2.21,54
2025-02-24T15:00Z,8.9,7.4,213.0,2.11,0
2025-02-24T16:00Z,11.2,8.9,385.0,1.32,0
2025-02-24T17:00Z,13.9,10.3,611.0,1.91,0
2025-02-24T18:00Z,16.1,11.4,739.0,2.59,58
2025-02-24T19:00Z,17.7,11.9,780.0,2.71,70
2025-02-24T20:00Z,18.9,12.1,752.0,2.82,31
2025-02-24T21:00Z,19.5,12.1,670.0,2.85,14
2025-02-24T22:00Z,19.6,12.3,523.0,2.91,0
2025-02-24T23:00Z,19.1,12.5,330.0,2.87,0
2025-02-25T00:00Z,17.3,12.6,122.0,2.48,0
2025-02-25T01:00Z,16.1,11.0,4.0,3.12,0
2025-02-25T02:00Z,15.0,10.7,0.0,2.94,0
2025-02-25T03:00Z,14.0,10.3,0.0,3.29,0
2025-02-25T04:00Z,13.3,9.7,0.0,3.33,0
2025-02-25T05:00Z,12.7,9.1,0.0,3.27,0
2025-02-25T06:00Z,12.0,8.9,0.0,3.04,0
2025-02-25T07:00Z,11.7,8.9,0.0,2.56,0
2025-02-25T08:00Z,11.3,8.9,0.0,2.28,0
2025-02-25T09:00Z,10.9,8.8,0.0,2.35,0
2025-02-25T10:00Z,10.4,8.6,0.0,2.28,0
2025-02-25T11:00Z,9.9,8.4,0.0,2.34,0
2025-02-25T12:00Z,9.5,8.1,0.0,2.14,0
2025-02-25T13:00Z,9.0,7.5,0.0,2.18,0
2025-02-25T14:00Z,9.7,8.3,63.0,2.2,0
2025-02-25T15:00Z,11.8,9.7,257.0,1.84,0
2025-02-25T16:00Z,14.2,10.8,459.0,1.93,0
2025-02-25T17:00Z,16.3,11.9,624.0,2.01,0
2025-02-25T18:00Z,18.3,12.9,736.0,2.29,0
2025-02-25T19:00Z,19.9,13.3,781.0,2.65,0
2025-02-25T20:00Z,20.9,13.8,756.0,3.02,0
2025-02-25T21:00Z,21.6,13.9,665.0,3.48,0
2025-02-25T22:00Z,21.5,14.2,517.0,3.89,0
2025-02-25T23:00Z,21.0,14.3,326.0,4.02,0
2025-02-26T00:00Z,19.4,13.9,122.0,4.06,0
2025-02-26T01:00Z,18.8,11.7,4.0,4.4,0
2025-02-26T02:00Z,18.1,11.1,0.0,4.7,0
2025-02-26T03:00Z,17.4,10.6,0.0,4.68,0
2025-02-26T04:00Z,16.6,10.8,0.0,4.59,0
2025-02-26T05:00Z,16.2,11.4,0.0,4.59,0
2025-02-26T06:00Z,15.8,11.7,0.0,4.64,0
2025-02-26T07:00Z,15.5,11.9,0.0,4.66,0
2025-02-26T08:00Z,14.9,11.8,0.0,4.43,0
2025-02-26T09:00Z,14.2,11.4,0.0,4.47,0
2025-02-26T10:00Z,13.7,11.0,0.0,4.26,0
2025-02-26T11:00Z,13.2,11.2,0.0,3.9,0
2025-02-26T12:00Z,13.0,11.3,0.0,3.7,0
2025-02-26T13:00Z,13.5,12.2,0.0,3.72,0
2025-02-26T14:00Z,14.1,12.7,65.0,4.13,0
2025-02-26T15:00Z,15.8,13.7,248.0,3.53,3
2025-02-26T16:00Z,17.8,14.2,441.0,3.25,3
2025-02-26T17:00Z,19.5,14.3,629.0,3.09,1
2025-02-26T18:00Z,21.1,14.3,732.0,3.65,0
2025-02-26T19:00Z,22.4,14.4,777.0,3.29,33
2025-02-26T20:00Z,23.3,14.5,751.0,2.55,74
2025-02-26T21:00Z,23.6,14.6,653.0,1.74,79
2025-02-26T22:00Z,23.6,14.6,508.0,1.15,39
2025-02-26T23:00Z,23.5,14.3,289.0,0.11,80
2025-02-27T00:00Z,21.6,16.0,117.0,1.01,42
2025-02-27T01:00Z,21.6,14.7,3.0,3.47,6
2025-02-27T02:00Z,20.3,12.8,0.0,4.19,30
2025-02-27T03:00Z,19.0,12.1,0.0,4.29,84
2025-02-27T04:00Z,17.9,9.9,0.0,5.1,100
2025-02-27T05:00Z,16.5,6.2,0.0,4.96,100
2025-02-27T06:00Z,14.8,6.1,0.0,4.93,100
2025-02-27T07:00Z,13.5,6.5,0.0,3.51,100
2025-02-27T08:00Z,13.7,6.0,0.0,3.9,96
2025-02-27T09:00Z,13.5,4.2,0.0,3.81,80
2025-02-27T10:00Z,12.8,3.5,0.0,4.0,70
2025-02-27T11:00Z,12.1,3.3,0.0,3.13,68
2025-02-27T12:00Z,11.2,3.3,0.0,2.86,77
2025-02-27T13:00Z,11.1,4.2,0.0,2.71,100
2025-02-27T14:00Z,11.5,4.0,49.0,3.12,98
2025-02-27T15:00Z,13.1,4.7,225.0,2.78,98
2025-02-27T16:00Z,15.0,4.5,421.0,2.88,92
2025-02-27T17:00Z,16.8,4.8,612.0,2.95,95
2025-02-27T18:00Z,18.2,3.2,725.0,3.65,91
2025-02-27T19:00Z,19.0,2.2,790.0,3.44,89
2025-02-27T20:00Z,19.4,2.7,774.0,3.11,25
2025-02-27T21:00Z,19.8,2.4,685.0,2.74,0
2025-02-27T22:00Z,19.6,2.5,537.0,2.71,0
2025-02-27T23:00Z,18.9,3.3,342.0,2.41,0
2025-02-28T00:00Z,17.0,6.7,132.0,1.36,0
2025-02-28T01:00Z,15.9,6.6,6.0,1.33,0
2025-02-28T02:00Z,14.9,6.2,0.0,1.5,0
2025-02-28T03:00Z,14.1,5.9,0.0,1.01,0
2025-02-28T04:00Z,13.2,5.4,0.0,0.65,0
2025-02-28T05:00Z,12.1,5.4,0.0,0.81,0
2025-02-28T06:00Z,11.6,5.1,0.0,0.11,0
2025-02-28T07:00Z,10.5,5.2,0.0,1.46,0
2025-02-28T08:00Z,9.5,4.8,0.0,0.81,0
2025-02-28T09:00Z,8.6,4.7,0.0,0.87,0
2025-02-28T10:00Z,7.8,4.6,0.0,1.19,0
2025-02-28T11:00Z,7.3,4.3,0.0,1.14,0
2025-02-28T12:00Z,6.9,4.0,0.0,0.73,0
2025-02-28T13:00Z,4.9,2.8,0.0,1.43,0
2025-02-28T14:00Z,7.3,3.0,75.0,2.0,0
2025-02-28T15:00Z,11.4,4.0,279.0,1.56,0
2025-02-28T16:00Z,15.0,4.6,487.0,1.31,0
2025-02-28T17:00Z,18.1,4.3,657.0,1.87,0
2025-02-28T18:00Z,20.1,2.5,767.0,2.44,0
2025-02-28T19:00Z,21.1,1.6,810.0,2.9,0
2025-02-28T20:00Z,21.7,1.5,784.0,3.04,29
2025-02-28T21:00Z,21.9,2.1,689.0,3.1,45
2025-02-28T22:00Z,21.9,2.8,534.0,3.02,97
2025-02-28T23:00Z,21.3,3.4,298.0,2.48,100
2025-03-01T00:00Z,19.3,6.2,107.0,2.51,100
2025-03-01T01:00Z,18.4,5.9,5.0,2.97,100
2025-03-01T02:00Z,17.2,5.8,0.0,2.87,2
2025-03-01T03:00Z,16.2,5.2,0.0,2.65,5
2025-03-01T04:00Z,15.4,4.6,0.0,2.9,0
2025-03-01T05:00Z,14.8,4.2,0.0,3.13,0
2025-03-01T06:00Z,14.5,3.6,0.0,3.38,0
2025-03-01T07:00Z,14.3,3.4,0.0,2.84,0
2025-03-01T08:00Z,13.8,3.5,0.0,2.84,0
2025-03-01T09:00Z,13.2,3.7,0.0,2.6,0
2025-03-01T10:00Z,12.6,4.0,0.0,1.98,0
2025-03-01T11:00Z,11.6,4.3,0.0,1.77,0
2025-03-01T12:00Z,10.7,4.2,0.0,2.8,0
2025-03-01T13:00Z,9.2,3.7,0.0,1.35,0
2025-03-01T14:00Z,10.8,3.5,76.0,1.07,0
2025-03-01T15:00Z,14.0,3.8,277.0,1.36,0
2025-03-01T16:00Z,16.7,3.9,480.0,1.71,0
2025-03-01T17:00Z,19.1,4.0,647.0,2.51,0
2025-03-01T18:00Z,21.1,4.9,759.0,2.42,0
2025-03-01T19:00Z,22.5,5.8,804.0,2.52,0
2025-03-01T20:00Z,23.4,5.4,779.0,2.79,0
2025-03-01T21:00Z,23.6,5.2,687.0,2.96,0
2025-03-01T22:00Z,23.2,6.2,537.0,3.1,0
2025-03-01T23:00Z,22.3,7.0,342.0,3.37,0
2025-03-02T00:00Z,20.5,7.1,134.0,3.34,0
2025-03-02T01:00Z,20.5,5.8,6.0,3.32,0
2025-03-02T02:00Z,19.0,5.8,0.0,4.03,0
2025-03-02T03:00Z,17.8,4.0,0.0,4.0,0
2025-03-02T04:00Z,16.8,2.8,0.0,4.1,0
2025-03-02T05:00Z,15.6,2.6,0.0,4.2,0
2025-03-02T06:00Z,14.6,2.6,0.0,4.3,2
2025-03-02T07:00Z,13.9,2.6,0.0,4.24,4
2025-03-02T08:00Z,13.1,2.5,0.0,3.7,95
2025-03-02T09:00Z,12.4,2.2,0.0,4.02,55
2025-03-02T10:00Z,12.0,2.3,0.0,4.25,35
2025-03-02T11:00Z,11.6,2.8,0.0,4.43,97
2025-03-02T12:00Z,11.4,3.1,0.0,4.55,100
2025-03-02T13:00Z,11.9,2.9,0.0,4.3,100
2025-03-02T14:00Z,12.5,3.1,61.0,4.4,73
2025-03-02T15:00Z,14.3,3.5,260.0,4.29,0
2025-03-02T16:00Z,16.2,4.0,472.0,5.06,0
2025-03-02T17:00Z,18.1,4.6,640.0,5.3,0
2025-03-02T18:00Z,19.8,5.6,750.0,5.62,0
2025-03-02T19:00Z,21.1,6.6,795.0,5.95,3
2025-03-02T20:00Z,22.1,6.7,771.0,5.69,26
2025-03-02T21:00Z,22.7,6.9,682.0,6.04,93
2025-03-02T22:00Z,21.9,7.2,342.0,4.9,65
2025-03-02T23:00Z,21.1,8.5,194.0,4.59,88
2025-03-03T00:00Z,19.2,9.5,80.0,5.33,100
2025-03-03T01:00Z,18.7,9.6,2.0,4.34,98
2025-03-03T02:00Z,16.0,12.0,0.0,3.76,95
2025-03-03T03:00Z,14.7,12.3,0.0,4.75,68
2025-03-03T04:00Z,13.9,11.8,0.0,5.21,19
2025-03-03T05:00Z,13.3,10.6,0.0,5.37,5
2025-03-03T06:00Z,12.6,10.0,0.0,4.92,8
2025-03-03T07:00Z,12.2,9.5,0.0,4.38,100
2025-03-03T08:00Z,12.2,9.2,0.0,4.79,100
2025-03-03T09:00Z,12.3,9.1,0.0,4.5,100
2025-03-03T10:00Z,12.4,9.6,0.0,4.03,100
2025-03-03T11:00Z,12.6,10.2,0.0,4.48,100
2025-03-03T12:00Z,12.8,10.5,0.0,4.51,100
2025-03-03T13:00Z,12.3,9.6,0.0,4.89,100
2025-03-03T14:00Z,12.8,10.1,18.0,5.04,100
2025-03-03T15:00Z,13.7,11.1,74.0,4.23,100
2025-03-03T16:00Z,14.5,12.0,107.0,3.78,100
2025-03-03T17:00Z,17.5,14.1,279.0,6.02,100
2025-03-03T18:00Z,18.5,15.1,323.0,5.47,100
2025-03-03T19:00Z,20.2,16.4,256.0,4.32,100
2025-03-03T20:00Z,21.6,17.8,242.0,4.74,99
2025-03-03T21:00Z,23.4,17.4,392.0,6.18,97
2025-03-03T22:00Z,23.7,17.1,341.0,5.68,91
2025-03-03T23:00Z,23.5,17.3,223.0,5.27,99
2025-03-04T00:00Z,22.6,17.3,81.0,5.26,100
2025-03-04T01:00Z,19.2,16.5,5.0,4.92,91
2025-03-04T02:00Z,19.0,16.7,0.0,5.3,100
2025-03-04T03:00Z,19.0,17.4,0.0,5.08,99
2025-03-04T04:00Z,19.9,17.5,0.0,6.04,100
2025-03-04T05:00Z,20.5,17.2,0.0,6.91,99
2025-03-04T06:00Z,19.9,17.3,0.0,7.05,100
2025-03-04T07:00Z,19.9,17.8,0.0,7.81,100
2025-03-04T08:00Z,20.2,18.2,0.0,10.12,100
2025-03-04T09:00Z,20.0,18.2,0.0,8.9,100
2025-03-04T10:00Z,19.7,18.0,0.0,10.1,100
2025-03-04T11:00Z,19.9,17.8,0.0,10.0,100
2025-03-04T12:00Z,18.3,17.0,0.0,7.95,100
2025-03-04T13:00Z,11.6,8.1,0.0,5.38,99
2025-03-04T14:00Z,11.5,8.1,33.0,3.51,30
2025-03-04T15:00Z,13.4,7.8,238.0,2.09,4
2025-03-04T16:00Z,16.7,6.6,514.0,3.43,2
2025-03-04T17:00Z,17.7,4.2,695.0,5.56,0
2025-03-04T18:00Z,19.3,-2.4,790.0,7.32,0
2025-03-04T19:00Z,19.8,-1.9,842.0,8.32,0
2025-03-04T20:00Z,20.1,-1.9,813.0,10.64,78
2025-03-04T21:00Z,18.7,2.6,474.0,9.73,53
2025-03-04T22:00Z,16.6,4.9,304.0,9.4,65
2025-03-04T23:00Z,15.8,4.8,193.0,8.92,35
2025-03-05T00:00Z,15.5,4.9,56.0,8.7,87
2025-03-05T01:00Z,14.1,4.4,7.0,7.73,52
2025-03-05T02:00Z,13.0,3.3,0.0,8.03,42
2025-03-05T03:00Z,12.0,2.2,0.0,8.16,12
2025-03-05T04:00Z,11.3,1.9,0.0,7.89,24
2025-03-05T05:00Z,10.1,1.6,0.0,6.51,11
2025-03-05T06:00Z,9.2,1.0,0.0,6.98,2
2025-03-05T07:00Z,8.7,1.1,0.0,6.41,1
2025-03-05T08:00Z,8.3,0.7,0.0,5.87,0
2025-03-05T09:00Z,7.9,0.3,0.0,5.37,3
2025-03-05T10:00Z,7.6,-0.1,0.0,5.15,0
2025-03-05T11:00Z,7.2,-0.5,0.0,4.92,0
2025-03-05T12:00Z,6.6,-1.9,0.0,5.17,0
2025-03-05T13:00Z,5.8,-0.9,0.0,4.8,0
2025-03-05T14:00Z,6.4,-1.0,93.0,4.45,0
2025-03-05T15:00Z,7.6,-1.9,307.0,5.73,0
2025-03-05T16:00Z,8.8,-2.1,518.0,5.8,0
2025-03-05T17:00Z,10.1,-1.9,690.0,5.83,0
2025-03-05T18:00Z,11.4,-1.8,805.0,5.55,0
2025-03-05T19:00Z,12.8,-1.7,853.0,5.1,0
2025-03-05T20:00Z,13.8,-2.0,827.0,4.76,0
2025-03-05T21:00Z,14.5,-2.3,732.0,4.74,0
2025-03-05T22:00Z,14.7,-2.9,575.0,4.21,0
2025-03-05T23:00Z,14.2,-2.2,374.0,3.48,0
2025-03-06T00:00Z,12.8,0.2,154.0,2.02,0
2025-03-06T01:00Z,11.4,2.4,9.0,1.21,2
2025-03-06T02:00Z,10.5,2.3,0.0,1.24,0
2025-03-06T03:00Z,9.6,2.4,0.0,1.38,15
2025-03-06T04:00Z,9.0,2.0,0.0,1.48,74
2025-03-06T05:00Z,8.4,1.6,0.0,0.85,79
2025-03-06T06:00Z,8.2,0.9,0.0,0.14,100
2025-03-06T07:00Z,7.1,1.3,0.0,0.78,86
2025-03-06T08:00Z,6.8,1.6,0.0,1.57,0
2025-03-06T09:00Z,6.5,1.5,0.0,1.93,46
2025-03-06T10:00Z,6.2,1.4,0.0,2.04,59
2025-03-06T11:00Z,5.9,1.1,0.0,2.3,99
2025-03-06T12:00Z,5.6,0.4,0.0,2.44,97
2025-03-06T13:00Z,4.6,-0.1,1.0,2.22,100
2025-03-06T14:00Z,5.6,0.5,71.0,2.5,100
2025-03-06T15:00Z,7.9,1.7,252.0,1.88,100
2025-03-06T16:00Z,10.6,2.6,438.0,2.37,100
2025-03-06T17:00Z,13.3,2.8,626.0,2.95,100
2025-03-06T18:00Z,15.2,2.3,732.0,3.93,100
2025-03-06T19:00Z,16.4,2.3,761.0,4.33,100
2025-03-06T20:00Z,16.6,2.1,582.0,4.41,100
2025-03-06T21:00Z,16.7,2.8,473.0,4.5,92
2025-03-06T22:00Z,17.0,3.5,468.0,4.9,95
2025-03-06T23:00Z,16.7,4.5,298.0,4.72,100
2025-03-07T00:00Z,15.8,4.7,55.0,4.72,96
2025-03-07T01:00Z,15.3,3.6,7.0,4.62,96
2025-03-07T02:00Z,14.8,3.8,0.0,4.72,75
2025-03-07T03:00Z,14.6,3.5,0.0,5.47,96
2025-03-07T04:00Z,14.4,3.1,0.0,5.45,100
2025-03-07T05:00Z,14.1,4.0,0.0,5.86,100
2025-03-07T06:00Z,13.8,5.6,0.0,5.98,100
2025-03-07T07:00Z,13.6,7.5,0.0,5.56,100
2025-03-07T08:00Z,13.5,8.9,0.0,5.11,93
2025-03-07T09:00Z,13.7,9.9,0.0,5.07,83
2025-03-07T10:00Z,13.8,10.9,0.0,5.07,82
2025-03-07T11:00Z,14.2,11.6,0.0,5.0,95
2025-03-07T12:00Z,14.4,12.1,0.0,4.29,99
2025-03-07T13:00Z,14.6,12.4,1.0,3.76,100
2025-03-07T14:00Z,15.5,12.9,53.0,3.6,99
2025-03-07T15:00Z,16.8,13.6,128.0,3.55,100
2025-03-07T16:00Z,17.5,14.2,150.0,2.05,98
2025-03-07T17:00Z,20.1,15.2,410.0,2.65,30
2025-03-07T18:00Z,22.9,15.3,776.0,2.53,0
2025-03-07T19:00Z,24.4,14.4,816.0,2.06,0
2025-03-07T20:00Z,25.4,13.0,790.0,1.15,0
2025-03-07T21:00Z,26.0,12.3,701.0,0.22,0
2025-03-07T22:00Z,25.8,11.4,552.0,0.68,0
2025-03-07T23:00Z,25.3,11.9,358.0,1.2,7
2025-03-08T00:00Z,22.9,14.9,146.0,1.41,0
2025-03-08T01:00Z,21.2,11.0,10.0,3.3,0
2025-03-08T02:00Z,19.9,11.4,0.0,2.84,0
2025-03-08T03:00Z,18.9,12.1,0.0,3.1,0
2025-03-08T04:00Z,18.2,12.8,0.0,2.96,0
2025-03-08T05:00Z,17.3,12.8,0.0,2.2,3
2025-03-08T06:00Z,16.6,12.4,0.0,2.7,41
2025-03-08T07:00Z,14.4,5.6,0.0,4.81,70
2025-03-08T08:00Z,13.3,3.9,0.0,4.76,98
2025-03-08T09:00Z,12.4,3.8,0.0,4.82,100
2025-03-08T10:00Z,11.5,3.7,0.0,4.57,100
2025-03-08T11:00Z,11.2,3.4,0.0,4.52,100
2025-03-08T12:00Z,9.8,4.5,0.0,4.25,100
2025-03-08T13:00Z,9.9,5.4,0.0,5.66,77
2025-03-08T14:00Z,10.4,5.8,80.0,3.76,67
2025-03-08T15:00Z,11.4,6.7,183.0,2.71,97
2025-03-08T16:00Z,11.7,7.2,143.0,2.74,100
2025-03-08T17:00Z,12.0,7.6,151.0,4.04,100
2025-03-08T18:00Z,12.8,8.2,218.0,4.73,100
2025-03-08T19:00Z,12.7,8.5,228.0,4.33,100
2025-03-08T20:00Z,13.3,9.0,327.0,3.97,100
2025-03-08T21:00Z,13.4,8.8,247.0,4.05,98
2025-03-08T22:00Z,13.0,9.3,187.0,4.15,100
2025-03-08T23:00Z,12.3,8.9,74.0,3.31,100
2025-03-09T00:00Z,12.1,9.0,47.0,3.52,100
2025-03-09T01:00Z,9.5,7.0,4.0,3.36,100
2025-03-09T02:00Z,9.1,7.0,0.0,2.65,100
2025-03-09T03:00Z,8.6,6.7,0.0,2.96,100
2025-03-09T04:00Z,8.5,6.7,0.0,3.61,100
2025-03-09T05:00Z,8.4,6.8,0.0,3.34,100
2025-03-09T06:00Z,7.9,6.2,0.0,3.76,100
2025-03-09T07:00Z,7.5,5.6,0.0,3.29,100
2025-03-09T08:00Z,7.4,5.5,0.0,2.92,100
2025-03-09T09:00Z,7.2,5.4,0.0,2.31,100
2025-03-09T10:00Z,7.1,5.3,0.0,2.85,100
2025-03-09T11:00Z,7.2,5.1,0.0,3.52,100
2025-03-09T12:00Z,7.2,5.0,0.0,3.76,100
2025-03-09T13:00Z,6.8,5.5,0.0,3.38,100
2025-03-09T14:00Z,7.0,5.6,15.0,3.41,100
2025-03-09T15:00Z,7.6,5.1,77.0,4.3,100
2025-03-09T16:00Z,8.2,5.2,175.0,4.55,100
2025-03-09T17:00Z,9.4,5.1,263.0,4.72,100
2025-03-09T18:00Z,9.7,5.2,272.0,4.89,100
2025-03-09T19:00Z,10.4,5.0,309.0,5.27,100
2025-03-09T20:00Z,11.0,4.9,273.0,4.77,100
2025-03-09T21:00Z,12.5,4.9,424.0,4.82,100
2025-03-09T22:00Z,12.7,4.8,241.0,4.93,100
2025-03-09T23:00Z,13.0,4.7,175.0,3.78,100
2025-03-10T00:00Z,12.7,6.3,84.0,1.07,0
2025-03-10T01:00Z,10.7,5.6,11.0,0.49,0
2025-03-10T02:00Z,9.8,5.2,0.0,0.81,0
2025-03-10T03:00Z,8.9,5.5,0.0,1.27,0
2025-03-10T04:00Z,8.6,5.3,0.0,1.45,0
2025-03-10T05:00Z,8.1,5.1,0.0,1.44,0
2025-03-10T06:00Z,7.5,4.7,0.0,1.39,0
2025-03-10T07:00Z,7.0,4.3,0.0,1.42,0
2025-03-10T08:00Z,6.6,3.9,0.0,1.51,0
2025-03-10T09:00Z,6.2,3.6,0.0,1.6,0
2025-03-10T10:00Z,5.7,3.2,0.0,1.51,0
2025-03-10T11:00Z,5.3,2.8,0.0,1.43,0
2025-03-10T12:00Z,5.1,2.5,0.0,1.46,0
2025-03-10T13:00Z,4.2,1.7,2.0,1.57,0
2025-03-10T14:00Z,6.1,2.7,113.0,2.02,0
2025-03-10T15:00Z,9.2,4.5,329.0,1.29,0
2025-03-10T16:00Z,12.7,6.1,538.0,1.13,0
2025-03-10T17:00Z,16.1,6.1,707.0,1.7,0
2025-03-10T18:00Z,18.2,4.8,818.0,2.16,0
2025-03-10T19:00Z,19.5,4.4,861.0,2.15,0
2025-03-10T20:00Z,20.4,4.2,834.0,2.15,0
2025-03-10T21:00Z,20.8,4.6,739.0,2.28,0
2025-03-10T22:00Z,20.7,4.8,583.0,2.5,0
2025-03-10T23:00Z,20.1,5.5,382.0,2.56,0
2025-03-11T00:00Z,18.1,8.0,164.0,2.28,0
2025-03-11T01:00Z,17.0,7.4,13.0,2.8,0
2025-03-11T02:00Z,15.5,7.0,0.0,3.22,0
2025-03-11T03:00Z,14.6,6.0,0.0,3.29,0
2025-03-11T04:00Z,13.9,5.0,0.0,3.41,0
2025-03-11T05:00Z,13.5,4.4,0.0,3.62,0
2025-03-11T06:00Z,13.0,3.9,0.0,3.75,0
2025-03-11T07:00Z,12.8,3.3,0.0,3.78,0
2025-03-11T08:00Z,12.5,3.4,0.0,3.69,0
2025-03-11T09:00Z,11.9,3.4,0.0,3.45,0
2025-03-11T10:00Z,11.2,3.2,0.0,3.11,0
2025-03-11T11:00Z,10.9,2.6,0.0,3.11,0
2025-03-11T12:00Z,10.6,1.6,0.0,2.98,0
2025-03-11T13:00Z,10.2,1.1,3.0,2.85,0
2025-03-11T14:00Z,11.7,1.8,120.0,2.91,0
2025-03-11T15:00Z,14.4,3.7,341.0,2.48,0
2025-03-11T16:00Z,16.9,4.8,553.0,2.54,0
2025-03-11T17:00Z,19.2,6.7,721.0,3.01,0
2025-03-11T18:00Z,21.2,7.7,828.0,3.61,0
2025-03-11T19:00Z,22.7,8.6,868.0,4.25,0
2025-03-11T20:00Z,23.9,8.3,838.0,4.75,0
2025-03-11T21:00Z,24.2,7.9,739.0,5.17,0
2025-03-11T22:00Z,23.8,8.0,581.0,5.41,0
2025-03-11T23:00Z,23.1,7.8,380.0,5.0,0
2025-03-12T00:00Z,21.3,8.7,164.0,4.45,0
2025-03-12T01:00Z,20.4,7.0,14.0,5.08,0
2025-03-12T02:00Z,19.8,5.7,0.0,5.42,0
2025-03-12T03:00Z,19.2,5.4,0.0,5.49,0
2025-03-12T04:00Z,18.8,5.2,0.0,5.56,0
2025-03-12T05:00Z,18.3,5.3,0.0,5.46,0
2025-03-12T06:00Z,17.8,5.5,0.0,5.33,0
2025-03-12T07:00Z,16.8,5.9,0.0,4.81,0
2025-03-12T08:00Z,16.1,6.5,0.0,4.53,0
2025-03-12T09:00Z,16.1,8.2,0.0,4.43,0
2025-03-12T10:00Z,15.7,9.8,0.0,4.08,0
2025-03-12T11:00Z,15.1,10.8,0.0,3.88,0
2025-03-12T12:00Z,14.8,11.5,0.0,3.79,0
2025-03-12T13:00Z,14.9,12.7,3.0,3.73,0
2025-03-12T14:00Z,16.2,12.9,116.0,3.28,0
2025-03-12T15:00Z,18.1,13.5,327.0,2.95,0
2025-03-12T16:00Z,20.2,14.3,532.0,3.48,0
2025-03-12T17:00Z,22.3,14.7,691.0,4.27,0
2025-03-12T18:00Z,23.7,15.1,798.0,4.71,0
2025-03-12T19:00Z,25.0,14.7,835.0,5.05,57
2025-03-12T20:00Z,25.9,14.7,768.0,5.02,78
2025-03-12T21:00Z,27.3,11.4,496.0,3.85,97
2025-03-12T22:00Z,28.5,7.0,384.0,2.8,85
2025-03-12T23:00Z,27.3,5.1,238.0,2.4,94
2025-03-13T00:00Z,25.0,10.3,132.0,1.65,14
2025-03-13T01:00Z,22.3,9.6,13.0,1.86,1
2025-03-13T02:00Z,20.7,9.9,0.0,2.25,0
2025-03-13T03:00Z,19.8,7.5,0.0,3.23,0
2025-03-13T04:00Z,19.0,2.7,0.0,3.49,0
2025-03-13T05:00Z,18.3,1.3,0.0,3.07,0
2025-03-13T06:00Z,18.0,-0.6,0.0,2.98,0
2025-03-13T07:00Z,18.2,-3.0,0.0,3.64,0
2025-03-13T08:00Z,18.4,-3.9,0.0,3.85,0
2025-03-13T09:00Z,18.0,-4.9,0.0,3.7,0
2025-03-13T10:00Z,17.2,-5.6,0.0,3.41,12
2025-03-13T11:00Z,16.6,-5.4,0.0,3.16,4
2025-03-13T12:00Z,15.8,-4.6,0.0,3.16,10
2025-03-13T13:00Z,14.6,-0.6,4.0,2.57,0
2025-03-13T14:00Z,15.8,-0.6,126.0,2.71,17
2025-03-13T15:00Z,18.4,-0.5,344.0,1.86,12
2025-03-13T16:00Z,21.0,0.1,554.0,1.67,16
2025-03-13T17:00Z,23.7,1.3,723.0,1.51,57
2025-03-13T18:00Z,26.3,1.9,833.0,1.53,8
2025-03-13T19:00Z,28.2,2.3,873.0,1.64,89
2025-03-13T20:00Z,29.3,4.0,843.0,2.39,100
2025-03-13T21:00Z,30.3,1.5,694.0,2.93,100
2025-03-13T22:00Z,30.4,-1.4,497.0,3.45,100
2025-03-13T23:00Z,28.5,5.9,281.0,3.5,100
2025-03-14T00:00Z,25.5,12.1,123.0,4.1,100
2025-03-14T01:00Z,23.8,7.8,9.0,3.3,100
2025-03-14T02:00Z,22.3,10.0,0.0,3.53,100
2025-03-14T03:00Z,21.7,6.0,0.0,4.12,100
2025-03-14T04:00Z,21.0,6.9,0.0,5.27,78
2025-03-14T05:00Z,21.0,5.8,0.0,5.68,93
2025-03-14T06:00Z,21.3,6.0,0.0,6.29,87
2025-03-14T07:00Z,20.8,7.7,0.0,6.07,98
2025-03-14T08:00Z,20.3,7.4,0.0,5.75,97
2025-03-14T09:00Z,20.0,7.9,0.0,5.85,100
2025-03-14T10:00Z,19.2,10.8,0.0,5.8,0
2025-03-14T11:00Z,18.5,13.5,0.0,6.13,0
2025-03-14T12:00Z,18.4,14.8,0.0,6.71,0
2025-03-14T13:00Z,18.3,15.1,4.0,6.16,0
2025-03-14T14:00Z,19.2,16.2,120.0,5.41,17
2025-03-14T15:00Z,20.9,16.8,272.0,7.96,65
2025-03-14T16:00Z,23.0,16.4,392.0,6.47,2
2025-03-14T17:00Z,25.9,16.0,709.0,6.04,0
2025-03-14T18:00Z,30.5,-10.7,805.0,7.22,0
2025-03-14T19:00Z,30.3,-5.7,876.0,7.02,0
2025-03-14T20:00Z,29.7,-1.3,855.0,7.99,0
2025-03-14T21:00Z,29.3,-5.0,750.0,8.14,0
2025-03-14T22:00Z,28.3,-1.9,601.0,7.23,0
2025-03-14T23:00Z,27.4,-0.9,397.0,6.48,0
2025-03-15T00:00Z,26.3,-1.5,176.0,5.45,0
2025-03-15T01:00Z,24.6,0.3,16.0,4.26,55
2025-03-15T02:00Z,23.7,-3.1,0.0,3.88,100
2025-03-15T03:00Z,22.3,-4.1,0.0,3.32,100
2025-03-15T04:00Z,21.9,-10.6,0.0,3.24,99
2025-03-15T05:00Z,20.9,-11.5,0.0,2.47,83
2025-03-15T06:00Z,19.7,-9.5,0.0,1.95,100
2025-03-15T07:00Z,18.4,-6.5,0.0,0.8,91
2025-03-15T08:00Z,17.1,-3.7,0.0,1.99,99
2025-03-15T09:00Z,17.0,-2.7,0.0,1.71,100
2025-03-15T10:00Z,16.7,-2.4,0.0,3.38,100
2025-03-15T11:00Z,16.5,-2.0,0.0,4.13,98
2025-03-15T12:00Z,16.8,-3.1,0.0,3.37,100
2025-03-15T13:00Z,18.1,-9.4,1.0,3.08,100
2025-03-15T14:00Z,18.1,-9.3,50.0,4.05,64
2025-03-15T15:00Z,19.2,-9.2,329.0,4.36,0
2025-03-15T16:00Z,20.2,-8.4,560.0,4.54,0
2025-03-15T17:00Z,21.2,-8.0,729.0,4.92,0
2025-03-15T18:00Z,21.3,-1.8,842.0,5.52,44
2025-03-15T19:00Z,21.0,0.3,863.0,6.17,77
2025-03-15T20:00Z,20.3,1.4,676.0,6.26,55
2025-03-15T21:00Z,19.7,1.2,581.0,6.73,86
2025-03-15T22:00Z,18.7,0.6,418.0,7.25,29
2025-03-15T23:00Z,17.8,1.7,342.0,6.9,27
2025-03-16T00:00Z,14.5,2.6,158.0,6.83,74
2025-03-16T01:00Z,14.4,2.1,15.0,4.63,100
2025-03-16T02:00Z,15.2,0.3,0.0,4.56,86
2025-03-16T03:00Z,15.3,0.1,0.0,4.88,14
2025-03-16T04:00Z,14.9,0.3,0.0,3.58,0
2025-03-16T05:00Z,14.5,0.2,0.0,3.68,11
2025-03-16T06:00Z,13.9,0.2,0.0,3.63,0
2025-03-16T07:00Z,13.0,-0.5,0.0,3.09,2
2025-03-16T08:00Z,12.1,-1.0,0.0,2.37,0
2025-03-16T09:00Z,11.4,-1.2,0.0,2.42,0
2025-03-16T10:00Z,10.8,-1.3,0.0,2.26,0
2025-03-16T11:00Z,10.2,-1.9,0.0,2.06,0
2025-03-16T12:00Z,9.6,-2.6,0.0,1.7,0
2025-03-16T13:00Z,7.5,-4.3,6.0,2.04,0
2025-03-16T14:00Z,8.9,-4.7,137.0,1.71,0
2025-03-16T15:00Z,11.3,-6.7,358.0,1.55,0
2025-03-16T16:00Z,13.8,-10.4,568.0,1.51,0
2025-03-16T17:00Z,16.1,-12.4,737.0,0.75,0
2025-03-16T18:00Z,18.2,-12.8,848.0,0.0,0
2025-03-16T19:00Z,19.3,-12.7,890.0,0.41,0
2025-03-16T20:00Z,20.0,-12.0,860.0,0.92,0
2025-03-16T21:00Z,20.5,-10.2,762.0,1.5,0
2025-03-16T22:00Z,20.5,-8.1,603.0,2.05,0
2025-03-16T23:00Z,20.0,-6.4,400.0,2.08,0
2025-03-17T00:00Z,19.3,-5.3,179.0,1.39,0
2025-03-17T01:00Z,18.4,-6.5,18.0,1.03,0
2025-03-17T02:00Z,16.6,-1.9,0.0,2.34,0
2025-03-17T03:00Z,14.9,-0.4,0.0,2.8,0
2025-03-17T04:00Z,14.0,-1.2,0.0,2.65,0
2025-03-17T05:00Z,13.1,-1.0,0.0,2.45,0
2025-03-17T06:00Z,12.4,-0.6,0.0,2.21,0
2025-03-17T07:00Z,11.8,0.1,0.0,2.55,0
2025-03-17T08:00Z,11.5,0.4,0.0,3.03,0
2025-03-17T09:00Z,11.3,0.1,0.0,3.42,1
2025-03-17T10:00Z,11.4,-0.7,0.0,3.87,1
2025-03-17T11:00Z,11.4,-2.0,0.0,3.95,19
2025-03-17T12:00Z,11.2,-2.3,0.0,3.72,1
2025-03-17T13:00Z,10.6,-1.6,7.0,3.69,2
2025-03-17T14:00Z,12.6,0.1,142.0,3.7,4
2025-03-17T15:00Z,15.2,1.8,362.0,3.09,1
2025-03-17T16:00Z,18.0,3.8,572.0,3.21,0
2025-03-17T17:00Z,21.1,4.8,739.0,3.85,0
2025-03-17T18:00Z,23.8,4.2,848.0,4.83,0
2025-03-17T19:00Z,25.9,2.1,888.0,5.68,17
2025-03-17T20:00Z,27.1,0.3,859.0,6.24,18
2025-03-17T21:00Z,27.7,-1.1,762.0,6.5,0
2025-03-17T22:00Z,27.6,-1.8,604.0,6.66,0
2025-03-17T23:00Z,27.2,-3.1,402.0,6.53,81
2025-03-18T00:00Z,25.7,-1.7,172.0,5.77,100
2025-03-18T01:00Z,24.4,-1.7,17.0,5.51,100
2025-03-18T02:00Z,23.9,-1.5,0.0,5.65,100
2025-03-18T03:00Z,23.1,-0.2,0.0,5.45,100
2025-03-18T04:00Z,22.5,1.3,0.0,5.5,92
2025-03-18T05:00Z,21.3,2.6,0.0,5.5,4
2025-03-18T06:00Z,20.5,5.3,0.0,6.07,85
2025-03-18T07:00Z,19.6,5.0,0.0,5.77,100
2025-03-18T08:00Z,18.7,4.3,0.0,5.68,57
2025-03-18T09:00Z,17.9,4.4,0.0,5.53,97
2025-03-18T10:00Z,17.2,5.5,0.0,5.38,98
2025-03-18T11:00Z,16.8,6.6,0.0,5.41,99
2025-03-18T12:00Z,16.4,6.8,0.0,5.17,100
2025-03-18T13:00Z,15.3,9.4,7.0,5.43,97
2025-03-18T14:00Z,16.2,10.9,124.0,4.45,98
2025-03-18T15:00Z,17.9,11.8,320.0,5.85,97
2025-03-18T16:00Z,20.0,12.0,533.0,6.45,99
2025-03-18T17:00Z,22.1,12.0,703.0,6.76,94
2025-03-18T18:00Z,23.7,12.5,805.0,7.2,97
2025-03-18T19:00Z,25.4,12.5,859.0,7.75,68
2025-03-18T20:00Z,26.6,12.3,829.0,8.4,1
2025-03-18T21:00Z,27.4,12.4,737.0,8.65,0
2025-03-18T22:00Z,28.0,12.2,583.0,8.55,62
2025-03-18T23:00Z,28.0,11.9,382.0,8.25,40
2025-03-19T00:00Z,26.9,12.3,172.0,7.08,87
2025-03-19T01:00Z,24.7,12.5,18.0,6.97,75
2025-03-19T02:00Z,23.4,12.3,0.0,7.52,59
2025-03-19T03:00Z,22.2,12.6,0.0,7.87,18
2025-03-19T04:00Z,21.1,12.9,0.0,8.11,98
2025-03-19T05:00Z,20.4,13.4,0.0,7.96,67
2025-03-19T06:00Z,19.8,13.5,0.0,7.42,9
2025-03-19T07:00Z,19.4,13.8,0.0,7.04,16
2025-03-19T08:00Z,19.5,14.0,0.0,6.35,21
2025-03-19T09:00Z,19.7,13.9,0.0,5.12,3
2025-03-19T10:00Z,20.7,2.1,0.0,5.36,0
2025-03-19T11:00Z,19.9,-14.4,0.0,6.01,0
2025-03-19T12:00Z,18.8,-13.5,0.0,6.13,0
2025-03-19T13:00Z,18.3,-8.8,9.0,5.49,0
2025-03-19T14:00Z,18.3,-5.6,155.0,6.37,0
2025-03-19T15:00Z,17.1,-1.1,375.0,7.05,0
2025-03-19T16:00Z,16.9,-0.8,582.0,7.0,0
2025-03-19T17:00Z,17.1,-2.1,750.0,7.55,0
2025-03-19T18:00Z,18.0,-2.5,861.0,7.61,0
2025-03-19T19:00Z,18.1,-3.3,899.0,7.72,1
2025-03-19T20:00Z,18.7,-3.9,868.0,7.22,2
2025-03-19T21:00Z,19.1,-4.8,769.0,8.25,4
2025-03-19T22:00Z,18.4,-4.9,610.0,9.49,6
2025-03-19T23:00Z,16.7,-4.8,372.0,8.31,1
2025-03-20T00:00Z,15.0,-5.7,181.0,7.28,44
2025-03-20T01:00Z,12.4,-2.7,17.0,8.61,68
2025-03-20T02:00Z,12.3,-3.6,0.0,7.72,16
2025-03-20T03:00Z,12.0,-4.6,0.0,6.0,0
2025-03-20T04:00Z,11.4,-6.0,0.0,6.1,0
2025-03-20T05:00Z,10.8,-6.4,0.0,6.08,0
2025-03-20T06:00Z,10.4,-6.1,0.0,5.5,0
2025-03-20T07:00Z,10.0,-5.5,0.0,4.9,1
2025-03-20T08:00Z,9.6,-5.0,0.0,4.51,0
2025-03-20T09:00Z,9.2,-4.8,0.0,4.68,0
2025-03-20T10:00Z,8.9,-4.8,0.0,4.47,0
2025-03-20T11:00Z,8.5,-4.8,0.0,4.11,0
2025-03-20T12:00Z,8.2,-4.8,0.0,3.65,0
2025-03-20T13:00Z,6.1,-3.3,10.0,2.79,0
2025-03-20T14:00Z,7.7,-3.0,155.0,2.51,0
2025-03-20T15:00Z,9.6,-3.1,376.0,2.69,0
2025-03-20T16:00Z,11.5,-3.4,586.0,3.1,0
2025-03-20T17:00Z,13.2,-4.4,754.0,3.33,0
2025-03-20T18:00Z,14.7,-5.4,864.0,3.43,0
2025-03-20T19:00Z,15.8,-5.7,906.0,3.65,0
2025-03-20T20:00Z,16.5,-5.8,878.0,3.42,0
2025-03-20T21:00Z,17.1,-5.8,781.0,3.02,0
2025-03-20T22:00Z,17.2,-5.9,621.0,2.6,0
2025-03-20T23:00Z,16.9,-5.8,416.0,2.14,0
2025-03-21T00:00Z,16.2,-5.9,192.0,1.71,0
2025-03-21T01:00Z,15.1,-7.0,22.0,0.97,0
2025-03-21T02:00Z,14.3,-5.8,0.0,1.84,0
2025-03-21T03:00Z,12.6,-2.4,0.0,2.76,0
2025-03-21T04:00Z,11.4,-2.2,0.0,2.84,0
2025-03-21T05:00Z,10.6,-1.9,0.0,3.24,0
2025-03-21T06:00Z,9.8,-1.3,0.0,3.51,0
2025-03-21T07:00Z,9.4,-1.6,0.0,3.49,0
2025-03-21T08:00Z,9.0,-1.8,0.0,3.61,0
2025-03-21T09:00Z,8.5,-1.9,0.0,3.78,0
2025-03-21T10:00Z,8.2,-2.2,0.0,3.66,0
2025-03-21T11:00Z,8.0,-2.9,0.0,3.44,6
2025-03-21T12:00Z,7.8,-3.4,0.0,3.74,0
2025-03-21T13:00Z,6.9,-4.1,11.0,3.66,0
2025-03-21T14:00Z,8.8,-3.6,159.0,3.51,0
2025-03-21T15:00Z,11.4,-2.4,382.0,3.91,0
2025-03-21T16:00Z,14.3,-0.9,589.0,4.32,0
2025-03-21T17:00Z,17.0,0.5,754.0,5.16,0
2025-03-21T18:00Z,18.9,0.9,860.0,6.16,0
2025-03-21T19:00Z,20.4,1.3,900.0,6.33,0
2025-03-21T20:00Z,21.7,1.4,868.0,6.03,0
2025-03-21T21:00Z,22.6,1.8,769.0,5.6,0
2025-03-21T22:00Z,23.2,0.5,609.0,5.12,0
2025-03-21T23:00Z,23.9,-1.1,408.0,4.65,0
2025-03-22T00:00Z,21.9,2.1,190.0,4.23,0
2025-03-22T01:00Z,20.5,2.1,22.0,3.76,0
2025-03-22T02:00Z,19.9,0.9,0.0,4.55,0
2025-03-22T03:00Z,19.6,0.7,0.0,3.85,0
2025-03-22T04:00Z,17.8,1.3,0.0,1.2,0
2025-03-22T05:00Z,16.7,1.7,0.0,0.49,0
2025-03-22T06:00Z,15.9,2.2,0.0,3.15,0
2025-03-22T07:00Z,15.2,2.9,0.0,3.27,0
2025-03-22T08:00Z,15.2,4.1,0.0,3.1,0
2025-03-22T09:00Z,14.9,5.9,0.0,1.99,0
2025-03-22T10:00Z,13.8,6.9,0.0,1.33,0
2025-03-22T11:00Z,13.5,7.7,0.0,1.93,0
2025-03-22T12:00Z,12.8,8.4,0.0,2.06,0
2025-03-22T13:00Z,12.0,9.0,12.0,2.32,3
2025-03-22T14:00Z,14.1,9.5,155.0,2.18,3
2025-03-22T15:00Z,16.9,10.1,369.0,2.2,3
2025-03-22T16:00Z,19.6,11.0,570.0,2.7,2
2025-03-22T17:00Z,21.9,12.1,731.0,3.35,0
2025-03-22T18:00Z,24.0,12.7,836.0,4.11,0
2025-03-22T19:00Z,25.6,12.5,876.0,4.92,0
2025-03-22T20:00Z,26.6,10.7,847.0,5.81,0
2025-03-22T21:00Z,27.1,9.8,751.0,6.07,0
2025-03-22T22:00Z,27.3,9.8,596.0,6.59,0
2025-03-22T23:00Z,27.3,7.9,398.0,6.77,0
2025-03-23T00:00Z,26.2,9.6,184.0,5.97,0
2025-03-23T01:00Z,24.5,10.3,22.0,5.34,0
2025-03-23T02:00Z,23.4,12.1,0.0,5.47,0
2025-03-23T03:00Z,22.9,12.2,0.0,6.56,0
2025-03-23T04:00Z,22.5,12.2,0.0,7.0,0
2025-03-23T05:00Z,21.5,12.9,0.0,7.25,0
2025-03-23T06:00Z,20.4,13.6,0.0,7.06,0
2025-03-23T07:00Z,19.6,14.0,0.0,6.56,0
2025-03-23T08:00Z,19.0,14.2,0.0,6.12,3
2025-03-23T09:00Z,18.5,14.3,0.0,5.75,0
2025-03-23T10:00Z,18.2,14.5,0.0,5.52,2
2025-03-23T11:00Z,17.9,14.8,0.0,5.01,32
2025-03-23T12:00Z,17.7,15.3,0.0,4.7,8
2025-03-23T13:00Z,18.3,15.9,12.0,4.55,24
2025-03-23T14:00Z,20.0,16.1,150.0,3.61,2
2025-03-23T15:00Z,22.5,15.9,359.0,5.2,10
2025-03-23T16:00Z,24.5,15.9,546.0,4.46,3
2025-03-23T17:00Z,26.7,15.0,709.0,4.48,46
2025-03-23T18:00Z,27.9,14.1,714.0,3.02,24
2025-03-23T19:00Z,29.4,13.0,799.0,2.08,26
2025-03-23T20:00Z,29.5,11.8,780.0,3.84,27
2025-03-23T21:00Z,27.7,10.1,683.0,5.64,26
2025-03-23T22:00Z,27.0,7.8,577.0,4.83,12
2025-03-23T23:00Z,26.1,4.7,397.0,5.3,0
2025-03-24T00:00Z,24.8,1.1,185.0,4.85,0
2025-03-24T01:00Z,23.7,2.6,23.0,5.15,2
2025-03-24T02:00Z,22.0,1.7,0.0,4.35,3
2025-03-24T03:00Z,20.9,0.7,0.0,4.16,0
2025-03-24T04:00Z,20.1,-0.9,0.0,3.95,1
2025-03-24T05:00Z,19.0,-1.2,0.0,2.46,0
2025-03-24T06:00Z,17.9,-0.4,0.0,1.42,7
2025-03-24T07:00Z,17.1,-0.3,0.0,3.16,5
2025-03-24T08:00Z,16.1,-0.6,0.0,3.02,36
2025-03-24T09:00Z,15.3,-0.4,0.0,1.64,0
2025-03-24T10:00Z,14.7,-0.2,0.0,2.08,3
2025-03-24T11:00Z,13.9,-0.2,0.0,1.86,0
2025-03-24T12:00Z,13.3,0.0,0.0,1.6,0
2025-03-24T13:00Z,12.3,-0.3,15.0,1.98,0
2025-03-24T14:00Z,14.0,0.2,172.0,1.24,0
2025-03-24T15:00Z,16.6,0.9,395.0,1.82,0
2025-03-24T16:00Z,19.1,1.5,602.0,2.35,0
2025-03-24T17:00Z,21.2,1.5,766.0,2.46,0
2025-03-24T18:00Z,22.9,1.0,870.0,2.27,0
2025-03-24T19:00Z,24.4,0.5,909.0,2.22,0
2025-03-24T20:00Z,25.4,0.2,876.0,2.35,0
2025-03-24T21:00Z,25.9,0.3,775.0,2.35,27
2025-03-24T22:00Z,26.0,0.8,616.0,1.92,1
2025-03-24T23:00Z,25.6,1.6,414.0,2.07,0
2025-03-25T00:00Z,24.7,2.7,194.0,2.21,0
2025-03-25T01:00Z,23.5,1.5,25.0,2.29,15
2025-03-25T02:00Z,22.4,2.8,0.0,1.99,57
2025-03-25T03:00Z,21.7,3.2,0.0,2.28,28
2025-03-25T04:00Z,20.6,3.6,0.0,2.43,49
2025-03-25T05:00Z,19.7,3.9,0.0,2.4,33
2025-03-25T06:00Z,19.1,3.9,0.0,1.73,28
2025-03-25T07:00Z,18.1,4.2,0.0,1.39,74
2025-03-25T08:00Z,17.3,4.6,0.0,1.69,1
2025-03-25T09:00Z,16.6,5.0,0.0,2.07,0
2025-03-25T10:00Z,16.2,5.5,0.0,2.18,0
2025-03-25T11:00Z,16.1,5.9,0.0,2.06,0
2025-03-25T12:00Z,15.9,6.4,0.0,1.65,0
2025-03-25T13:00Z,14.7,8.0,16.0,0.81,70
2025-03-25T14:00Z,17.4,9.0,166.0,0.88,56
2025-03-25T15:00Z,20.7,10.6,380.0,0.71,78
2025-03-25T16:00Z,24.0,11.7,580.0,1.26,86
2025-03-25T17:00Z,27.0,12.8,736.0,1.87,28
2025-03-25T18:00Z,29.2,13.5,838.0,2.77,0
2025-03-25T19:00Z,30.5,12.6,877.0,3.21,21
2025-03-25T20:00Z,30.6,12.9,735.0,3.41,17
2025-03-25T21:00Z,30.9,12.6,680.0,3.29,10
2025-03-25T22:00Z,31.2,12.2,566.0,3.42,12
2025-03-25T23:00Z,29.4,12.1,361.0,1.13,54
2025-03-26T00:00Z,27.8,12.3,105.0,2.23,48
2025-03-26T01:00Z,24.5,13.8,22.0,1.93,55
2025-03-26T02:00Z,24.8,13.3,0.0,1.35,11
2025-03-26T03:00Z,23.9,13.7,0.0,3.04,7
2025-03-26T04:00Z,23.5,13.5,0.0,3.51,0
2025-03-26T05:00Z,22.8,12.2,0.0,3.63,0
2025-03-26T06:00Z,22.0,11.5,0.0,3.23,0
2025-03-26T07:00Z,21.5,10.9,0.0,3.04,0
2025-03-26T08:00Z,21.2,10.5,0.0,2.53,0
2025-03-26T09:00Z,20.2,10.4,0.0,0.65,1
2025-03-26T10:00Z,19.2,11.5,0.0,3.09,1
2025-03-26T11:00Z,18.0,12.0,0.0,3.65,0
2025-03-26T12:00Z,17.0,12.0,0.0,3.91,0
2025-03-26T13:00Z,18.4,13.9,15.0,3.3,95
2025-03-26T14:00Z,18.4,14.6,119.0,3.87,96
2025-03-26T15:00Z,19.5,14.0,219.0,2.7,67
2025-03-26T16:00Z,21.8,12.8,519.0,3.8,98
2025-03-26T17:00Z,23.1,12.4,646.0,3.95,90
2025-03-26T18:00Z,24.3,12.5,823.0,4.47,99
2025-03-26T19:00Z,25.3,12.0,821.0,4.83,99
2025-03-26T20:00Z,25.6,11.8,693.0,5.12,97
2025-03-26T21:00Z,26.3,12.2,690.0,5.42,100
2025-03-26T22:00Z,26.3,12.4,521.0,4.96,100
2025-03-26T23:00Z,25.7,12.4,319.0,4.42,86
2025-03-27T00:00Z,24.9,12.7,168.0,3.89,72
2025-03-27T01:00Z,23.8,12.6,21.0,2.92,100
2025-03-27T02:00Z,21.8,14.5,0.0,3.25,100
2025-03-27T03:00Z,20.6,14.5,0.0,3.06,100
2025-03-27T04:00Z,20.0,14.1,0.0,3.01,100
2025-03-27T05:00Z,19.5,13.7,0.0,3.11,100
2025-03-27T06:00Z,19.0,13.3,0.0,3.1,100
2025-03-27T07:00Z,18.7,13.2,0.0,2.93,100
2025-03-27T08:00Z,18.3,13.1,0.0,2.23,100
2025-03-27T09:00Z,17.8,13.1,0.0,2.09,100
2025-03-27T10:00Z,17.7,13.3,0.0,1.84,100
2025-03-27T11:00Z,17.5,13.8,0.0,1.84,100
2025-03-27T12:00Z,17.2,14.3,0.0,2.08,100
2025-03-27T13:00Z,16.3,13.7,17.0,1.7,100
2025-03-27T14:00Z,18.2,14.2,145.0,1.32,100
2025-03-27T15:00Z,20.7,14.7,335.0,1.68,99
2025-03-27T16:00Z,22.7,14.3,517.0,2.07,100
2025-03-27T17:00Z,24.6,14.8,656.0,3.06,100
2025-03-27T18:00Z,25.2,15.4,680.0,3.6,100
2025-03-27T19:00Z,26.1,14.4,660.0,3.57,100
2025-03-27T20:00Z,26.7,13.8,647.0,4.29,100
2025-03-27T21:00Z,24.1,14.4,578.0,5.09,99
2025-03-27T22:00Z,24.6,13.3,467.0,5.6,99
2025-03-27T23:00Z,23.2,13.3,320.0,6.07,100
2025-03-28T00:00Z,21.7,12.3,145.0,5.84,100
2025-03-28T01:00Z,17.8,13.5,5.0,4.57,100
2025-03-28T02:00Z,17.2,13.9,0.0,3.33,100
2025-03-28T03:00Z,17.0,13.8,0.0,3.27,100
2025-03-28T04:00Z,17.3,14.0,0.0,3.19,100
2025-03-28T05:00Z,17.3,14.4,0.0,2.94,100
2025-03-28T06:00Z,17.5,15.0,0.0,3.81,100
2025-03-28T07:00Z,17.4,15.7,0.0,4.05,100
2025-03-28T08:00Z,17.7,16.4,0.0,4.61,100
2025-03-28T09:00Z,17.7,17.0,0.0,4.68,100
2025-03-28T10:00Z,17.5,17.1,0.0,4.74,100
2025-03-28T11:00Z,17.5,17.1,0.0,4.37,100
2025-03-28T12:00Z,17.7,17.0,0.0,3.87,100
2025-03-28T13:00Z,17.8,17.0,2.0,4.66,100
2025-03-28T14:00Z,17.9,16.5,15.0,2.9,100
2025-03-28T15:00Z,18.9,16.8,128.0,2.57,100
2025-03-28T16:00Z,18.9,16.4,122.0,3.52,100
2025-03-28T17:00Z,20.1,15.9,350.0,4.39,100
2025-03-28T18:00Z,20.4,15.7,495.0,4.65,100
2025-03-28T19:00Z,20.9,15.6,591.0,4.35,100
2025-03-28T20:00Z,21.0,15.0,489.0,4.26,100
2025-03-28T21:00Z,21.1,15.6,443.0,4.0,100
2025-03-28T22:00Z,21.1,15.6,304.0,3.69,99
2025-03-28T23:00Z,20.8,15.5,185.0,3.38,100
2025-03-29T00:00Z,20.2,16.0,121.0,2.93,99
2025-03-29T01:00Z,18.6,16.5,17.0,2.49,97
2025-03-29T02:00Z,18.0,16.5,0.0,2.55,75
2025-03-29T03:00Z,17.5,16.5,0.0,2.57,10
2025-03-29T04:00Z,17.0,16.3,0.0,2.37,11
2025-03-29T05:00Z,16.8,16.2,0.0,2.75,6
2025-03-29T06:00Z,16.6,16.1,0.0,2.77,1
2025-03-29T07:00Z,16.6,15.9,0.0,2.81,5
2025-03-29T08:00Z,16.6,15.9,0.0,3.13,4
2025-03-29T09:00Z,16.7,15.9,0.0,3.55,5
2025-03-29T10:00Z,16.6,15.9,0.0,3.72,9
2025-03-29T11:00Z,16.7,16.1,0.0,3.67,100
2025-03-29T12:00Z,17.4,16.7,0.0,3.41,100
2025-03-29T13:00Z,18.5,17.6,8.0,3.1,100
2025-03-29T14:00Z,18.9,17.7,69.0,4.02,100
2025-03-29T15:00Z,19.4,17.8,152.0,4.9,100
2025-03-29T16:00Z,21.5,17.6,353.0,4.29,100
2025-03-29T17:00Z,23.0,17.5,488.0,4.89,100
2025-03-29T18:00Z,24.5,17.6,699.0,4.86,2
2025-03-29T19:00Z,25.7,18.1,876.0,5.0,1
2025-03-29T20:00Z,26.6,18.4,857.0,5.1,0
2025-03-29T21:00Z,26.9,18.7,755.0,5.36,30
2025-03-29T22:00Z,26.9,18.8,602.0,5.5,97
2025-03-29T23:00Z,26.6,19.1,400.0,5.13,100
2025-03-30T00:00Z,25.5,19.4,166.0,3.31,100
2025-03-30T01:00Z,24.1,18.9,23.0,3.31,97
2025-03-30T02:00Z,23.4,19.0,0.0,3.69,98
2025-03-30T03:00Z,22.8,18.8,0.0,4.1,100
2025-03-30T04:00Z,22.8,18.7,0.0,4.38,100
2025-03-30T05:00Z,22.8,18.6,0.0,4.98,98
2025-03-30T06:00Z,21.9,17.9,0.0,5.15,95
2025-03-30T07:00Z,19.9,17.5,0.0,6.66,53
2025-03-30T08:00Z,19.4,17.0,0.0,3.51,47
2025-03-30T09:00Z,18.8,16.5,0.0,3.29,15
2025-03-30T10:00Z,18.6,16.8,0.0,3.7,32
2025-03-30T11:00Z,19.3,18.4,0.0,4.36,93
2025-03-30T12:00Z,19.7,18.9,0.0,3.62,45
2025-03-30T13:00Z,20.2,18.5,10.0,4.88,49
2025-03-30T14:00Z,21.3,19.8,133.0,5.49,100
2025-03-30T15:00Z,23.2,20.4,236.0,5.37,82
2025-03-30T16:00Z,24.2,20.5,419.0,4.66,33
2025-03-30T17:00Z,25.8,20.7,697.0,4.59,24
2025-03-30T18:00Z,26.9,20.5,833.0,5.3,46
2025-03-30T19:00Z,27.8,19.7,807.0,4.6,14
2025-03-30T20:00Z,28.5,19.0,772.0,4.25,18
2025-03-30T21:00Z,29.0,17.4,657.0,3.05,25
2025-03-30T22:00Z,29.5,16.4,536.0,1.97,23
2025-03-30T23:00Z,25.2,15.3,362.0,4.31,27
2025-03-31T00:00Z,23.4,14.6,184.0,3.68,12
2025-03-31T01:00Z,19.4,13.2,29.0,3.4,28
2025-03-31T02:00Z,18.4,12.5,0.0,3.02,81
2025-03-31T03:00Z,17.4,12.2,0.0,3.84,31
2025-03-31T04:00Z,16.1,11.2,0.0,4.06,0
2025-03-31T05:00Z,14.9,10.9,0.0,3.15,0
2025-03-31T06:00Z,13.7,9.8,0.0,3.12,0
2025-03-31T07:00Z,12.8,8.8,0.0,2.98,0
2025-03-31T08:00Z,12.2,8.5,0.0,2.66,0
2025-03-31T09:00Z,11.8,8.3,0.0,2.6,0
2025-03-31T10:00Z,11.3,8.3,0.0,2.29,0
2025-03-31T11:00Z,11.0,8.1,0.0,2.55,0
2025-03-31T12:00Z,10.7,7.7,0.0,2.78,0
2025-03-31T13:00Z,10.7,7.2,26.0,3.52,0
2025-03-31T14:00Z,11.9,7.6,193.0,3.42,2
2025-03-31T15:00Z,13.5,8.1,408.0,3.6,3
2025-03-31T16:00Z,15.2,8.5,606.0,3.35,0
2025-03-31T17:00Z,16.8,9.1,774.0,3.08,0
2025-03-31T18:00Z,18.2,9.3,876.0,3.0,0
2025-03-31T19:00Z,19.3,9.7,915.0,2.94,0
2025-03-31T20:00Z,20.0,10.2,882.0,2.67,0
2025-03-31T21:00Z,20.3,10.2,781.0,2.77,0
2025-03-31T22:00Z,20.2,10.3,624.0,2.58,0
2025-03-31T23:00Z,19.8,10.5,425.0,2.41,0
2025-04-01T00:00Z,18.8,11.2,207.0,1.94,6
2025-04-01T01:00Z,17.5,11.2,31.0,1.54,2
2025-04-01T02:00Z,16.7,11.2,0.0,1.61,0
2025-04-01T03:00Z,16.0,11.2,0.0,1.67,0
2025-04-01T04:00Z,15.2,11.2,0.0,1.61,2
2025-04-01T05:00Z,14.6,11.1,0.0,1.91,0
2025-04-01T06:00Z,13.9,10.9,0.0,1.62,13
2025-04-01T07:00Z,13.5,10.7,0.0,1.86,11
2025-04-01T08:00Z,13.2,10.5,0.0,2.35,2
2025-04-01T09:00Z,12.9,10.1,0.0,2.51,12
2025-04-01T10:00Z,12.7,9.6,0.0,2.71,12
2025-04-01T11:00Z,12.5,9.4,0.0,3.0,40
2025-04-01T12:00Z,12.5,9.5,0.0,3.26,20
2025-04-01T13:00Z,13.5,10.5,27.0,3.68,41
2025-04-01T14:00Z,15.5,12.3,190.0,3.36,100
2025-04-01T15:00Z,18.2,14.1,387.0,3.72,99
2025-04-01T16:00Z,20.5,16.0,520.0,4.25,100
2025-04-01T17:00Z,21.8,17.2,465.0,4.62,67
2025-04-01T18:00Z,25.0,17.5,729.0,7.41,100
2025-04-01T19:00Z,26.1,17.4,696.0,7.94,99
2025-04-01T20:00Z,27.7,17.5,803.0,7.89,56
2025-04-01T21:00Z,27.5,17.5,666.0,7.72,83
2025-04-01T22:00Z,27.7,17.9,590.0,7.77,100
2025-04-01T23:00Z,26.8,18.8,292.0,7.8,100
2025-04-02T00:00Z,25.6,19.9,134.0,6.09,98
2025-04-02T01:00Z,24.2,20.8,11.0,5.94,100
2025-04-02T02:00Z,23.9,21.1,0.0,5.31,100
2025-04-02T03:00Z,24.3,20.7,0.0,6.57,24
2025-04-02T04:00Z,23.8,19.2,0.0,7.35,65
2025-04-02T05:00Z,23.1,18.3,0.0,7.66,6
2025-04-02T06:00Z,22.4,18.1,0.0,7.83,0
2025-04-02T07:00Z,21.9,18.3,0.0,7.69,31
2025-04-02T08:00Z,21.8,18.5,0.0,7.7,22
2025-04-02T09:00Z,21.6,18.7,0.0,7.4,52
2025-04-02T10:00Z,21.5,18.7,0.0,7.2,71
2025-04-02T11:00Z,21.5,18.7,0.0,5.97,61
2025-04-02T12:00Z,21.3,18.6,0.0,4.51,99
2025-04-02T13:00Z,23.4,19.9,7.0,5.76,100
2025-04-02T14:00Z,22.7,20.0,49.0,6.2,100
2025-04-02T15:00Z,19.7,18.1,70.0,4.99,100
2025-04-02T16:00Z,20.4,19.1,113.0,2.61,99
2025-04-02T17:00Z,22.9,19.5,449.0,3.09,100
2025-04-02T18:00Z,23.5,15.4,489.0,2.73,99
2025-04-02T19:00Z,25.2,10.8,649.0,2.83,24
2025-04-02T20:00Z,26.3,8.1,785.0,2.1,8
2025-04-02T21:00Z,26.8,8.2,778.0,1.88,88
2025-04-02T22:00Z,26.9,9.1,616.0,1.36,78
2025-04-02T23:00Z,26.5,10.5,387.0,0.92,71
2025-04-03T00:00Z,24.5,14.1,185.0,1.52,1
2025-04-03T01:00Z,20.2,16.0,29.0,1.4,14
2025-04-03T02:00Z,19.6,15.5,0.0,2.0,9
2025-04-03T03:00Z,19.3,14.7,0.0,1.8,48
2025-04-03T04:00Z,19.0,14.9,0.0,3.14,93
2025-04-03T05:00Z,18.9,14.9,0.0,3.53,86
2025-04-03T06:00Z,18.9,15.3,0.0,1.9,100
2025-04-03T07:00Z,19.5,15.5,0.0,2.9,100
2025-04-03T08:00Z,19.0,16.4,0.0,3.59,100
2025-04-03T09:00Z,18.1,17.4,0.0,3.82,100
2025-04-03T10:00Z,18.0,17.7,0.0,4.43,100
2025-04-03T11:00Z,16.7,15.7,0.0,6.04,100
2025-04-03T12:00Z,15.9,14.6,0.0,5.02,100
2025-04-03T13:00Z,16.6,15.2,8.0,5.47,100
2025-04-03T14:00Z,15.4,13.7,53.0,4.95,100
2025-04-03T15:00Z,15.2,13.2,111.0,4.05,100
2025-04-03T16:00Z,15.6,13.4,164.0,4.37,100
2025-04-03T17:00Z,17.0,12.6,450.0,4.81,100
2025-04-03T18:00Z,17.4,13.0,396.0,4.47,100
2025-04-03T19:00Z,19.3,14.6,541.0,3.73,100
2025-04-03T20:00Z,20.5,16.1,544.0,3.69,100
2025-04-03T21:00Z,20.6,16.3,325.0,3.56,100
2025-04-03T22:00Z,21.0,16.8,328.0,3.49,100
2025-04-03T23:00Z,20.4,16.6,155.0,3.05,100
2025-04-04T00:00Z,19.8,16.2,74.0,3.29,100
2025-04-04T01:00Z,15.7,12.8,16.0,3.4,100
2025-04-04T02:00Z,15.0,12.6,0.0,3.07,93
2025-04-04T03:00Z,14.8,12.6,0.0,2.86,100
2025-04-04T04:00Z,14.7,12.4,0.0,2.69,100
2025-04-04T05:00Z,14.8,12.6,0.0,2.14,100
2025-04-04T06:00Z,14.7,12.9,0.0,1.84,100
2025-04-04T07:00Z,15.1,13.4,0.0,2.9,100
2025-04-04T08:00Z,15.6,14.4,0.0,3.27,100
2025-04-04T09:00Z,16.5,15.6,0.0,3.45,100
2025-04-04T10:00Z,17.2,16.5,0.0,2.38,100
2025-04-04T11:00Z,17.7,17.2,0.0,1.25,100
2025-04-04T12:00Z,17.5,17.2,0.0,1.75,100
2025-04-04T13:00Z,14.1,13.6,12.0,2.21,100
2025-04-04T14:00Z,14.4,13.7,33.0,2.33,100
2025-04-04T15:00Z,14.7,13.8,65.0,3.1,100
2025-04-04T16:00Z,15.6,14.3,164.0,3.38,100
2025-04-04T17:00Z,16.7,15.1,265.0,3.06,100
2025-04-04T18:00Z,16.5,15.6,245.0,2.39,100
2025-04-04T19:00Z,17.0,15.1,139.0,3.9,100
2025-04-04T20:00Z,18.1,15.0,391.0,4.4,100
2025-04-04T21:00Z,17.4,14.8,227.0,2.67,100
2025-04-04T22:00Z,17.6,14.8,209.0,2.56,100
2025-04-04T23:00Z,17.2,15.1,85.0,3.02,93
2025-04-05T00:00Z,17.2,15.5,57.0,2.39,95
2025-04-05T01:00Z,14.7,13.2,4.0,2.61,100
2025-04-05T02:00Z,14.6,13.3,0.0,3.03,100
2025-04-05T03:00Z,14.7,13.4,0.0,1.98,100
2025-04-05T04:00Z,14.4,13.7,0.0,2.46,100
2025-04-05T05:00Z,14.3,13.3,0.0,3.64,100
2025-04-05T06:00Z,14.0,13.0,0.0,3.72,100
2025-04-05T07:00Z,13.8,12.5,0.0,3.95,100
2025-04-05T08:00Z,13.7,12.4,0.0,4.64,100
2025-04-05T09:00Z,13.4,12.3,0.0,5.11,100
2025-04-05T10:00Z,13.0,12.3,0.0,3.97,100
2025-04-05T11:00Z,12.5,11.9,0.0,4.43,100
2025-04-05T12:00Z,12.3,11.6,0.0,4.66,100
2025-04-05T13:00Z,11.0,10.1,6.0,4.22,100
2025-04-05T14:00Z,11.3,9.7,60.0,3.91,100
2025-04-05T15:00Z,11.5,9.5,132.0,4.67,100
2025-04-05T16:00Z,12.5,9.2,216.0,5.31,100
2025-04-05T17:00Z,13.3,9.3,320.0,5.3,100
2025-04-05T18:00Z,14.2,9.6,383.0,5.68,100
2025-04-05T19:00Z,14.4,9.7,377.0,5.88,100
2025-04-05T20:00Z,14.6,9.6,415.0,5.56,100
2025-04-05T21:00Z,14.6,9.2,377.0,5.37,100
2025-04-05T22:00Z,14.5,8.8,301.0,5.4,100
2025-04-05T23:00Z,13.6,8.2,144.0,5.0,100
2025-04-06T00:00Z,13.0,8.0,64.0,4.7,100
2025-04-06T01:00Z,10.4,6.5,11.0,4.63,100
2025-04-06T02:00Z,10.2,6.1,0.0,4.84,100
2025-04-06T03:00Z,9.9,6.0,0.0,4.8,100
2025-04-06T04:00Z,9.8,6.0,0.0,4.54,100
2025-04-06T05:00Z,9.9,6.1,0.0,4.52,100
2025-04-06T06:00Z,9.7,6.4,0.0,4.7,100
2025-04-06T07:00Z,9.0,6.2,0.0,4.78,100
2025-04-06T08:00Z,8.2,5.2,0.0,4.23,100
2025-04-06T09:00Z,7.8,4.6,0.0,4.36,100
2025-04-06T10:00Z,7.6,4.2,0.0,4.17,100
2025-04-06T11:00Z,7.2,3.8,0.0,4.2,100
2025-04-06T12:00Z,6.9,3.3,0.0,4.35,100
2025-04-06T13:00Z,6.1,3.4,9.0,5.01,100
2025-04-06T14:00Z,6.4,3.1,66.0,4.48,100
2025-04-06T15:00Z,7.0,2.9,131.0,5.11,100
2025-04-06T16:00Z,7.5,3.1,190.0,4.81,100
2025-04-06T17:00Z,7.9,3.4,293.0,5.15,100
2025-04-06T18:00Z,8.3,3.4,312.0,5.0,100
2025-04-06T19:00Z,8.4,3.3,322.0,5.3,100
2025-04-06T20:00Z,8.8,3.3,390.0,5.46,100
2025-04-06T21:00Z,8.9,3.1,305.0,5.33,100
2025-04-06T22:00Z,9.0,2.9,242.0,5.17,100
2025-04-06T23:00Z,9.4,2.3,185.0,5.11,100
2025-04-07T00:00Z,9.6,2.6,75.0,3.67,100
2025-04-07T01:00Z,8.2,3.2,11.0,2.5,100
2025-04-07T02:00Z,8.2,3.6,0.0,1.55,100
2025-04-07T03:00Z,8.0,4.1,0.0,0.97,100
2025-04-07T04:00Z,8.1,4.5,0.0,0.81,95
2025-04-07T05:00Z,8.3,4.4,0.0,1.21,1
2025-04-07T06:00Z,7.4,3.9,0.0,1.61,6
2025-04-07T07:00Z,7.0,3.6,0.0,2.08,12
2025-04-07T08:00Z,6.7,3.2,0.0,2.29,20
2025-04-07T09:00Z,6.3,2.6,0.0,2.26,7
2025-04-07T10:00Z,5.9,2.3,0.0,2.03,0
2025-04-07T11:00Z,5.6,2.1,0.0,1.98,0
2025-04-07T12:00Z,5.3,2.0,0.0,1.87,0
2025-04-07T13:00Z,4.7,1.9,43.0,2.21,0
2025-04-07T14:00Z,6.8,2.8,233.0,1.88,0
2025-04-07T15:00Z,9.3,4.0,458.0,1.63,0
2025-04-07T16:00Z,11.7,4.4,664.0,1.93,0
2025-04-07T17:00Z,13.5,2.5,825.0,2.66,0
2025-04-07T18:00Z,14.6,2.3,926.0,2.86,0
2025-04-07T19:00Z,15.4,2.8,959.0,2.74,0
2025-04-07T20:00Z,16.0,3.0,922.0,2.6,0
2025-04-07T21:00Z,16.5,2.5,818.0,2.82,0
2025-04-07T22:00Z,16.5,2.7,655.0,2.71,0
2025-04-07T23:00Z,16.4,3.2,450.0,2.28,0
2025-04-08T00:00Z,15.6,5.8,226.0,1.2,0
2025-04-08T01:00Z,14.0,5.3,41.0,1.18,0
2025-04-08T02:00Z,13.1,4.9,0.0,0.85,0
2025-04-08T03:00Z,12.5,4.0,0.0,0.49,0
2025-04-08T04:00Z,12.1,3.3,0.0,0.32,0
2025-04-08T05:00Z,11.3,3.1,0.0,0.16,0
2025-04-08T06:00Z,10.6,2.9,0.0,0.0,0
2025-04-08T07:00Z,9.7,3.0,0.0,0.34,0
2025-04-08T08:00Z,8.8,3.9,0.0,1.31,0
2025-04-08T09:00Z,8.4,4.5,0.0,1.56,0
2025-04-08T10:00Z,7.9,4.3,0.0,1.46,0
2025-04-08T11:00Z,7.6,4.1,0.0,1.27,0
2025-04-08T12:00Z,7.4,3.8,0.0,1.21,0
2025-04-08T13:00Z,8.2,4.0,46.0,1.31,0
2025-04-08T14:00Z,10.7,5.7,236.0,1.42,0
2025-04-08T15:00Z,13.5,7.0,458.0,1.18,0
2025-04-08T16:00Z,16.4,8.1,661.0,1.32,0
2025-04-08T17:00Z,18.6,5.7,819.0,2.0,0
2025-04-08T18:00Z,19.8,4.8,918.0,2.19,0
2025-04-08T19:00Z,20.6,5.4,950.0,2.18,0
2025-04-08T20:00Z,21.1,6.0,912.0,2.06,0
2025-04-08T21:00Z,21.3,6.3,809.0,2.31,0
2025-04-08T22:00Z,21.1,6.7,649.0,2.7,0
2025-04-08T23:00Z,20.6,7.6,447.0,2.81,0
2025-04-09T00:00Z,19.2,9.5,226.0,2.73,0
2025-04-09T01:00Z,17.7,8.9,42.0,3.18,0
2025-04-09T02:00Z,16.4,8.1,0.0,3.51,0
2025-04-09T03:00Z,15.5,7.3,0.0,3.54,0
2025-04-09T04:00Z,14.8,6.7,0.0,3.71,0
2025-04-09T05:00Z,14.3,5.8,0.0,4.3,0
2025-04-09T06:00Z,13.9,5.4,0.0,4.21,1
2025-04-09T07:00Z,13.6,4.5,0.0,4.15,0
2025-04-09T08:00Z,13.2,4.6,0.0,3.86,0
2025-04-09T09:00Z,12.9,4.9,0.0,3.9,0
2025-04-09T10:00Z,12.6,4.4,0.0,3.9,0
2025-04-09T11:00Z,12.3,3.8,0.0,4.09,0
2025-04-09T12:00Z,11.9,4.0,0.0,3.84,0
2025-04-09T13:00Z,12.5,5.5,47.0,3.77,0
2025-04-09T14:00Z,14.4,7.6,235.0,2.96,0
2025-04-09T15:00Z,16.4,8.8,454.0,3.72,0
2025-04-09T16:00Z,18.6,10.2,653.0,4.31,0
2025-04-09T17:00Z,20.6,11.5,809.0,4.6,0
2025-04-09T18:00Z,22.5,12.5,907.0,4.6,0
2025-04-09T19:00Z,23.9,13.2,939.0,4.98,0
2025-04-09T20:00Z,25.0,13.7,901.0,5.55,0
2025-04-09T21:00Z,25.8,13.6,797.0,5.8,0
2025-04-09T22:00Z,26.1,13.0,638.0,5.66,0
2025-04-09T23:00Z,25.5,13.8,439.0,4.92,0
2025-04-10T00:00Z,24.0,13.6,223.0,5.03,0
2025-04-10T01:00Z,22.7,12.5,42.0,4.41,0
2025-04-10T02:00Z,21.7,11.5,0.0,4.62,0
2025-04-10T03:00Z,20.9,10.5,0.0,4.58,0
2025-04-10T04:00Z,20.2,9.3,0.0,3.95,0
2025-04-10T05:00Z,19.5,8.8,0.0,3.45,0
2025-04-10T06:00Z,18.7,8.8,0.0,2.86,0
2025-04-10T07:00Z,17.6,9.1,0.0,2.79,0
2025-04-10T08:00Z,16.6,9.0,0.0,2.97,0
2025-04-10T09:00Z,15.9,8.8,0.0,2.9,0
2025-04-10T10:00Z,15.3,9.2,0.0,3.36,0
2025-04-10T11:00Z,14.9,9.8,0.0,2.84,0
2025-04-10T12:00Z,14.3,10.3,0.0,2.55,0
2025-04-10T13:00Z,14.0,11.0,48.0,2.26,0
2025-04-10T14:00Z,16.1,11.8,233.0,2.13,0
2025-04-10T15:00Z,18.8,12.3,450.0,1.91,3
2025-04-10T16:00Z,21.1,12.7,646.0,0.9,19
2025-04-10T17:00Z,23.2,12.9,800.0,1.03,5
2025-04-10T18:00Z,24.8,13.2,853.0,1.3,2
2025-04-10T19:00Z,26.0,13.2,932.0,2.02,0
2025-04-10T20:00Z,26.7,12.9,892.0,2.39,0
2025-04-10T21:00Z,26.8,13.1,792.0,2.66,0
2025-04-10T22:00Z,26.6,13.9,636.0,2.78,0
2025-04-10T23:00Z,26.2,14.2,436.0,2.84,0
2025-04-11T00:00Z,25.4,14.3,221.0,2.34,0
2025-04-11T01:00Z,24.5,15.6,43.0,1.93,0
2025-04-11T02:00Z,23.1,15.9,0.0,1.43,0
2025-04-11T03:00Z,21.6,16.5,0.0,1.3,0
2025-04-11T04:00Z,20.7,16.5,0.0,0.11,0
2025-04-11T05:00Z,19.8,15.5,0.0,3.05,0
2025-04-11T06:00Z,19.6,13.4,0.0,2.75,0
2025-04-11T07:00Z,18.7,11.2,0.0,2.92,0
2025-04-11T08:00Z,17.7,9.5,0.0,2.88,0
2025-04-11T09:00Z,16.7,8.7,0.0,2.4,0
2025-04-11T10:00Z,15.6,8.3,0.0,2.32,0
2025-04-11T11:00Z,14.8,8.1,0.0,1.82,0
2025-04-11T12:00Z,14.1,7.6,0.0,1.79,0
2025-04-11T13:00Z,15.2,6.1,53.0,2.43,0
2025-04-11T14:00Z,17.3,6.2,245.0,1.62,0
2025-04-11T15:00Z,20.4,5.6,467.0,0.93,0
2025-04-11T16:00Z,23.4,3.4,669.0,1.29,0
2025-04-11T17:00Z,25.0,-0.8,825.0,1.95,0
2025-04-11T18:00Z,25.9,-1.3,922.0,1.82,0
2025-04-11T19:00Z,26.4,-0.4,954.0,1.83,0
2025-04-11T20:00Z,26.7,1.3,917.0,1.89,0
2025-04-11T21:00Z,26.7,2.2,812.0,2.28,0
2025-04-11T22:00Z,26.3,2.2,651.0,2.41,0
2025-04-11T23:00Z,25.7,1.8,450.0,2.22,0
2025-04-12T00:00Z,24.4,2.3,231.0,2.33,0
2025-04-12T01:00Z,23.9,3.4,46.0,1.82,0
2025-04-12T02:00Z,22.0,5.2,0.0,2.56,0
2025-04-12T03:00Z,20.6,6.3,0.0,2.26,0
2025-04-12T04:00Z,19.3,8.0,0.0,2.63,0
2025-04-12T05:00Z,18.2,8.7,0.0,2.38,0
2025-04-12T06:00Z,17.3,8.0,0.0,2.62,0
2025-04-12T07:00Z,16.4,7.0,0.0,2.98,0
2025-04-12T08:00Z,15.4,7.2,0.0,3.28,0
2025-04-12T09:00Z,14.9,6.7,0.0,2.87,1
2025-04-12T10:00Z,14.3,5.8,0.0,2.9,15
2025-04-12T11:00Z,13.9,5.0,0.0,2.94,0
2025-04-12T12:00Z,13.4,4.7,0.0,2.91,0
2025-04-12T13:00Z,13.6,5.1,53.0,2.83,0
2025-04-12T14:00Z,15.7,5.5,240.0,1.8,0
2025-04-12T15:00Z,18.5,6.0,455.0,2.14,0
2025-04-12T16:00Z,21.2,6.6,651.0,2.78,0
2025-04-12T17:00Z,23.6,6.9,803.0,3.76,0
2025-04-12T18:00Z,25.5,6.8,899.0,4.54,0
2025-04-12T19:00Z,26.7,8.2,930.0,4.94,0
2025-04-12T20:00Z,27.4,9.1,895.0,5.27,0
2025-04-12T21:00Z,27.8,9.2,796.0,5.52,0
2025-04-12T22:00Z,28.1,9.1,640.0,5.69,0
2025-04-12T23:00Z,27.8,8.8,443.0,5.61,0
2025-04-13T00:00Z,26.2,10.5,227.0,5.04,0
2025-04-13T01:00Z,24.2,10.4,46.0,4.94,0
2025-04-13T02:00Z,23.3,9.6,0.0,5.25,0
2025-04-13T03:00Z,22.6,8.8,0.0,5.17,0
2025-04-13T04:00Z,22.2,9.1,0.0,5.14,0
2025-04-13T05:00Z,22.2,10.9,0.0,5.19,0
2025-04-13T06:00Z,22.0,12.5,0.0,5.39,0
2025-04-13T07:00Z,21.7,13.3,0.0,5.84,0
2025-04-13T08:00Z,21.3,12.8,0.0,5.6,0
2025-04-13T09:00Z,20.7,11.8,0.0,5.21,0
2025-04-13T10:00Z,20.2,10.8,0.0,5.27,0
2025-04-13T11:00Z,19.8,10.5,0.0,4.78,0
2025-04-13T12:00Z,19.5,10.7,0.0,4.49,0
2025-04-13T13:00Z,19.2,12.3,57.0,5.5,0
2025-04-13T14:00Z,20.9,12.8,250.0,3.97,0
2025-04-13T15:00Z,22.7,13.3,468.0,4.5,0
2025-04-13T16:00Z,25.1,13.5,666.0,5.05,0
2025-04-13T17:00Z,27.6,12.4,819.0,5.84,0
2025-04-13T18:00Z,29.7,11.7,916.0,6.53,0
2025-04-13T19:00Z,31.5,10.7,948.0,6.8,0
2025-04-13T20:00Z,32.5,10.5,909.0,7.14,0
2025-04-13T21:00Z,33.3,9.4,806.0,7.29,0
2025-04-13T22:00Z,33.3,9.3,649.0,7.13,0
2025-04-13T23:00Z,32.6,9.6,451.0,6.38,0
2025-04-14T00:00Z,30.9,10.2,234.0,6.25,0
2025-04-14T01:00Z,28.8,10.9,48.0,6.5,0
2025-04-14T02:00Z,28.0,11.8,0.0,6.35,0
2025-04-14T03:00Z,27.1,12.4,0.0,6.21,0
2025-04-14T04:00Z,26.2,11.5,0.0,6.36,0
2025-04-14T05:00Z,25.1,10.8,0.0,6.22,0
2025-04-14T06:00Z,24.0,10.9,0.0,6.21,0
2025-04-14T07:00Z,22.9,11.0,0.0,5.88,0
2025-04-14T08:00Z,21.8,10.4,0.0,5.3,0
2025-04-14T09:00Z,20.9,10.7,0.0,5.19,0
2025-04-14T10:00Z,20.2,11.6,0.0,5.24,0
2025-04-14T11:00Z,19.5,12.3,0.0,5.29,0
2025-04-14T12:00Z,18.9,13.0,0.0,4.85,0
2025-04-14T13:00Z,18.6,15.1,59.0,3.62,31
2025-04-14T14:00Z,20.3,14.9,248.0,2.9,93
2025-04-14T15:00Z,22.5,14.8,448.0,3.98,34
2025-04-14T16:00Z,25.0,14.8,656.0,4.33,98
2025-04-14T17:00Z,27.3,14.8,792.0,3.56,92
2025-04-14T18:00Z,29.1,14.7,891.0,3.19,71
2025-04-14T19:00Z,31.0,14.0,921.0,2.58,10
2025-04-14T20:00Z,32.7,12.1,890.0,1.72,20
2025-04-14T21:00Z,33.2,9.5,793.0,2.16,21
2025-04-14T22:00Z,32.7,8.5,638.0,3.47,43
2025-04-14T23:00Z,28.2,14.7,441.0,5.64,100
2025-04-15T00:00Z,27.7,13.2,188.0,5.04,100
2025-04-15T01:00Z,25.8,13.8,30.0,4.03,100
2025-04-15T02:00Z,25.1,11.6,0.0,3.87,100
2025-04-15T03:00Z,24.1,10.2,0.0,4.11,100
2025-04-15T04:00Z,22.9,9.1,0.0,4.68,100
2025-04-15T05:00Z,21.8,7.0,0.0,4.9,100
2025-04-15T06:00Z,20.6,5.9,0.0,5.27,94
2025-04-15T07:00Z,19.4,3.9,0.0,5.16,100
2025-04-15T08:00Z,18.7,1.3,0.0,4.81,99
2025-04-15T09:00Z,17.8,-0.3,0.0,4.92,81
2025-04-15T10:00Z,16.8,0.1,0.0,4.32,22
2025-04-15T11:00Z,16.1,0.3,0.0,3.88,9
2025-04-15T12:00Z,15.8,0.4,0.0,3.68,0
2025-04-15T13:00Z,16.0,1.4,63.0,3.85,7
2025-04-15T14:00Z,17.3,1.6,259.0,3.25,0
2025-04-15T15:00Z,18.9,0.3,477.0,3.58,0
2025-04-15T16:00Z,20.4,-0.4,677.0,3.65,0
2025-04-15T17:00Z,21.8,-0.7,832.0,3.76,0
2025-04-15T18:00Z,22.7,-0.5,927.0,3.65,46
2025-04-15T19:00Z,23.5,-0.4,952.0,3.85,50
2025-04-15T20:00Z,23.9,0.1,913.0,3.78,0
2025-04-15T21:00Z,23.9,0.7,818.0,3.43,0
2025-04-15T22:00Z,23.5,1.4,657.0,3.3,2
2025-04-15T23:00Z,22.7,2.1,455.0,3.14,7
2025-04-16T00:00Z,21.6,2.9,237.0,3.08,0
2025-04-16T01:00Z,21.0,1.3,50.0,2.5,0
2025-04-16T02:00Z,20.3,1.8,0.0,2.25,0
2025-04-16T03:00Z,19.4,2.7,0.0,2.33,0
2025-04-16T04:00Z,18.4,4.3,0.0,2.16,0
2025-04-16T05:00Z,17.7,5.2,0.0,2.16,0
2025-04-16T06:00Z,17.0,5.5,0.0,2.29,0
2025-04-16T07:00Z,16.5,5.5,0.0,2.25,0
2025-04-16T08:00Z,16.0,5.8,0.0,2.38,3
2025-04-16T09:00Z,15.7,5.7,0.0,2.57,6
2025-04-16T10:00Z,15.4,4.9,0.0,2.83,1
2025-04-16T11:00Z,14.9,4.2,0.0,2.89,0
2025-04-16T12:00Z,14.6,4.0,0.0,2.87,0
2025-04-16T13:00Z,14.8,5.6,63.0,2.97,2
2025-04-16T14:00Z,17.0,6.5,251.0,2.63,4
2025-04-16T15:00Z,19.9,8.1,460.0,2.83,0
2025-04-16T16:00Z,22.8,12.0,649.0,3.37,1
2025-04-16T17:00Z,25.2,14.8,802.0,5.12,42
2025-04-16T18:00Z,27.5,13.5,867.0,5.65,65
2025-04-16T19:00Z,27.3,13.6,702.0,5.8,100
2025-04-16T20:00Z,28.3,13.5,774.0,5.66,16
2025-04-16T21:00Z,28.9,13.5,783.0,5.79,58
2025-04-16T22:00Z,28.5,13.5,603.0,5.82,62
2025-04-16T23:00Z,27.9,13.5,428.0,5.89,9
2025-04-17T00:00Z,27.2,13.0,224.0,5.73,0
2025-04-17T01:00Z,25.1,14.1,49.0,4.93,37
2025-04-17T02:00Z,24.4,14.3,0.0,5.07,17
2025-04-17T03:00Z,23.7,14.3,0.0,4.81,2
2025-04-17T04:00Z,23.1,14.3,0.0,5.05,10
2025-04-17T05:00Z,22.7,14.0,0.0,5.43,16
2025-04-17T06:00Z,22.2,13.4,0.0,5.66,0
2025-04-17T07:00Z,21.3,13.3,0.0,4.96,0
2025-04-17T08:00Z,20.5,13.5,0.0,5.02,0
2025-04-17T09:00Z,19.7,14.0,0.0,4.92,0
2025-04-17T10:00Z,19.1,14.8,0.0,5.3,3
2025-04-17T11:00Z,18.7,15.5,0.0,4.95,10
2025-04-17T12:00Z,18.5,15.8,0.0,4.7,12
2025-04-17T13:00Z,19.6,16.4,60.0,4.3,12
2025-04-17T14:00Z,21.2,16.0,248.0,6.07,12
2025-04-17T15:00Z,23.7,15.2,441.0,6.41,12
2025-04-17T16:00Z,25.3,15.9,594.0,5.5,28
2025-04-17T17:00Z,27.2,16.2,784.0,5.71,12
2025-04-17T18:00Z,28.7,16.7,894.0,6.1,17
2025-04-17T19:00Z,29.8,16.6,928.0,6.55,75
2025-04-17T20:00Z,30.9,15.8,880.0,6.81,100
2025-04-17T21:00Z,31.1,15.2,737.0,6.94,97
2025-04-17T22:00Z,31.3,14.7,619.0,6.83,100
2025-04-17T23:00Z,30.7,15.1,430.0,6.78,96
2025-04-18T00:00Z,29.7,15.8,185.0,6.72,100
2025-04-18T01:00Z,26.8,16.6,43.0,5.91,100
2025-04-18T02:00Z,26.1,16.5,0.0,5.55,96
2025-04-18T03:00Z,25.0,16.0,0.0,6.45,1
2025-04-18T04:00Z,24.0,16.0,0.0,6.93,2
2025-04-18T05:00Z,23.2,16.4,0.0,5.81,0
2025-04-18T06:00Z,22.4,16.4,0.0,5.45,4
2025-04-18T07:00Z,21.9,16.5,0.0,5.71,7
2025-04-18T08:00Z,21.3,16.3,0.0,5.4,20
2025-04-18T09:00Z,20.9,16.3,0.0,5.55,32
2025-04-18T10:00Z,20.6,16.5,0.0,5.85,95
2025-04-18T11:00Z,20.6,16.7,0.0,6.35,90
2025-04-18T12:00Z,20.5,16.6,0.0,5.12,99
2025-04-18T13:00Z,21.4,16.8,57.0,4.61,100
2025-04-18T14:00Z,21.8,17.2,122.0,4.6,95
2025-04-18T15:00Z,23.8,17.9,352.0,7.26,94
2025-04-18T16:00Z,25.4,18.0,375.0,7.08,100
2025-04-18T17:00Z,27.4,17.6,432.0,7.42,99
2025-04-18T18:00Z,29.9,16.6,607.0,6.78,100
2025-04-18T19:00Z,32.0,16.3,851.0,6.88,100
2025-04-18T20:00Z,32.3,15.5,551.0,6.39,100
2025-04-18T21:00Z,32.0,15.2,322.0,6.05,100
2025-04-18T22:00Z,30.9,15.4,150.0,5.04,100
2025-04-18T23:00Z,30.7,15.6,178.0,5.42,100
2025-04-19T00:00Z,29.7,15.9,75.0,4.51,100
2025-04-19T01:00Z,26.8,18.0,20.0,5.24,100
2025-04-19T02:00Z,26.6,17.9,0.0,5.96,100
2025-04-19T03:00Z,26.3,18.0,0.0,6.36,100
2025-04-19T04:00Z,25.9,18.1,0.0,5.89,100
2025-04-19T05:00Z,25.2,18.9,0.0,4.52,99
2025-04-19T06:00Z,24.7,19.3,0.0,4.7,100
2025-04-19T07:00Z,24.2,19.5,0.0,4.84,100
2025-04-19T08:00Z,23.7,19.6,0.0,5.31,100
2025-04-19T09:00Z,23.2,19.5,0.0,4.4,100
2025-04-19T10:00Z,21.1,20.0,0.0,2.88,100
2025-04-19T11:00Z,21.4,19.9,0.0,5.37,100
2025-04-19T12:00Z,21.0,20.2,0.0,4.75,100
2025-04-19T13:00Z,19.3,17.1,14.0,2.6,100
2025-04-19T14:00Z,19.7,17.3,47.0,1.25,100
2025-04-19T15:00Z,20.6,17.8,148.0,2.07,100
2025-04-19T16:00Z,22.1,17.4,312.0,2.65,100
2025-04-19T17:00Z,23.6,17.0,481.0,4.15,100
2025-04-19T18:00Z,24.9,18.0,677.0,6.55,100
2025-04-19T19:00Z,25.7,17.5,629.0,6.63,100
2025-04-19T20:00Z,25.3,17.1,326.0,5.95,100
2025-04-19T21:00Z,25.6,18.1,431.0,5.82,100
2025-04-19T22:00Z,24.6,19.0,396.0,4.28,92
2025-04-19T23:00Z,24.8,19.0,299.0,5.66,75
2025-04-20T00:00Z,23.6,19.0,140.0,4.81,100
2025-04-20T01:00Z,21.1,18.9,7.0,4.54,100
2025-04-20T02:00Z,19.2,18.0,0.0,3.11,97
2025-04-20T03:00Z,19.0,18.3,0.0,3.26,100
2025-04-20T04:00Z,20.7,19.8,0.0,6.65,100
2025-04-20T05:00Z,21.2,20.1,0.0,7.41,41
2025-04-20T06:00Z,21.4,19.9,0.0,7.47,100
2025-04-20T07:00Z,21.1,19.2,0.0,6.96,100
2025-04-20T08:00Z,21.0,18.9,0.0,7.27,77
2025-04-20T09:00Z,21.0,18.7,0.0,6.84,100
2025-04-20T10:00Z,20.7,18.2,0.0,6.55,100
2025-04-20T11:00Z,19.5,17.6,0.0,6.54,100
2025-04-20T12:00Z,19.1,17.2,0.0,5.53,100
2025-04-20T13:00Z,19.9,18.9,17.0,6.48,100
2025-04-20T14:00Z,20.5,18.7,118.0,6.93,100
2025-04-20T15:00Z,21.0,19.1,221.0,4.54,100
2025-04-20T16:00Z,21.9,17.7,415.0,6.37,65
2025-04-20T17:00Z,22.2,15.8,665.0,5.73,40
2025-04-20T18:00Z,21.3,13.3,898.0,4.62,0
2025-04-20T19:00Z,22.2,13.8,965.0,3.8,0
2025-04-20T20:00Z,23.2,13.6,928.0,3.94,2
2025-04-20T21:00Z,23.8,10.5,817.0,4.24,0
2025-04-20T22:00Z,23.1,10.2,666.0,4.37,0
2025-04-20T23:00Z,22.4,11.1,467.0,3.96,0
2025-04-21T00:00Z,21.4,12.3,249.0,2.91,0
2025-04-21T01:00Z,19.7,12.4,59.0,1.93,0
2025-04-21T02:00Z,18.3,12.8,0.0,1.66,0
2025-04-21T03:00Z,17.9,12.4,0.0,1.55,0
2025-04-21T04:00Z,17.3,11.6,0.0,2.25,0
2025-04-21T05:00Z,16.3,11.9,0.0,1.58,0
2025-04-21T06:00Z,15.3,11.9,0.0,1.23,0
2025-04-21T07:00Z,14.8,11.6,0.0,1.19,0
2025-04-21T08:00Z,14.0,11.3,0.0,1.12,0
2025-04-21T09:00Z,13.5,11.0,0.0,0.58,0
2025-04-21T10:00Z,13.4,11.1,0.0,1.6,0
2025-04-21T11:00Z,13.1,11.3,0.0,1.59,0
2025-04-21T12:00Z,12.4,11.0,0.0,1.05,0
2025-04-21T13:00Z,12.0,11.9,77.0,0.92,99
2025-04-21T14:00Z,14.7,13.7,256.0,0.49,1
2025-04-21T15:00Z,17.7,13.9,484.0,1.41,1
2025-04-21T16:00Z,19.8,13.5,695.0,1.43,0
2025-04-21T17:00Z,21.3,13.4,846.0,1.35,0
2025-04-21T18:00Z,22.6,13.3,940.0,1.22,0
2025-04-21T19:00Z,23.5,12.8,969.0,1.22,0
2025-04-21T20:00Z,24.2,12.0,931.0,1.61,0
2025-04-21T21:00Z,24.4,11.5,827.0,1.8,0
2025-04-21T22:00Z,24.3,11.4,668.0,2.01,0
2025-04-21T23:00Z,23.8,11.3,469.0,2.22,0
2025-04-22T00:00Z,22.9,12.9,251.0,1.56,0
2025-04-22T01:00Z,21.3,13.3,60.0,1.63,0
2025-04-22T02:00Z,20.0,13.1,0.0,1.94,0
2025-04-22T03:00Z,19.2,12.0,0.0,2.0,0
2025-04-22T04:00Z,18.4,11.8,0.0,1.8,0
2025-04-22T05:00Z,17.8,11.9,0.0,2.17,0
2025-04-22T06:00Z,17.3,11.9,0.0,2.25,0
2025-04-22T07:00Z,16.8,11.8,0.0,2.36,0
2025-04-22T08:00Z,16.4,11.6,0.0,2.66,0
2025-04-22T09:00Z,15.9,11.1,0.0,2.78,0
2025-04-22T10:00Z,15.5,11.4,0.0,2.76,0
2025-04-22T11:00Z,15.4,12.5,0.0,2.74,0
2025-04-22T12:00Z,15.6,13.9,0.0,2.69,0
2025-04-22T13:00Z,15.8,14.0,79.0,2.38,14
2025-04-22T14:00Z,18.0,15.7,260.0,1.79,54
2025-04-22T15:00Z,20.6,17.7,428.0,1.34,15
2025-04-22T16:00Z,23.4,19.5,635.0,2.01,75
2025-04-22T17:00Z,25.3,19.1,684.0,1.92,13
2025-04-22T18:00Z,26.5,18.6,858.0,1.8,10
2025-04-22T19:00Z,27.7,17.3,910.0,1.98,7
2025-04-22T20:00Z,28.5,15.8,881.0,1.95,11
2025-04-22T21:00Z,29.1,15.1,793.0,2.2,22
2025-04-22T22:00Z,28.8,14.5,638.0,2.82,43
2025-04-22T23:00Z,28.0,14.4,434.0,3.0,57
2025-04-23T00:00Z,26.1,15.0,235.0,3.3,89
2025-04-23T01:00Z,24.9,17.1,55.0,2.98,46
2025-04-23T02:00Z,23.5,15.7,0.0,3.42,62
2025-04-23T03:00Z,22.7,15.0,0.0,2.99,95
2025-04-23T04:00Z,22.0,15.1,0.0,3.28,21
2025-04-23T05:00Z,21.4,15.3,0.0,3.16,100
2025-04-23T06:00Z,20.8,16.0,0.0,2.24,100
2025-04-23T07:00Z,20.3,16.6,0.0,2.33,100
2025-04-23T08:00Z,20.2,17.4,0.0,2.94,100
2025-04-23T09:00Z,20.1,18.0,0.0,2.64,100
2025-04-23T10:00Z,19.9,18.3,0.0,2.55,100
2025-04-23T11:00Z,19.6,18.7,0.0,2.8,36
2025-04-23T12:00Z,19.4,18.8,1.0,2.73,100
2025-04-23T13:00Z,18.2,17.5,6.0,2.43,100
2025-04-23T14:00Z,19.1,18.3,96.0,2.8,97
2025-04-23T15:00Z,20.0,17.5,231.0,3.19,96
2025-04-23T16:00Z,21.3,17.6,382.0,2.67,83
2025-04-23T17:00Z,22.8,17.9,508.0,2.28,94
2025-04-23T18:00Z,23.9,18.1,545.0,1.46,87
2025-04-23T19:00Z,25.4,18.0,646.0,2.69,74
2025-04-23T20:00Z,25.7,18.8,687.0,2.68,100
2025-04-23T21:00Z,22.4,17.9,353.0,3.74,71
2025-04-23T22:00Z,22.3,18.5,339.0,2.82,65
2025-04-23T23:00Z,21.8,18.5,281.0,3.0,79
2025-04-24T00:00Z,21.6,18.6,173.0,2.86,57
2025-04-24T01:00Z,21.7,19.0,51.0,3.87,29
2025-04-24T02:00Z,21.5,18.7,0.0,3.59,2
2025-04-24T03:00Z,21.3,18.3,0.0,3.99,4
2025-04-24T04:00Z,20.8,18.3,0.0,4.05,63
2025-04-24T05:00Z,20.1,18.4,0.0,4.38,99
2025-04-24T06:00Z,19.4,18.2,0.0,3.98,100
2025-04-24T07:00Z,18.9,18.3,0.0,3.33,100
2025-04-24T08:00Z,19.1,18.5,0.0,3.05,100
2025-04-24T09:00Z,19.2,18.6,0.0,2.91,100
2025-04-24T10:00Z,19.3,18.7,0.0,2.72,100
2025-04-24T11:00Z,19.5,18.8,0.0,2.83,100
2025-04-24T12:00Z,19.5,19.0,0.0,2.7,100
2025-04-24T13:00Z,19.6,18.7,29.0,1.14,100
2025-04-24T14:00Z,19.5,18.7,45.0,2.32,100
2025-04-24T15:00Z,19.8,18.7,107.0,1.96,100
2025-04-24T16:00Z,20.1,18.6,165.0,1.95,100
2025-04-24T17:00Z,19.8,18.4,162.0,1.44,100
2025-04-24T18:00Z,20.0,18.6,133.0,2.13,100
2025-04-24T19:00Z,21.1,19.1,227.0,3.49,100
2025-04-24T20:00Z,22.6,19.3,303.0,5.43,100
2025-04-24T21:00Z,23.0,20.7,340.0,4.58,96
2025-04-24T22:00Z,23.4,20.4,538.0,3.8,31
2025-04-24T23:00Z,23.4,20.0,405.0,3.85,50
2025-04-25T00:00Z,22.6,19.7,167.0,3.67,44
2025-04-25T01:00Z,19.3,17.9,63.0,0.3,54
2025-04-25T02:00Z,18.8,17.3,0.0,1.84,45
2025-04-25T03:00Z,18.2,16.8,0.0,2.51,68
2025-04-25T04:00Z,17.7,16.9,0.0,2.5,1
2025-04-25T05:00Z,17.3,16.6,0.0,1.82,8
2025-04-25T06:00Z,16.7,16.2,0.0,0.96,20
2025-04-25T07:00Z,17.0,16.3,0.0,1.33,5
2025-04-25T08:00Z,16.9,16.3,0.0,1.61,8
2025-04-25T09:00Z,16.7,16.1,0.0,1.83,12
2025-04-25T10:00Z,16.6,16.1,0.0,1.88,2
2025-04-25T11:00Z,16.5,15.9,0.0,1.87,0
2025-04-25T12:00Z,16.4,15.8,1.0,2.06,1
2025-04-25T13:00Z,17.8,17.3,7.0,3.33,67
2025-04-25T14:00Z,19.1,17.7,210.0,2.59,52
2025-04-25T15:00Z,20.9,18.3,450.0,2.07,100
2025-04-25T16:00Z,22.4,18.6,550.0,2.32,100
2025-04-25T17:00Z,23.2,18.7,486.0,2.55,100
2025-04-25T18:00Z,24.3,19.3,527.0,1.56,100
2025-04-25T19:00Z,24.9,19.1,502.0,0.9,44
2025-04-25T20:00Z,26.7,19.2,774.0,1.84,100
2025-04-25T21:00Z,26.6,19.7,667.0,1.87,99
2025-04-25T22:00Z,26.9,19.9,524.0,1.79,100
2025-04-25T23:00Z,26.7,19.9,312.0,2.01,99
2025-04-26T00:00Z,25.8,20.6,152.0,2.06,100
2025-04-26T01:00Z,24.2,20.1,58.0,1.56,40
2025-04-26T02:00Z,23.2,20.0,0.0,1.8,52
2025-04-26T03:00Z,22.6,19.7,0.0,1.75,95
2025-04-26T04:00Z,22.1,19.6,0.0,1.97,100
2025-04-26T05:00Z,21.7,19.6,0.0,2.3,100
2025-04-26T06:00Z,21.4,19.5,0.0,2.63,100
2025-04-26T07:00Z,21.1,19.3,0.0,2.5,99
2025-04-26T08:00Z,20.7,19.2,0.0,2.23,100
2025-04-26T09:00Z,20.3,19.2,0.0,2.08,100
2025-04-26T10:00Z,20.1,19.3,0.0,1.59,100
2025-04-26T11:00Z,19.9,19.4,0.0,1.96,100
2025-04-26T12:00Z,19.8,19.4,1.0,2.21,100
2025-04-26T13:00Z,20.6,20.0,44.0,2.51,100
2025-04-26T14:00Z,21.9,20.3,187.0,2.72,100
2025-04-26T15:00Z,23.5,20.6,403.0,2.87,100
2025-04-26T16:00Z,25.0,20.2,557.0,4.01,100
2025-04-26T17:00Z,25.7,19.5,662.0,4.18,100
2025-04-26T18:00Z,26.4,19.0,784.0,4.47,81
2025-04-26T19:00Z,27.0,18.7,850.0,5.2,18
2025-04-26T20:00Z,27.8,17.5,843.0,5.18,10
2025-04-26T21:00Z,27.9,16.8,785.0,4.45,4
2025-04-26T22:00Z,27.7,16.6,635.0,4.17,6
2025-04-26T23:00Z,27.3,16.6,443.0,4.01,14
2025-04-27T00:00Z,26.4,17.2,233.0,3.2,12
2025-04-27T01:00Z,24.7,18.5,55.0,2.11,1
2025-04-27T02:00Z,23.6,18.9,0.0,1.46,20
2025-04-27T03:00Z,23.3,18.9,0.0,1.95,19
2025-04-27T04:00Z,22.8,18.7,0.0,2.6,4
2025-04-27T05:00Z,22.4,18.5,0.0,2.34,1
2025-04-27T06:00Z,22.1,18.8,0.0,2.9,0
2025-04-27T07:00Z,22.1,19.0,0.0,3.52,0
2025-04-27T08:00Z,21.7,19.0,0.0,2.72,0
2025-04-27T09:00Z,21.1,19.0,0.0,1.82,0
2025-04-27T10:00Z,20.4,18.9,0.0,1.67,2
2025-04-27T11:00Z,19.9,18.7,0.0,2.02,6
2025-04-27T12:00Z,19.7,18.7,1.0,2.42,10
2025-04-27T13:00Z,21.2,19.2,58.0,2.96,69
2025-04-27T14:00Z,22.6,19.1,231.0,3.65,53
2025-04-27T15:00Z,23.9,18.8,395.0,4.51,100
2025-04-27T16:00Z,24.7,18.8,454.0,4.49,100
2025-04-27T17:00Z,25.5,19.0,523.0,4.16,100
2025-04-27T18:00Z,26.0,18.9,430.0,4.36,100
2025-04-27T19:00Z,27.0,18.8,549.0,4.83,100
2025-04-27T20:00Z,27.7,18.7,592.0,4.89,100
2025-04-27T21:00Z,28.1,19.0,513.0,4.71,67
2025-04-27T22:00Z,28.1,18.7,386.0,5.43,40
2025-04-27T23:00Z,28.2,18.7,395.0,4.86,79
2025-04-28T00:00Z,27.3,18.9,199.0,3.86,46
2025-04-28T01:00Z,25.5,19.6,61.0,3.02,55
2025-04-28T02:00Z,24.9,19.5,0.0,3.67,30
2025-04-28T03:00Z,24.5,19.2,0.0,3.39,48
2025-04-28T04:00Z,24.3,18.9,0.0,4.25,23
2025-04-28T05:00Z,23.5,19.1,0.0,4.32,99
2025-04-28T06:00Z,23.3,18.8,0.0,5.26,75
2025-04-28T07:00Z,22.9,18.9,0.0,5.81,82
2025-04-28T08:00Z,22.3,19.0,0.0,5.39,81
2025-04-28T09:00Z,21.8,19.2,0.0,5.11,37
2025-04-28T10:00Z,21.5,19.3,0.0,5.01,60
2025-04-28T11:00Z,21.2,19.3,0.0,4.41,95
2025-04-28T12:00Z,20.9,19.3,2.0,3.45,100
2025-04-28T13:00Z,22.1,19.7,60.0,5.41,100
2025-04-28T14:00Z,23.0,19.5,189.0,7.45,100
2025-04-28T15:00Z,24.2,19.2,237.0,7.2,100
2025-04-28T16:00Z,25.5,19.0,390.0,7.73,100
2025-04-28T17:00Z,26.4,19.0,503.0,7.32,100
2025-04-28T18:00Z,27.2,18.8,399.0,6.55,100
2025-04-28T19:00Z,26.9,19.6,337.0,6.22,100
2025-04-28T20:00Z,26.8,19.4,394.0,7.43,100
2025-04-28T21:00Z,27.2,20.1,385.0,5.63,100
2025-04-28T22:00Z,26.5,20.1,250.0,5.7,98
2025-04-28T23:00Z,27.4,19.6,336.0,5.84,98
2025-04-29T00:00Z,27.2,19.6,207.0,4.55,100
2025-04-29T01:00Z,24.8,21.6,25.0,4.52,100
2025-04-29T02:00Z,24.6,21.2,0.0,4.76,100
2025-04-29T03:00Z,24.4,20.9,0.0,4.23,99
2025-04-29T04:00Z,24.2,20.3,0.0,5.57,100
2025-04-29T05:00Z,24.2,19.8,0.0,5.17,100
2025-04-29T06:00Z,23.6,19.9,0.0,4.6,100
2025-04-29T07:00Z,23.3,19.9,0.0,5.45,100
2025-04-29T08:00Z,22.9,19.8,0.0,5.45,100
2025-04-29T09:00Z,22.5,19.7,0.0,4.33,100
2025-04-29T10:00Z,22.0,19.7,0.0,3.44,100
2025-04-29T11:00Z,21.6,19.6,0.0,3.0,100
2025-04-29T12:00Z,21.3,19.6,1.0,2.55,100
2025-04-29T13:00Z,22.2,20.0,50.0,2.55,100
2025-04-29T14:00Z,22.5,20.0,82.0,3.13,100
2025-04-29T15:00Z,24.4,19.5,354.0,4.64,100
2025-04-29T16:00Z,25.3,19.0,335.0,4.69,100
2025-04-29T17:00Z,27.0,18.8,580.0,5.21,65
2025-04-29T18:00Z,28.3,18.5,801.0,5.81,93
2025-04-29T19:00Z,28.7,18.2,686.0,6.4,75
2025-04-29T20:00Z,29.8,17.5,790.0,6.72,96
2025-04-29T21:00Z,29.1,17.5,554.0,6.6,95
2025-04-29T22:00Z,28.5,17.2,416.0,6.21,89
2025-04-29T23:00Z,28.2,17.3,274.0,4.99,68
2025-04-30T00:00Z,27.7,17.9,202.0,4.29,71
2025-04-30T01:00Z,22.7,20.1,7.0,2.11,100
2025-04-30T02:00Z,20.9,19.6,0.0,4.27,100
2025-04-30T03:00Z,19.8,18.0,0.0,5.37,100
2025-04-30T04:00Z,21.1,18.9,0.0,4.54,99
2025-04-30T05:00Z,22.3,19.4,0.0,4.91,99
2025-04-30T06:00Z,21.9,19.3,0.0,4.56,90
2025-04-30T07:00Z,21.3,19.1,0.0,4.43,100
2025-04-30T08:00Z,21.0,19.0,0.0,4.47,100
2025-04-30T09:00Z,20.6,19.1,0.0,4.18,98
2025-04-30T10:00Z,20.3,19.2,0.0,4.41,100
2025-04-30T11:00Z,20.6,19.4,0.0,4.71,100
2025-04-30T12:00Z,20.9,19.6,1.0,4.81,100
2025-04-30T13:00Z,21.2,19.5,24.0,5.64,100
2025-04-30T14:00Z,21.4,19.4,108.0,4.46,100
2025-04-30T15:00Z,21.5,19.5,92.0,4.92,100
2025-04-30T16:00Z,22.5,19.5,186.0,5.01,100
2025-04-30T17:00Z,22.5,19.7,239.0,3.79,100
2025-04-30T18:00Z,21.4,19.6,189.0,4.32,100
2025-04-30T19:00Z,21.0,19.5,153.0,4.11,100
2025-04-30T20:00Z,21.1,19.3,139.0,4.85,100
2025-04-30T21:00Z,21.4,19.2,216.0,3.4,100
2025-04-30T22:00Z,22.4,19.0,274.0,3.4,100
2025-04-30T23:00Z,22.8,18.6,240.0,3.56,100
2025-05-01T00:00Z,22.4,19.0,114.0,2.33,100
2025-05-01T01:00Z,17.1,15.4,21.0,0.54,100
2025-05-01T02:00Z,17.0,15.4,0.0,1.19,99
2025-05-01T03:00Z,16.8,15.6,0.0,1.47,99
2025-05-01T04:00Z,16.5,15.5,0.0,1.63,40
2025-05-01T05:00Z,16.1,15.4,0.0,2.12,3
2025-05-01T06:00Z,15.8,15.1,0.0,1.06,0
2025-05-01T07:00Z,15.6,14.9,0.0,2.89,0
2025-05-01T08:00Z,15.9,14.9,0.0,3.72,21
2025-05-01T09:00Z,17.2,16.2,0.0,2.99,5
2025-05-01T10:00Z,17.6,16.8,0.0,2.42,10
2025-05-01T11:00Z,17.5,16.7,0.0,1.78,100
2025-05-01T12:00Z,18.1,17.3,2.0,1.3,100
2025-05-01T13:00Z,16.5,15.7,36.0,0.85,100
2025-05-01T14:00Z,17.7,16.4,87.0,0.54,100
2025-05-01T15:00Z,18.9,17.1,170.0,1.19,100
2025-05-01T16:00Z,20.5,17.9,281.0,1.04,100
2025-05-01T17:00Z,22.2,18.5,407.0,0.96,100
2025-05-01T18:00Z,24.2,18.7,552.0,0.95,97
2025-05-01T19:00Z,26.3,18.6,758.0,0.51,23
2025-05-01T20:00Z,27.2,19.2,854.0,0.52,26
2025-05-01T21:00Z,27.7,19.6,800.0,1.48,23
2025-05-01T22:00Z,28.0,19.5,648.0,3.0,30
2025-05-01T23:00Z,25.3,20.2,411.0,4.03,75
2025-05-02T00:00Z,24.8,20.5,200.0,2.41,90
2025-05-02T01:00Z,24.5,21.2,43.0,1.79,23
2025-05-02T02:00Z,23.0,20.8,0.0,2.35,1
2025-05-02T03:00Z,21.7,18.8,0.0,4.3,100
2025-05-02T04:00Z,20.9,18.5,0.0,4.26,8
2025-05-02T05:00Z,21.2,17.3,0.0,4.23,29
2025-05-02T06:00Z,21.3,17.5,0.0,4.15,0
2025-05-02T07:00Z,21.1,17.9,0.0,4.03,2
2025-05-02T08:00Z,20.4,17.9,0.0,3.02,1
2025-05-02T09:00Z,19.8,17.7,0.0,3.15,100
2025-05-02T10:00Z,19.5,17.6,0.0,2.77,100
2025-05-02T11:00Z,19.1,17.5,0.0,2.8,100
2025-05-02T12:00Z,18.8,17.6,3.0,1.41,36
2025-05-02T13:00Z,19.4,15.5,78.0,1.61,90
2025-05-02T14:00Z,18.8,16.3,179.0,3.61,97
2025-05-02T15:00Z,19.4,16.7,279.0,1.0,100
2025-05-02T16:00Z,21.3,16.5,514.0,0.59,69
2025-05-02T17:00Z,22.4,16.6,532.0,1.3,43
2025-05-02T18:00Z,23.7,16.7,761.0,2.08,50
2025-05-02T19:00Z,24.7,16.7,776.0,2.7,71
2025-05-02T20:00Z,24.6,16.8,800.0,3.21,57
2025-05-02T21:00Z,24.7,16.9,671.0,2.8,37
2025-05-02T22:00Z,24.8,16.9,574.0,2.6,32
2025-05-02T23:00Z,23.8,15.7,352.0,3.61,97
2025-05-03T00:00Z,22.3,16.3,97.0,3.51,98
2025-05-03T01:00Z,19.1,16.2,51.0,3.08,63
2025-05-03T02:00Z,18.7,16.0,0.0,1.9,78
2025-05-03T03:00Z,18.2,16.3,0.0,0.6,73
2025-05-03T04:00Z,17.9,15.9,0.0,0.25,32
2025-05-03T05:00Z,17.3,15.9,0.0,1.23,15
2025-05-03T06:00Z,17.2,15.7,0.0,2.32,2
2025-05-03T07:00Z,16.7,14.0,0.0,2.93,1
2025-05-03T08:00Z,15.7,12.5,0.0,2.85,2
2025-05-03T09:00Z,15.0,11.3,0.0,2.67,0
2025-05-03T10:00Z,14.4,10.5,0.0,2.48,0
2025-05-03T11:00Z,14.1,10.3,0.0,3.13,0
2025-05-03T12:00Z,14.0,10.8,4.0,3.26,0
2025-05-03T13:00Z,13.8,10.1,113.0,3.08,0
2025-05-03T14:00Z,15.3,10.1,321.0,3.08,0
2025-05-03T15:00Z,16.8,10.6,537.0,3.31,0
2025-05-03T16:00Z,18.3,9.7,730.0,3.46,0
2025-05-03T17:00Z,19.5,8.9,876.0,3.05,0
2025-05-03T18:00Z,20.3,10.0,967.0,2.71,0
2025-05-03T19:00Z,21.0,11.0,991.0,2.56,0
2025-05-03T20:00Z,21.6,10.7,948.0,2.69,0
2025-05-03T21:00Z,21.9,9.9,844.0,2.96,0
2025-05-03T22:00Z,21.8,9.3,686.0,2.91,0
2025-05-03T23:00Z,21.6,9.1,490.0,2.64,0
2025-05-04T00:00Z,20.7,10.2,275.0,2.05,0
2025-05-04T01:00Z,19.4,12.5,80.0,0.74,0
2025-05-04T02:00Z,18.1,11.7,0.0,1.27,0
2025-05-04T03:00Z,17.1,11.3,0.0,1.44,0
2025-05-04T04:00Z,16.3,11.2,0.0,1.32,0
2025-05-04T05:00Z,15.6,11.3,0.0,1.25,0
2025-05-04T06:00Z,14.9,11.3,0.0,1.16,0
2025-05-04T07:00Z,14.4,11.2,0.0,1.04,0
2025-05-04T08:00Z,13.9,11.1,0.0,1.06,0
2025-05-04T09:00Z,13.5,10.8,0.0,0.92,0
2025-05-04T10:00Z,13.3,10.6,0.0,0.52,0
2025-05-04T11:00Z,12.7,10.4,0.0,0.53,0
2025-05-04T12:00Z,12.3,10.4,4.0,0.6,0
2025-05-04T13:00Z,13.2,10.8,114.0,1.05,0
2025-05-04T14:00Z,16.0,11.1,318.0,0.36,0
2025-05-04T15:00Z,18.5,11.2,529.0,0.67,0
2025-05-04T16:00Z,20.5,9.5,713.0,1.31,0
2025-05-04T17:00Z,21.6,8.2,860.0,1.66,0
2025-05-04T18:00Z,22.3,8.3,949.0,1.72,0
2025-05-04T19:00Z,22.8,8.8,975.0,1.79,1
2025-05-04T20:00Z,23.1,8.9,935.0,1.58,21
2025-05-04T21:00Z,23.3,9.2,832.0,1.5,9
2025-05-04T22:00Z,23.3,9.5,677.0,1.44,72
2025-05-04T23:00Z,22.9,9.9,482.0,1.72,30
2025-05-05T00:00Z,22.1,10.4,270.0,1.88,47
2025-05-05T01:00Z,21.1,13.1,78.0,1.12,37
2025-05-05T02:00Z,19.8,13.1,1.0,1.77,98
2025-05-05T03:00Z,18.8,12.4,0.0,1.87,98
2025-05-05T04:00Z,18.2,11.0,0.0,2.11,100
2025-05-05T05:00Z,17.8,10.6,0.0,2.69,41
2025-05-05T06:00Z,17.1,10.7,0.0,2.38,74
2025-05-05T07:00Z,16.3,10.5,0.0,2.48,41
2025-05-05T08:00Z,15.7,9.9,0.0,2.24,1
2025-05-05T09:00Z,15.3,9.9,0.0,1.97,0
2025-05-05T10:00Z,14.9,9.9,0.0,2.06,0
2025-05-05T11:00Z,14.5,9.7,0.0,2.09,3
2025-05-05T12:00Z,14.2,9.7,4.0,2.04,13
2025-05-05T13:00Z,15.7,10.9,87.0,2.76,100
2025-05-05T14:00Z,17.1,11.1,180.0,2.1,100
2025-05-05T15:00Z,19.1,11.2,408.0,2.82,100
2025-05-05T16:00Z,20.2,11.7,437.0,2.96,98
2025-05-05T17:00Z,23.1,11.4,843.0,3.81,96
2025-05-05T18:00Z,24.2,10.7,858.0,4.03,98
2025-05-05T19:00Z,24.7,10.7,799.0,3.87,100
2025-05-05T20:00Z,24.7,10.5,615.0,3.32,93
2025-05-05T21:00Z,24.9,10.4,551.0,3.24,81
2025-05-05T22:00Z,24.5,10.3,442.0,4.47,63
2025-05-05T23:00Z,23.1,11.0,311.0,3.61,41
2025-05-06T00:00Z,22.1,12.6,214.0,2.46,18
2025-05-06T01:00Z,16.0,13.6,63.0,2.99,79
2025-05-06T02:00Z,16.1,13.9,0.0,2.38,57
2025-05-06T03:00Z,16.0,13.9,0.0,2.5,58
2025-05-06T04:00Z,16.0,13.9,0.0,2.38,26
2025-05-06T05:00Z,15.8,13.8,0.0,2.92,35
2025-05-06T06:00Z,15.7,13.6,0.0,3.01,92
2025-05-06T07:00Z,15.8,13.5,0.0,2.95,86
2025-05-06T08:00Z,16.0,13.3,0.0,3.85,99
2025-05-06T09:00Z,16.3,13.0,0.0,5.02,100
2025-05-06T10:00Z,16.6,13.1,0.0,4.04,100
2025-05-06T11:00Z,16.2,13.4,0.0,4.64,100
2025-05-06T12:00Z,16.0,13.4,2.0,5.68,100
2025-05-06T13:00Z,15.9,14.4,24.0,5.07,100
2025-05-06T14:00Z,16.3,14.5,76.0,4.4,100
2025-05-06T15:00Z,16.9,15.3,142.0,4.71,100
2025-05-06T16:00Z,17.0,15.8,99.0,4.21,100
2025-05-06T17:00Z,17.5,16.9,122.0,4.02,100
2025-05-06T18:00Z,17.8,17.4,162.0,2.14,100
2025-05-06T19:00Z,19.0,17.5,227.0,4.29,100
2025-05-06T20:00Z,21.2,19.2,250.0,2.92,100
2025-05-06T21:00Z,22.1,19.9,208.0,2.69,88
2025-05-06T22:00Z,24.2,19.6,483.0,3.93,81
2025-05-06T23:00Z,24.4,19.2,350.0,2.79,7
2025-05-07T00:00Z,24.0,19.7,243.0,1.87,2
2025-05-07T01:00Z,19.1,17.1,47.0,1.06,33
2025-05-07T02:00Z,18.1,17.0,1.0,0.81,0
2025-05-07T03:00Z,17.6,16.6,0.0,1.7,13
2025-05-07T04:00Z,16.8,16.1,0.0,2.39,6
2025-05-07T05:00Z,16.4,15.8,0.0,2.02,0
2025-05-07T06:00Z,15.9,15.4,0.0,2.19,2
2025-05-07T07:00Z,14.9,14.7,0.0,0.3,10
2025-05-07T08:00Z,14.7,14.7,0.0,0.15,100
2025-05-07T09:00Z,14.7,14.7,0.0,0.46,100
2025-05-07T10:00Z,14.9,14.8,0.0,0.86,100
2025-05-07T11:00Z,15.1,15.1,0.0,1.5,100
2025-05-07T12:00Z,15.1,15.0,3.0,1.52,100
2025-05-07T13:00Z,15.7,15.5,50.0,3.38,100
2025-05-07T14:00Z,17.4,15.5,171.0,2.66,48
2025-05-07T15:00Z,19.0,15.5,377.0,2.13,65
2025-05-07T16:00Z,20.8,15.1,534.0,1.83,64
2025-05-07T17:00Z,22.2,15.9,796.0,1.79,34
2025-05-07T18:00Z,23.9,15.3,907.0,1.95,49
2025-05-07T19:00Z,24.6,15.1,853.0,2.42,48
2025-05-07T20:00Z,24.8,15.1,685.0,1.76,20
2025-05-07T21:00Z,25.2,15.2,756.0,1.41,19
2025-05-07T22:00Z,25.2,15.2,629.0,1.96,39
2025-05-07T23:00Z,24.6,15.3,423.0,2.28,14
2025-05-08T00:00Z,23.8,16.3,251.0,1.65,12
2025-05-08T01:00Z,22.1,17.8,79.0,0.67,6
2025-05-08T02:00Z,21.1,17.0,1.0,0.53,4
2025-05-08T03:00Z,20.2,16.8,0.0,0.95,4
2025-05-08T04:00Z,20.0,16.3,0.0,1.42,2
2025-05-08T05:00Z,19.5,15.9,0.0,1.66,3
2025-05-08T06:00Z,18.8,15.7,0.0,1.5,4
2025-05-08T07:00Z,17.8,15.5,0.0,1.07,3
2025-05-08T08:00Z,17.0,15.3,0.0,0.97,4
2025-05-08T09:00Z,17.0,15.5,0.0,1.48,5
2025-05-08T10:00Z,16.9,15.3,0.0,1.9,0
2025-05-08T11:00Z,16.3,14.8,0.0,2.78,0
2025-05-08T12:00Z,15.7,13.6,6.0,2.74,0
2025-05-08T13:00Z,17.4,14.5,117.0,2.28,0
2025-05-08T14:00Z,18.6,14.7,316.0,2.55,0
2025-05-08T15:00Z,20.1,15.7,525.0,2.34,0
2025-05-08T16:00Z,21.6,16.4,710.0,2.62,32
2025-05-08T17:00Z,22.8,16.6,848.0,2.62,93
2025-05-08T18:00Z,24.0,16.0,915.0,3.18,100
2025-05-08T19:00Z,24.4,15.4,871.0,3.51,100
2025-05-08T20:00Z,24.4,15.3,773.0,3.41,100
2025-05-08T21:00Z,24.4,14.9,706.0,3.49,100
2025-05-08T22:00Z,24.0,14.1,540.0,3.4,100
2025-05-08T23:00Z,23.5,14.3,332.0,2.88,100
2025-05-09T00:00Z,22.6,14.6,184.0,3.1,100
2025-05-09T01:00Z,20.9,15.4,56.0,1.15,100
2025-05-09T02:00Z,20.5,15.5,1.0,0.32,100
2025-05-09T03:00Z,20.0,15.5,0.0,0.97,100
2025-05-09T04:00Z,19.5,15.5,0.0,1.14,100
2025-05-09T05:00Z,19.0,15.2,0.0,1.86,7
2025-05-09T06:00Z,18.0,15.0,0.0,1.34,99
2025-05-09T07:00Z,17.7,14.9,0.0,1.88,93
2025-05-09T08:00Z,17.5,15.0,0.0,2.36,98
2025-05-09T09:00Z,17.3,15.0,0.0,2.33,73
2025-05-09T10:00Z,16.7,14.8,0.0,2.3,1
2025-05-09T11:00Z,16.2,14.6,0.0,2.66,0
2025-05-09T12:00Z,16.0,14.3,6.0,2.91,34
2025-05-09T13:00Z,17.1,14.9,116.0,2.26,24
2025-05-09T14:00Z,18.6,15.3,312.0,2.6,40
2025-05-09T15:00Z,20.1,15.7,520.0,2.91,9
2025-05-09T16:00Z,21.6,15.2,701.0,3.98,21
2025-05-09T17:00Z,22.9,14.3,803.0,4.26,15
2025-05-09T18:00Z,23.4,13.8,831.0,4.59,32
2025-05-09T19:00Z,23.8,14.6,820.0,4.29,49
2025-05-09T20:00Z,24.3,14.8,794.0,4.43,40
2025-05-09T21:00Z,24.2,14.6,687.0,4.66,40
2025-05-09T22:00Z,23.8,14.3,541.0,5.14,60
2025-05-09T23:00Z,23.4,14.1,289.0,4.21,26
2025-05-10T00:00Z,21.8,15.3,217.0,3.29,54
2025-05-10T01:00Z,21.7,14.7,80.0,2.67,7
2025-05-10T02:00Z,20.3,14.7,1.0,2.16,7
2025-05-10T03:00Z,19.6,14.8,0.0,2.4,31
2025-05-10T04:00Z,19.3,14.5,0.0,2.39,6
2025-05-10T05:00Z,18.6,14.3,0.0,2.18,10
2025-05-10T06:00Z,17.9,14.1,0.0,1.92,4
2025-05-10T07:00Z,17.3,13.9,0.0,1.62,1
2025-05-10T08:00Z,16.7,13.6,0.0,1.72,0
2025-05-10T09:00Z,16.2,13.3,0.0,1.71,13
2025-05-10T10:00Z,15.9,13.2,0.0,1.86,22
2025-05-10T11:00Z,15.6,13.4,0.0,1.96,6
2025-05-10T12:00Z,15.4,13.9,7.0,2.3,5
2025-05-10T13:00Z,17.1,14.7,107.0,1.98,21
2025-05-10T14:00Z,18.9,14.8,312.0,1.7,9
2025-05-10T15:00Z,20.8,15.0,521.0,1.77,3
2025-05-10T16:00Z,22.6,14.9,711.0,2.06,23
2025-05-10T17:00Z,23.6,13.4,810.0,2.44,29
2025-05-10T18:00Z,24.4,12.5,851.0,2.98,20
2025-05-10T19:00Z,25.1,11.7,882.0,3.47,17
2025-05-10T20:00Z,25.5,11.2,816.0,3.63,96
2025-05-10T21:00Z,25.7,11.0,682.0,4.41,92
2025-05-10T22:00Z,25.2,10.9,486.0,4.46,100
2025-05-10T23:00Z,24.5,11.2,332.0,4.47,100
2025-05-11T00:00Z,22.9,12.0,128.0,4.3,100
2025-05-11T01:00Z,22.0,11.6,54.0,3.24,100
2025-05-11T02:00Z,20.6,10.8,1.0,3.24,100
2025-05-11T03:00Z,19.8,10.2,0.0,3.01,100
2025-05-11T04:00Z,18.9,10.0,0.0,3.1,100
2025-05-11T05:00Z,18.1,8.8,0.0,2.89,100
2025-05-11T06:00Z,17.2,8.4,0.0,2.6,100
2025-05-11T07:00Z,16.5,8.5,0.0,2.67,100
2025-05-11T08:00Z,15.8,8.8,0.0,2.68,100
2025-05-11T09:00Z,15.2,9.1,0.0,2.69,99
2025-05-11T10:00Z,14.5,9.2,0.0,2.83,52
2025-05-11T11:00Z,13.9,9.4,0.0,3.0,100
2025-05-11T12:00Z,14.0,9.8,7.0,3.02,100
2025-05-11T13:00Z,14.8,10.8,81.0,3.0,100
2025-05-11T14:00Z,17.0,11.3,285.0,2.66,95
2025-05-11T15:00Z,19.2,11.2,509.0,3.05,40
2025-05-11T16:00Z,21.3,11.3,728.0,3.8,100
2025-05-11T17:00Z,22.8,9.2,816.0,4.39,100
2025-05-11T18:00Z,23.7,8.2,804.0,4.25,100
2025-05-11T19:00Z,24.2,8.1,733.0,4.32,99
2025-05-11T20:00Z,25.0,6.9,737.0,4.58,100
2025-05-11T21:00Z,25.3,6.7,710.0,4.76,99
2025-05-11T22:00Z,25.0,9.2,642.0,4.74,99
2025-05-11T23:00Z,25.2,10.2,356.0,4.92,94
2025-05-12T00:00Z,23.8,11.2,192.0,4.16,48
2025-05-12T01:00Z,21.6,10.8,85.0,2.28,27
2025-05-12T02:00Z,20.2,11.3,2.0,2.35,8
2025-05-12T03:00Z,19.3,12.1,0.0,2.29,0
2025-05-12T04:00Z,18.7,12.7,0.0,1.77,0
2025-05-12T05:00Z,18.1,13.2,0.0,1.97,0
2025-05-12T06:00Z,17.3,13.6,0.0,1.15,0
2025-05-12T07:00Z,16.8,13.7,0.0,1.19,0
2025-05-12T08:00Z,16.2,13.6,0.0,1.61,0
2025-05-12T09:00Z,15.9,13.6,0.0,1.64,0
2025-05-12T10:00Z,15.4,13.7,0.0,1.57,0
2025-05-12T11:00Z,15.0,13.7,0.0,1.2,0
2025-05-12T12:00Z,15.1,13.7,8.0,1.43,0
2025-05-12T13:00Z,16.2,13.9,122.0,1.53,0
2025-05-12T14:00Z,18.7,13.9,319.0,1.69,0
2025-05-12T15:00Z,21.1,13.9,523.0,1.82,0
2025-05-12T16:00Z,23.1,13.9,708.0,1.63,0
2025-05-12T17:00Z,24.8,13.8,853.0,1.9,0
2025-05-12T18:00Z,26.3,13.3,947.0,2.04,0
2025-05-12T19:00Z,27.6,12.4,937.0,1.99,45
2025-05-12T20:00Z,28.5,11.6,877.0,1.86,17
2025-05-12T21:00Z,28.9,11.3,826.0,1.75,1
2025-05-12T22:00Z,28.9,10.7,680.0,1.46,0
2025-05-12T23:00Z,28.6,10.8,488.0,0.99,1
2025-05-13T00:00Z,28.1,11.4,279.0,0.41,0
2025-05-13T01:00Z,26.9,12.3,91.0,2.23,0
2025-05-13T02:00Z,25.2,13.5,2.0,2.77,0
2025-05-13T03:00Z,24.0,14.1,0.0,2.51,0
2025-05-13T04:00Z,22.9,14.2,0.0,2.62,0
2025-05-13T05:00Z,22.4,13.3,0.0,2.96,0
2025-05-13T06:00Z,21.4,13.0,0.0,3.59,0
2025-05-13T07:00Z,20.6,13.9,0.0,3.55,0
2025-05-13T08:00Z,20.1,14.4,0.0,3.29,0
2025-05-13T09:00Z,19.6,14.4,0.0,3.44,0
2025-05-13T10:00Z,19.4,13.8,0.0,3.57,0
2025-05-13T11:00Z,19.4,13.3,0.0,4.03,2
2025-05-13T12:00Z,19.2,13.2,9.0,3.88,0
2025-05-13T13:00Z,20.3,15.0,128.0,3.27,19
2025-05-13T14:00Z,22.2,15.9,319.0,3.72,1
2025-05-13T15:00Z,24.5,16.8,535.0,4.29,7
2025-05-13T16:00Z,27.2,17.1,719.0,4.7,23
2025-05-13T17:00Z,29.6,16.8,859.0,5.29,2
2025-05-13T18:00Z,31.7,17.3,945.0,5.77,0
2025-05-13T19:00Z,33.9,16.3,970.0,5.89,0
2025-05-13T20:00Z,35.3,16.4,929.0,6.0,0
2025-05-13T21:00Z,36.2,16.7,828.0,5.96,1
2025-05-13T22:00Z,36.9,16.1,675.0,5.79,25
2025-05-13T23:00Z,37.7,13.4,486.0,5.16,63
2025-05-14T00:00Z,35.7,16.7,279.0,3.93,37
2025-05-14T01:00Z,30.9,19.0,84.0,4.58,89
2025-05-14T02:00Z,30.1,19.9,2.0,4.95,10
2025-05-14T03:00Z,29.9,18.4,0.0,4.93,0
2025-05-14T04:00Z,29.3,16.2,0.0,5.51,0
2025-05-14T05:00Z,28.2,17.0,0.0,5.48,0
2025-05-14T06:00Z,27.4,18.6,0.0,5.57,0
2025-05-14T07:00Z,27.2,19.0,0.0,5.41,8
2025-05-14T08:00Z,26.8,19.2,0.0,4.92,0
2025-05-14T09:00Z,26.3,19.1,0.0,4.49,3
2025-05-14T10:00Z,26.0,18.9,0.0,4.09,0
2025-05-14T11:00Z,25.9,18.0,0.0,4.45,0
2025-05-14T12:00Z,25.9,17.0,9.0,4.73,0
2025-05-14T13:00Z,26.6,20.3,130.0,5.02,0
2025-05-14T14:00Z,28.0,21.0,329.0,3.84,0
2025-05-14T15:00Z,29.9,20.9,536.0,4.35,52
2025-05-14T16:00Z,32.1,20.8,720.0,4.38,90
2025-05-14T17:00Z,34.3,20.4,860.0,3.94,94
2025-05-14T18:00Z,35.8,20.5,940.0,3.51,92
2025-05-14T19:00Z,36.8,20.3,955.0,3.7,82
2025-05-14T20:00Z,37.6,19.4,918.0,3.88,93
2025-05-14T21:00Z,38.2,18.1,783.0,4.05,85
2025-05-14T22:00Z,38.4,17.4,662.0,4.48,78
2025-05-14T23:00Z,38.3,17.2,480.0,4.55,56
2025-05-15T00:00Z,35.8,21.9,277.0,5.06,67
2025-05-15T01:00Z,30.2,23.8,73.0,4.75,77
2025-05-15T02:00Z,29.6,23.4,2.0,3.96,98
2025-05-15T03:00Z,29.7,22.9,0.0,4.35,89
2025-05-15T04:00Z,29.5,22.5,0.0,5.26,100
2025-05-15T05:00Z,28.6,21.4,0.0,4.81,99
2025-05-15T06:00Z,27.6,20.3,0.0,4.62,100
2025-05-15T07:00Z,26.8,20.3,0.0,4.63,100
2025-05-15T08:00Z,26.1,20.6,0.0,4.52,91
2025-05-15T09:00Z,25.8,20.8,0.0,4.45,100
2025-05-15T10:00Z,25.4,20.5,0.0,4.31,100
2025-05-15T11:00Z,25.1,19.6,0.0,4.11,58
2025-05-15T12:00Z,25.2,19.0,9.0,3.94,100
2025-05-15T13:00Z,24.8,21.2,59.0,4.38,95
2025-05-15T14:00Z,26.7,21.5,268.0,2.41,50
2025-05-15T15:00Z,28.5,21.7,509.0,3.83,84
2025-05-15T16:00Z,29.3,21.8,565.0,3.19,84
2025-05-15T17:00Z,31.1,21.8,732.0,2.76,100
2025-05-15T18:00Z,31.2,21.2,673.0,3.38,99
2025-05-15T19:00Z,32.0,19.0,825.0,1.79,100
2025-05-15T20:00Z,31.8,18.1,614.0,2.26,100
2025-05-15T21:00Z,32.0,17.9,602.0,1.73,100
2025-05-15T22:00Z,31.6,18.4,308.0,0.25,99
2025-05-15T23:00Z,31.6,19.2,314.0,0.63,99
2025-05-16T00:00Z,31.0,19.7,186.0,1.07,95
2025-05-16T01:00Z,29.8,21.5,68.0,1.39,100
2025-05-16T02:00Z,28.4,20.4,2.0,1.4,100
2025-05-16T03:00Z,27.4,17.8,0.0,1.43,100
2025-05-16T04:00Z,26.6,17.1,0.0,1.56,98
2025-05-16T05:00Z,25.7,17.4,0.0,1.12,100
2025-05-16T06:00Z,25.3,17.9,0.0,0.83,100
2025-05-16T07:00Z,25.3,19.6,0.0,2.4,100
2025-05-16T08:00Z,25.9,21.6,0.0,4.01,100
2025-05-16T09:00Z,25.3,21.3,0.0,4.16,100
2025-05-16T10:00Z,24.7,21.5,0.0,4.38,100
2025-05-16T11:00Z,24.3,21.7,0.0,4.25,100
2025-05-16T12:00Z,24.2,21.9,8.0,4.15,100
2025-05-16T13:00Z,24.8,22.3,65.0,3.9,100
2025-05-16T14:00Z,26.1,22.0,169.0,5.98,100
2025-05-16T15:00Z,28.0,21.6,416.0,5.98,100
2025-05-16T16:00Z,29.1,21.5,461.0,4.74,100
2025-05-16T17:00Z,31.2,21.4,729.0,4.28,100
2025-05-16T18:00Z,31.1,21.5,568.0,3.67,100
2025-05-16T19:00Z,25.5,21.9,390.0,4.52,100
2025-05-16T20:00Z,28.0,22.1,683.0,3.0,100
2025-05-16T21:00Z,29.3,23.0,682.0,2.49,98
2025-05-16T22:00Z,29.6,23.4,506.0,2.13,99
2025-05-16T23:00Z,29.7,23.6,394.0,1.64,99
2025-05-17T00:00Z,29.1,23.8,223.0,1.71,99
2025-05-17T01:00Z,25.0,23.0,76.0,2.26,100
2025-05-17T02:00Z,24.6,23.0,3.0,2.21,100
2025-05-17T03:00Z,23.3,21.6,0.0,5.1,99
2025-05-17T04:00Z,23.0,20.4,0.0,2.1,100
2025-05-17T05:00Z,22.9,20.8,0.0,1.22,100
2025-05-17T06:00Z,22.0,21.2,0.0,0.29,60
2025-05-17T07:00Z,21.9,21.2,0.0,1.54,96
2025-05-17T08:00Z,21.9,21.4,0.0,2.12,100
2025-05-17T09:00Z,21.8,21.4,0.0,2.13,100
2025-05-17T10:00Z,21.6,21.2,0.0,2.45,99
2025-05-17T11:00Z,21.5,21.0,0.0,2.25,100
2025-05-17T12:00Z,21.9,21.0,10.0,2.35,34
2025-05-17T13:00Z,24.0,22.6,124.0,2.44,74
2025-05-17T14:00Z,25.9,23.5,301.0,2.93,80
2025-05-17T15:00Z,28.2,23.9,504.0,4.36,100
2025-05-17T16:00Z,28.7,24.1,364.0,4.52,96
2025-05-17T17:00Z,28.9,24.0,483.0,5.16,98
2025-05-17T18:00Z,29.2,24.4,715.0,5.46,45
2025-05-17T19:00Z,30.6,24.5,731.0,4.56,77
2025-05-17T20:00Z,29.1,23.9,431.0,1.92,100
2025-05-17T21:00Z,28.1,23.1,189.0,4.02,79
2025-05-17T22:00Z,28.7,23.4,419.0,3.44,87
2025-05-17T23:00Z,27.6,22.6,345.0,2.99,65
2025-05-18T00:00Z,26.6,22.5,208.0,2.27,71
2025-05-18T01:00Z,25.2,20.3,93.0,4.0,29
2025-05-18T02:00Z,23.5,19.9,3.0,2.52,100
2025-05-18T03:00Z,23.3,20.5,0.0,2.65,93
2025-05-18T04:00Z,23.1,20.4,0.0,3.4,6
2025-05-18T05:00Z,23.1,20.7,0.0,4.04,52
2025-05-18T06:00Z,23.7,21.2,0.0,4.87,87
2025-05-18T07:00Z,24.0,21.4,0.0,5.27,100
2025-05-18T08:00Z,24.0,21.6,0.0,4.54,100
2025-05-18T09:00Z,23.9,21.8,0.0,4.85,99
2025-05-18T10:00Z,23.8,22.0,0.0,4.8,99
2025-05-18T11:00Z,23.6,22.1,0.0,4.72,100
2025-05-18T12:00Z,23.7,22.3,9.0,4.36,100
2025-05-18T13:00Z,24.9,23.0,35.0,4.05,100
2025-05-18T14:00Z,26.0,22.9,161.0,5.35,100
2025-05-18T15:00Z,27.7,22.4,357.0,5.61,100
2025-05-18T16:00Z,26.6,22.4,433.0,3.09,85
2025-05-18T17:00Z,26.3,23.5,513.0,3.01,64
2025-05-18T18:00Z,27.0,23.7,569.0,3.75,100
2025-05-18T19:00Z,24.9,22.7,407.0,3.87,94
2025-05-18T20:00Z,22.0,21.2,567.0,4.35,100
2025-05-18T21:00Z,23.2,22.0,282.0,6.17,100
2025-05-18T22:00Z,23.4,21.6,235.0,4.4,93
2025-05-18T23:00Z,24.3,22.0,269.0,5.33,100
2025-05-19T00:00Z,24.2,22.2,184.0,4.44,99
2025-05-19T01:00Z,26.7,23.8,34.0,4.64,100
2025-05-19T02:00Z,25.4,22.8,1.0,2.73,100
2025-05-19T03:00Z,22.4,21.7,0.0,0.66,100
2025-05-19T04:00Z,21.8,20.3,0.0,6.09,99
2025-05-19T05:00Z,22.6,20.5,0.0,6.02,99
2025-05-19T06:00Z,23.4,20.9,0.0,5.82,100
2025-05-19T07:00Z,23.9,20.7,0.0,5.95,98
2025-05-19T08:00Z,23.7,20.7,0.0,5.79,98
2025-05-19T09:00Z,23.5,20.9,0.0,5.36,100
2025-05-19T10:00Z,23.5,21.4,0.0,4.9,100
2025-05-19T11:00Z,23.9,22.1,0.0,4.74,100
2025-05-19T12:00Z,24.2,22.6,4.0,4.81,100
2025-05-19T13:00Z,24.8,22.7,24.0,4.43,100
2025-05-19T14:00Z,25.5,22.9,57.0,4.7,100
2025-05-19T15:00Z,24.8,23.0,100.0,3.54,99
2025-05-19T16:00Z,26.2,23.6,226.0,3.98,100
2025-05-19T17:00Z,26.1,22.5,426.0,4.56,91
2025-05-19T18:00Z,26.5,22.5,609.0,5.49,90
2025-05-19T19:00Z,27.9,23.6,651.0,6.23,100
2025-05-19T20:00Z,25.1,22.1,345.0,5.99,100
2025-05-19T21:00Z,24.7,21.7,250.0,7.03,54
2025-05-19T22:00Z,27.5,22.0,493.0,7.28,100
2025-05-19T23:00Z,25.6,22.3,340.0,6.24,37
2025-05-20T00:00Z,24.5,22.0,218.0,6.0,58
2025-05-20T01:00Z,26.3,23.5,83.0,5.27,9
2025-05-20T02:00Z,25.8,21.9,3.0,6.05,1
2025-05-20T03:00Z,25.4,21.9,0.0,5.9,0
2025-05-20T04:00Z,25.5,22.2,0.0,6.0,0
2025-05-20T05:00Z,25.1,22.3,0.0,5.66,17
2025-05-20T06:00Z,23.3,19.6,0.0,2.64,28
2025-05-20T07:00Z,23.7,21.3,0.0,3.11,6
2025-05-20T08:00Z,23.9,22.3,0.0,3.41,11
2025-05-20T09:00Z,23.6,22.1,0.0,3.22,0
2025-05-20T10:00Z,22.8,21.7,0.0,2.99,0
2025-05-20T11:00Z,22.1,21.2,0.0,2.78,0
2025-05-20T12:00Z,21.7,20.6,13.0,3.02,0
2025-05-20T13:00Z,21.6,17.5,143.0,4.59,0
2025-05-20T14:00Z,21.5,12.1,350.0,4.48,0
2025-05-20T15:00Z,22.3,12.7,555.0,4.47,0
2025-05-20T16:00Z,23.9,13.2,737.0,4.07,0
2025-05-20T17:00Z,25.1,12.8,879.0,4.43,0
2025-05-20T18:00Z,26.1,11.9,967.0,4.37,0
2025-05-20T19:00Z,26.8,10.5,997.0,4.59,0
2025-05-20T20:00Z,27.5,9.0,962.0,4.14,0
2025-05-20T21:00Z,27.8,8.5,865.0,4.3,0
2025-05-20T22:00Z,27.8,7.6,714.0,3.81,0
2025-05-20T23:00Z,27.2,8.7,523.0,3.0,0
2025-05-21T00:00Z,26.3,9.9,310.0,2.3,0
2025-05-21T01:00Z,25.1,10.9,110.0,1.99,0
2025-05-21T02:00Z,23.3,12.2,4.0,1.55,0
2025-05-21T03:00Z,22.1,12.9,0.0,1.31,0
2025-05-21T04:00Z,20.7,14.2,0.0,0.94,0
2025-05-21T05:00Z,19.8,14.7,0.0,0.85,0
2025-05-21T06:00Z,19.1,14.8,0.0,0.83,0
2025-05-21T07:00Z,18.7,14.5,0.0,0.56,0
2025-05-21T08:00Z,17.8,14.1,0.0,1.05,36
2025-05-21T09:00Z,17.7,13.5,0.0,1.4,50
2025-05-21T10:00Z,17.8,12.9,0.0,1.75,64
2025-05-21T11:00Z,17.8,12.2,0.0,1.75,84
2025-05-21T12:00Z,18.3,11.9,12.0,1.66,100
2025-05-21T13:00Z,19.6,10.5,133.0,2.58,100
2025-05-21T14:00Z,21.6,11.3,305.0,1.78,100
2025-05-21T15:00Z,24.0,11.7,479.0,1.77,100
2025-05-21T16:00Z,27.1,10.3,669.0,2.08,100
2025-05-21T17:00Z,29.4,7.1,796.0,2.85,99
2025-05-21T18:00Z,30.5,6.1,858.0,3.3,100
2025-05-21T19:00Z,31.3,6.9,910.0,3.34,99
2025-05-21T20:00Z,31.7,6.5,866.0,3.48,100
2025-05-21T21:00Z,31.7,6.0,735.0,3.24,100
2025-05-21T22:00Z,31.4,6.0,586.0,3.16,100
2025-05-21T23:00Z,31.1,6.3,482.0,3.06,96
2025-05-22T00:00Z,30.0,7.0,301.0,2.95,0
2025-05-22T01:00Z,28.6,8.0,106.0,2.7,65
2025-05-22T02:00Z,26.8,9.8,4.0,2.86,92
2025-05-22T03:00Z,25.8,9.6,0.0,2.6,0
2025-05-22T04:00Z,24.6,9.1,0.0,1.11,0
2025-05-22T05:00Z,24.0,9.3,0.0,1.45,0
2025-05-22T06:00Z,23.0,9.8,0.0,3.69,0
2025-05-22T07:00Z,22.4,10.0,0.0,3.4,0
2025-05-22T08:00Z,21.8,10.9,0.0,3.23,0
2025-05-22T09:00Z,21.7,12.2,0.0,3.46,0
2025-05-22T10:00Z,21.4,15.2,0.0,2.95,0
2025-05-22T11:00Z,21.2,17.6,0.0,2.14,0
2025-05-22T12:00Z,21.0,18.7,13.0,2.18,0
2025-05-22T13:00Z,21.5,18.9,137.0,2.09,12
2025-05-22T14:00Z,24.1,20.2,329.0,2.59,48
2025-05-22T15:00Z,26.5,21.2,511.0,2.98,9
2025-05-22T16:00Z,28.3,21.4,701.0,2.96,33
2025-05-22T17:00Z,29.8,21.2,827.0,3.12,19
2025-05-22T18:00Z,30.9,20.7,905.0,3.6,27
2025-05-22T19:00Z,32.0,19.7,904.0,4.03,83
2025-05-22T20:00Z,32.1,19.0,696.0,2.42,78
2025-05-22T21:00Z,31.5,18.8,491.0,3.0,100
2025-05-22T22:00Z,29.8,19.0,81.0,3.0,98
2025-05-22T23:00Z,30.3,18.6,249.0,3.22,96
2025-05-23T00:00Z,30.0,18.2,242.0,2.53,50
2025-05-23T01:00Z,28.2,18.5,50.0,3.2,100
2025-05-23T02:00Z,27.7,18.1,3.0,2.52,100
2025-05-23T03:00Z,26.3,19.3,0.0,3.03,100
2025-05-23T04:00Z,25.7,19.6,0.0,3.94,100
2025-05-23T05:00Z,26.1,19.1,0.0,3.12,90
2025-05-23T06:00Z,24.6,19.5,0.0,3.2,48
2025-05-23T07:00Z,24.1,19.4,0.0,2.79,0
2025-05-23T08:00Z,23.7,19.4,0.0,2.52,0
2025-05-23T09:00Z,23.3,19.4,0.0,1.85,0
2025-05-23T10:00Z,22.7,19.4,0.0,2.2,0
2025-05-23T11:00Z,22.4,19.4,0.0,2.3,0
2025-05-23T12:00Z,22.4,19.6,13.0,2.47,0
2025-05-23T13:00Z,24.0,19.3,141.0,1.15,0
2025-05-23T14:00Z,26.3,19.1,341.0,1.05,0
2025-05-23T15:00Z,28.7,18.4,545.0,2.1,0
2025-05-23T16:00Z,30.6,17.3,723.0,1.36,0
2025-05-23T17:00Z,32.3,16.0,861.0,1.11,0
2025-05-23T18:00Z,33.5,15.3,946.0,1.95,0
2025-05-23T19:00Z,34.4,15.0,970.0,2.67,0
2025-05-23T20:00Z,34.6,15.9,931.0,3.26,0
2025-05-23T21:00Z,34.8,15.9,832.0,3.42,0
2025-05-23T22:00Z,34.8,15.8,685.0,3.76,8
2025-05-23T23:00Z,34.2,16.8,498.0,4.34,11
2025-05-24T00:00Z,33.6,17.1,294.0,4.4,44
2025-05-24T01:00Z,31.6,19.4,102.0,4.68,44
2025-05-24T02:00Z,30.6,19.3,5.0,4.43,11
2025-05-24T03:00Z,29.7,19.9,0.0,4.54,7
2025-05-24T04:00Z,29.0,19.5,0.0,5.2,80
2025-05-24T05:00Z,28.0,19.6,0.0,5.03,79
2025-05-24T06:00Z,27.3,19.9,0.0,4.73,98
2025-05-24T07:00Z,26.6,20.8,0.0,4.71,16
2025-05-24T08:00Z,26.2,21.1,0.0,4.62,98
2025-05-24T09:00Z,25.7,21.3,0.0,4.76,12
2025-05-24T10:00Z,25.3,21.5,0.0,5.0,98
2025-05-24T11:00Z,24.9,21.7,0.0,4.95,99
2025-05-24T12:00Z,24.7,21.7,13.0,4.3,100
2025-05-24T13:00Z,25.7,22.1,94.0,5.32,88
2025-05-24T14:00Z,27.4,21.4,245.0,6.57,92
2025-05-24T15:00Z,29.1,20.9,418.0,6.81,89
2025-05-24T16:00Z,30.6,20.5,548.0,6.09,74
2025-05-24T17:00Z,32.0,20.0,614.0,5.41,98
2025-05-24T18:00Z,33.7,19.8,738.0,3.87,88
2025-05-24T19:00Z,34.3,19.3,682.0,4.02,21
2025-05-24T20:00Z,34.8,19.5,835.0,4.89,4
2025-05-24T21:00Z,35.5,19.5,814.0,5.35,17
2025-05-24T22:00Z,35.6,19.2,656.0,6.02,8
2025-05-24T23:00Z,35.4,18.8,488.0,6.12,86
2025-05-25T00:00Z,34.9,18.6,245.0,5.2,100
2025-05-25T01:00Z,31.5,21.3,84.0,3.94,100
2025-05-25T02:00Z,30.6,21.1,3.0,4.28,100
2025-05-25T03:00Z,29.7,21.0,0.0,4.79,100
2025-05-25T04:00Z,29.2,20.7,0.0,4.24,100
2025-05-25T05:00Z,28.4,21.0,0.0,4.21,100
2025-05-25T06:00Z,28.2,20.7,0.0,5.32,100
2025-05-25T07:00Z,27.7,20.5,0.0,5.5,0
2025-05-25T08:00Z,26.8,21.1,0.0,5.06,0
2025-05-25T09:00Z,26.2,21.3,0.0,4.6,8
2025-05-25T10:00Z,25.6,21.2,0.0,3.75,58
2025-05-25T11:00Z,25.0,21.4,0.0,4.07,85
2025-05-25T12:00Z,24.8,22.0,13.0,4.71,96
2025-05-25T13:00Z,25.7,22.4,134.0,5.35,49
2025-05-25T14:00Z,27.5,22.0,273.0,6.64,41
2025-05-25T15:00Z,29.3,21.5,428.0,5.69,69
2025-05-25T16:00Z,30.8,21.8,602.0,5.12,91
2025-05-25T17:00Z,32.3,21.0,790.0,5.73,8
2025-05-25T18:00Z,33.9,20.2,927.0,5.63,0
2025-05-25T19:00Z,35.1,19.4,960.0,5.46,24
2025-05-25T20:00Z,34.6,19.3,866.0,3.26,53
2025-05-25T21:00Z,34.0,19.3,688.0,5.02,92
2025-05-25T22:00Z,33.5,20.8,404.0,4.33,79
2025-05-25T23:00Z,33.8,18.4,360.0,4.3,66
2025-05-26T00:00Z,26.4,21.2,171.0,3.4,91
2025-05-26T01:00Z,26.8,21.9,78.0,2.38,79
2025-05-26T02:00Z,25.5,21.8,5.0,3.36,100
2025-05-26T03:00Z,25.3,21.5,0.0,2.92,93
2025-05-26T04:00Z,22.5,20.5,0.0,5.96,100
2025-05-26T05:00Z,22.5,20.6,0.0,4.65,96
2025-05-26T06:00Z,22.5,20.6,0.0,4.83,70
2025-05-26T07:00Z,22.7,20.8,0.0,3.36,48
2025-05-26T08:00Z,22.2,21.2,0.0,2.53,99
2025-05-26T09:00Z,22.6,21.6,0.0,2.79,100
2025-05-26T10:00Z,21.5,20.5,0.0,5.07,100
2025-05-26T11:00Z,21.2,20.4,0.0,1.24,97
2025-05-26T12:00Z,21.3,20.3,10.0,3.6,93
2025-05-26T13:00Z,19.8,18.6,65.0,0.79,100
2025-05-26T14:00Z,20.1,18.3,99.0,4.11,100
2025-05-26T15:00Z,20.4,18.3,52.0,1.05,100
2025-05-26T16:00Z,20.9,18.5,117.0,0.64,100
2025-05-26T17:00Z,22.7,18.7,385.0,0.25,100
2025-05-26T18:00Z,23.6,18.9,460.0,0.52,100
2025-05-26T19:00Z,25.4,19.6,742.0,1.35,100
2025-05-26T20:00Z,26.4,19.3,697.0,1.45,100
2025-05-26T21:00Z,27.1,19.4,632.0,1.27,100
2025-05-26T22:00Z,27.3,19.2,464.0,0.82,100
2025-05-26T23:00Z,26.9,19.3,211.0,0.66,100
2025-05-27T00:00Z,26.3,20.0,85.0,1.0,99
2025-05-27T01:00Z,21.4,19.5,16.0,2.43,100
2025-05-27T02:00Z,21.3,20.0,2.0,1.72,100
2025-05-27T03:00Z,21.3,20.3,0.0,2.08,100
2025-05-27T04:00Z,21.2,20.4,0.0,2.43,100
2025-05-27T05:00Z,21.2,20.4,0.0,1.88,100
2025-05-27T06:00Z,21.0,20.3,0.0,1.91,41
2025-05-27T07:00Z,20.9,20.1,0.0,2.16,0
2025-05-27T08:00Z,20.5,19.9,0.0,0.67,1
2025-05-27T09:00Z,20.4,19.9,0.0,3.0,59
2025-05-27T10:00Z,20.5,20.0,0.0,1.07,65
2025-05-27T11:00Z,20.4,20.0,0.0,2.32,13
2025-05-27T12:00Z,20.6,20.1,14.0,2.01,100
2025-05-27T13:00Z,20.6,19.4,124.0,1.53,52
2025-05-27T14:00Z,21.7,19.6,254.0,1.42,100
2025-05-27T15:00Z,23.4,19.4,459.0,0.57,98
2025-05-27T16:00Z,24.7,19.1,576.0,0.52,61
2025-05-27T17:00Z,25.9,18.9,671.0,0.69,100
2025-05-27T18:00Z,26.2,19.3,622.0,1.3,30
2025-05-27T19:00Z,27.0,19.3,853.0,1.55,13
2025-05-27T20:00Z,27.5,19.2,882.0,2.21,11
2025-05-27T21:00Z,27.9,19.2,790.0,2.57,29
2025-05-27T22:00Z,27.0,19.7,588.0,2.73,49
2025-05-27T23:00Z,26.1,19.9,354.0,2.33,34
2025-05-28T00:00Z,25.9,19.8,260.0,1.91,40
2025-05-28T01:00Z,25.2,20.2,111.0,1.36,98
2025-05-28T02:00Z,24.2,19.9,6.0,1.96,100
2025-05-28T03:00Z,23.5,19.4,0.0,2.22,100
2025-05-28T04:00Z,22.7,19.6,0.0,1.48,100
2025-05-28T05:00Z,22.1,19.8,0.0,1.74,100
2025-05-28T06:00Z,21.8,19.7,0.0,1.78,100
2025-05-28T07:00Z,21.4,19.6,0.0,1.84,100
2025-05-28T08:00Z,21.0,19.3,0.0,2.39,100
2025-05-28T09:00Z,20.8,19.1,0.0,2.35,100
2025-05-28T10:00Z,20.4,18.8,0.0,2.14,100
2025-05-28T11:00Z,20.0,18.5,0.0,2.6,100
2025-05-28T12:00Z,19.9,18.4,10.0,2.5,2
2025-05-28T13:00Z,20.1,18.3,45.0,2.1,100
2025-05-28T14:00Z,20.5,18.3,177.0,1.81,100
2025-05-28T15:00Z,22.0,18.4,373.0,3.08,33
2025-05-28T16:00Z,23.8,19.1,687.0,1.95,83
2025-05-28T17:00Z,24.7,19.2,712.0,2.35,83
2025-05-28T18:00Z,25.7,19.3,805.0,2.24,99
2025-05-28T19:00Z,25.5,18.6,472.0,2.43,100
2025-05-28T20:00Z,24.4,18.5,403.0,3.27,94
2025-05-28T21:00Z,24.9,19.4,470.0,1.08,99
2025-05-28T22:00Z,22.5,18.7,199.0,2.5,100
2025-05-28T23:00Z,22.4,19.0,195.0,0.56,100
2025-05-29T00:00Z,22.3,19.3,136.0,1.95,100
2025-05-29T01:00Z,22.7,19.5,73.0,1.46,75
2025-05-29T02:00Z,21.7,19.7,6.0,0.89,99
2025-05-29T03:00Z,21.5,19.6,0.0,1.13,97
2025-05-29T04:00Z,21.0,19.2,0.0,2.3,75
2025-05-29T05:00Z,20.4,19.1,0.0,2.51,14
2025-05-29T06:00Z,20.0,19.2,0.0,2.11,12
2025-05-29T07:00Z,19.9,19.2,0.0,1.88,26
2025-05-29T08:00Z,19.8,19.2,0.0,1.6,100
2025-05-29T09:00Z,20.2,19.6,0.0,1.97,100
2025-05-29T10:00Z,20.5,19.8,0.0,1.9,100
2025-05-29T11:00Z,20.2,19.9,0.0,2.13,100
2025-05-29T12:00Z,20.2,19.9,11.0,2.6,100
2025-05-29T13:00Z,20.4,19.2,83.0,1.61,100
2025-05-29T14:00Z,21.1,19.3,139.0,1.82,100
2025-05-29T15:00Z,22.2,19.6,263.0,1.5,100
2025-05-29T16:00Z,23.8,20.0,453.0,1.75,100
2025-05-29T17:00Z,25.0,20.3,484.0,2.08,100
2025-05-29T18:00Z,26.5,20.7,666.0,1.23,100
2025-05-29T19:00Z,26.9,21.0,568.0,1.03,100
2025-05-29T20:00Z,27.4,20.8,560.0,0.87,34
2025-05-29T21:00Z,28.0,20.6,672.0,0.85,50
2025-05-29T22:00Z,28.3,20.6,588.0,1.45,47
2025-05-29T23:00Z,27.9,20.6,452.0,1.44,65
2025-05-30T00:00Z,27.3,20.9,230.0,1.18,61
2025-05-30T01:00Z,24.1,21.4,78.0,1.06,98
2025-05-30T02:00Z,23.4,21.9,4.0,0.74,100
2025-05-30T03:00Z,23.3,22.0,0.0,0.85,100
2025-05-30T04:00Z,22.3,22.0,0.0,1.81,100
2025-05-30T05:00Z,21.3,20.7,0.0,2.51,100
2025-05-30T06:00Z,21.1,20.5,0.0,2.24,100
2025-05-30T07:00Z,20.9,20.2,0.0,3.53,100
2025-05-30T08:00Z,20.6,19.4,0.0,2.6,100
2025-05-30T09:00Z,20.1,18.8,0.0,1.66,58
2025-05-30T10:00Z,19.5,18.3,0.0,3.44,64
2025-05-30T11:00Z,18.9,17.1,0.0,3.36,100
2025-05-30T12:00Z,18.4,16.0,6.0,2.72,97
2025-05-30T13:00Z,18.7,16.7,78.0,2.9,99
2025-05-30T14:00Z,19.8,16.9,255.0,2.86,93
2025-05-30T15:00Z,21.3,16.9,532.0,2.59,39
2025-05-30T16:00Z,22.7,16.3,709.0,3.54,75
2025-05-30T17:00Z,23.6,16.5,727.0,3.02,63
2025-05-30T18:00Z,24.9,16.3,896.0,2.48,69
2025-05-30T19:00Z,25.6,16.3,896.0,2.68,95
2025-05-30T20:00Z,25.6,15.9,724.0,2.74,92
2025-05-30T21:00Z,26.2,16.2,700.0,2.39,99
2025-05-30T22:00Z,26.4,16.2,642.0,2.18,69
2025-05-30T23:00Z,26.4,16.2,446.0,1.59,28
2025-05-31T00:00Z,25.9,16.6,301.0,1.63,12
2025-05-31T01:00Z,24.5,19.1,113.0,0.85,10
2025-05-31T02:00Z,22.8,18.7,7.0,1.03,7
2025-05-31T03:00Z,22.1,18.2,0.0,1.61,4
2025-05-31T04:00Z,21.2,17.1,0.0,1.42,0
2025-05-31T05:00Z,20.4,16.5,0.0,1.24,0
2025-05-31T06:00Z,19.8,16.1,0.0,1.25,0
2025-05-31T07:00Z,19.4,15.8,0.0,0.61,4
2025-05-31T08:00Z,19.2,15.4,0.0,0.53,10
2025-05-31T09:00Z,18.9,15.0,0.0,0.65,0
2025-05-31T10:00Z,18.6,14.6,0.0,0.5,43
2025-05-31T11:00Z,18.1,14.3,0.0,0.25,10
2025-05-31T12:00Z,18.0,14.8,16.0,0.22,0
2025-05-31T13:00Z,19.9,16.6,154.0,1.42,0
2025-05-31T14:00Z,22.6,17.3,354.0,0.97,0
2025-05-31T15:00Z,24.6,15.2,556.0,1.36,2
2025-05-31T16:00Z,25.7,13.7,738.0,0.99,0
2025-05-31T17:00Z,26.4,14.0,879.0,0.81,2
2025-05-31T18:00Z,27.0,14.4,964.0,0.65,0
2025-05-31T19:00Z,27.6,14.7,990.0,0.64,0
2025-05-31T20:00Z,28.0,14.8,951.0,0.67,0
2025-05-31T21:00Z,28.3,15.1,854.0,0.74,1
2025-05-31T22:00Z,28.4,15.4,707.0,0.38,2
2025-05-31T23:00Z,28.0,15.5,509.0,0.25,5
2025-06-01T00:00Z,27.6,16.2,306.0,0.76,3
2025-06-01T01:00Z,26.1,19.0,117.0,1.44,3
2025-06-01T02:00Z,24.8,18.4,7.0,2.38,3
2025-06-01T03:00Z,23.7,17.4,0.0,2.21,1
2025-06-01T04:00Z,22.8,17.3,0.0,2.17,0
2025-06-01T05:00Z,22.0,17.2,0.0,2.2,0
2025-06-01T06:00Z,21.5,16.9,0.0,1.99,0
2025-06-01T07:00Z,21.2,16.5,0.0,2.12,2
2025-06-01T08:00Z,20.8,16.4,0.0,2.0,0
2025-06-01T09:00Z,20.6,16.5,0.0,2.02,2
2025-06-01T10:00Z,20.4,16.6,0.0,1.88,0
2025-06-01T11:00Z,20.2,16.5,0.0,2.19,0
2025-06-01T12:00Z,20.3,16.5,16.0,2.37,0
2025-06-01T13:00Z,21.8,17.8,131.0,2.22,71
2025-06-01T14:00Z,22.1,18.8,213.0,3.38,33
2025-06-01T15:00Z,22.7,20.0,448.0,4.21,100
2025-06-01T16:00Z,21.0,19.8,92.0,5.29,22
2025-06-01T17:00Z,23.6,20.4,606.0,3.89,5
2025-06-01T18:00Z,25.6,21.1,888.0,4.11,29
2025-06-01T19:00Z,27.1,21.1,884.0,3.62,70
2025-06-01T20:00Z,27.6,21.3,713.0,3.71,78
2025-06-01T21:00Z,27.7,21.2,530.0,3.35,100
2025-06-01T22:00Z,28.5,21.1,487.0,3.31,70
2025-06-01T23:00Z,28.1,21.9,347.0,2.59,44
2025-06-02T00:00Z,27.4,22.2,250.0,1.98,54
2025-06-02T01:00Z,24.8,23.4,85.0,1.97,68
2025-06-02T02:00Z,23.8,23.2,5.0,1.79,100
2025-06-02T03:00Z,23.3,22.6,0.0,3.08,12
2025-06-02T04:00Z,22.6,21.5,0.0,2.86,6
2025-06-02T05:00Z,22.0,20.6,0.0,3.36,0
2025-06-02T06:00Z,21.5,19.3,0.0,3.72,0
2025-06-02T07:00Z,21.2,18.4,0.0,4.06,0
2025-06-02T08:00Z,21.0,18.0,0.0,3.99,2
2025-06-02T09:00Z,20.8,18.1,0.0,3.93,3
2025-06-02T10:00Z,20.7,18.2,0.0,3.63,11
2025-06-02T11:00Z,20.6,18.0,0.0,3.52,9
2025-06-02T12:00Z,20.6,18.2,15.0,3.59,13
2025-06-02T13:00Z,23.1,22.1,110.0,3.66,79
2025-06-02T14:00Z,24.0,22.9,206.0,3.37,27
2025-06-02T15:00Z,26.2,23.6,408.0,2.96,27
2025-06-02T16:00Z,27.5,24.0,580.0,2.8,31
2025-06-02T17:00Z,29.1,24.3,772.0,3.65,24
2025-06-02T18:00Z,30.0,24.2,848.0,4.27,14
2025-06-02T19:00Z,30.7,23.9,881.0,4.67,31
2025-06-02T20:00Z,31.4,23.7,797.0,4.66,35
2025-06-02T21:00Z,31.7,23.1,748.0,4.89,53
2025-06-02T22:00Z,31.3,22.7,516.0,4.62,92
2025-06-02T23:00Z,30.9,22.8,377.0,3.86,44
2025-06-03T00:00Z,30.5,22.8,283.0,3.81,93
2025-06-03T01:00Z,28.4,22.8,108.0,3.58,97
2025-06-03T02:00Z,27.4,22.0,8.0,3.58,100
2025-06-03T03:00Z,26.6,22.3,0.0,3.05,88
2025-06-03T04:00Z,26.6,21.6,0.0,4.59,25
2025-06-03T05:00Z,26.2,21.5,0.0,4.45,13
2025-06-03T06:00Z,25.6,21.8,0.0,3.93,0
2025-06-03T07:00Z,25.1,22.0,0.0,4.22,0
2025-06-03T08:00Z,24.8,21.9,0.0,4.3,22
2025-06-03T09:00Z,24.3,21.6,0.0,3.85,100
2025-06-03T10:00Z,23.8,21.3,0.0,3.48,100
2025-06-03T11:00Z,23.4,20.8,0.0,3.67,100
2025-06-03T12:00Z,23.3,20.7,11.0,3.61,100
2025-06-03T13:00Z,24.6,22.2,127.0,3.21,97
2025-06-03T14:00Z,25.7,22.2,235.0,4.89,100
2025-06-03T15:00Z,26.4,22.1,261.0,4.78,99
2025-06-03T16:00Z,27.6,22.4,511.0,5.39,94
2025-06-03T17:00Z,28.1,22.3,495.0,5.98,19
2025-06-03T18:00Z,29.3,22.1,883.0,6.71,46
2025-06-03T19:00Z,29.4,21.9,761.0,6.35,51
2025-06-03T20:00Z,30.0,21.8,725.0,6.0,58
2025-06-03T21:00Z,30.3,21.7,674.0,5.71,54
2025-06-03T22:00Z,30.2,21.7,591.0,5.62,48
2025-06-03T23:00Z,29.3,22.8,406.0,4.18,63
2025-06-04T00:00Z,28.9,22.6,261.0,4.66,57
2025-06-04T01:00Z,25.6,22.6,67.0,2.7,89
2025-06-04T02:00Z,24.8,22.6,4.0,4.47,30
2025-06-04T03:00Z,25.0,22.3,0.0,4.46,82
2025-06-04T04:00Z,24.6,22.7,0.0,4.37,97
2025-06-04T05:00Z,24.7,22.7,0.0,3.93,100
2025-06-04T06:00Z,23.9,23.4,0.0,2.27,100
2025-06-04T07:00Z,23.7,23.1,0.0,2.72,98
2025-06-04T08:00Z,22.9,21.9,0.0,2.91,100
2025-06-04T09:00Z,22.4,21.4,0.0,3.01,60
2025-06-04T10:00Z,22.5,21.3,0.0,3.44,100
2025-06-04T11:00Z,22.6,21.3,0.0,3.6,100
2025-06-04T12:00Z,20.3,18.8,3.0,4.13,100
2025-06-04T13:00Z,20.8,19.6,54.0,3.14,100
2025-06-04T14:00Z,20.7,19.4,115.0,2.67,69
2025-06-04T15:00Z,22.2,19.4,386.0,3.09,99
2025-06-04T16:00Z,23.0,19.5,383.0,3.11,100
2025-06-04T17:00Z,23.6,19.5,417.0,2.8,100
2025-06-04T18:00Z,24.0,19.6,413.0,2.83,79
2025-06-04T19:00Z,24.7,19.9,642.0,3.01,98
2025-06-04T20:00Z,25.1,20.0,640.0,2.93,44
2025-06-04T21:00Z,25.6,20.0,621.0,2.59,100
2025-06-04T22:00Z,25.4,19.6,416.0,2.36,99
2025-06-04T23:00Z,25.2,19.7,314.0,2.04,100
2025-06-05T00:00Z,24.8,19.6,147.0,1.76,100
2025-06-05T01:00Z,24.4,20.3,119.0,1.15,3
2025-06-05T02:00Z,23.4,20.3,9.0,1.55,5
2025-06-05T03:00Z,22.9,20.2,0.0,1.88,2
2025-06-05T04:00Z,22.3,20.1,0.0,2.09,2
2025-06-05T05:00Z,21.8,19.8,0.0,2.15,7
2025-06-05T06:00Z,21.4,19.8,0.0,1.54,12
2025-06-05T07:00Z,21.0,19.7,0.0,1.55,20
2025-06-05T08:00Z,20.9,19.7,0.0,1.25,100
2025-06-05T09:00Z,21.0,19.8,0.0,0.95,100
2025-06-05T10:00Z,21.0,19.9,0.0,0.89,100
2025-06-05T11:00Z,21.0,20.1,0.0,1.08,100
2025-06-05T12:00Z,21.3,20.4,8.0,1.33,100
2025-06-05T13:00Z,22.5,21.2,55.0,1.11,100
2025-06-05T14:00Z,22.9,21.6,74.0,0.85,100
2025-06-05T15:00Z,22.0,21.4,161.0,3.13,100
2025-06-05T16:00Z,22.2,21.0,81.0,1.45,100
2025-06-05T17:00Z,23.0,20.9,214.0,1.85,100
2025-06-05T18:00Z,24.9,22.0,536.0,2.73,84
2025-06-05T19:00Z,28.4,22.6,957.0,3.85,66
2025-06-05T20:00Z,29.6,22.9,846.0,3.36,26
2025-06-05T21:00Z,29.7,23.1,730.0,3.01,24
2025-06-05T22:00Z,29.7,23.3,631.0,2.82,40
2025-06-05T23:00Z,29.5,22.9,416.0,2.64,73
2025-06-06T00:00Z,29.2,23.6,208.0,1.52,100
2025-06-06T01:00Z,28.1,24.4,99.0,2.67,100
2025-06-06T02:00Z,26.8,24.2,6.0,2.88,100
2025-06-06T03:00Z,26.1,23.6,0.0,3.46,100
2025-06-06T04:00Z,25.6,23.0,0.0,3.29,100
2025-06-06T05:00Z,25.6,23.0,0.0,2.97,96
2025-06-06T06:00Z,25.6,23.3,0.0,3.22,38
2025-06-06T07:00Z,25.5,23.2,0.0,3.25,5
2025-06-06T08:00Z,25.4,22.6,0.0,3.44,0
2025-06-06T09:00Z,25.0,22.4,0.0,3.35,1
2025-06-06T10:00Z,24.8,22.6,0.0,3.27,0
2025-06-06T11:00Z,24.7,22.6,0.0,3.47,0
2025-06-06T12:00Z,24.8,22.0,16.0,3.67,0
2025-06-06T13:00Z,25.9,22.5,135.0,2.05,92
2025-06-06T14:00Z,26.9,22.9,309.0,1.85,97
2025-06-06T15:00Z,27.8,23.3,465.0,2.7,100
2025-06-06T16:00Z,29.2,23.2,707.0,3.66,38
2025-06-06T17:00Z,30.2,23.2,840.0,3.91,12
2025-06-06T18:00Z,31.0,23.2,912.0,2.86,17
2025-06-06T19:00Z,31.7,23.0,922.0,3.44,34
2025-06-06T20:00Z,32.0,23.0,880.0,3.92,27
2025-06-06T21:00Z,32.0,23.0,775.0,4.0,20
2025-06-06T22:00Z,32.0,22.8,653.0,4.04,36
2025-06-06T23:00Z,31.5,22.5,477.0,3.83,37
2025-06-07T00:00Z,30.7,22.7,286.0,2.95,73
2025-06-07T01:00Z,29.7,24.0,52.0,1.34,99
2025-06-07T02:00Z,28.5,23.8,8.0,1.77,100
2025-06-07T03:00Z,27.8,24.0,0.0,2.09,100
2025-06-07T04:00Z,27.5,23.9,0.0,2.99,98
2025-06-07T05:00Z,27.3,23.3,0.0,3.36,99
2025-06-07T06:00Z,27.1,22.7,0.0,3.66,100
2025-06-07T07:00Z,26.7,22.4,0.0,3.61,24
2025-06-07T08:00Z,26.4,22.2,0.0,4.69,4
2025-06-07T09:00Z,26.0,22.2,0.0,4.75,0
2025-06-07T10:00Z,25.5,22.3,0.0,4.63,0
2025-06-07T11:00Z,25.0,22.3,0.0,4.68,0
2025-06-07T12:00Z,24.9,22.2,17.0,4.78,0
2025-06-07T13:00Z,26.0,23.6,139.0,3.1,8
2025-06-07T14:00Z,27.2,23.4,332.0,4.07,52
2025-06-07T15:00Z,28.5,23.3,473.0,3.23,26
2025-06-07T16:00Z,29.6,23.2,624.0,2.4,82
2025-06-07T17:00Z,29.6,23.3,706.0,2.11,45
2025-06-07T18:00Z,29.3,23.5,797.0,1.7,51
2025-06-07T19:00Z,30.0,23.4,730.0,1.02,20
2025-06-07T20:00Z,31.1,23.2,858.0,1.95,16
2025-06-07T21:00Z,32.3,22.5,745.0,2.5,12
2025-06-07T22:00Z,32.9,22.2,647.0,2.98,18
2025-06-07T23:00Z,33.0,21.7,494.0,2.85,25
2025-06-08T00:00Z,32.5,22.7,290.0,2.11,43
2025-06-08T01:00Z,28.5,25.2,117.0,0.92,23
2025-06-08T02:00Z,28.5,25.2,9.0,1.53,54
2025-06-08T03:00Z,28.4,25.2,0.0,0.81,31
2025-06-08T04:00Z,28.5,24.5,0.0,1.55,5
2025-06-08T05:00Z,28.0,22.9,0.0,1.81,21
2025-06-08T06:00Z,26.7,22.9,0.0,2.26,18
2025-06-08T07:00Z,26.6,22.4,0.0,2.12,9
2025-06-08T08:00Z,25.8,22.6,0.0,0.91,27
2025-06-08T09:00Z,25.5,22.8,0.0,1.22,22
2025-06-08T10:00Z,24.9,22.7,0.0,1.97,19
2025-06-08T11:00Z,24.4,22.7,0.0,1.75,43
2025-06-08T12:00Z,24.3,22.6,14.0,3.02,39
2025-06-08T13:00Z,25.1,22.0,125.0,3.44,87
2025-06-08T14:00Z,25.2,21.6,134.0,2.36,66
2025-06-08T15:00Z,25.8,22.2,425.0,2.0,5
2025-06-08T16:00Z,28.7,22.9,696.0,2.64,35
2025-06-08T17:00Z,30.0,24.1,818.0,1.84,34
2025-06-08T18:00Z,30.7,24.1,810.0,2.2,26
2025-06-08T19:00Z,31.1,24.3,865.0,2.51,46
2025-06-08T20:00Z,31.3,24.4,734.0,2.57,50
2025-06-08T21:00Z,32.0,24.3,703.0,2.75,76
2025-06-08T22:00Z,32.1,23.8,514.0,3.26,52
2025-06-08T23:00Z,31.9,23.8,419.0,3.86,60
2025-06-09T00:00Z,31.7,23.9,273.0,2.33,82
2025-06-09T01:00Z,26.3,24.2,86.0,5.04,100
2025-06-09T02:00Z,25.0,22.3,8.0,4.32,100
2025-06-09T03:00Z,25.3,22.4,0.0,1.75,100
2025-06-09T04:00Z,23.8,21.9,0.0,4.17,100
2025-06-09T05:00Z,23.0,21.5,0.0,4.25,100
2025-06-09T06:00Z,22.9,21.0,0.0,2.51,100
2025-06-09T07:00Z,22.5,20.5,0.0,6.42,100
2025-06-09T08:00Z,22.6,20.7,0.0,0.97,100
2025-06-09T09:00Z,22.3,21.4,0.0,2.26,98
2025-06-09T10:00Z,22.1,21.6,0.0,1.72,100
2025-06-09T11:00Z,22.8,21.8,0.0,3.58,94
2025-06-09T12:00Z,22.9,21.8,8.0,3.37,100
2025-06-09T13:00Z,21.5,19.9,75.0,2.28,77
2025-06-09T14:00Z,22.7,19.7,257.0,2.84,46
2025-06-09T15:00Z,24.5,19.4,462.0,3.0,12
2025-06-09T16:00Z,26.0,19.8,677.0,2.7,67
2025-06-09T17:00Z,27.2,20.4,791.0,2.06,7
2025-06-09T18:00Z,28.2,20.4,872.0,2.11,35
2025-06-09T19:00Z,28.7,19.9,695.0,0.95,100
2025-06-09T20:00Z,29.3,20.0,645.0,0.6,100
2025-06-09T21:00Z,29.7,19.9,559.0,0.39,9
2025-06-09T22:00Z,30.2,20.1,667.0,0.4,21
2025-06-09T23:00Z,30.1,19.8,500.0,0.84,39
2025-06-10T00:00Z,29.6,20.1,303.0,1.25,48
2025-06-10T01:00Z,28.2,21.4,126.0,2.02,29
2025-06-10T02:00Z,26.4,21.3,10.0,1.5,58
2025-06-10T03:00Z,25.5,21.5,0.0,1.1,49
2025-06-10T04:00Z,25.0,21.1,0.0,1.32,23
2025-06-10T05:00Z,24.3,21.3,0.0,0.97,60
2025-06-10T06:00Z,23.7,21.5,0.0,0.7,97
2025-06-10T07:00Z,23.3,21.4,0.0,0.36,44
2025-06-10T08:00Z,22.8,21.2,0.0,0.11,4
2025-06-10T09:00Z,22.1,21.0,0.0,0.34,0
2025-06-10T10:00Z,21.6,20.9,0.0,0.1,51
2025-06-10T11:00Z,21.2,20.8,0.0,1.04,0
2025-06-10T12:00Z,21.8,21.0,18.0,1.15,0
2025-06-10T13:00Z,24.5,22.1,140.0,1.29,99
2025-06-10T14:00Z,24.9,22.3,162.0,0.96,100
2025-06-10T15:00Z,25.7,22.4,237.0,1.23,100
2025-06-10T16:00Z,26.6,22.4,332.0,1.56,100
2025-06-10T17:00Z,27.2,22.4,364.0,2.25,100
2025-06-10T18:00Z,27.4,22.2,392.0,3.01,100
2025-06-10T19:00Z,27.1,22.4,350.0,1.96,100
2025-06-10T20:00Z,28.7,21.7,737.0,1.5,100
2025-06-10T21:00Z,28.0,21.3,307.0,1.48,100
2025-06-10T22:00Z,27.5,21.8,194.0,1.28,100
2025-06-10T23:00Z,26.8,22.4,104.0,1.68,100
2025-06-11T00:00Z,26.7,22.4,102.0,1.27,100
2025-06-11T01:00Z,23.8,22.3,91.0,0.9,100
2025-06-11T02:00Z,23.6,22.1,10.0,1.13,99
2025-06-11T03:00Z,23.3,21.8,0.0,1.27,100
2025-06-11T04:00Z,23.3,21.5,0.0,1.77,100
2025-06-11T05:00Z,23.0,21.2,0.0,1.13,100
2025-06-11T06:00Z,22.9,21.2,0.0,1.35,100
2025-06-11T07:00Z,22.4,20.7,0.0,2.05,100
2025-06-11T08:00Z,21.9,20.3,0.0,1.3,100
2025-06-11T09:00Z,21.6,20.3,0.0,1.88,100
2025-06-11T10:00Z,21.6,20.8,0.0,2.31,100
2025-06-11T11:00Z,21.4,20.7,0.0,0.78,100
2025-06-11T12:00Z,21.4,20.9,11.0,2.46,100
2025-06-11T13:00Z,21.5,20.8,24.0,1.61,100
2025-06-11T14:00Z,21.2,20.6,19.0,3.3,100
2025-06-11T15:00Z,21.9,21.2,129.0,1.72,100
2025-06-11T16:00Z,21.7,20.7,73.0,3.3,100
2025-06-11T17:00Z,21.5,20.8,139.0,2.35,100
2025-06-11T18:00Z,22.7,21.3,213.0,2.32,100
2025-06-11T19:00Z,22.2,21.3,114.0,2.11,100
2025-06-11T20:00Z,24.2,21.1,466.0,3.93,100
2025-06-11T21:00Z,23.3,21.2,246.0,3.54,100
2025-06-11T22:00Z,22.5,21.0,184.0,3.23,100
2025-06-11T23:00Z,22.8,20.8,159.0,2.75,100
2025-06-12T00:00Z,22.2,21.2,64.0,3.51,100
2025-06-12T01:00Z,22.0,20.9,20.0,3.34,100
2025-06-12T02:00Z,21.6,20.9,9.0,2.97,98
2025-06-12T03:00Z,21.6,21.0,0.0,1.95,100
2025-06-12T04:00Z,21.7,21.2,0.0,1.81,100
2025-06-12T05:00Z,21.9,21.3,0.0,1.95,100
2025-06-12T06:00Z,21.6,21.2,0.0,2.87,100
2025-06-12T07:00Z,21.8,21.3,0.0,2.53,100
2025-06-12T08:00Z,21.6,21.4,0.0,2.8,100
2025-06-12T09:00Z,21.8,21.4,0.0,3.49,100
2025-06-12T10:00Z,21.9,21.2,0.0,2.86,100
2025-06-12T11:00Z,21.4,20.9,0.0,2.94,100
2025-06-12T12:00Z,20.9,20.2,11.0,2.62,100
2025-06-12T13:00Z,20.7,20.4,11.0,2.42,100
2025-06-12T14:00Z,20.8,20.5,30.0,2.23,100
2025-06-12T15:00Z,21.1,20.1,103.0,2.76,100
2025-06-12T16:00Z,21.0,20.1,95.0,1.52,100
2025-06-12T17:00Z,23.4,20.5,516.0,1.34,100
2025-06-12T18:00Z,25.1,20.3,646.0,0.9,100
2025-06-12T19:00Z,26.2,20.2,733.0,0.27,100
2025-06-12T20:00Z,26.9,19.9,745.0,0.76,100
2025-06-12T21:00Z,27.4,20.1,671.0,0.83,100
2025-06-12T22:00Z,27.6,20.1,580.0,0.74,42
2025-06-12T23:00Z,27.5,20.4,469.0,0.74,9
2025-06-13T00:00Z,27.2,20.6,303.0,0.85,7
2025-06-13T01:00Z,25.8,21.0,125.0,1.49,12
2025-06-13T02:00Z,24.4,21.2,11.0,1.98,4
2025-06-13T03:00Z,23.7,21.0,0.0,2.26,0
2025-06-13T04:00Z,23.2,20.9,0.0,2.3,2
2025-06-13T05:00Z,22.8,20.9,0.0,2.18,0
2025-06-13T06:00Z,22.3,20.7,0.0,2.47,0
2025-06-13T07:00Z,21.9,20.7,0.0,2.44,0
2025-06-13T08:00Z,21.7,20.9,0.0,2.66,0
2025-06-13T09:00Z,21.5,21.0,0.0,2.87,100
2025-06-13T10:00Z,21.5,21.1,0.0,3.05,100
2025-06-13T11:00Z,21.4,20.9,0.0,2.97,100
2025-06-13T12:00Z,21.4,20.9,10.0,2.01,100
2025-06-13T13:00Z,21.4,20.5,71.0,2.93,100
2025-06-13T14:00Z,22.8,20.8,181.0,2.73,83
2025-06-13T15:00Z,25.7,20.7,422.0,2.13,99
2025-06-13T16:00Z,27.2,21.4,612.0,1.71,88
2025-06-13T17:00Z,27.9,22.6,735.0,2.43,26
2025-06-13T18:00Z,28.9,23.1,858.0,2.93,9
2025-06-13T19:00Z,30.0,22.6,940.0,3.56,3
2025-06-13T20:00Z,30.6,22.7,931.0,3.61,0
2025-06-13T21:00Z,30.9,23.0,840.0,3.2,1
2025-06-13T22:00Z,31.0,22.3,685.0,3.37,39
2025-06-13T23:00Z,30.8,21.9,482.0,3.0,41
2025-06-14T00:00Z,30.3,22.7,312.0,2.25,99
2025-06-14T01:00Z,25.1,23.6,42.0,1.93,100
2025-06-14T02:00Z,24.7,22.5,6.0,3.39,99
2025-06-14T03:00Z,24.3,22.3,0.0,2.73,100
2025-06-14T04:00Z,24.1,22.4,0.0,2.87,100
2025-06-14T05:00Z,24.2,22.3,0.0,1.61,100
2025-06-14T06:00Z,23.9,21.9,0.0,2.1,100
2025-06-14T07:00Z,23.7,21.7,0.0,2.62,100
2025-06-14T08:00Z,23.5,21.5,0.0,3.45,100
2025-06-14T09:00Z,23.3,21.4,0.0,3.63,100
2025-06-14T10:00Z,23.2,21.5,0.0,3.03,100
2025-06-14T11:00Z,23.0,21.8,0.0,2.32,100
2025-06-14T12:00Z,23.2,22.1,15.0,2.2,100
2025-06-14T13:00Z,25.0,22.7,140.0,2.92,74
2025-06-14T14:00Z,26.5,23.1,280.0,3.39,45
2025-06-14T15:00Z,28.2,23.5,500.0,2.72,4
2025-06-14T16:00Z,29.7,23.4,678.0,3.41,96
2025-06-14T17:00Z,30.8,23.6,793.0,3.16,100
2025-06-14T18:00Z,31.3,23.8,871.0,3.98,90
2025-06-14T19:00Z,30.3,23.2,878.0,2.85,96
2025-06-14T20:00Z,29.8,23.4,634.0,1.53,100
2025-06-14T21:00Z,25.5,22.3,309.0,2.39,100
2025-06-14T22:00Z,26.1,22.9,191.0,1.77,100
2025-06-14T23:00Z,27.2,23.8,247.0,3.26,100
2025-06-15T00:00Z,28.6,24.7,217.0,0.74,100
2025-06-15T01:00Z,28.7,24.4,101.0,1.79,78
2025-06-15T02:00Z,27.6,24.0,11.0,3.26,67
2025-06-15T03:00Z,26.8,23.6,0.0,3.34,36
2025-06-15T04:00Z,26.1,23.5,0.0,3.74,72
2025-06-15T05:00Z,25.7,23.5,0.0,4.02,0
2025-06-15T06:00Z,25.6,23.3,0.0,3.91,11
2025-06-15T07:00Z,25.3,23.0,0.0,3.7,0
2025-06-15T08:00Z,24.9,22.7,0.0,4.01,0
2025-06-15T09:00Z,24.6,22.6,0.0,3.97,1
2025-06-15T10:00Z,24.3,22.5,0.0,3.76,0
2025-06-15T11:00Z,24.0,22.4,0.0,3.12,1
2025-06-15T12:00Z,24.0,22.4,17.0,2.74,2
2025-06-15T13:00Z,25.5,23.8,56.0,2.3,97
2025-06-15T14:00Z,26.8,24.0,195.0,2.09,99
2025-06-15T15:00Z,23.3,21.7,196.0,1.68,100
2025-06-15T16:00Z,23.2,22.0,60.0,0.93,100
2025-06-15T17:00Z,24.8,22.4,327.0,1.98,100
2025-06-15T18:00Z,25.9,22.5,280.0,2.85,100
2025-06-15T19:00Z,27.0,23.2,570.0,1.25,100
2025-06-15T20:00Z,28.2,23.5,571.0,2.25,99
2025-06-15T21:00Z,29.3,23.2,621.0,2.65,99
2025-06-15T22:00Z,29.0,22.9,400.0,3.18,100
2025-06-15T23:00Z,28.8,23.0,262.0,1.91,19
2025-06-16T00:00Z,28.9,23.0,274.0,2.16,100
2025-06-16T01:00Z,26.6,21.5,108.0,1.61,84
2025-06-16T02:00Z,25.3,22.1,12.0,1.9,100
2025-06-16T03:00Z,24.8,22.6,0.0,1.81,100
2025-06-16T04:00Z,24.5,22.7,0.0,1.61,100
2025-06-16T05:00Z,24.2,22.7,0.0,1.28,100
2025-06-16T06:00Z,24.0,22.6,0.0,1.21,100
2025-06-16T07:00Z,23.4,22.4,0.0,0.76,72
2025-06-16T08:00Z,23.2,22.4,0.0,1.05,100
2025-06-16T09:00Z,22.9,22.3,0.0,1.2,96
2025-06-16T10:00Z,22.6,22.1,0.0,1.5,70
2025-06-16T11:00Z,22.3,21.7,0.0,1.06,2
2025-06-16T12:00Z,22.4,21.8,17.0,1.36,0
2025-06-16T13:00Z,22.8,21.7,133.0,0.47,4
2025-06-16T14:00Z,24.8,22.3,329.0,0.84,5
2025-06-16T15:00Z,26.4,22.3,516.0,0.63,6
2025-06-16T16:00Z,28.1,22.2,714.0,0.35,1
2025-06-16T17:00Z,29.3,22.1,837.0,0.6,0
2025-06-16T18:00Z,30.4,21.9,921.0,0.64,1
2025-06-16T19:00Z,31.9,21.8,963.0,1.6,34
2025-06-16T20:00Z,32.7,21.7,898.0,1.01,1
2025-06-16T21:00Z,33.3,21.7,848.0,0.56,1
2025-06-16T22:00Z,33.3,21.7,691.0,0.3,2
2025-06-16T23:00Z,33.3,21.5,512.0,0.5,3
2025-06-17T00:00Z,32.8,21.8,322.0,1.31,2
2025-06-17T01:00Z,27.2,22.1,97.0,1.9,29
2025-06-17T02:00Z,26.7,22.6,10.0,0.68,11
2025-06-17T03:00Z,26.6,22.8,0.0,2.04,3
2025-06-17T04:00Z,26.8,22.9,0.0,2.62,5
2025-06-17T05:00Z,27.1,23.5,0.0,3.0,0
2025-06-17T06:00Z,26.9,23.1,0.0,2.8,0
2025-06-17T07:00Z,26.3,23.1,0.0,2.61,0
2025-06-17T08:00Z,25.8,22.9,0.0,2.75,0
2025-06-17T09:00Z,25.5,22.8,0.0,2.9,0
2025-06-17T10:00Z,25.1,22.6,0.0,3.1,0
2025-06-17T11:00Z,24.8,22.3,0.0,3.41,0
2025-06-17T12:00Z,24.7,21.9,17.0,3.46,0
2025-06-17T13:00Z,25.6,21.9,151.0,2.85,0
2025-06-17T14:00Z,26.9,22.0,346.0,3.61,0
2025-06-17T15:00Z,28.4,22.0,545.0,3.92,0
2025-06-17T16:00Z,30.2,21.7,722.0,3.94,0
2025-06-17T17:00Z,31.8,21.7,858.0,4.36,0
2025-06-17T18:00Z,32.9,21.1,944.0,4.9,0
2025-06-17T19:00Z,33.7,20.6,973.0,5.57,0
2025-06-17T20:00Z,34.1,20.8,942.0,6.04,0
2025-06-17T21:00Z,34.2,21.2,850.0,6.44,0
2025-06-17T22:00Z,34.0,21.5,710.0,6.69,0
2025-06-17T23:00Z,33.5,21.2,531.0,6.73,1
2025-06-18T00:00Z,32.7,21.6,331.0,6.55,4
2025-06-18T01:00Z,31.9,21.3,129.0,5.97,4
2025-06-18T02:00Z,30.9,21.5,13.0,5.78,27
2025-06-18T03:00Z,30.1,21.2,0.0,5.79,7
2025-06-18T04:00Z,28.8,21.9,0.0,6.07,0
2025-06-18T05:00Z,28.2,21.4,0.0,5.98,0
2025-06-18T06:00Z,27.7,21.3,0.0,5.73,0
2025-06-18T07:00Z,27.0,21.8,0.0,5.57,0
2025-06-18T08:00Z,26.3,22.2,0.0,4.65,0
2025-06-18T09:00Z,25.9,22.1,0.0,2.32,41
2025-06-18T10:00Z,25.4,21.8,0.0,4.1,31
2025-06-18T11:00Z,25.1,21.2,0.0,5.09,53
2025-06-18T12:00Z,25.1,21.0,15.0,3.27,59
2025-06-18T13:00Z,26.5,22.5,143.0,3.46,100
2025-06-18T14:00Z,26.4,22.9,76.0,3.89,97
2025-06-18T15:00Z,27.4,22.9,171.0,4.0,53
2025-06-18T16:00Z,29.9,23.1,587.0,3.26,31
2025-06-18T17:00Z,31.8,22.5,770.0,3.77,30
2025-06-18T18:00Z,33.2,20.6,863.0,4.87,17
2025-06-18T19:00Z,34.8,18.7,901.0,5.0,6
2025-06-18T20:00Z,35.3,18.9,892.0,5.03,17
2025-06-18T21:00Z,35.4,18.8,760.0,4.61,15
2025-06-18T22:00Z,35.7,18.4,663.0,4.64,33
2025-06-18T23:00Z,35.0,18.7,484.0,4.98,46
2025-06-19T00:00Z,34.2,18.8,287.0,5.15,43
2025-06-19T01:00Z,31.9,22.3,118.0,3.3,99
2025-06-19T02:00Z,31.1,22.9,10.0,3.42,100
2025-06-19T03:00Z,30.4,22.7,0.0,3.87,100
2025-06-19T04:00Z,29.6,22.7,0.0,3.05,100
2025-06-19T05:00Z,24.9,21.6,0.0,5.6,100
2025-06-19T06:00Z,24.1,21.2,0.0,2.58,100
2025-06-19T07:00Z,24.6,21.6,0.0,2.31,100
2025-06-19T08:00Z,26.2,22.1,0.0,4.0,100
2025-06-19T09:00Z,26.4,21.8,0.0,3.38,100
2025-06-19T10:00Z,26.0,22.0,0.0,2.42,100
2025-06-19T11:00Z,25.7,22.1,0.0,2.35,100
2025-06-19T12:00Z,25.7,22.1,14.0,2.67,8
2025-06-19T13:00Z,26.6,23.4,142.0,2.5,18
2025-06-19T14:00Z,28.1,23.2,325.0,3.69,54
2025-06-19T15:00Z,29.1,23.0,403.0,3.23,12
2025-06-19T16:00Z,30.7,22.5,657.0,3.37,20
2025-06-19T17:00Z,32.0,22.3,786.0,3.16,20
2025-06-19T18:00Z,33.4,21.5,843.0,2.93,13
2025-06-19T19:00Z,34.5,21.0,897.0,2.72,21
2025-06-19T20:00Z,34.9,20.2,885.0,3.25,35
2025-06-19T21:00Z,33.8,20.3,747.0,3.43,63
2025-06-19T22:00Z,33.9,20.0,558.0,2.92,35
2025-06-19T23:00Z,33.8,20.1,478.0,3.01,35
2025-06-20T00:00Z,33.1,20.4,296.0,2.97,25
2025-06-20T01:00Z,32.6,20.7,123.0,2.55,34
2025-06-20T02:00Z,31.1,21.8,13.0,2.86,16
2025-06-20T03:00Z,30.1,22.5,0.0,3.7,1
2025-06-20T04:00Z,29.1,22.5,0.0,3.67,11
2025-06-20T05:00Z,28.4,22.1,0.0,3.36,6
2025-06-20T06:00Z,28.1,22.3,0.0,2.98,1
2025-06-20T07:00Z,28.1,22.4,0.0,3.85,2
2025-06-20T08:00Z,27.5,22.6,0.0,3.67,0
2025-06-20T09:00Z,27.1,22.7,0.0,3.44,0
2025-06-20T10:00Z,26.6,22.8,0.0,3.17,0
2025-06-20T11:00Z,26.1,22.9,0.0,3.05,0
2025-06-20T12:00Z,26.0,23.1,16.0,3.1,0
2025-06-20T13:00Z,27.2,23.8,144.0,4.29,20
2025-06-20T14:00Z,28.6,23.4,324.0,4.02,6
2025-06-20T15:00Z,30.2,22.6,517.0,4.08,4
2025-06-20T16:00Z,31.6,22.0,690.0,4.48,8
2025-06-20T17:00Z,32.8,21.2,801.0,5.1,22
2025-06-20T18:00Z,34.0,20.7,868.0,4.92,26
2025-06-20T19:00Z,35.1,20.5,867.0,4.83,12
2025-06-20T20:00Z,36.2,19.6,883.0,5.21,14
2025-06-20T21:00Z,36.5,18.0,796.0,5.11,5
2025-06-20T22:00Z,36.6,17.9,677.0,5.1,11
2025-06-20T23:00Z,35.8,18.4,520.0,5.31,2
2025-06-21T00:00Z,34.7,19.1,329.0,5.52,1
2025-06-21T01:00Z,32.3,21.2,126.0,4.52,8
2025-06-21T02:00Z,31.2,22.1,14.0,4.39,4
2025-06-21T03:00Z,30.5,22.1,0.0,4.42,5
2025-06-21T04:00Z,30.0,22.2,0.0,4.9,0
2025-06-21T05:00Z,29.2,22.3,0.0,5.27,0
2025-06-21T06:00Z,28.4,22.3,0.0,5.31,0
2025-06-21T07:00Z,27.9,22.3,0.0,5.25,0
2025-06-21T08:00Z,27.5,21.3,0.0,4.94,0
2025-06-21T09:00Z,26.8,21.1,0.0,4.56,0
2025-06-21T10:00Z,26.2,21.4,0.0,4.14,0
2025-06-21T11:00Z,25.7,21.6,0.0,3.93,0
2025-06-21T12:00Z,25.6,21.8,16.0,3.81,0
2025-06-21T13:00Z,26.3,22.9,143.0,5.13,49
2025-06-21T14:00Z,27.7,22.5,291.0,5.33,28
2025-06-21T15:00Z,29.3,21.8,484.0,6.09,59
2025-06-21T16:00Z,30.7,21.3,594.0,6.15,35
2025-06-21T17:00Z,31.9,20.9,735.0,6.3,17
2025-06-21T18:00Z,33.1,20.8,845.0,6.22,17
2025-06-21T19:00Z,34.0,20.8,881.0,6.18,9
2025-06-21T20:00Z,34.9,20.6,876.0,6.23,7
2025-06-21T21:00Z,35.2,20.1,785.0,6.27,14
2025-06-21T22:00Z,35.3,19.6,665.0,6.35,10
2025-06-21T23:00Z,34.6,19.6,492.0,6.27,7
2025-06-22T00:00Z,33.7,19.6,318.0,6.4,4
2025-06-22T01:00Z,32.0,19.5,123.0,4.96,7
2025-06-22T02:00Z,30.7,20.4,14.0,5.27,2
2025-06-22T03:00Z,30.1,20.5,0.0,4.93,1
2025-06-22T04:00Z,29.5,20.2,0.0,5.36,1
2025-06-22T05:00Z,28.8,20.4,0.0,5.48,0
2025-06-22T06:00Z,28.1,21.0,0.0,5.36,0
2025-06-22T07:00Z,27.4,21.4,0.0,5.27,0
2025-06-22T08:00Z,26.8,21.6,0.0,5.15,0
2025-06-22T09:00Z,26.3,21.9,0.0,4.82,0
2025-06-22T10:00Z,25.9,21.9,0.0,4.36,0
2025-06-22T11:00Z,25.4,21.9,0.0,3.9,0
2025-06-22T12:00Z,25.3,22.0,16.0,3.52,0
2025-06-22T13:00Z,25.9,22.7,146.0,4.87,42
2025-06-22T14:00Z,27.5,22.1,286.0,4.65,24
2025-06-22T15:00Z,29.1,21.3,494.0,5.0,40
2025-06-22T16:00Z,30.6,20.2,646.0,5.56,26
2025-06-22T17:00Z,31.9,19.8,750.0,4.91,16
2025-06-22T18:00Z,33.3,19.0,902.0,5.01,17
2025-06-22T19:00Z,34.1,18.4,907.0,5.15,21
2025-06-22T20:00Z,34.6,17.9,840.0,5.42,12
2025-06-22T21:00Z,34.3,18.3,742.0,5.46,7
2025-06-22T22:00Z,34.1,19.2,661.0,5.44,4
2025-06-22T23:00Z,33.9,19.0,499.0,5.62,10
2025-06-23T00:00Z,32.8,19.4,314.0,6.04,17
2025-06-23T01:00Z,29.2,22.4,113.0,4.39,9
2025-06-23T02:00Z,28.7,22.7,12.0,2.75,1
2025-06-23T03:00Z,28.6,22.4,0.0,4.52,1
2025-06-23T04:00Z,27.7,22.4,0.0,4.81,0
2025-06-23T05:00Z,27.3,22.6,0.0,4.44,0
2025-06-23T06:00Z,26.9,22.4,0.0,4.6,0
2025-06-23T07:00Z,26.4,22.2,0.0,4.42,0
2025-06-23T08:00Z,25.9,22.2,0.0,4.08,0
2025-06-23T09:00Z,25.5,22.3,0.0,3.83,8
2025-06-23T10:00Z,25.2,22.5,0.0,3.53,89
2025-06-23T11:00Z,25.2,22.7,0.0,3.26,1
2025-06-23T12:00Z,25.2,22.9,14.0,2.99,17
2025-06-23T13:00Z,26.1,23.2,130.0,3.55,97
2025-06-23T14:00Z,27.7,22.6,302.0,3.53,64
2025-06-23T15:00Z,29.5,21.8,489.0,3.54,26
2025-06-23T16:00Z,31.3,20.9,678.0,3.66,20
2025-06-23T17:00Z,32.6,20.4,830.0,3.6,14
2025-06-23T18:00Z,33.6,19.6,890.0,3.68,18
2025-06-23T19:00Z,34.4,18.8,912.0,3.78,14
2025-06-23T20:00Z,34.8,18.4,828.0,3.91,46
2025-06-23T21:00Z,35.1,18.1,813.0,3.89,8
2025-06-23T22:00Z,35.0,18.0,677.0,3.83,18
2025-06-23T23:00Z,34.4,18.6,486.0,4.12,10
2025-06-24T00:00Z,33.3,19.7,293.0,4.4,28
2025-06-24T01:00Z,32.0,20.0,128.0,4.1,20
2025-06-24T02:00Z,30.9,20.8,13.0,3.29,11
2025-06-24T03:00Z,30.0,21.8,0.0,3.4,7
2025-06-24T04:00Z,29.2,21.9,0.0,3.86,3
2025-06-24T05:00Z,28.3,22.1,0.0,3.76,2
2025-06-24T06:00Z,27.4,21.8,0.0,3.51,0
2025-06-24T07:00Z,26.7,21.3,0.0,3.43,0
2025-06-24T08:00Z,26.2,21.3,0.0,3.0,0
2025-06-24T09:00Z,25.8,21.4,0.0,2.84,0
2025-06-24T10:00Z,25.4,21.6,0.0,2.64,0
2025-06-24T11:00Z,25.1,21.8,0.0,2.1,0
2025-06-24T12:00Z,25.1,21.9,15.0,2.04,0
2025-06-24T13:00Z,25.8,22.2,141.0,1.36,0
2025-06-24T14:00Z,27.6,22.3,331.0,1.8,0
2025-06-24T15:00Z,29.3,22.3,526.0,2.15,1
2025-06-24T16:00Z,31.1,21.0,697.0,2.59,7
2025-06-24T17:00Z,32.4,20.2,803.0,2.7,4
2025-06-24T18:00Z,33.7,20.1,909.0,2.59,5
2025-06-24T19:00Z,34.4,19.9,931.0,2.91,11
2025-06-24T20:00Z,35.0,19.7,897.0,3.32,14
2025-06-24T21:00Z,34.7,19.6,783.0,3.58,25
2025-06-24T22:00Z,34.7,19.4,652.0,3.98,17
2025-06-24T23:00Z,33.9,19.5,425.0,3.28,8
2025-06-25T00:00Z,33.3,19.3,296.0,3.93,19
2025-06-25T01:00Z,31.5,19.6,127.0,4.16,17
2025-06-25T02:00Z,29.6,21.2,14.0,4.45,26
2025-06-25T03:00Z,28.2,21.1,0.0,3.91,12
2025-06-25T04:00Z,27.2,21.2,0.0,3.41,15
2025-06-25T05:00Z,26.6,21.5,0.0,2.77,15
2025-06-25T06:00Z,26.2,21.7,0.0,2.26,1
2025-06-25T07:00Z,25.8,21.6,0.0,2.46,0
2025-06-25T08:00Z,25.3,21.5,0.0,2.64,0
2025-06-25T09:00Z,25.0,21.3,0.0,2.51,0
2025-06-25T10:00Z,24.5,21.1,0.0,2.31,1
2025-06-25T11:00Z,24.1,21.0,0.0,1.97,0
2025-06-25T12:00Z,24.1,21.1,14.0,2.1,1
2025-06-25T13:00Z,24.3,21.3,135.0,2.09,9
2025-06-25T14:00Z,26.6,21.6,320.0,2.93,42
2025-06-25T15:00Z,28.2,21.3,458.0,2.46,23
2025-06-25T16:00Z,29.8,21.0,632.0,2.17,21
2025-06-25T17:00Z,31.2,20.5,785.0,2.84,36
2025-06-25T18:00Z,31.8,21.3,848.0,2.73,31
2025-06-25T19:00Z,32.6,21.2,828.0,2.72,28
2025-06-25T20:00Z,33.4,20.5,868.0,3.38,43
2025-06-25T21:00Z,33.1,20.3,743.0,3.32,33
2025-06-25T22:00Z,32.4,20.6,600.0,3.75,50
2025-06-25T23:00Z,31.1,20.5,449.0,3.69,68
2025-06-26T00:00Z,31.1,20.6,238.0,3.94,47
2025-06-26T01:00Z,27.9,22.1,91.0,3.81,94
2025-06-26T02:00Z,26.9,21.6,12.0,3.33,99
2025-06-26T03:00Z,26.1,21.7,0.0,3.37,89
2025-06-26T04:00Z,25.7,22.2,0.0,2.62,95
2025-06-26T05:00Z,25.4,22.6,0.0,2.84,100
2025-06-26T06:00Z,25.2,22.8,0.0,2.72,100
2025-06-26T07:00Z,25.1,22.8,0.0,3.07,95
2025-06-26T08:00Z,24.9,22.7,0.0,3.0,33
2025-06-26T09:00Z,24.6,22.6,0.0,2.84,15
2025-06-26T10:00Z,24.2,22.4,0.0,2.66,6
2025-06-26T11:00Z,24.0,22.2,0.0,2.79,31
2025-06-26T12:00Z,24.1,22.1,14.0,3.04,51
2025-06-26T13:00Z,24.9,22.4,88.0,3.29,35
2025-06-26T14:00Z,26.5,22.0,254.0,3.42,61
2025-06-26T15:00Z,28.0,21.4,397.0,3.36,100
2025-06-26T16:00Z,29.1,21.5,576.0,2.97,85
2025-06-26T17:00Z,30.2,21.7,711.0,2.9,77
2025-06-26T18:00Z,31.4,21.6,808.0,2.96,85
2025-06-26T19:00Z,32.5,21.3,888.0,3.1,27
2025-06-26T20:00Z,33.4,20.8,878.0,3.12,29
2025-06-26T21:00Z,33.8,20.7,786.0,3.24,18
2025-06-26T22:00Z,33.5,20.5,652.0,3.76,25
2025-06-26T23:00Z,32.8,20.4,465.0,2.8,45
2025-06-27T00:00Z,31.8,19.8,267.0,3.41,49
2025-06-27T01:00Z,30.1,21.1,126.0,3.65,31
2025-06-27T02:00Z,29.2,21.1,14.0,3.15,14
2025-06-27T03:00Z,28.3,21.5,0.0,3.0,97
2025-06-27T04:00Z,27.5,21.6,0.0,3.72,100
2025-06-27T05:00Z,26.8,21.8,0.0,3.48,100
2025-06-27T06:00Z,26.2,21.7,0.0,3.0,89
2025-06-27T07:00Z,25.6,21.6,0.0,3.2,89
2025-06-27T08:00Z,25.2,21.7,0.0,2.95,92
2025-06-27T09:00Z,24.9,21.8,0.0,2.85,27
2025-06-27T10:00Z,24.6,21.8,0.0,2.6,41
2025-06-27T11:00Z,24.4,21.9,0.0,2.53,84
2025-06-27T12:00Z,24.5,22.0,13.0,2.67,98
2025-06-27T13:00Z,25.3,22.3,130.0,2.51,48
2025-06-27T14:00Z,26.9,22.2,310.0,2.67,5
2025-06-27T15:00Z,28.5,22.2,519.0,2.46,1
2025-06-27T16:00Z,30.2,22.0,688.0,2.25,4
2025-06-27T17:00Z,31.8,21.6,821.0,2.8,22
2025-06-27T18:00Z,33.2,21.1,895.0,3.22,26
2025-06-27T19:00Z,34.0,20.6,925.0,3.37,18
2025-06-27T20:00Z,34.6,19.6,886.0,3.56,43
2025-06-27T21:00Z,34.8,19.0,770.0,3.6,100
2025-06-27T22:00Z,34.8,18.6,675.0,3.83,78
2025-06-27T23:00Z,34.1,18.6,464.0,3.91,100
2025-06-28T00:00Z,33.5,18.7,302.0,3.73,99
2025-06-28T01:00Z,31.9,19.6,109.0,3.06,100
2025-06-28T02:00Z,30.7,20.1,13.0,2.79,100
2025-06-28T03:00Z,29.7,20.6,0.0,3.19,100
2025-06-28T04:00Z,29.0,20.8,0.0,3.73,100
2025-06-28T05:00Z,28.3,21.0,0.0,3.67,100
2025-06-28T06:00Z,27.8,21.0,0.0,3.9,100
2025-06-28T07:00Z,27.3,21.6,0.0,3.81,100
2025-06-28T08:00Z,27.0,21.9,0.0,3.65,100
2025-06-28T09:00Z,26.6,22.3,0.0,3.56,98
2025-06-28T10:00Z,26.1,22.6,0.0,3.12,48
2025-06-28T11:00Z,25.8,22.6,0.0,2.75,58
2025-06-28T12:00Z,25.7,22.7,14.0,2.75,90
2025-06-28T13:00Z,26.3,22.7,135.0,2.66,23
2025-06-28T14:00Z,27.7,22.8,325.0,2.45,1
2025-06-28T15:00Z,29.4,22.6,522.0,2.36,0
2025-06-28T16:00Z,31.1,22.0,699.0,2.47,1
2025-06-28T17:00Z,32.7,21.1,832.0,2.44,6
2025-06-28T18:00Z,34.1,20.5,902.0,2.65,5
2025-06-28T19:00Z,35.0,20.2,948.0,3.11,10
2025-06-28T20:00Z,35.4,20.1,877.0,3.47,17
2025-06-28T21:00Z,35.4,19.8,762.0,3.91,19
2025-06-28T22:00Z,35.1,19.4,657.0,4.1,17
2025-06-28T23:00Z,34.5,19.1,497.0,4.03,7
2025-06-29T00:00Z,34.0,18.8,320.0,4.04,7
2025-06-29T01:00Z,32.3,20.1,131.0,3.92,8
2025-06-29T02:00Z,31.3,20.6,14.0,3.15,5
2025-06-29T03:00Z,30.1,21.1,0.0,3.48,4
2025-06-29T04:00Z,29.3,20.9,0.0,3.72,5
2025-06-29T05:00Z,28.9,20.6,0.0,3.76,6
2025-06-29T06:00Z,28.5,20.6,0.0,3.89,3
2025-06-29T07:00Z,27.9,21.0,0.0,4.02,1
2025-06-29T08:00Z,27.5,21.2,0.0,3.8,0
2025-06-29T09:00Z,27.0,21.4,0.0,3.51,1
2025-06-29T10:00Z,26.6,21.5,0.0,3.08,0
2025-06-29T11:00Z,26.1,21.4,0.0,2.65,0
2025-06-29T12:00Z,25.9,21.4,14.0,2.4,13
2025-06-29T13:00Z,26.5,21.6,136.0,2.01,2
2025-06-29T14:00Z,27.9,21.6,330.0,2.23,0
2025-06-29T15:00Z,29.6,21.5,529.0,2.51,4
2025-06-29T16:00Z,31.3,20.9,706.0,3.1,10
2025-06-29T17:00Z,32.8,19.8,845.0,3.41,16
2025-06-29T18:00Z,34.0,18.8,933.0,3.55,0
2025-06-29T19:00Z,34.8,18.7,965.0,3.63,2
2025-06-29T20:00Z,35.3,18.6,928.0,3.91,2
2025-06-29T21:00Z,35.3,18.5,842.0,4.34,6
2025-06-29T22:00Z,35.2,17.7,681.0,4.37,19
2025-06-29T23:00Z,34.7,17.2,445.0,4.24,19
2025-06-30T00:00Z,34.1,17.5,319.0,4.34,19
2025-06-30T01:00Z,32.6,19.6,125.0,3.03,19
2025-06-30T02:00Z,31.9,19.7,14.0,2.02,9
2025-06-30T03:00Z,30.5,21.0,0.0,4.46,10
2025-06-30T04:00Z,28.9,22.6,0.0,3.7,3
2025-06-30T05:00Z,28.3,23.1,0.0,3.58,1
2025-06-30T06:00Z,27.6,23.2,0.0,3.73,1
2025-06-30T07:00Z,27.1,23.3,0.0,3.32,0
2025-06-30T08:00Z,26.7,23.4,0.0,3.7,0
2025-06-30T09:00Z,26.3,23.3,0.0,3.55,3
2025-06-30T10:00Z,25.9,23.0,0.0,3.34,6
2025-06-30T11:00Z,25.6,22.7,0.0,3.13,44
2025-06-30T12:00Z,25.6,22.5,13.0,3.12,56
2025-06-30T13:00Z,26.2,21.7,134.0,3.23,1
2025-06-30T14:00Z,27.6,21.4,323.0,3.51,1
2025-06-30T15:00Z,29.2,21.4,515.0,2.98,2
2025-06-30T16:00Z,31.0,21.1,690.0,2.77,4
2025-06-30T17:00Z,32.8,20.3,823.0,3.18,6
2025-06-30T18:00Z,34.3,19.6,912.0,3.29,9
2025-06-30T19:00Z,35.4,18.9,930.0,3.28,15
2025-06-30T20:00Z,36.3,18.6,894.0,2.99,10
2025-06-30T21:00Z,36.9,18.4,811.0,2.77,40
2025-06-30T22:00Z,33.8,19.6,662.0,4.06,68
2025-06-30T23:00Z,33.3,19.8,484.0,4.46,58
2025-07-01T00:00Z,32.6,20.7,276.0,4.3,33
2025-07-01T01:00Z,32.3,20.1,131.0,3.25,25
2025-07-01T02:00Z,31.6,20.5,14.0,3.11,21
2025-07-01T03:00Z,26.1,22.3,0.0,5.52,96
2025-07-01T04:00Z,24.3,23.4,0.0,3.35,100
2025-07-01T05:00Z,24.9,24.0,0.0,2.15,94
2025-07-01T06:00Z,24.6,23.5,0.0,2.1,82
2025-07-01T07:00Z,24.5,23.5,0.0,0.65,99
2025-07-01T08:00Z,24.4,23.6,0.0,1.27,98
2025-07-01T09:00Z,24.3,23.4,0.0,1.49,99
2025-07-01T10:00Z,24.4,23.1,0.0,1.33,100
2025-07-01T11:00Z,24.4,22.5,0.0,1.97,100
2025-07-01T12:00Z,24.5,22.4,11.0,1.94,100
2025-07-01T13:00Z,24.2,21.5,95.0,1.7,100
2025-07-01T14:00Z,25.5,21.9,225.0,0.94,99
2025-07-01T15:00Z,27.4,22.3,493.0,1.13,75
2025-07-01T16:00Z,28.9,22.2,664.0,0.99,1
2025-07-01T17:00Z,30.4,21.9,828.0,0.96,4
2025-07-01T18:00Z,31.5,21.6,867.0,0.98,39
2025-07-01T19:00Z,32.5,21.3,918.0,0.72,25
2025-07-01T20:00Z,33.2,21.1,859.0,0.45,100
2025-07-01T21:00Z,33.4,20.8,703.0,0.8,100
2025-07-01T22:00Z,33.5,20.4,641.0,1.27,100
2025-07-01T23:00Z,32.2,19.1,457.0,2.29,99
2025-07-02T00:00Z,30.9,20.0,272.0,1.35,100
2025-07-02T01:00Z,29.1,22.5,82.0,1.08,97
2025-07-02T02:00Z,28.7,23.0,6.0,0.81,94
2025-07-02T03:00Z,28.3,23.2,0.0,1.54,100
2025-07-02T04:00Z,28.3,22.8,0.0,1.5,100
2025-07-02T05:00Z,27.8,22.4,0.0,1.5,99
2025-07-02T06:00Z,27.2,22.4,0.0,1.18,30
2025-07-02T07:00Z,26.4,22.9,0.0,0.74,90
2025-07-02T08:00Z,26.3,23.0,0.0,0.38,99
2025-07-02T09:00Z,26.2,23.0,0.0,0.25,100
2025-07-02T10:00Z,26.2,23.2,0.0,0.36,100
2025-07-02T11:00Z,25.7,23.0,0.0,0.71,57
2025-07-02T12:00Z,25.7,23.1,12.0,0.85,99
2025-07-02T13:00Z,27.1,22.5,118.0,0.82,68
2025-07-02T14:00Z,29.0,21.0,300.0,0.83,96
2025-07-02T15:00Z,30.8,20.3,496.0,1.19,100
2025-07-02T16:00Z,31.8,20.0,645.0,0.82,87
2025-07-02T17:00Z,32.4,19.6,635.0,0.65,99
2025-07-02T18:00Z,33.2,19.5,701.0,0.85,96
2025-07-02T19:00Z,33.9,19.2,782.0,1.13,98
2025-07-02T20:00Z,34.6,18.7,725.0,1.39,99
2025-07-02T21:00Z,34.8,18.4,582.0,1.86,100
2025-07-02T22:00Z,34.1,18.2,407.0,1.69,99
2025-07-02T23:00Z,32.7,19.6,323.0,3.36,100
2025-07-03T00:00Z,32.0,19.6,224.0,2.81,99
2025-07-03T01:00Z,29.6,22.6,66.0,2.4,100
2025-07-03T02:00Z,28.7,23.0,6.0,2.3,100
2025-07-03T03:00Z,28.2,23.6,0.0,2.06,100
2025-07-03T04:00Z,28.0,23.9,0.0,1.66,100
2025-07-03T05:00Z,27.6,24.1,0.0,1.68,100
2025-07-03T06:00Z,27.4,24.1,0.0,2.01,100
2025-07-03T07:00Z,27.1,23.9,0.0,1.77,100
2025-07-03T08:00Z,26.8,23.7,0.0,1.63,100
2025-07-03T09:00Z,26.5,23.6,0.0,2.09,100
2025-07-03T10:00Z,26.2,23.7,0.0,1.84,100
2025-07-03T11:00Z,25.9,23.6,0.0,1.39,33
2025-07-03T12:00Z,25.8,23.5,10.0,1.43,100
2025-07-03T13:00Z,24.9,23.2,54.0,0.6,99
2025-07-03T14:00Z,25.8,23.4,166.0,1.34,88
2025-07-03T15:00Z,27.1,20.2,244.0,1.84,100
2025-07-03T16:00Z,26.7,20.0,174.0,1.9,100
2025-07-03T17:00Z,27.0,19.8,216.0,1.4,85
2025-07-03T18:00Z,27.8,19.6,399.0,3.1,100
2025-07-03T19:00Z,28.0,19.5,524.0,3.22,38
2025-07-03T20:00Z,29.7,19.0,858.0,3.36,31
2025-07-03T21:00Z,30.6,19.1,803.0,3.51,55
2025-07-03T22:00Z,29.5,19.8,628.0,5.02,48
2025-07-03T23:00Z,27.7,21.0,374.0,3.26,57
2025-07-04T00:00Z,27.9,21.2,298.0,2.86,93
2025-07-04T01:00Z,24.9,21.4,79.0,2.89,100
2025-07-04T02:00Z,24.4,22.1,4.0,2.28,92
2025-07-04T03:00Z,24.4,21.8,0.0,2.38,98
2025-07-04T04:00Z,24.4,22.0,0.0,2.66,93
2025-07-04T05:00Z,24.3,22.3,0.0,2.93,100
2025-07-04T06:00Z,24.5,22.5,0.0,3.21,68
2025-07-04T07:00Z,24.3,22.6,0.0,2.82,52
2025-07-04T08:00Z,24.1,22.4,0.0,3.19,95
2025-07-04T09:00Z,23.7,21.6,0.0,3.24,100
2025-07-04T10:00Z,23.5,21.1,0.0,3.2,100
2025-07-04T11:00Z,23.0,21.3,0.0,3.01,100
2025-07-04T12:00Z,23.2,21.5,7.0,3.57,93
2025-07-04T13:00Z,23.6,22.8,15.0,3.23,89
2025-07-04T14:00Z,25.1,23.6,143.0,3.19,100
2025-07-04T15:00Z,24.8,23.3,137.0,3.97,80
2025-07-04T16:00Z,26.8,22.8,478.0,4.47,99
2025-07-04T17:00Z,27.0,22.7,368.0,4.51,92
2025-07-04T18:00Z,29.1,22.7,777.0,4.08,82
2025-07-04T19:00Z,30.6,21.5,909.0,4.88,32
2025-07-04T20:00Z,30.9,19.9,850.0,5.47,37
2025-07-04T21:00Z,30.4,20.5,741.0,5.88,72
2025-07-04T22:00Z,29.4,21.3,581.0,5.44,27
2025-07-04T23:00Z,28.9,22.2,453.0,5.27,55
2025-07-05T00:00Z,28.1,22.4,233.0,4.79,91
2025-07-05T01:00Z,25.3,22.9,26.0,2.58,85
2025-07-05T02:00Z,25.1,23.0,11.0,3.04,46
2025-07-05T03:00Z,25.0,23.0,0.0,3.39,48
2025-07-05T04:00Z,25.1,23.1,0.0,3.42,26
2025-07-05T05:00Z,24.9,22.7,0.0,3.65,30
2025-07-05T06:00Z,24.2,22.2,0.0,3.33,10
2025-07-05T07:00Z,24.0,22.4,0.0,3.04,30
2025-07-05T08:00Z,23.9,22.6,0.0,2.96,24
2025-07-05T09:00Z,23.9,22.8,0.0,2.74,8
2025-07-05T10:00Z,23.8,23.0,0.0,2.83,16
2025-07-05T11:00Z,23.9,23.3,0.0,2.4,100
2025-07-05T12:00Z,24.1,23.5,8.0,2.4,98
2025-07-05T13:00Z,25.0,23.5,87.0,2.76,28
2025-07-05T14:00Z,26.1,23.5,199.0,2.94,52
2025-07-05T15:00Z,27.9,22.5,454.0,3.87,25
2025-07-05T16:00Z,28.9,21.4,618.0,4.34,29
2025-07-05T17:00Z,30.2,20.6,753.0,4.64,44
2025-07-05T18:00Z,30.3,20.9,791.0,4.89,48
2025-07-05T19:00Z,31.5,21.1,853.0,4.21,19
2025-07-05T20:00Z,32.7,20.4,842.0,4.11,13
2025-07-05T21:00Z,33.0,19.9,788.0,4.75,30
2025-07-05T22:00Z,30.5,21.5,596.0,4.98,65
2025-07-05T23:00Z,30.5,21.7,394.0,4.1,21
2025-07-06T00:00Z,30.3,22.0,302.0,3.87,19
2025-07-06T01:00Z,26.1,21.6,82.0,3.19,81
2025-07-06T02:00Z,25.5,21.8,12.0,3.23,66
2025-07-06T03:00Z,25.1,21.7,0.0,3.24,33
2025-07-06T04:00Z,24.5,21.4,0.0,2.75,24
2025-07-06T05:00Z,24.2,21.5,0.0,2.56,25
2025-07-06T06:00Z,24.0,21.7,0.0,2.41,100
2025-07-06T07:00Z,24.1,21.9,0.0,2.36,100
2025-07-06T08:00Z,24.2,22.1,0.0,2.32,100
2025-07-06T09:00Z,24.2,22.2,0.0,2.06,100
2025-07-06T10:00Z,24.1,22.5,0.0,2.15,76
2025-07-06T11:00Z,23.9,22.7,0.0,2.41,51
2025-07-06T12:00Z,24.0,22.9,9.0,2.29,93
2025-07-06T13:00Z,23.9,22.0,56.0,2.33,91
2025-07-06T14:00Z,24.3,22.3,147.0,2.93,100
2025-07-06T15:00Z,26.0,22.5,338.0,3.32,100
2025-07-06T16:00Z,26.9,22.8,312.0,4.22,82
2025-07-06T17:00Z,28.4,22.6,565.0,4.63,76
2025-07-06T18:00Z,29.2,23.3,790.0,4.49,52
2025-07-06T19:00Z,29.8,23.5,829.0,3.87,64
2025-07-06T20:00Z,30.5,22.1,760.0,3.75,99
2025-07-06T21:00Z,31.1,21.0,691.0,3.87,43
2025-07-06T22:00Z,31.3,20.6,645.0,3.99,20
2025-07-06T23:00Z,31.0,20.7,485.0,3.56,13
2025-07-07T00:00Z,30.6,20.7,320.0,2.92,31
2025-07-07T01:00Z,29.2,20.7,136.0,1.94,2
2025-07-07T02:00Z,27.8,21.4,14.0,1.85,4
2025-07-07T03:00Z,27.1,22.1,0.0,1.69,3
2025-07-07T04:00Z,26.5,22.6,0.0,1.31,0
2025-07-07T05:00Z,26.1,22.5,0.0,1.54,4
2025-07-07T06:00Z,25.8,22.1,0.0,1.96,0
2025-07-07T07:00Z,25.1,22.3,0.0,0.98,1
2025-07-07T08:00Z,24.5,22.6,0.0,0.6,9
2025-07-07T09:00Z,24.3,22.4,0.0,1.01,6
2025-07-07T10:00Z,24.2,22.3,0.0,1.85,7
2025-07-07T11:00Z,24.0,22.2,0.0,2.25,2
2025-07-07T12:00Z,23.9,22.2,10.0,2.28,4
2025-07-07T13:00Z,22.4,21.2,96.0,1.54,100
2025-07-07T14:00Z,23.2,21.8,111.0,1.92,40
2025-07-07T15:00Z,26.1,23.3,470.0,0.58,68
2025-07-07T16:00Z,26.9,23.5,440.0,1.59,96
2025-07-07T17:00Z,28.8,23.9,652.0,2.34,71
2025-07-07T18:00Z,30.1,24.0,726.0,1.85,93
2025-07-07T19:00Z,30.3,23.5,690.0,3.01,45
2025-07-07T20:00Z,31.1,23.0,867.0,3.33,21
2025-07-07T21:00Z,31.4,22.7,757.0,3.13,35
2025-07-07T22:00Z,31.2,22.4,627.0,3.55,58
2025-07-07T23:00Z,29.4,22.9,396.0,2.14,58
2025-07-08T00:00Z,28.9,23.4,283.0,3.02,77
2025-07-08T01:00Z,30.8,19.7,126.0,3.15,16
2025-07-08T02:00Z,29.2,20.9,13.0,3.28,10
2025-07-08T03:00Z,28.4,21.6,0.0,2.98,7
2025-07-08T04:00Z,27.8,21.9,0.0,2.84,13
2025-07-08T05:00Z,27.4,22.1,0.0,2.79,7
2025-07-08T06:00Z,26.8,22.4,0.0,2.55,10
2025-07-08T07:00Z,26.3,22.6,0.0,2.02,10
2025-07-08T08:00Z,25.8,22.6,0.0,2.3,10
2025-07-08T09:00Z,25.4,22.4,0.0,2.46,15
2025-07-08T10:00Z,25.1,22.1,0.0,2.66,3
2025-07-08T11:00Z,24.8,22.2,0.0,2.42,5
2025-07-08T12:00Z,24.7,22.3,10.0,2.0,7
2025-07-08T13:00Z,23.4,21.3,62.0,1.44,45
2025-07-08T14:00Z,23.3,21.7,72.0,2.67,75
2025-07-08T15:00Z,24.9,22.1,283.0,1.75,98
2025-07-08T16:00Z,26.6,22.5,411.0,0.46,98
2025-07-08T17:00Z,28.5,23.0,606.0,2.41,91
2025-07-08T18:00Z,29.8,22.7,675.0,2.17,100
2025-07-08T19:00Z,30.9,22.8,726.0,2.0,51
2025-07-08T20:00Z,31.3,23.1,673.0,2.38,24
2025-07-08T21:00Z,32.5,22.9,747.0,2.53,27
2025-07-08T22:00Z,32.5,22.2,661.0,2.71,31
2025-07-08T23:00Z,27.2,22.5,452.0,3.13,96
2025-07-09T00:00Z,26.7,23.0,132.0,0.65,99
2025-07-09T01:00Z,28.1,22.3,94.0,2.39,44
2025-07-09T02:00Z,27.6,20.8,12.0,3.03,54
2025-07-09T03:00Z,26.5,21.0,0.0,3.18,4
2025-07-09T04:00Z,25.7,21.1,0.0,2.0,13
2025-07-09T05:00Z,25.1,21.3,0.0,2.11,5
2025-07-09T06:00Z,24.8,21.6,0.0,2.39,4
2025-07-09T07:00Z,24.4,21.9,0.0,2.35,0
2025-07-09T08:00Z,24.2,22.1,0.0,1.88,0
2025-07-09T09:00Z,23.9,22.3,0.0,2.06,2
2025-07-09T10:00Z,23.7,22.3,0.0,2.2,3
2025-07-09T11:00Z,23.6,22.4,0.0,1.9,1
2025-07-09T12:00Z,23.7,22.5,9.0,1.95,2
2025-07-09T13:00Z,22.3,21.4,45.0,3.93,94
2025-07-09T14:00Z,24.2,22.4,153.0,1.45,100
2025-07-09T15:00Z,25.6,22.7,307.0,2.58,100
2025-07-09T16:00Z,26.5,22.7,362.0,2.19,95
2025-07-09T17:00Z,28.6,23.1,714.0,1.5,85
2025-07-09T18:00Z,30.1,22.8,883.0,1.27,74
2025-07-09T19:00Z,31.3,22.8,898.0,1.2,0
2025-07-09T20:00Z,32.0,22.7,929.0,1.56,6
2025-07-09T21:00Z,32.9,22.3,838.0,1.34,10
2025-07-09T22:00Z,32.8,22.4,688.0,2.06,14
2025-07-09T23:00Z,31.7,22.7,475.0,3.38,53
2025-07-10T00:00Z,28.8,22.3,242.0,4.7,74
2025-07-10T01:00Z,28.0,21.5,91.0,2.2,39
2025-07-10T02:00Z,27.4,21.6,11.0,2.19,13
2025-07-10T03:00Z,27.0,21.7,0.0,1.99,17
2025-07-10T04:00Z,26.5,21.8,0.0,1.12,0
2025-07-10T05:00Z,26.3,22.0,0.0,1.71,0
2025-07-10T06:00Z,26.1,22.5,0.0,2.06,0
2025-07-10T07:00Z,25.8,22.4,0.0,2.14,0
2025-07-10T08:00Z,25.3,21.9,0.0,2.45,0
2025-07-10T09:00Z,24.8,21.4,0.0,2.61,3
2025-07-10T10:00Z,24.5,21.4,0.0,2.79,1
2025-07-10T11:00Z,24.1,21.9,0.0,2.49,0
2025-07-10T12:00Z,24.1,22.3,9.0,2.25,1
2025-07-10T13:00Z,25.0,21.8,102.0,1.21,18
2025-07-10T14:00Z,26.4,21.6,259.0,1.77,31
2025-07-10T15:00Z,28.2,21.6,454.0,2.57,25
2025-07-10T16:00Z,30.3,21.9,662.0,2.69,0
2025-07-10T17:00Z,32.3,21.5,812.0,3.1,2
2025-07-10T18:00Z,33.8,20.4,916.0,3.45,22
2025-07-10T19:00Z,34.7,19.6,871.0,3.44,15
2025-07-10T20:00Z,35.4,19.4,866.0,3.62,12
2025-07-10T21:00Z,35.6,19.1,800.0,3.78,3
2025-07-10T22:00Z,35.5,18.7,674.0,3.77,11
2025-07-10T23:00Z,35.4,18.6,505.0,3.82,9
2025-07-11T00:00Z,34.7,18.0,309.0,4.07,13
2025-07-11T01:00Z,33.2,18.0,125.0,3.8,15
2025-07-11T02:00Z,31.8,19.6,13.0,3.52,11
2025-07-11T03:00Z,31.2,20.0,0.0,3.87,8
2025-07-11T04:00Z,30.3,20.2,0.0,4.35,2
2025-07-11T05:00Z,29.5,20.6,0.0,4.76,1
2025-07-11T06:00Z,28.8,20.6,0.0,4.74,1
2025-07-11T07:00Z,28.1,20.7,0.0,4.61,1
2025-07-11T08:00Z,27.4,20.7,0.0,4.35,0
2025-07-11T09:00Z,26.8,20.4,0.0,4.1,0
2025-07-11T10:00Z,26.3,19.8,0.0,4.08,0
2025-07-11T11:00Z,25.7,19.5,0.0,3.79,0
2025-07-11T12:00Z,25.4,19.8,9.0,3.46,0
2025-07-11T13:00Z,25.8,21.2,126.0,3.21,0
2025-07-11T14:00Z,27.3,21.6,319.0,3.51,0
2025-07-11T15:00Z,29.0,21.9,519.0,3.7,0
2025-07-11T16:00Z,31.0,20.9,697.0,4.3,2
2025-07-11T17:00Z,32.4,20.2,832.0,4.84,7
2025-07-11T18:00Z,33.5,19.5,911.0,4.92,6
2025-07-11T19:00Z,34.7,18.5,942.0,5.26,6
2025-07-11T20:00Z,35.3,17.8,901.0,5.49,8
2025-07-11T21:00Z,35.4,17.7,819.0,5.56,5
2025-07-11T22:00Z,34.9,18.6,671.0,5.34,37
2025-07-11T23:00Z,34.0,18.8,411.0,5.5,41
2025-07-12T00:00Z,32.0,20.2,255.0,6.06,10
2025-07-12T01:00Z,30.0,19.3,119.0,2.64,28
2025-07-12T02:00Z,29.8,19.8,12.0,2.76,43
2025-07-12T03:00Z,29.4,19.8,0.0,3.56,10
2025-07-12T04:00Z,28.4,20.6,0.0,4.26,53
2025-07-12T05:00Z,28.0,21.2,0.0,4.25,44
2025-07-12T06:00Z,27.5,21.4,0.0,4.04,26
2025-07-12T07:00Z,27.1,21.9,0.0,3.92,45
2025-07-12T08:00Z,26.7,22.1,0.0,3.76,99
2025-07-12T09:00Z,26.4,22.3,0.0,3.46,92
2025-07-12T10:00Z,26.1,22.4,0.0,3.55,98
2025-07-12T11:00Z,25.8,22.4,0.0,3.46,22
2025-07-12T12:00Z,25.5,22.5,9.0,3.47,8
2025-07-12T13:00Z,25.6,23.2,56.0,3.85,73
2025-07-12T14:00Z,26.1,22.8,246.0,3.24,96
2025-07-12T15:00Z,26.5,23.0,218.0,3.05,100
2025-07-12T16:00Z,28.0,22.8,366.0,3.55,100
2025-07-12T17:00Z,29.9,22.2,646.0,3.57,43
2025-07-12T18:00Z,31.2,21.6,795.0,3.4,36
2025-07-12T19:00Z,32.2,21.6,827.0,2.86,55
2025-07-12T20:00Z,33.0,21.2,807.0,3.0,100
2025-07-12T21:00Z,28.6,22.1,457.0,2.92,94
2025-07-12T22:00Z,29.6,22.5,386.0,1.92,86
2025-07-12T23:00Z,30.8,21.9,511.0,3.26,87
2025-07-13T00:00Z,29.7,21.6,300.0,4.25,97
2025-07-13T01:00Z,25.2,22.9,48.0,2.83,100
2025-07-13T02:00Z,25.2,23.1,1.0,1.99,100
2025-07-13T03:00Z,24.7,23.0,0.0,1.28,100
2025-07-13T04:00Z,24.7,23.2,0.0,1.7,100
2025-07-13T05:00Z,24.6,23.2,0.0,2.69,100
2025-07-13T06:00Z,24.4,22.8,0.0,3.28,100
2025-07-13T07:00Z,24.8,23.3,0.0,2.31,66
2025-07-13T08:00Z,24.9,23.2,0.0,3.2,99
2025-07-13T09:00Z,23.0,21.7,0.0,2.69,100
2025-07-13T10:00Z,23.0,21.9,0.0,3.05,87
2025-07-13T11:00Z,23.1,22.1,0.0,3.24,100
2025-07-13T12:00Z,23.7,22.3,4.0,2.59,100
2025-07-13T13:00Z,23.7,21.5,14.0,3.87,100
2025-07-13T14:00Z,23.3,22.0,43.0,3.15,100
2025-07-13T15:00Z,23.5,22.2,65.0,1.65,100
2025-07-13T16:00Z,25.1,21.7,280.0,3.18,100
2025-07-13T17:00Z,26.6,21.7,382.0,3.04,100
2025-07-13T18:00Z,28.0,21.5,580.0,3.05,100
2025-07-13T19:00Z,27.5,22.0,399.0,2.95,100
2025-07-13T20:00Z,27.3,22.5,302.0,2.52,98
2025-07-13T21:00Z,28.7,22.4,618.0,2.91,42
2025-07-13T22:00Z,29.5,22.4,673.0,2.44,69
2025-07-13T23:00Z,29.8,22.3,531.0,2.65,21
2025-07-14T00:00Z,29.4,21.9,318.0,2.77,50
2025-07-14T01:00Z,27.1,22.3,106.0,3.25,100
2025-07-14T02:00Z,26.1,22.6,11.0,2.1,62
2025-07-14T03:00Z,25.4,22.8,0.0,2.31,72
2025-07-14T04:00Z,24.9,22.9,0.0,2.28,100
2025-07-14T05:00Z,24.5,22.9,0.0,2.28,100
2025-07-14T06:00Z,24.3,22.7,0.0,2.35,100
2025-07-14T07:00Z,24.2,22.6,0.0,1.96,100
2025-07-14T08:00Z,24.3,22.6,0.0,1.63,100
2025-07-14T09:00Z,24.1,22.5,0.0,2.32,99
2025-07-14T10:00Z,23.9,21.6,0.0,2.39,92
2025-07-14T11:00Z,23.6,21.1,0.0,2.93,71
2025-07-14T12:00Z,23.3,21.0,7.0,2.51,91
2025-07-14T13:00Z,22.9,22.2,17.0,2.17,100
2025-07-14T14:00Z,22.6,21.9,51.0,3.93,100
2025-07-14T15:00Z,23.2,22.0,91.0,3.84,84
2025-07-14T16:00Z,25.4,21.9,410.0,2.86,53
2025-07-14T17:00Z,27.0,21.3,647.0,2.77,79
2025-07-14T18:00Z,28.5,20.8,713.0,2.94,96
2025-07-14T19:00Z,29.8,20.9,736.0,3.22,100
2025-07-14T20:00Z,30.7,21.5,812.0,3.09,100
2025-07-14T21:00Z,31.2,21.4,673.0,2.39,99
2025-07-14T22:00Z,31.5,21.1,572.0,2.04,98
2025-07-14T23:00Z,31.5,21.0,441.0,1.77,100
2025-07-15T00:00Z,30.6,21.6,265.0,2.8,100
2025-07-15T01:00Z,29.2,24.2,111.0,1.63,93
2025-07-15T02:00Z,28.3,24.6,12.0,1.62,73
2025-07-15T03:00Z,27.6,24.6,0.0,2.06,25
2025-07-15T04:00Z,27.3,24.3,0.0,2.4,0
2025-07-15T05:00Z,27.0,24.0,0.0,3.25,6
2025-07-15T06:00Z,26.3,21.9,0.0,2.9,90
2025-07-15T07:00Z,25.8,21.6,0.0,2.78,99
2025-07-15T08:00Z,25.6,21.7,0.0,2.77,94
2025-07-15T09:00Z,25.3,21.9,0.0,2.51,97
2025-07-15T10:00Z,25.1,22.2,0.0,2.57,98
2025-07-15T11:00Z,24.9,22.4,0.0,2.18,100
2025-07-15T12:00Z,24.8,22.8,7.0,2.05,93
2025-07-15T13:00Z,25.7,23.2,91.0,1.31,98
2025-07-15T14:00Z,26.5,23.5,152.0,1.51,99
2025-07-15T15:00Z,28.1,23.8,332.0,2.82,80
2025-07-15T16:00Z,30.2,23.5,605.0,2.84,85
2025-07-15T17:00Z,31.8,23.2,765.0,3.02,71
2025-07-15T18:00Z,33.1,22.6,905.0,3.01,81
2025-07-15T19:00Z,33.7,22.4,911.0,3.3,17
2025-07-15T20:00Z,34.5,21.9,892.0,3.53,20
2025-07-15T21:00Z,34.4,20.4,749.0,3.94,20
2025-07-15T22:00Z,34.4,20.2,634.0,4.21,8
2025-07-15T23:00Z,33.7,20.4,493.0,4.45,14
2025-07-16T00:00Z,33.1,20.5,299.0,4.21,34
2025-07-16T01:00Z,31.2,21.4,95.0,3.21,100
2025-07-16T02:00Z,30.0,22.8,9.0,2.17,100
2025-07-16T03:00Z,29.3,23.1,0.0,2.16,97
2025-07-16T04:00Z,28.4,23.1,0.0,2.35,86
2025-07-16T05:00Z,27.9,22.7,0.0,2.71,6
2025-07-16T06:00Z,27.7,22.5,0.0,3.05,0
2025-07-16T07:00Z,27.4,22.5,0.0,2.96,0
2025-07-16T08:00Z,26.8,22.5,0.0,2.5,3
2025-07-16T09:00Z,26.3,22.3,0.0,2.6,1
2025-07-16T10:00Z,25.8,22.1,0.0,2.71,1
2025-07-16T11:00Z,25.3,21.8,0.0,2.84,3
2025-07-16T12:00Z,25.0,21.5,7.0,3.03,3
2025-07-16T13:00Z,25.7,22.9,100.0,2.85,62
2025-07-16T14:00Z,26.9,23.2,199.0,4.36,99
2025-07-16T15:00Z,28.5,23.1,327.0,4.02,100
2025-07-16T16:00Z,30.1,22.7,454.0,3.76,92
2025-07-16T17:00Z,31.7,22.7,676.0,3.49,34
2025-07-16T18:00Z,32.9,22.8,830.0,3.39,15
2025-07-16T19:00Z,33.8,22.7,906.0,3.5,19
2025-07-16T20:00Z,34.3,22.5,846.0,3.6,17
2025-07-16T21:00Z,34.8,22.1,795.0,3.77,18
2025-07-16T22:00Z,34.8,21.4,657.0,3.89,16
2025-07-16T23:00Z,34.5,20.7,497.0,3.94,25
2025-07-17T00:00Z,34.0,20.2,295.0,3.62,15
2025-07-17T01:00Z,32.0,21.5,124.0,3.63,18
2025-07-17T02:00Z,31.1,21.7,11.0,3.11,15
2025-07-17T03:00Z,30.2,21.8,0.0,2.75,23
2025-07-17T04:00Z,29.3,21.8,0.0,2.85,84
2025-07-17T05:00Z,28.5,21.8,0.0,2.84,4
2025-07-17T06:00Z,28.2,21.5,0.0,2.74,34
2025-07-17T07:00Z,27.8,21.4,0.0,2.67,94
2025-07-17T08:00Z,27.3,21.3,0.0,2.55,68
2025-07-17T09:00Z,26.9,21.2,0.0,2.62,7
2025-07-17T10:00Z,26.3,21.1,0.0,2.78,21
2025-07-17T11:00Z,25.7,21.1,0.0,2.3,68
2025-07-17T12:00Z,25.2,21.0,7.0,2.36,71
2025-07-17T13:00Z,25.1,22.0,118.0,1.69,92
2025-07-17T14:00Z,26.5,22.3,308.0,1.86,98
2025-07-17T15:00Z,28.2,22.5,503.0,2.31,97
2025-07-17T16:00Z,30.1,22.7,685.0,2.2,97
2025-07-17T17:00Z,31.9,22.8,825.0,1.96,100
2025-07-17T18:00Z,33.6,22.0,917.0,2.0,99
2025-07-17T19:00Z,34.7,20.7,912.0,2.25,94
2025-07-17T20:00Z,35.3,20.2,890.0,2.65,58
2025-07-17T21:00Z,35.5,19.5,765.0,2.85,28
2025-07-17T22:00Z,35.8,16.9,650.0,3.1,17
2025-07-17T23:00Z,35.8,15.0,521.0,3.26,100
2025-07-18T00:00Z,35.2,14.6,329.0,3.21,93
2025-07-18T01:00Z,32.4,18.2,141.0,2.75,2
2025-07-18T02:00Z,30.6,19.3,12.0,2.33,9
2025-07-18T03:00Z,29.4,20.1,0.0,2.19,20
2025-07-18T04:00Z,28.3,20.5,0.0,2.28,21
2025-07-18T05:00Z,27.6,20.7,0.0,2.1,1
2025-07-18T06:00Z,27.1,20.7,0.0,2.36,8
2025-07-18T07:00Z,27.0,20.5,0.0,2.86,15
2025-07-18T08:00Z,26.6,20.8,0.0,2.75,100
2025-07-18T09:00Z,26.2,21.5,0.0,2.19,92
2025-07-18T10:00Z,25.8,21.9,0.0,2.04,63
2025-07-18T11:00Z,25.5,22.2,0.0,1.82,52
2025-07-18T12:00Z,25.3,22.3,6.0,2.02,91
2025-07-18T13:00Z,25.5,22.9,118.0,1.6,29
2025-07-18T14:00Z,27.2,23.1,312.0,1.3,0
2025-07-18T15:00Z,29.1,23.3,513.0,1.23,0
2025-07-18T16:00Z,31.2,23.1,694.0,1.6,21
2025-07-18T17:00Z,33.1,22.1,838.0,1.94,25
2025-07-18T18:00Z,34.7,20.3,929.0,2.35,19
2025-07-18T19:00Z,35.6,19.0,893.0,2.43,21
2025-07-18T20:00Z,36.3,18.2,876.0,2.85,9
2025-07-18T21:00Z,36.5,17.9,802.0,3.27,6
2025-07-18T22:00Z,36.3,17.5,684.0,3.5,4
2025-07-18T23:00Z,36.1,16.2,523.0,3.34,32
2025-07-19T00:00Z,35.5,15.5,329.0,3.5,46
2025-07-19T01:00Z,32.5,18.0,137.0,3.71,0
2025-07-19T02:00Z,30.8,19.1,12.0,3.54,0
2025-07-19T03:00Z,29.3,20.5,0.0,3.21,1
2025-07-19T04:00Z,27.9,21.6,0.0,2.8,15
2025-07-19T05:00Z,27.0,21.9,0.0,3.01,68
2025-07-19T06:00Z,26.5,22.1,0.0,3.46,86
2025-07-19T07:00Z,26.2,22.3,0.0,3.41,96
2025-07-19T08:00Z,26.0,22.5,0.0,3.1,97
2025-07-19T09:00Z,25.8,22.6,0.0,2.95,94
2025-07-19T10:00Z,25.7,22.6,0.0,2.75,97
2025-07-19T11:00Z,25.5,22.5,0.0,2.56,100
2025-07-19T12:00Z,25.5,22.4,6.0,2.4,53
2025-07-19T13:00Z,26.3,23.1,77.0,1.95,97
2025-07-19T14:00Z,27.2,23.2,175.0,2.8,11
2025-07-19T15:00Z,29.2,23.2,480.0,3.19,100
2025-07-19T16:00Z,31.1,22.6,673.0,3.1,99
2025-07-19T17:00Z,32.8,21.7,816.0,3.39,94
2025-07-19T18:00Z,34.3,20.5,897.0,3.67,95
2025-07-19T19:00Z,35.3,19.4,921.0,3.86,40
2025-07-19T20:00Z,35.6,18.9,853.0,4.07,8
2025-07-19T21:00Z,35.8,19.1,813.0,4.5,24
2025-07-19T22:00Z,35.6,19.3,653.0,4.59,12
2025-07-19T23:00Z,34.8,18.2,476.0,4.78,12
2025-07-20T00:00Z,33.7,17.8,315.0,4.95,3
2025-07-20T01:00Z,31.8,20.7,126.0,4.3,13
2025-07-20T02:00Z,30.7,21.4,11.0,3.81,27
2025-07-20T03:00Z,30.0,21.2,0.0,3.46,100
2025-07-20T04:00Z,29.8,20.7,0.0,3.46,100
2025-07-20T05:00Z,29.1,20.7,0.0,3.39,100
2025-07-20T06:00Z,28.3,20.9,0.0,3.25,99
2025-07-20T07:00Z,27.9,20.9,0.0,3.75,87
2025-07-20T08:00Z,27.5,21.1,0.0,3.66,38
2025-07-20T09:00Z,27.2,21.6,0.0,3.7,35
2025-07-20T10:00Z,27.2,22.0,0.0,3.67,9
2025-07-20T11:00Z,26.9,21.8,0.0,3.67,1
2025-07-20T12:00Z,26.7,21.2,6.0,3.67,0
2025-07-20T13:00Z,27.3,22.0,109.0,3.28,2
2025-07-20T14:00Z,28.4,22.4,297.0,3.71,2
2025-07-20T15:00Z,29.8,22.9,487.0,4.0,9
2025-07-20T16:00Z,31.5,22.5,658.0,4.02,11
2025-07-20T17:00Z,33.0,22.5,795.0,4.67,95
2025-07-20T18:00Z,34.0,22.4,899.0,5.26,19
2025-07-20T19:00Z,34.5,21.9,879.0,5.26,17
2025-07-20T20:00Z,35.0,21.4,868.0,5.02,12
2025-07-20T21:00Z,35.6,19.8,779.0,5.08,6
2025-07-20T22:00Z,35.2,19.5,686.0,5.41,8
2025-07-20T23:00Z,35.3,18.3,514.0,5.42,4
2025-07-21T00:00Z,34.6,17.8,322.0,5.66,5
2025-07-21T01:00Z,32.8,20.7,120.0,4.65,44
2025-07-21T02:00Z,31.9,21.0,10.0,3.98,52
2025-07-21T03:00Z,30.8,21.1,0.0,4.81,31
2025-07-21T04:00Z,30.1,21.0,0.0,4.72,11
2025-07-21T05:00Z,29.5,21.7,0.0,4.45,0
2025-07-21T06:00Z,28.8,22.2,0.0,4.14,1
2025-07-21T07:00Z,28.1,22.3,0.0,4.16,0
2025-07-21T08:00Z,27.6,22.5,0.0,4.13,0
2025-07-21T09:00Z,27.1,22.4,0.0,3.87,0
2025-07-21T10:00Z,26.6,22.4,0.0,3.82,0
2025-07-21T11:00Z,26.2,22.2,0.0,3.53,0
2025-07-21T12:00Z,26.0,22.1,5.0,3.3,0
2025-07-21T13:00Z,26.2,22.6,109.0,3.21,2
2025-07-21T14:00Z,27.8,22.3,295.0,5.96,30
2025-07-21T15:00Z,29.7,22.0,460.0,5.33,18
2025-07-21T16:00Z,31.4,21.8,666.0,5.16,6
2025-07-21T17:00Z,32.9,21.8,814.0,4.66,3
2025-07-21T18:00Z,34.3,21.8,910.0,4.3,0
2025-07-21T19:00Z,35.7,21.1,950.0,4.34,1
2025-07-21T20:00Z,36.4,20.4,925.0,4.55,3
2025-07-21T21:00Z,36.8,19.4,832.0,4.59,0
2025-07-21T22:00Z,36.8,18.9,704.0,4.92,1
2025-07-21T23:00Z,36.3,18.3,530.0,5.17,1
2025-07-22T00:00Z,35.5,18.3,330.0,5.18,3
2025-07-22T01:00Z,33.8,20.2,134.0,4.5,3
2025-07-22T02:00Z,32.6,20.4,10.0,4.27,4
2025-07-22T03:00Z,31.6,20.8,0.0,4.35,0
2025-07-22T04:00Z,30.6,21.1,0.0,3.9,0
2025-07-22T05:00Z,29.8,21.3,0.0,3.96,97
2025-07-22T06:00Z,29.5,21.3,0.0,3.57,100
2025-07-22T07:00Z,29.2,21.2,0.0,3.46,100
2025-07-22T08:00Z,28.6,21.1,0.0,3.74,59
2025-07-22T09:00Z,27.9,20.9,0.0,3.47,5
2025-07-22T10:00Z,27.0,20.8,0.0,3.16,1
2025-07-22T11:00Z,26.1,21.0,0.0,2.95,0
2025-07-22T12:00Z,25.5,21.3,5.0,2.81,0
2025-07-22T13:00Z,25.5,21.6,114.0,2.5,2
2025-07-22T14:00Z,26.9,22.1,308.0,2.8,2
2025-07-22T15:00Z,28.9,22.2,512.0,3.02,6
2025-07-22T16:00Z,30.8,22.0,692.0,3.32,79
2025-07-22T17:00Z,32.7,21.0,835.0,3.7,99
2025-07-22T18:00Z,34.4,19.2,919.0,3.67,100
2025-07-22T19:00Z,35.2,19.3,920.0,3.75,99
2025-07-22T20:00Z,35.8,19.2,891.0,4.03,63
2025-07-22T21:00Z,36.3,18.4,823.0,4.22,0
2025-07-22T22:00Z,36.2,18.1,677.0,3.93,15
2025-07-22T23:00Z,35.6,17.9,490.0,4.41,100
2025-07-23T00:00Z,35.1,18.0,322.0,4.21,20
2025-07-23T01:00Z,33.5,20.5,115.0,4.62,71
2025-07-23T02:00Z,32.3,20.8,9.0,3.94,87
2025-07-23T03:00Z,31.5,20.7,0.0,3.51,33
2025-07-23T04:00Z,30.8,20.5,0.0,3.81,83
2025-07-23T05:00Z,30.5,20.4,0.0,3.29,100
2025-07-23T06:00Z,29.8,20.4,0.0,2.93,100
2025-07-23T07:00Z,29.1,20.6,0.0,2.88,100
2025-07-23T08:00Z,28.3,20.7,0.0,3.5,100
2025-07-23T09:00Z,27.9,20.5,0.0,3.78,100
2025-07-23T10:00Z,27.4,20.8,0.0,3.45,3
2025-07-23T11:00Z,26.7,21.4,0.0,3.22,0
2025-07-23T12:00Z,26.1,21.8,5.0,3.1,0
2025-07-23T13:00Z,26.1,22.4,107.0,2.26,0
2025-07-23T14:00Z,27.8,22.4,293.0,3.46,31
2025-07-23T15:00Z,29.7,22.2,466.0,3.34,8
2025-07-23T16:00Z,31.4,22.0,671.0,3.5,0
2025-07-23T17:00Z,33.1,21.7,820.0,3.61,3
2025-07-23T18:00Z,34.5,20.8,916.0,3.66,0
2025-07-23T19:00Z,35.7,19.5,955.0,3.85,0
2025-07-23T20:00Z,36.6,18.3,938.0,4.36,0
2025-07-23T21:00Z,37.0,17.2,855.0,4.47,0
2025-07-23T22:00Z,37.1,16.3,716.0,4.52,0
2025-07-23T23:00Z,36.6,16.3,535.0,4.79,0
2025-07-24T00:00Z,35.9,16.5,330.0,4.7,0
2025-07-24T01:00Z,34.0,19.3,130.0,4.5,0
2025-07-24T02:00Z,33.2,19.7,9.0,3.46,0
2025-07-24T03:00Z,31.9,20.2,0.0,3.85,0
2025-07-24T04:00Z,31.3,19.8,0.0,3.81,0
2025-07-24T05:00Z,30.7,19.7,0.0,3.43,0
2025-07-24T06:00Z,29.6,20.5,0.0,3.62,0
2025-07-24T07:00Z,29.1,20.8,0.0,3.51,0
2025-07-24T08:00Z,28.9,20.8,0.0,3.44,0
2025-07-24T09:00Z,28.6,20.9,0.0,3.28,0
2025-07-24T10:00Z,28.3,21.0,0.0,3.22,0
2025-07-24T11:00Z,27.7,21.1,0.0,2.66,0
2025-07-24T12:00Z,27.2,21.3,4.0,2.4,0
2025-07-24T13:00Z,27.0,22.3,108.0,1.8,0
2025-07-24T14:00Z,28.5,22.4,300.0,2.35,0
2025-07-24T15:00Z,30.5,22.0,504.0,2.45,0
2025-07-24T16:00Z,32.9,19.9,689.0,2.92,0
2025-07-24T17:00Z,34.8,18.1,837.0,3.2,0
2025-07-24T18:00Z,36.3,17.1,932.0,3.03,0
2025-07-24T19:00Z,37.4,16.7,967.0,3.05,0
2025-07-24T20:00Z,37.8,16.5,939.0,3.35,0
2025-07-24T21:00Z,37.9,16.3,855.0,3.45,0
2025-07-24T22:00Z,38.0,16.0,714.0,2.94,0
2025-07-24T23:00Z,37.5,16.7,534.0,3.41,0
2025-07-25T00:00Z,36.7,16.4,329.0,3.5,0
2025-07-25T01:00Z,34.4,18.8,131.0,3.79,0
2025-07-25T02:00Z,33.3,18.4,9.0,2.81,0
2025-07-25T03:00Z,32.5,18.3,0.0,2.5,0
2025-07-25T04:00Z,31.7,18.2,0.0,2.12,0
2025-07-25T05:00Z,30.9,18.3,0.0,2.04,0
2025-07-25T06:00Z,30.2,18.3,0.0,2.23,3
2025-07-25T07:00Z,29.3,18.6,0.0,1.84,30
2025-07-25T08:00Z,28.3,19.1,0.0,1.95,100
2025-07-25T09:00Z,27.7,19.5,0.0,1.83,100
2025-07-25T10:00Z,27.1,19.8,0.0,1.91,83
2025-07-25T11:00Z,26.5,19.9,0.0,1.71,25
2025-07-25T12:00Z,26.3,20.0,4.0,1.81,93
2025-07-25T13:00Z,26.4,19.5,107.0,1.75,98
2025-07-25T14:00Z,28.5,19.7,290.0,1.84,68
2025-07-25T15:00Z,30.5,20.3,418.0,2.26,35
2025-07-25T16:00Z,33.3,19.9,681.0,2.54,20
2025-07-25T17:00Z,35.3,18.4,830.0,2.93,26
2025-07-25T18:00Z,36.6,17.8,925.0,3.08,64
2025-07-25T19:00Z,37.6,17.5,968.0,2.89,39
2025-07-25T20:00Z,38.0,16.8,914.0,2.96,52
2025-07-25T21:00Z,38.4,16.5,832.0,2.71,41
2025-07-25T22:00Z,38.1,16.5,683.0,2.8,100
2025-07-25T23:00Z,37.7,16.5,515.0,2.3,100
2025-07-26T00:00Z,37.0,17.1,302.0,2.48,100
2025-07-26T01:00Z,34.6,19.6,118.0,3.3,100
2025-07-26T02:00Z,33.2,20.4,8.0,3.74,100
2025-07-26T03:00Z,31.8,21.9,0.0,3.08,75
2025-07-26T04:00Z,30.8,22.7,0.0,2.41,100
2025-07-26T05:00Z,30.2,23.0,0.0,2.56,99
2025-07-26T06:00Z,29.5,23.4,0.0,2.24,100
2025-07-26T07:00Z,29.0,23.7,0.0,2.05,100
2025-07-26T08:00Z,28.6,24.0,0.0,2.36,98
2025-07-26T09:00Z,28.3,23.9,0.0,2.44,100
2025-07-26T10:00Z,27.8,23.6,0.0,2.5,98
2025-07-26T11:00Z,27.3,23.4,0.0,2.26,100
2025-07-26T12:00Z,27.0,23.3,4.0,2.34,98
2025-07-26T13:00Z,27.6,22.6,92.0,1.44,21
2025-07-26T14:00Z,29.2,22.5,272.0,2.21,3
2025-07-26T15:00Z,30.8,22.3,464.0,3.1,65
2025-07-26T16:00Z,31.9,22.2,587.0,2.94,94
2025-07-26T17:00Z,32.5,22.4,657.0,2.62,100
2025-07-26T18:00Z,33.1,22.4,680.0,2.66,100
2025-07-26T19:00Z,34.2,22.4,788.0,2.8,99
2025-07-26T20:00Z,34.5,22.0,739.0,3.26,100
2025-07-26T21:00Z,32.0,21.7,437.0,2.11,100
2025-07-26T22:00Z,30.7,22.3,187.0,3.16,100
2025-07-26T23:00Z,30.9,22.8,265.0,3.72,100
2025-07-27T00:00Z,31.1,22.7,194.0,3.31,100
2025-07-27T01:00Z,30.8,23.0,64.0,2.2,100
2025-07-27T02:00Z,31.1,21.7,6.0,2.69,97
2025-07-27T03:00Z,31.2,20.6,0.0,3.87,98
2025-07-27T04:00Z,30.3,21.2,0.0,4.45,100
2025-07-27T05:00Z,29.5,21.4,0.0,4.41,89
2025-07-27T06:00Z,28.8,21.5,0.0,4.17,15
2025-07-27T07:00Z,28.3,21.7,0.0,4.15,71
2025-07-27T08:00Z,27.8,21.6,0.0,4.44,84
2025-07-27T09:00Z,27.5,21.9,0.0,4.11,98
2025-07-27T10:00Z,27.1,22.0,0.0,3.6,99
2025-07-27T11:00Z,26.8,22.0,0.0,3.53,100
2025-07-27T12:00Z,26.6,21.9,3.0,3.56,99
2025-07-27T13:00Z,26.4,22.8,86.0,3.49,100
2025-07-27T14:00Z,27.8,22.4,252.0,4.4,58
2025-07-27T15:00Z,29.7,22.0,431.0,3.82,64
2025-07-27T16:00Z,31.4,21.4,573.0,3.14,73
2025-07-27T17:00Z,32.8,20.6,698.0,3.55,50
2025-07-27T18:00Z,34.3,19.8,846.0,3.49,19
2025-07-27T19:00Z,35.3,18.7,842.0,3.34,20
2025-07-27T20:00Z,35.9,18.7,821.0,3.75,31
2025-07-27T21:00Z,35.3,19.3,680.0,2.95,33
2025-07-27T22:00Z,35.7,19.4,563.0,3.2,53
2025-07-27T23:00Z,35.7,19.0,468.0,3.4,34
2025-07-28T00:00Z,35.0,18.9,278.0,3.7,47
2025-07-28T01:00Z,33.7,19.0,75.0,3.47,92
2025-07-28T02:00Z,31.9,20.3,7.0,4.1,100
2025-07-28T03:00Z,30.8,20.9,0.0,3.42,41
2025-07-28T04:00Z,29.9,21.8,0.0,3.61,44
2025-07-28T05:00Z,29.1,22.4,0.0,3.94,100
2025-07-28T06:00Z,28.3,22.4,0.0,3.4,100
2025-07-28T07:00Z,27.7,22.5,0.0,3.01,100
2025-07-28T08:00Z,27.3,22.6,0.0,2.82,100
2025-07-28T09:00Z,26.9,22.7,0.0,2.71,71
2025-07-28T10:00Z,26.6,22.6,0.0,2.63,1
2025-07-28T11:00Z,26.4,22.5,0.0,2.58,0
2025-07-28T12:00Z,26.2,22.4,3.0,2.56,0
2025-07-28T13:00Z,26.6,22.9,96.0,1.95,0
2025-07-28T14:00Z,28.2,23.0,282.0,2.23,0
2025-07-28T15:00Z,30.0,22.9,482.0,2.21,0
2025-07-28T16:00Z,31.9,21.9,664.0,2.39,0
2025-07-28T17:00Z,33.5,21.1,810.0,2.33,0
2025-07-28T18:00Z,34.8,20.7,905.0,2.15,5
2025-07-28T19:00Z,35.9,19.9,920.0,2.21,11
2025-07-28T20:00Z,36.6,19.2,874.0,2.14,10
2025-07-28T21:00Z,37.2,18.7,806.0,2.16,11
2025-07-28T22:00Z,37.2,18.3,666.0,2.47,5
2025-07-28T23:00Z,36.7,17.4,501.0,2.8,2
2025-07-29T00:00Z,36.0,17.0,304.0,2.79,3
2025-07-29T01:00Z,34.5,19.3,104.0,3.08,25
2025-07-29T02:00Z,33.2,19.9,7.0,3.41,1
2025-07-29T03:00Z,32.6,19.9,0.0,2.56,0
2025-07-29T04:00Z,31.7,19.9,0.0,2.23,0
2025-07-29T05:00Z,30.8,19.9,0.0,2.68,0
2025-07-29T06:00Z,30.0,19.1,0.0,3.0,0
2025-07-29T07:00Z,29.3,19.1,0.0,2.51,0
2025-07-29T08:00Z,28.8,19.5,0.0,1.94,0
2025-07-29T09:00Z,28.3,19.7,0.0,1.82,0
2025-07-29T10:00Z,27.9,19.9,0.0,1.8,0
2025-07-29T11:00Z,27.5,20.1,0.0,1.76,0
2025-07-29T12:00Z,27.2,20.4,3.0,1.86,0
2025-07-29T13:00Z,27.1,22.1,98.0,1.35,0
2025-07-29T14:00Z,28.7,22.0,287.0,1.23,0
2025-07-29T15:00Z,30.6,21.9,490.0,1.24,0
2025-07-29T16:00Z,32.7,21.4,674.0,1.27,0
2025-07-29T17:00Z,34.6,19.9,820.0,1.34,0
2025-07-29T18:00Z,35.9,18.9,915.0,1.28,0
2025-07-29T19:00Z,36.8,18.2,949.0,1.49,0
2025-07-29T20:00Z,37.6,17.7,911.0,1.81,5
2025-07-29T21:00Z,37.6,17.5,811.0,2.23,5
2025-07-29T22:00Z,37.5,17.0,679.0,2.06,8
2025-07-29T23:00Z,37.3,15.8,467.0,1.61,9
2025-07-30T00:00Z,37.0,15.5,268.0,1.78,6
2025-07-30T01:00Z,35.8,17.4,102.0,1.9,52
2025-07-30T02:00Z,34.4,18.0,6.0,2.23,13
2025-07-30T03:00Z,33.2,17.9,0.0,2.08,2
2025-07-30T04:00Z,32.1,18.1,0.0,2.08,1
2025-07-30T05:00Z,31.3,18.4,0.0,1.92,1
2025-07-30T06:00Z,30.5,18.7,0.0,1.68,1
2025-07-30T07:00Z,29.9,19.0,0.0,1.47,1
2025-07-30T08:00Z,29.3,19.2,0.0,1.23,1
2025-07-30T09:00Z,28.7,20.8,0.0,0.78,1
2025-07-30T10:00Z,28.3,20.4,0.0,0.89,1
2025-07-30T11:00Z,27.8,20.9,0.0,0.74,0
2025-07-30T12:00Z,27.5,20.3,3.0,0.92,0
2025-07-30T13:00Z,27.1,19.8,99.0,1.39,0
2025-07-30T14:00Z,29.0,19.3,291.0,0.72,0
2025-07-30T15:00Z,31.4,18.2,496.0,0.74,0
2025-07-30T16:00Z,33.8,17.3,681.0,0.89,78
2025-07-30T17:00Z,35.9,15.7,826.0,1.12,84
2025-07-30T18:00Z,36.8,15.6,918.0,1.23,100
2025-07-30T19:00Z,37.5,15.3,950.0,1.38,100
2025-07-30T20:00Z,38.1,14.9,926.0,1.37,100
2025-07-30T21:00Z,38.5,14.7,840.0,1.67,100
2025-07-30T22:00Z,38.4,15.1,697.0,2.03,95
2025-07-30T23:00Z,38.1,14.4,515.0,2.4,94
2025-07-31T00:00Z,37.5,12.5,312.0,2.71,100
2025-07-31T01:00Z,36.6,12.1,113.0,2.16,99
2025-07-31T02:00Z,35.5,12.7,6.0,2.04,100
2025-07-31T03:00Z,33.9,15.0,0.0,2.45,99
2025-07-31T04:00Z,32.4,16.3,0.0,2.55,90
2025-07-31T05:00Z,31.7,15.7,0.0,2.2,100
2025-07-31T06:00Z,31.4,15.3,0.0,1.81,100
2025-07-31T07:00Z,30.7,15.1,0.0,1.3,91
2025-07-31T08:00Z,30.0,15.5,0.0,0.97,57
2025-07-31T09:00Z,29.4,15.8,0.0,0.97,83
2025-07-31T10:00Z,29.1,15.9,0.0,1.14,0
2025-07-31T11:00Z,28.4,16.3,0.0,1.23,3
2025-07-31T12:00Z,28.1,16.7,2.0,1.25,11
2025-07-31T13:00Z,28.0,17.2,97.0,1.6,90
2025-07-31T14:00Z,30.2,16.2,288.0,1.41,83
2025-07-31T15:00Z,32.6,15.4,491.0,1.19,67
2025-07-31T16:00Z,35.3,14.3,678.0,0.81,33
2025-07-31T17:00Z,37.4,13.2,825.0,0.76,26
2025-07-31T18:00Z,38.9,12.6,920.0,0.52,16
2025-07-31T19:00Z,39.9,12.4,956.0,0.47,2
2025-07-31T20:00Z,40.5,12.3,914.0,1.4,0
2025-07-31T21:00Z,41.0,12.6,804.0,2.38,16
2025-07-31T22:00Z,40.2,13.4,675.0,3.63,39
2025-07-31T23:00Z,38.8,13.9,483.0,4.5,28
2025-08-01T00:00Z,37.8,14.2,299.0,3.73,40
2025-08-01T01:00Z,37.1,13.5,105.0,3.33,30
2025-08-01T02:00Z,36.0,14.5,5.0,2.32,22
2025-08-01T03:00Z,35.0,15.2,0.0,3.54,18
2025-08-01T04:00Z,30.6,18.9,0.0,3.99,11
2025-08-01T05:00Z,29.9,19.0,0.0,3.87,3
2025-08-01T06:00Z,29.2,19.8,0.0,2.76,2
2025-08-01T07:00Z,28.8,20.2,0.0,2.16,72
2025-08-01T08:00Z,28.6,20.3,0.0,2.23,67
2025-08-01T09:00Z,28.4,20.5,0.0,1.86,5
2025-08-01T10:00Z,28.2,20.8,0.0,1.36,2
2025-08-01T11:00Z,27.8,21.0,0.0,1.75,0
2025-08-01T12:00Z,27.5,21.4,2.0,1.81,3
2025-08-01T13:00Z,26.4,21.4,36.0,2.02,99
2025-08-01T14:00Z,27.5,21.4,190.0,1.53,57
2025-08-01T15:00Z,29.0,21.5,352.0,1.08,59
2025-08-01T16:00Z,31.5,21.4,632.0,0.51,90
2025-08-01T17:00Z,33.0,21.5,663.0,1.32,95
2025-08-01T18:00Z,34.2,21.1,679.0,1.62,57
2025-08-01T19:00Z,35.4,20.5,870.0,1.59,33
2025-08-01T20:00Z,36.2,19.7,834.0,1.24,25
2025-08-01T21:00Z,36.8,19.7,733.0,1.27,29
2025-08-01T22:00Z,36.4,19.2,572.0,1.53,53
2025-08-01T23:00Z,34.3,19.1,409.0,1.44,73
2025-08-02T00:00Z,32.4,22.0,228.0,2.79,74
2025-08-02T01:00Z,30.5,21.7,63.0,1.23,97
2025-08-02T02:00Z,30.1,21.2,4.0,2.5,100
2025-08-02T03:00Z,29.5,21.3,0.0,2.57,48
2025-08-02T04:00Z,29.0,21.7,0.0,2.14,30
2025-08-02T05:00Z,28.7,21.9,0.0,2.0,42
2025-08-02T06:00Z,28.4,22.3,0.0,2.05,66
2025-08-02T07:00Z,27.8,22.7,0.0,1.9,24
2025-08-02T08:00Z,26.6,22.9,0.0,2.67,48
2025-08-02T09:00Z,25.9,22.5,0.0,2.33,78
2025-08-02T10:00Z,25.5,22.5,0.0,2.13,92
2025-08-02T11:00Z,25.2,22.7,0.0,2.36,71
2025-08-02T12:00Z,24.7,22.5,2.0,2.76,99
2025-08-02T13:00Z,24.7,22.4,59.0,1.33,46
2025-08-02T14:00Z,25.7,22.1,201.0,1.73,67
2025-08-02T15:00Z,26.9,22.2,387.0,1.82,93
2025-08-02T16:00Z,27.8,22.0,590.0,0.88,73
2025-08-02T17:00Z,29.7,22.0,687.0,0.86,31
2025-08-02T18:00Z,30.8,21.6,871.0,1.01,38
2025-08-02T19:00Z,31.0,21.7,821.0,1.2,31
2025-08-02T20:00Z,31.6,21.3,798.0,1.08,23
2025-08-02T21:00Z,32.2,20.9,758.0,1.45,8
2025-08-02T22:00Z,32.5,20.4,639.0,1.73,12
2025-08-02T23:00Z,32.4,20.2,477.0,2.35,53
2025-08-03T00:00Z,31.3,21.1,283.0,3.03,25
2025-08-03T01:00Z,31.1,20.6,95.0,1.8,35
2025-08-03T02:00Z,30.1,21.4,5.0,2.3,34
2025-08-03T03:00Z,29.2,21.8,0.0,2.95,1
2025-08-03T04:00Z,28.4,22.2,0.0,3.2,0
2025-08-03T05:00Z,27.6,22.4,0.0,3.58,0
2025-08-03T06:00Z,27.0,22.4,0.0,2.89,0
2025-08-03T07:00Z,26.4,22.4,0.0,2.4,0
2025-08-03T08:00Z,25.9,22.5,0.0,2.07,4
2025-08-03T09:00Z,25.4,22.6,0.0,1.99,8
2025-08-03T10:00Z,25.1,22.7,0.0,1.99,0
2025-08-03T11:00Z,24.7,22.8,0.0,2.15,0
2025-08-03T12:00Z,24.4,22.8,2.0,2.3,0
2025-08-03T13:00Z,25.4,23.4,87.0,2.37,35
2025-08-03T14:00Z,27.1,23.4,260.0,1.38,73
2025-08-03T15:00Z,28.7,23.3,347.0,1.25,57
2025-08-03T16:00Z,30.2,23.2,520.0,0.88,43
2025-08-03T17:00Z,31.7,22.9,674.0,1.35,100
2025-08-03T18:00Z,31.7,22.4,508.0,1.88,100
2025-08-03T19:00Z,31.8,22.3,440.0,2.36,85
2025-08-03T20:00Z,33.4,21.4,769.0,2.69,15
2025-08-03T21:00Z,34.4,21.3,755.0,1.88,27
2025-08-03T22:00Z,33.9,21.2,619.0,2.52,95
2025-08-03T23:00Z,29.3,22.2,411.0,2.47,81
2025-08-04T00:00Z,29.2,22.5,200.0,1.75,84
2025-08-04T01:00Z,29.5,22.3,89.0,2.45,48
2025-08-04T02:00Z,28.1,22.4,3.0,2.5,19
2025-08-04T03:00Z,27.6,22.7,0.0,2.17,32
2025-08-04T04:00Z,27.4,23.2,0.0,2.11,39
2025-08-04T05:00Z,27.0,23.3,0.0,2.5,5
2025-08-04T06:00Z,26.6,22.8,0.0,2.88,14
2025-08-04T07:00Z,26.3,21.6,0.0,2.8,93
2025-08-04T08:00Z,24.6,21.7,0.0,3.09,100
2025-08-04T09:00Z,23.7,21.7,0.0,2.37,100
2025-08-04T10:00Z,23.4,21.4,0.0,2.25,83
2025-08-04T11:00Z,23.3,21.3,0.0,1.43,72
2025-08-04T12:00Z,22.9,21.0,1.0,2.98,99
2025-08-04T13:00Z,22.0,20.4,73.0,1.18,100
2025-08-04T14:00Z,22.6,20.2,136.0,0.36,99
2025-08-04T15:00Z,24.3,21.1,368.0,0.89,50
2025-08-04T16:00Z,26.4,21.7,646.0,0.3,0
2025-08-04T17:00Z,28.1,21.8,819.0,1.64,5
2025-08-04T18:00Z,29.6,21.2,909.0,2.01,6
2025-08-04T19:00Z,30.6,20.8,932.0,1.68,4
2025-08-04T20:00Z,31.3,20.5,882.0,1.72,7
2025-08-04T21:00Z,31.5,20.4,821.0,1.84,10
2025-08-04T22:00Z,31.5,20.2,656.0,1.91,6
2025-08-04T23:00Z,31.2,20.1,492.0,2.09,7
2025-08-05T00:00Z,30.6,20.6,296.0,1.93,2
2025-08-05T01:00Z,29.0,21.3,104.0,2.45,5
2025-08-05T02:00Z,27.9,21.5,4.0,2.46,0
2025-08-05T03:00Z,27.1,21.6,0.0,2.23,0
2025-08-05T04:00Z,26.5,21.7,0.0,1.64,1
2025-08-05T05:00Z,26.1,21.4,0.0,2.26,1
2025-08-05T06:00Z,25.5,21.5,0.0,1.74,0
2025-08-05T07:00Z,24.9,21.6,0.0,1.49,0
2025-08-05T08:00Z,24.2,21.5,0.0,1.11,0
2025-08-05T09:00Z,23.8,21.4,0.0,0.93,0
2025-08-05T10:00Z,23.5,21.3,0.0,0.85,0
2025-08-05T11:00Z,23.2,21.2,0.0,0.75,0
2025-08-05T12:00Z,22.9,21.3,2.0,0.72,0
2025-08-05T13:00Z,23.8,22.0,88.0,0.85,0
2025-08-05T14:00Z,25.8,22.4,277.0,0.9,0
2025-08-05T15:00Z,27.7,22.0,482.0,1.25,8
2025-08-05T16:00Z,29.2,20.8,667.0,1.12,0
2025-08-05T17:00Z,30.4,19.9,815.0,1.3,0
2025-08-05T18:00Z,31.5,19.5,910.0,1.33,0
2025-08-05T19:00Z,32.5,19.2,946.0,1.39,0
2025-08-05T20:00Z,33.0,19.3,918.0,1.88,0
2025-08-05T21:00Z,33.5,19.0,828.0,2.1,0
2025-08-05T22:00Z,33.4,18.6,687.0,2.53,0
2025-08-05T23:00Z,33.1,18.3,505.0,2.77,0
2025-08-06T00:00Z,32.4,18.6,301.0,2.57,0
2025-08-06T01:00Z,30.7,19.7,106.0,2.25,0
2025-08-06T02:00Z,29.5,19.8,4.0,2.14,1
2025-08-06T03:00Z,28.7,19.7,0.0,2.06,1
2025-08-06T04:00Z,27.7,19.9,0.0,2.05,0
2025-08-06T05:00Z,27.1,19.4,0.0,2.38,0
2025-08-06T06:00Z,26.4,19.0,0.0,2.62,0
2025-08-06T07:00Z,25.9,19.1,0.0,2.35,0
2025-08-06T08:00Z,25.4,19.5,0.0,2.31,0
2025-08-06T09:00Z,25.1,19.7,0.0,2.19,0
2025-08-06T10:00Z,24.7,19.9,0.0,2.11,0
2025-08-06T11:00Z,24.4,20.0,0.0,2.34,0
2025-08-06T12:00Z,24.1,20.2,1.0,2.09,0
2025-08-06T13:00Z,24.8,21.3,87.0,1.61,0
2025-08-06T14:00Z,26.7,21.8,275.0,1.15,0
2025-08-06T15:00Z,28.9,22.4,480.0,1.25,0
2025-08-06T16:00Z,30.9,21.2,666.0,2.08,0
2025-08-06T17:00Z,32.2,20.4,813.0,2.34,7
2025-08-06T18:00Z,33.3,20.0,906.0,2.15,4
2025-08-06T19:00Z,34.2,19.0,942.0,2.1,1
2025-08-06T20:00Z,35.0,17.5,916.0,2.25,0
2025-08-06T21:00Z,35.7,16.5,828.0,2.35,0
2025-08-06T22:00Z,35.7,16.4,686.0,2.82,0
2025-08-06T23:00Z,35.6,16.4,505.0,2.9,0
2025-08-07T00:00Z,34.8,17.7,300.0,2.8,0
2025-08-07T01:00Z,32.2,19.6,104.0,3.63,0
2025-08-07T02:00Z,31.0,18.9,3.0,3.06,0
2025-08-07T03:00Z,30.4,18.5,0.0,2.97,0
2025-08-07T04:00Z,29.6,18.8,0.0,2.68,0
2025-08-07T05:00Z,29.0,19.1,0.0,2.6,0
2025-08-07T06:00Z,28.3,19.6,0.0,2.62,0
2025-08-07T07:00Z,27.5,19.9,0.0,2.08,0
2025-08-07T08:00Z,26.8,20.1,0.0,1.7,0
2025-08-07T09:00Z,26.3,20.2,0.0,2.02,0
2025-08-07T10:00Z,25.9,20.0,0.0,2.06,0
2025-08-07T11:00Z,25.6,19.9,0.0,2.17,0
2025-08-07T12:00Z,25.5,20.4,1.0,2.17,0
2025-08-07T13:00Z,26.4,22.7,84.0,1.35,0
2025-08-07T14:00Z,28.2,23.0,269.0,1.58,0
2025-08-07T15:00Z,30.1,23.2,472.0,1.77,0
2025-08-07T16:00Z,32.1,22.9,657.0,2.23,0
2025-08-07T17:00Z,33.9,21.7,804.0,2.94,0
2025-08-07T18:00Z,35.4,21.0,880.0,2.73,16
2025-08-07T19:00Z,36.4,20.4,914.0,2.51,13
2025-08-07T20:00Z,37.0,19.5,897.0,2.38,3
2025-08-07T21:00Z,37.4,19.4,817.0,2.47,2
2025-08-07T22:00Z,37.3,19.2,677.0,2.96,0
2025-08-07T23:00Z,37.0,19.0,496.0,2.77,0
2025-08-08T00:00Z,36.2,19.0,292.0,3.08,0
2025-08-08T01:00Z,34.1,20.0,96.0,3.25,1
2025-08-08T02:00Z,33.2,19.9,3.0,2.82,0
2025-08-08T03:00Z,32.2,19.9,0.0,2.94,0
2025-08-08T04:00Z,31.0,19.8,0.0,2.75,0
2025-08-08T05:00Z,30.2,19.8,0.0,2.96,0
2025-08-08T06:00Z,29.5,19.7,0.0,3.26,0
2025-08-08T07:00Z,28.9,19.5,0.0,2.87,0
2025-08-08T08:00Z,28.4,19.6,0.0,2.75,0
2025-08-08T09:00Z,27.9,20.0,0.0,2.66,0
2025-08-08T10:00Z,27.5,20.4,0.0,2.65,0
2025-08-08T11:00Z,27.1,20.5,0.0,2.72,0
2025-08-08T12:00Z,26.8,20.7,1.0,2.86,0
2025-08-08T13:00Z,26.9,21.9,83.0,1.96,0
2025-08-08T14:00Z,28.6,21.9,269.0,2.25,0
2025-08-08T15:00Z,30.6,22.0,473.0,2.55,1
2025-08-08T16:00Z,32.7,21.8,658.0,2.79,0
2025-08-08T17:00Z,34.7,20.8,805.0,3.42,0
2025-08-08T18:00Z,36.1,19.9,900.0,3.35,0
2025-08-08T19:00Z,37.0,19.4,936.0,3.37,0
2025-08-08T20:00Z,37.5,19.4,908.0,3.51,0
2025-08-08T21:00Z,37.6,19.4,819.0,4.0,0
2025-08-08T22:00Z,37.3,19.7,677.0,4.11,0
2025-08-08T23:00Z,37.0,18.5,494.0,3.92,0
2025-08-09T00:00Z,36.2,18.1,290.0,4.0,0
2025-08-09T01:00Z,34.2,19.7,95.0,4.46,0
2025-08-09T02:00Z,33.2,20.1,2.0,4.47,16
2025-08-09T03:00Z,32.1,19.7,0.0,4.13,0
2025-08-09T04:00Z,31.6,19.9,0.0,3.35,0
2025-08-09T05:00Z,30.8,20.1,0.0,3.19,0
2025-08-09T06:00Z,30.1,20.3,0.0,3.07,0
2025-08-09T07:00Z,29.6,20.2,0.0,3.46,0
2025-08-09T08:00Z,29.3,19.9,0.0,3.55,0
2025-08-09T09:00Z,28.7,20.1,0.0,3.67,0
2025-08-09T10:00Z,28.2,20.6,0.0,3.61,0
2025-08-09T11:00Z,27.8,21.0,0.0,3.16,0
2025-08-09T12:00Z,27.3,21.2,1.0,2.89,0
2025-08-09T13:00Z,27.4,21.4,81.0,2.31,0
2025-08-09T14:00Z,28.8,21.5,266.0,2.14,20
2025-08-09T15:00Z,30.7,21.5,466.0,2.09,62
2025-08-09T16:00Z,32.7,21.0,652.0,2.78,6
2025-08-09T17:00Z,34.3,20.5,802.0,2.99,0
2025-08-09T18:00Z,35.7,19.7,897.0,3.09,0
2025-08-09T19:00Z,36.7,19.3,933.0,3.75,0
2025-08-09T20:00Z,37.1,19.2,907.0,4.08,2
2025-08-09T21:00Z,37.2,19.3,814.0,4.23,10
2025-08-09T22:00Z,36.9,18.8,660.0,4.47,12
2025-08-09T23:00Z,36.6,18.2,473.0,4.14,16
2025-08-10T00:00Z,36.0,17.8,277.0,3.83,11
2025-08-10T01:00Z,34.2,19.0,93.0,3.65,5
2025-08-10T02:00Z,33.5,20.0,2.0,3.36,3
2025-08-10T03:00Z,32.6,20.0,0.0,2.87,3
2025-08-10T04:00Z,32.2,19.6,0.0,3.23,3
2025-08-10T05:00Z,31.3,19.7,0.0,3.79,0
2025-08-10T06:00Z,30.2,20.2,0.0,4.05,0
2025-08-10T07:00Z,29.1,21.0,0.0,3.71,0
2025-08-10T08:00Z,28.4,20.8,0.0,3.45,0
2025-08-10T09:00Z,27.8,20.6,0.0,3.23,0
2025-08-10T10:00Z,27.3,20.5,0.0,2.92,0
2025-08-10T11:00Z,26.8,20.5,0.0,2.4,0
2025-08-10T12:00Z,26.4,20.6,1.0,2.51,0
2025-08-10T13:00Z,26.6,21.8,79.0,1.83,0
2025-08-10T14:00Z,28.2,21.8,266.0,1.69,0
2025-08-10T15:00Z,30.3,21.4,471.0,2.11,0
2025-08-10T16:00Z,32.3,19.9,657.0,2.82,0
2025-08-10T17:00Z,34.0,18.8,806.0,3.05,3
2025-08-10T18:00Z,35.1,18.3,901.0,3.04,73
2025-08-10T19:00Z,36.1,17.6,935.0,2.74,15
2025-08-10T20:00Z,36.8,17.0,873.0,2.66,14
2025-08-10T21:00Z,37.2,16.9,761.0,2.69,14
2025-08-10T22:00Z,36.8,16.6,629.0,3.08,24
2025-08-10T23:00Z,36.2,15.9,447.0,3.82,49
2025-08-11T00:00Z,35.0,15.8,246.0,4.1,48
2025-08-11T01:00Z,34.0,17.9,70.0,2.9,12
2025-08-11T02:00Z,33.0,18.6,2.0,3.89,13
2025-08-11T03:00Z,31.6,19.5,0.0,3.64,5
2025-08-11T04:00Z,30.6,20.3,0.0,3.95,0
2025-08-11T05:00Z,29.8,20.2,0.0,3.2,0
2025-08-11T06:00Z,29.2,19.5,0.0,3.11,2
2025-08-11T07:00Z,28.6,19.2,0.0,1.93,21
2025-08-11T08:00Z,28.1,19.1,0.0,1.43,2
2025-08-11T09:00Z,27.4,19.1,0.0,2.12,0
2025-08-11T10:00Z,26.9,19.2,0.0,1.95,0
2025-08-11T11:00Z,26.4,19.5,0.0,1.63,6
2025-08-11T12:00Z,26.0,19.8,1.0,1.94,35
2025-08-11T13:00Z,26.5,21.4,67.0,1.92,15
2025-08-11T14:00Z,27.9,22.0,227.0,2.49,4
2025-08-11T15:00Z,30.0,22.0,420.0,1.99,59
2025-08-11T16:00Z,32.1,20.9,640.0,1.76,26
2025-08-11T17:00Z,33.2,20.2,733.0,2.43,30
2025-08-11T18:00Z,33.4,19.6,795.0,2.69,34
2025-08-11T19:00Z,34.5,18.9,826.0,2.2,33
2025-08-11T20:00Z,35.6,18.6,822.0,2.11,18
2025-08-11T21:00Z,36.2,18.1,759.0,2.53,24
2025-08-11T22:00Z,36.0,17.8,640.0,2.66,35
2025-08-11T23:00Z,35.3,17.3,425.0,2.19,57
2025-08-12T00:00Z,34.2,17.7,229.0,2.25,68
2025-08-12T01:00Z,34.0,17.8,81.0,1.95,75
2025-08-12T02:00Z,33.4,17.7,2.0,1.52,51
2025-08-12T03:00Z,33.3,17.7,0.0,1.15,57
2025-08-12T04:00Z,32.4,17.8,0.0,2.3,86
2025-08-12T05:00Z,31.5,17.9,0.0,2.08,96
2025-08-12T06:00Z,30.1,18.2,0.0,1.82,99
2025-08-12T07:00Z,27.7,19.8,0.0,0.99,64
2025-08-12T08:00Z,28.1,20.1,0.0,1.65,44
2025-08-12T09:00Z,27.7,21.0,0.0,0.95,99
2025-08-12T10:00Z,27.4,21.3,0.0,0.83,2
2025-08-12T11:00Z,27.1,21.4,0.0,0.92,13
2025-08-12T12:00Z,26.8,21.1,0.0,0.81,46
2025-08-12T13:00Z,27.0,21.5,62.0,0.71,100
2025-08-12T14:00Z,24.5,22.2,168.0,2.96,100
2025-08-12T15:00Z,24.3,22.3,156.0,1.86,100
2025-08-12T16:00Z,25.7,22.8,326.0,1.46,100
2025-08-12T17:00Z,27.2,23.4,541.0,2.24,100
2025-08-12T18:00Z,28.5,23.1,672.0,2.45,100
2025-08-12T19:00Z,30.1,23.3,877.0,2.1,100
2025-08-12T20:00Z,30.7,23.2,822.0,1.14,92
2025-08-12T21:00Z,30.6,23.1,669.0,1.15,99
2025-08-12T22:00Z,30.5,23.3,556.0,0.76,98
2025-08-12T23:00Z,29.7,23.3,359.0,0.59,100
2025-08-13T00:00Z,29.1,23.3,125.0,0.49,97
2025-08-13T01:00Z,26.6,23.4,22.0,1.92,100
2025-08-13T02:00Z,26.3,23.7,1.0,1.22,100
2025-08-13T03:00Z,26.1,24.2,0.0,1.49,93
2025-08-13T04:00Z,26.0,24.3,0.0,1.01,1
2025-08-13T05:00Z,25.8,24.3,0.0,0.98,16
2025-08-13T06:00Z,25.8,24.5,0.0,0.28,75
2025-08-13T07:00Z,25.7,24.5,0.0,0.4,100
2025-08-13T08:00Z,25.6,24.5,0.0,0.14,95
2025-08-13T09:00Z,25.3,24.5,0.0,0.21,7
2025-08-13T10:00Z,25.2,24.4,0.0,0.61,1
2025-08-13T11:00Z,25.0,24.3,0.0,0.41,3
2025-08-13T12:00Z,24.9,24.4,0.0,0.14,3
2025-08-13T13:00Z,23.8,21.9,55.0,3.43,100
2025-08-13T14:00Z,24.3,22.5,127.0,0.85,17
2025-08-13T15:00Z,26.0,22.9,432.0,0.7,34
2025-08-13T16:00Z,27.0,22.7,422.0,0.52,13
2025-08-13T17:00Z,28.9,22.7,748.0,1.37,13
2025-08-13T18:00Z,30.0,22.5,855.0,0.75,20
2025-08-13T19:00Z,30.7,22.5,879.0,0.45,7
2025-08-13T20:00Z,31.2,22.4,876.0,0.34,3
2025-08-13T21:00Z,31.4,22.4,791.0,0.57,3
2025-08-13T22:00Z,31.6,22.1,646.0,0.83,18
2025-08-13T23:00Z,31.1,22.1,457.0,1.36,17
2025-08-14T00:00Z,30.4,22.6,257.0,1.49,29
2025-08-14T01:00Z,29.6,23.4,77.0,1.01,52
2025-08-14T02:00Z,28.6,22.9,1.0,1.88,39
2025-08-14T03:00Z,27.8,22.5,0.0,2.19,7
2025-08-14T04:00Z,27.3,22.5,0.0,1.8,7
2025-08-14T05:00Z,26.7,22.6,0.0,1.56,5
2025-08-14T06:00Z,26.3,22.9,0.0,1.46,1
2025-08-14T07:00Z,26.0,23.0,0.0,1.39,0
2025-08-14T08:00Z,25.7,22.9,0.0,1.55,0
2025-08-14T09:00Z,25.7,22.8,0.0,2.35,0
2025-08-14T10:00Z,25.5,22.6,0.0,2.1,0
2025-08-14T11:00Z,24.9,22.3,0.0,1.81,1
2025-08-14T12:00Z,24.5,22.3,0.0,0.86,5
2025-08-14T13:00Z,25.8,23.2,72.0,0.92,0
2025-08-14T14:00Z,27.4,23.7,254.0,0.92,0
2025-08-14T15:00Z,29.1,24.0,460.0,1.75,27
2025-08-14T16:00Z,29.1,22.2,577.0,3.47,61
2025-08-14T17:00Z,29.4,23.4,595.0,2.45,20
2025-08-14T18:00Z,31.1,23.4,820.0,2.35,2
2025-08-14T19:00Z,32.6,22.7,910.0,2.3,4
2025-08-14T20:00Z,33.3,22.0,860.0,2.55,17
2025-08-14T21:00Z,33.8,21.5,753.0,2.3,9
2025-08-14T22:00Z,33.8,21.1,608.0,2.26,7
2025-08-14T23:00Z,33.6,21.0,436.0,2.2,18
2025-08-15T00:00Z,32.8,22.2,261.0,1.66,3
2025-08-15T01:00Z,31.5,22.1,78.0,3.42,23
2025-08-15T02:00Z,30.6,22.1,1.0,2.16,43
2025-08-15T03:00Z,29.7,22.5,0.0,2.5,19
2025-08-15T04:00Z,29.2,22.2,0.0,3.16,6
2025-08-15T05:00Z,28.6,22.0,0.0,3.09,3
2025-08-15T06:00Z,28.2,21.9,0.0,3.42,6
2025-08-15T07:00Z,28.0,21.8,0.0,3.18,0
2025-08-15T08:00Z,27.5,21.7,0.0,2.87,0
2025-08-15T09:00Z,27.1,21.7,0.0,2.6,0
2025-08-15T10:00Z,26.5,22.0,0.0,1.87,0
2025-08-15T11:00Z,26.1,22.2,0.0,1.87,0
2025-08-15T12:00Z,25.7,22.2,0.0,2.44,1
2025-08-15T13:00Z,26.2,23.5,71.0,2.2,0
2025-08-15T14:00Z,27.7,23.6,254.0,2.82,0
2025-08-15T15:00Z,29.2,23.7,458.0,3.35,0
2025-08-15T16:00Z,30.7,23.7,645.0,3.6,4
2025-08-15T17:00Z,32.3,23.2,787.0,3.57,5
2025-08-15T18:00Z,33.7,21.9,884.0,3.48,3
2025-08-15T19:00Z,34.9,20.9,910.0,3.46,7
2025-08-15T20:00Z,35.7,19.7,861.0,3.28,12
2025-08-15T21:00Z,36.1,18.9,724.0,3.2,26
2025-08-15T22:00Z,36.2,18.3,604.0,3.51,77
2025-08-15T23:00Z,35.2,18.7,412.0,4.24,65
2025-08-16T00:00Z,34.1,19.4,251.0,4.07,17
2025-08-16T01:00Z,32.7,21.3,78.0,3.45,32
2025-08-16T02:00Z,31.1,22.1,1.0,3.43,100
2025-08-16T03:00Z,30.5,21.9,0.0,3.34,7
2025-08-16T04:00Z,29.9,22.4,0.0,2.97,35
2025-08-16T05:00Z,29.5,22.6,0.0,3.31,100
2025-08-16T06:00Z,29.4,21.9,0.0,3.2,100
2025-08-16T07:00Z,28.8,21.8,0.0,2.7,100
2025-08-16T08:00Z,28.2,22.0,0.0,2.8,2
2025-08-16T09:00Z,27.7,22.2,0.0,2.55,0
2025-08-16T10:00Z,27.2,22.3,0.0,2.35,0
2025-08-16T11:00Z,26.8,22.4,0.0,2.45,0
2025-08-16T12:00Z,26.4,22.4,0.0,2.16,0
2025-08-16T13:00Z,26.3,23.2,69.0,2.18,0
2025-08-16T14:00Z,27.7,23.0,251.0,2.65,0
2025-08-16T15:00Z,29.4,22.2,454.0,2.5,1
2025-08-16T16:00Z,31.2,21.9,638.0,2.62,0
2025-08-16T17:00Z,32.7,21.4,783.0,2.83,1
2025-08-16T18:00Z,34.3,20.2,870.0,3.0,5
2025-08-16T19:00Z,35.3,19.3,892.0,3.47,24
2025-08-16T20:00Z,35.8,19.1,803.0,4.15,24
2025-08-16T21:00Z,35.6,19.3,724.0,4.2,17
2025-08-16T22:00Z,35.5,18.8,585.0,4.06,27
2025-08-16T23:00Z,35.2,19.0,429.0,3.95,31
2025-08-17T00:00Z,34.6,19.8,226.0,3.78,26
2025-08-17T01:00Z,31.7,20.5,69.0,3.16,9
2025-08-17T02:00Z,30.5,20.7,0.0,2.02,18
2025-08-17T03:00Z,30.1,21.0,0.0,2.48,9
2025-08-17T04:00Z,29.7,21.5,0.0,2.24,83
2025-08-17T05:00Z,29.5,21.8,0.0,2.66,20
2025-08-17T06:00Z,29.2,22.2,0.0,3.07,71
2025-08-17T07:00Z,28.8,22.8,0.0,2.88,48
2025-08-17T08:00Z,28.4,22.9,0.0,2.97,97
2025-08-17T09:00Z,28.2,22.8,0.0,2.76,49
2025-08-17T10:00Z,27.9,22.9,0.0,2.55,1
2025-08-17T11:00Z,27.6,23.1,0.0,2.36,24
2025-08-17T12:00Z,27.3,23.2,0.0,1.97,24
2025-08-17T13:00Z,27.3,23.4,56.0,2.4,80
2025-08-17T14:00Z,28.5,23.0,226.0,2.62,91
2025-08-17T15:00Z,30.0,22.6,407.0,2.28,80
2025-08-17T16:00Z,31.3,22.2,490.0,2.39,96
2025-08-17T17:00Z,32.9,21.7,648.0,2.21,100
2025-08-17T18:00Z,34.2,20.9,773.0,2.33,94
2025-08-17T19:00Z,35.0,20.3,789.0,1.95,47
2025-08-17T20:00Z,35.9,19.7,737.0,1.84,55
2025-08-17T21:00Z,36.8,19.2,656.0,2.0,92
2025-08-17T22:00Z,35.9,18.8,483.0,3.18,91
2025-08-17T23:00Z,34.2,18.5,285.0,3.06,100
2025-08-18T00:00Z,34.3,18.2,148.0,2.46,98
2025-08-18T01:00Z,33.7,19.8,70.0,2.82,87
2025-08-18T02:00Z,32.7,20.1,0.0,2.17,92
2025-08-18T03:00Z,32.1,20.5,0.0,2.04,84
2025-08-18T04:00Z,31.5,20.7,0.0,1.83,2
2025-08-18T05:00Z,30.7,21.0,0.0,1.84,1
2025-08-18T06:00Z,29.9,21.4,0.0,1.76,1
2025-08-18T07:00Z,29.4,21.5,0.0,2.23,1
2025-08-18T08:00Z,29.1,21.5,0.0,2.57,0
2025-08-18T09:00Z,28.7,21.4,0.0,2.55,0
2025-08-18T10:00Z,28.2,21.5,0.0,2.45,0
2025-08-18T11:00Z,27.9,21.2,0.0,2.25,0
2025-08-18T12:00Z,27.7,20.7,0.0,1.63,0
2025-08-18T13:00Z,28.2,21.5,66.0,1.41,0
2025-08-18T14:00Z,30.1,21.7,247.0,1.33,0
2025-08-18T15:00Z,32.4,21.7,455.0,2.04,3
2025-08-18T16:00Z,34.0,20.7,626.0,1.8,56
2025-08-18T17:00Z,34.9,19.5,649.0,1.81,56
2025-08-18T18:00Z,35.4,18.8,651.0,1.71,47
2025-08-18T19:00Z,36.1,18.7,688.0,1.85,46
2025-08-18T20:00Z,36.4,18.7,665.0,2.25,56
2025-08-18T21:00Z,36.8,18.5,680.0,1.86,70
2025-08-18T22:00Z,36.9,18.2,566.0,1.65,76
2025-08-18T23:00Z,36.5,18.3,403.0,1.68,59
2025-08-19T00:00Z,35.9,18.5,226.0,2.07,63
2025-08-19T01:00Z,36.0,17.4,66.0,2.51,44
2025-08-19T02:00Z,34.6,18.7,0.0,2.62,2
2025-08-19T03:00Z,33.6,19.4,0.0,2.41,1
2025-08-19T04:00Z,32.9,19.9,0.0,2.44,1
2025-08-19T05:00Z,31.8,20.5,0.0,2.09,7
2025-08-19T06:00Z,30.5,21.2,0.0,2.47,11
2025-08-19T07:00Z,29.5,22.2,0.0,2.21,0
2025-08-19T08:00Z,29.2,22.2,0.0,1.62,0
2025-08-19T09:00Z,29.0,22.0,0.0,1.04,0
2025-08-19T10:00Z,28.7,21.5,0.0,0.85,12
2025-08-19T11:00Z,28.5,21.3,0.0,0.9,20
2025-08-19T12:00Z,28.2,21.5,0.0,0.5,18
2025-08-19T13:00Z,28.5,21.8,66.0,0.21,6
2025-08-19T14:00Z,30.5,21.4,247.0,0.3,83
2025-08-19T15:00Z,33.1,20.8,447.0,0.65,97
2025-08-19T16:00Z,35.5,19.2,622.0,0.63,92
2025-08-19T17:00Z,37.2,18.3,769.0,1.17,80
2025-08-19T18:00Z,38.3,17.8,846.0,1.95,30
2025-08-19T19:00Z,39.2,17.6,878.0,2.5,17
2025-08-19T20:00Z,39.6,17.4,831.0,2.5,20
2025-08-19T21:00Z,39.4,17.2,728.0,2.49,27
2025-08-19T22:00Z,39.3,16.8,609.0,2.67,17
2025-08-19T23:00Z,38.7,16.5,418.0,3.29,7
2025-08-20T00:00Z,37.9,16.7,240.0,3.91,20
2025-08-20T01:00Z,36.7,18.1,62.0,1.76,25
2025-08-20T02:00Z,34.0,19.3,0.0,2.04,21
2025-08-20T03:00Z,33.8,19.4,0.0,1.6,21
2025-08-20T04:00Z,33.4,19.5,0.0,0.54,20
2025-08-20T05:00Z,32.8,21.1,0.0,0.07,11
2025-08-20T06:00Z,32.3,19.5,0.0,0.8,5
2025-08-20T07:00Z,31.7,19.7,0.0,0.59,6
2025-08-20T08:00Z,31.1,20.1,0.0,0.53,3
2025-08-20T09:00Z,30.7,19.9,0.0,0.6,6
2025-08-20T10:00Z,30.3,20.5,0.0,0.11,2
2025-08-20T11:00Z,29.9,19.9,0.0,0.83,9
2025-08-20T12:00Z,29.5,20.1,0.0,1.2,0
2025-08-20T13:00Z,23.8,22.8,11.0,4.84,100
2025-08-20T14:00Z,23.8,22.7,21.0,2.38,100
2025-08-20T15:00Z,24.2,23.3,9.0,1.57,100
2025-08-20T16:00Z,25.1,24.3,162.0,2.44,100
2025-08-20T17:00Z,26.3,23.6,348.0,3.13,100
2025-08-20T18:00Z,25.8,23.4,180.0,2.63,75
2025-08-20T19:00Z,28.1,23.5,591.0,2.89,100
2025-08-20T20:00Z,28.2,22.9,300.0,2.55,100
2025-08-20T21:00Z,28.7,22.6,321.0,2.17,100
2025-08-20T22:00Z,28.6,22.6,271.0,1.81,100
2025-08-20T23:00Z,28.5,22.4,234.0,1.32,97
2025-08-21T00:00Z,28.3,22.5,132.0,0.45,96
2025-08-21T01:00Z,31.3,23.8,57.0,0.75,21
2025-08-21T02:00Z,30.4,24.4,0.0,0.88,12
2025-08-21T03:00Z,29.8,24.8,0.0,0.83,26
2025-08-21T04:00Z,29.3,24.5,0.0,1.16,25
2025-08-21T05:00Z,28.9,24.4,0.0,0.9,13
2025-08-21T06:00Z,28.5,24.1,0.0,0.94,3
2025-08-21T07:00Z,28.3,23.9,0.0,1.19,1
2025-08-21T08:00Z,28.0,23.5,0.0,1.7,0
2025-08-21T09:00Z,27.7,22.6,0.0,1.64,0
2025-08-21T10:00Z,27.1,22.3,0.0,1.35,0
2025-08-21T11:00Z,26.7,22.3,0.0,1.31,0
2025-08-21T12:00Z,26.3,22.3,0.0,1.76,0
2025-08-21T13:00Z,26.5,21.7,51.0,1.61,14
2025-08-21T14:00Z,28.3,22.1,236.0,1.95,9
2025-08-21T15:00Z,29.9,21.5,410.0,1.69,10
2025-08-21T16:00Z,31.6,21.9,613.0,1.73,1
2025-08-21T17:00Z,33.2,21.3,775.0,2.34,6
2025-08-21T18:00Z,34.0,20.6,815.0,2.67,21
2025-08-21T19:00Z,34.6,19.8,835.0,2.93,33
2025-08-21T20:00Z,31.5,20.7,734.0,3.52,65
2025-08-21T21:00Z,32.6,21.1,610.0,2.47,49
2025-08-21T22:00Z,31.8,20.8,545.0,1.79,34
2025-08-21T23:00Z,31.6,21.2,356.0,2.71,39
2025-08-22T00:00Z,30.9,21.1,215.0,2.36,25
2025-08-22T01:00Z,31.2,20.2,58.0,2.19,61
2025-08-22T02:00Z,27.7,21.3,0.0,1.19,43
2025-08-22T03:00Z,27.7,21.4,0.0,1.9,12
2025-08-22T04:00Z,27.6,21.8,0.0,0.53,22
2025-08-22T05:00Z,27.8,22.7,0.0,0.73,12
2025-08-22T06:00Z,27.8,23.0,0.0,0.42,14
2025-08-22T07:00Z,27.5,22.7,0.0,0.74,11
2025-08-22T08:00Z,27.2,22.6,0.0,0.8,3
2025-08-22T09:00Z,26.8,22.6,0.0,0.86,4
2025-08-22T10:00Z,26.5,22.9,0.0,0.46,2
2025-08-22T11:00Z,26.0,22.7,0.0,0.67,3
2025-08-22T12:00Z,25.8,21.9,0.0,1.06,0
2025-08-22T13:00Z,23.1,22.1,56.0,1.77,91
2025-08-22T14:00Z,24.7,22.5,149.0,1.7,86
2025-08-22T15:00Z,26.7,22.8,325.0,1.1,83
2025-08-22T16:00Z,28.2,21.8,337.0,2.16,71
2025-08-22T17:00Z,28.5,21.2,373.0,2.16,51
2025-08-22T18:00Z,30.1,21.5,674.0,1.7,27
2025-08-22T19:00Z,31.6,20.7,859.0,1.26,8
2025-08-22T20:00Z,32.3,19.0,773.0,2.3,13
2025-08-22T21:00Z,32.4,17.9,740.0,2.31,12
2025-08-22T22:00Z,32.3,17.9,590.0,2.28,16
2025-08-22T23:00Z,32.0,18.0,408.0,2.15,13
2025-08-23T00:00Z,31.2,18.4,210.0,2.36,20
2025-08-23T01:00Z,31.9,16.6,57.0,2.63,3
2025-08-23T02:00Z,31.3,17.3,0.0,2.06,5
2025-08-23T03:00Z,30.3,18.1,0.0,1.75,3
2025-08-23T04:00Z,29.4,19.0,0.0,1.07,16
2025-08-23T05:00Z,28.7,19.6,0.0,1.14,7
2025-08-23T06:00Z,28.2,20.0,0.0,1.27,2
2025-08-23T07:00Z,27.7,20.4,0.0,1.33,10
2025-08-23T08:00Z,27.5,20.6,0.0,1.37,26
2025-08-23T09:00Z,27.2,20.6,0.0,1.5,16
2025-08-23T10:00Z,26.9,20.7,0.0,1.7,2
2025-08-23T11:00Z,26.5,20.9,0.0,1.55,0
2025-08-23T12:00Z,26.1,21.1,0.0,1.49,0
2025-08-23T13:00Z,25.8,20.9,62.0,1.66,0
2025-08-23T14:00Z,27.4,20.7,246.0,1.72,0
2025-08-23T15:00Z,29.9,20.3,454.0,1.91,0
2025-08-23T16:00Z,32.2,18.8,644.0,2.02,24
2025-08-23T17:00Z,33.9,16.5,776.0,2.46,26
2025-08-23T18:00Z,34.9,15.3,797.0,3.05,23
2025-08-23T19:00Z,36.0,14.2,867.0,2.07,19
2025-08-23T20:00Z,37.2,12.5,820.0,2.47,67
2025-08-23T21:00Z,37.0,12.6,704.0,4.04,40
2025-08-23T22:00Z,36.4,11.7,622.0,3.99,1
2025-08-23T23:00Z,35.8,11.5,466.0,3.72,0
2025-08-24T00:00Z,34.7,12.4,254.0,3.22,0
2025-08-24T01:00Z,33.2,13.9,62.0,3.25,2
2025-08-24T02:00Z,32.2,14.3,0.0,3.11,1
2025-08-24T03:00Z,31.5,14.5,0.0,2.17,3
2025-08-24T04:00Z,30.7,15.0,0.0,1.0,1
2025-08-24T05:00Z,29.9,15.5,0.0,0.76,3
2025-08-24T06:00Z,29.8,18.2,0.0,0.18,2
2025-08-24T07:00Z,29.2,15.4,0.0,1.01,3
2025-08-24T08:00Z,29.0,15.7,0.0,2.07,4
2025-08-24T09:00Z,28.1,16.6,0.0,2.0,0
2025-08-24T10:00Z,27.5,17.4,0.0,1.77,0
2025-08-24T11:00Z,26.9,17.8,0.0,1.67,0
2025-08-24T12:00Z,26.4,18.1,0.0,1.66,0
2025-08-24T13:00Z,25.2,19.0,59.0,1.25,0
2025-08-24T14:00Z,26.8,19.2,240.0,1.16,0
2025-08-24T15:00Z,28.8,19.3,447.0,1.11,0
2025-08-24T16:00Z,31.1,19.3,635.0,1.0,9
2025-08-24T17:00Z,33.3,18.4,783.0,0.95,28
2025-08-24T18:00Z,34.9,16.3,857.0,0.76,39
2025-08-24T19:00Z,35.7,16.0,848.0,1.51,48
2025-08-24T20:00Z,36.3,15.7,804.0,2.36,91
2025-08-24T21:00Z,36.4,15.4,725.0,2.61,54
2025-08-24T22:00Z,35.9,15.1,559.0,2.85,31
2025-08-24T23:00Z,35.1,14.9,386.0,2.76,33
2025-08-25T00:00Z,34.4,15.2,220.0,2.65,10
2025-08-25T01:00Z,34.2,14.9,47.0,2.75,33
2025-08-25T02:00Z,33.2,15.5,0.0,1.99,11
2025-08-25T03:00Z,32.4,16.1,0.0,1.73,4
2025-08-25T04:00Z,31.4,16.5,0.0,1.8,12
2025-08-25T05:00Z,30.5,16.6,0.0,2.23,97
2025-08-25T06:00Z,29.6,16.6,0.0,2.38,3
2025-08-25T07:00Z,28.9,16.8,0.0,2.33,91
2025-08-25T08:00Z,28.4,16.9,0.0,2.25,81
2025-08-25T09:00Z,27.9,17.0,0.0,2.38,75
2025-08-25T10:00Z,27.4,17.3,0.0,2.19,1
2025-08-25T11:00Z,27.0,17.8,0.0,2.21,43
2025-08-25T12:00Z,26.6,18.0,0.0,1.96,86
2025-08-25T13:00Z,25.8,19.2,59.0,1.71,100
2025-08-25T14:00Z,27.5,19.3,208.0,1.1,99
2025-08-25T15:00Z,29.1,19.3,312.0,1.18,100
2025-08-25T16:00Z,30.4,19.4,377.0,1.39,100
2025-08-25T17:00Z,32.5,18.7,628.0,1.96,15
2025-08-25T18:00Z,34.1,16.8,792.0,2.14,13
2025-08-25T19:00Z,35.3,15.0,867.0,2.25,11
2025-08-25T20:00Z,35.8,14.6,821.0,2.44,5
2025-08-25T21:00Z,35.9,14.4,767.0,2.87,2
2025-08-25T22:00Z,35.8,14.3,623.0,2.8,10
2025-08-25T23:00Z,35.4,14.4,430.0,2.67,12
2025-08-26T00:00Z,34.7,14.3,224.0,2.95,13
2025-08-26T01:00Z,33.0,14.3,52.0,2.41,23
2025-08-26T02:00Z,31.7,14.3,0.0,2.84,93
2025-08-26T03:00Z,31.3,14.5,0.0,2.48,100
2025-08-26T04:00Z,31.1,15.5,0.0,1.57,76
2025-08-26T05:00Z,29.6,17.8,0.0,2.8,45
2025-08-26T06:00Z,28.7,19.0,0.0,2.15,33
2025-08-26T07:00Z,28.2,18.3,0.0,1.48,65
2025-08-26T08:00Z,27.9,18.4,0.0,0.85,29
2025-08-26T09:00Z,27.5,18.6,0.0,1.1,96
2025-08-26T10:00Z,26.8,19.1,0.0,0.97,19
2025-08-26T11:00Z,26.3,19.7,0.0,1.33,26
2025-08-26T12:00Z,25.7,20.3,0.0,1.99,34
2025-08-26T13:00Z,24.1,18.5,48.0,2.96,45
2025-08-26T14:00Z,24.9,18.0,183.0,2.91,39
2025-08-26T15:00Z,26.1,17.8,347.0,2.83,100
2025-08-26T16:00Z,27.9,17.8,565.0,2.73,31
2025-08-26T17:00Z,29.6,17.9,722.0,2.5,36
2025-08-26T18:00Z,31.3,18.0,817.0,2.34,19
2025-08-26T19:00Z,32.2,17.9,805.0,2.2,97
2025-08-26T20:00Z,32.5,17.8,629.0,2.47,82
2025-08-26T21:00Z,32.6,17.1,469.0,2.38,97
2025-08-26T22:00Z,32.3,17.4,338.0,2.84,100
2025-08-26T23:00Z,31.5,18.0,150.0,3.62,100
2025-08-27T00:00Z,29.7,18.7,82.0,4.45,77
2025-08-27T01:00Z,26.6,18.6,49.0,3.57,16
2025-08-27T02:00Z,25.7,18.6,0.0,3.65,5
2025-08-27T03:00Z,24.4,18.5,0.0,3.54,1
2025-08-27T04:00Z,23.4,18.5,0.0,3.24,19
2025-08-27T05:00Z,22.8,18.5,0.0,2.75,27
2025-08-27T06:00Z,22.4,18.5,0.0,2.68,63
2025-08-27T07:00Z,22.2,18.5,0.0,2.71,36
2025-08-27T08:00Z,22.1,18.4,0.0,2.44,22
2025-08-27T09:00Z,22.0,18.5,0.0,2.02,7
2025-08-27T10:00Z,21.7,18.6,0.0,1.68,7
2025-08-27T11:00Z,21.7,18.7,0.0,1.54,22
2025-08-27T12:00Z,21.7,19.0,0.0,1.53,20
2025-08-27T13:00Z,21.7,18.9,50.0,2.36,10
2025-08-27T14:00Z,23.2,18.9,211.0,2.41,2
2025-08-27T15:00Z,25.3,19.1,422.0,2.17,4
2025-08-27T16:00Z,27.6,19.5,609.0,1.79,19
2025-08-27T17:00Z,29.6,19.9,734.0,1.81,1
2025-08-27T18:00Z,31.0,20.1,737.0,1.91,28
2025-08-27T19:00Z,32.2,19.9,774.0,1.78,29
2025-08-27T20:00Z,33.2,19.8,754.0,1.81,25
2025-08-27T21:00Z,33.8,19.5,688.0,1.97,27
2025-08-27T22:00Z,34.0,19.5,582.0,2.33,34
2025-08-27T23:00Z,33.1,19.5,405.0,2.44,21
2025-08-28T00:00Z,32.3,19.4,192.0,2.8,52
2025-08-28T01:00Z,30.5,20.6,41.0,3.74,34
2025-08-28T02:00Z,29.7,20.6,0.0,2.83,45
2025-08-28T03:00Z,29.5,20.9,0.0,2.87,14
2025-08-28T04:00Z,29.0,20.8,0.0,3.06,8
2025-08-28T05:00Z,28.5,20.8,0.0,3.78,0
2025-08-28T06:00Z,28.1,21.1,0.0,3.52,0
2025-08-28T07:00Z,27.9,21.1,0.0,3.47,0
2025-08-28T08:00Z,27.6,21.1,0.0,3.27,0
2025-08-28T09:00Z,27.2,21.4,0.0,3.46,51
2025-08-28T10:00Z,26.8,21.8,0.0,3.25,2
2025-08-28T11:00Z,26.6,22.0,0.0,3.31,0
2025-08-28T12:00Z,26.4,22.0,0.0,3.25,0
2025-08-28T13:00Z,26.6,22.4,51.0,2.9,76
2025-08-28T14:00Z,27.1,22.6,181.0,3.75,49
2025-08-28T15:00Z,28.8,22.9,380.0,3.02,51
2025-08-28T16:00Z,30.6,22.6,517.0,2.84,31
2025-08-28T17:00Z,33.1,21.3,727.0,3.47,4
2025-08-28T18:00Z,34.9,20.2,840.0,3.72,13
2025-08-28T19:00Z,35.8,19.7,849.0,3.68,22
2025-08-28T20:00Z,36.6,19.4,799.0,3.47,23
2025-08-28T21:00Z,36.4,19.5,705.0,2.86,95
2025-08-28T22:00Z,35.1,19.6,535.0,2.67,99
2025-08-28T23:00Z,29.3,21.9,212.0,5.46,100
2025-08-29T00:00Z,27.3,22.5,61.0,1.65,92
2025-08-29T01:00Z,25.6,24.4,3.0,4.36,100
2025-08-29T02:00Z,25.3,23.8,0.0,3.02,100
2025-08-29T03:00Z,25.4,24.0,0.0,1.94,74
2025-08-29T04:00Z,25.1,23.9,0.0,2.45,77
2025-08-29T05:00Z,24.9,22.9,0.0,3.1,95
2025-08-29T06:00Z,24.4,22.3,0.0,3.64,60
2025-08-29T07:00Z,23.3,21.8,0.0,2.63,45
2025-08-29T08:00Z,22.7,21.5,0.0,2.23,32
2025-08-29T09:00Z,22.5,21.3,0.0,2.34,32
2025-08-29T10:00Z,22.3,21.1,0.0,2.33,22
2025-08-29T11:00Z,22.5,21.1,0.0,2.45,47
2025-08-29T12:00Z,22.5,21.2,0.0,2.33,12
2025-08-29T13:00Z,22.4,21.2,40.0,3.04,59
2025-08-29T14:00Z,22.9,21.2,105.0,2.57,97
2025-08-29T15:00Z,23.7,22.1,219.0,3.13,71
2025-08-29T16:00Z,24.6,22.4,322.0,3.16,98
2025-08-29T17:00Z,26.0,22.4,424.0,1.39,100
2025-08-29T18:00Z,27.1,22.8,485.0,0.64,100
2025-08-29T19:00Z,27.7,23.0,453.0,1.17,100
2025-08-29T20:00Z,28.3,23.0,490.0,1.12,100
2025-08-29T21:00Z,28.5,23.0,386.0,1.58,92
2025-08-29T22:00Z,28.8,22.9,434.0,1.63,3
2025-08-29T23:00Z,28.8,22.8,319.0,1.81,7
2025-08-30T00:00Z,28.4,23.1,164.0,2.38,6
2025-08-30T01:00Z,26.5,21.8,24.0,2.88,67
2025-08-30T02:00Z,25.7,21.8,0.0,3.27,99
2025-08-30T03:00Z,24.9,21.4,0.0,3.17,100
2025-08-30T04:00Z,24.4,21.1,0.0,2.98,100
2025-08-30T05:00Z,24.0,21.0,0.0,2.75,100
2025-08-30T06:00Z,23.9,21.0,0.0,2.25,100
2025-08-30T07:00Z,23.7,21.1,0.0,1.81,100
2025-08-30T08:00Z,23.6,21.3,0.0,1.52,100
2025-08-30T09:00Z,23.3,21.6,0.0,1.66,100
2025-08-30T10:00Z,23.3,21.6,0.0,2.07,100
2025-08-30T11:00Z,23.1,21.6,0.0,2.29,100
2025-08-30T12:00Z,22.7,21.8,0.0,2.01,52
2025-08-30T13:00Z,22.8,22.0,9.0,3.01,100
2025-08-30T14:00Z,23.0,22.0,36.0,1.98,100
2025-08-30T15:00Z,23.3,22.3,57.0,2.39,100
2025-08-30T16:00Z,23.6,22.3,62.0,1.38,100
2025-08-30T17:00Z,25.5,22.5,381.0,0.85,100
2025-08-30T18:00Z,26.4,22.7,323.0,0.74,100
2025-08-30T19:00Z,26.9,23.0,354.0,1.11,100
2025-08-30T20:00Z,26.4,22.9,235.0,1.5,100
2025-08-30T21:00Z,26.6,23.1,248.0,1.46,100
2025-08-30T22:00Z,27.4,23.3,421.0,1.18,99
2025-08-30T23:00Z,27.1,23.2,162.0,1.46,100
2025-08-31T00:00Z,26.9,23.2,118.0,1.86,100
2025-08-31T01:00Z,25.1,22.5,20.0,1.69,95
2025-08-31T02:00Z,24.6,22.7,0.0,2.07,100
2025-08-31T03:00Z,24.3,22.8,0.0,1.6,39
2025-08-31T04:00Z,24.1,22.8,0.0,1.49,86
2025-08-31T05:00Z,24.0,22.7,0.0,1.36,97
2025-08-31T06:00Z,23.7,22.7,0.0,0.97,69
2025-08-31T07:00Z,23.6,22.6,0.0,1.28,81
2025-08-31T08:00Z,23.5,22.4,0.0,1.03,100
2025-08-31T09:00Z,23.5,22.4,0.0,0.96,100
2025-08-31T10:00Z,23.4,22.4,0.0,0.81,100
2025-08-31T11:00Z,23.5,22.4,0.0,0.6,99
2025-08-31T12:00Z,23.5,22.5,0.0,0.56,96
2025-08-31T13:00Z,23.1,22.4,44.0,2.04,75
2025-08-31T14:00Z,23.8,22.2,101.0,1.71,100
2025-08-31T15:00Z,24.1,22.2,149.0,2.21,100
2025-08-31T16:00Z,25.3,22.3,323.0,1.06,76
2025-08-31T17:00Z,26.3,22.3,390.0,1.35,100
2025-08-31T18:00Z,27.7,22.4,669.0,1.21,50
2025-08-31T19:00Z,28.8,22.5,822.0,0.2,56
2025-08-31T20:00Z,29.3,22.8,738.0,0.57,100
2025-08-31T21:00Z,29.2,22.5,479.0,0.7,100
2025-08-31T22:00Z,27.0,22.7,355.0,2.41,100
2025-08-31T23:00Z,26.4,22.8,186.0,2.17,83
2025-09-01T00:00Z,26.1,23.0,147.0,2.08,48
2025-09-01T01:00Z,24.1,23.1,16.0,2.13,52
2025-09-01T02:00Z,23.4,23.0,0.0,0.05,91
2025-09-01T03:00Z,23.3,22.9,0.0,0.49,92
2025-09-01T04:00Z,23.4,22.8,0.0,0.21,29
2025-09-01T05:00Z,23.0,22.9,0.0,0.46,52
2025-09-01T06:00Z,23.1,22.7,0.0,0.1,96
2025-09-01T07:00Z,23.0,22.7,0.0,0.18,100
2025-09-01T08:00Z,22.7,22.6,0.0,0.25,98
2025-09-01T09:00Z,22.6,22.5,0.0,0.29,100
2025-09-01T10:00Z,22.9,22.8,0.0,0.47,99
2025-09-01T11:00Z,22.5,21.9,0.0,1.46,100
2025-09-01T12:00Z,22.4,22.1,0.0,1.57,77
2025-09-01T13:00Z,21.7,21.6,35.0,2.39,98
2025-09-01T14:00Z,23.0,21.2,140.0,1.61,12
2025-09-01T15:00Z,24.8,21.9,389.0,1.26,20
2025-09-01T16:00Z,26.2,22.3,561.0,1.0,7
2025-09-01T17:00Z,27.3,22.6,712.0,0.78,8
2025-09-01T18:00Z,28.4,22.5,833.0,0.81,23
2025-09-01T19:00Z,28.7,22.1,834.0,0.81,78
2025-09-01T20:00Z,29.0,21.7,662.0,0.5,34
2025-09-01T21:00Z,26.7,21.9,590.0,2.97,76
2025-09-01T22:00Z,27.3,22.3,529.0,0.92,18
2025-09-01T23:00Z,27.7,22.4,375.0,1.49,15
2025-09-02T00:00Z,27.2,22.1,200.0,1.66,13
2025-09-02T01:00Z,26.0,22.5,35.0,0.95,1
2025-09-02T02:00Z,25.5,22.6,0.0,1.2,1
2025-09-02T03:00Z,24.9,22.7,0.0,1.38,1
2025-09-02T04:00Z,24.4,22.5,0.0,1.35,0
2025-09-02T05:00Z,24.0,22.4,0.0,1.25,0
2025-09-02T06:00Z,23.5,22.2,0.0,1.0,0
2025-09-02T07:00Z,23.1,21.9,0.0,0.36,0
2025-09-02T08:00Z,22.6,21.8,0.0,0.56,0
2025-09-02T09:00Z,22.5,21.8,0.0,1.06,0
2025-09-02T10:00Z,22.1,21.5,0.0,1.06,0
2025-09-02T11:00Z,21.6,21.2,0.0,0.86,0
2025-09-02T12:00Z,21.4,21.1,0.0,1.5,3
2025-09-02T13:00Z,21.9,21.5,44.0,0.61,55
2025-09-02T14:00Z,23.7,22.3,218.0,0.55,13
2025-09-02T15:00Z,25.6,22.6,424.0,0.63,0
2025-09-02T16:00Z,27.2,22.8,617.0,0.46,1
2025-09-02T17:00Z,28.3,22.3,759.0,0.76,8
2025-09-02T18:00Z,29.2,21.5,836.0,0.74,8
2025-09-02T19:00Z,30.0,21.1,861.0,0.94,10
2025-09-02T20:00Z,30.4,20.6,814.0,1.01,8
2025-09-02T21:00Z,30.6,20.1,693.0,1.35,24
2025-09-02T22:00Z,30.4,19.6,536.0,1.23,15
2025-09-02T23:00Z,30.0,19.6,350.0,1.54,23
2025-09-03T00:00Z,28.3,20.8,154.0,2.15,15
2025-09-03T01:00Z,26.7,22.2,34.0,2.22,31
2025-09-03T02:00Z,26.1,21.6,0.0,2.35,7
2025-09-03T03:00Z,25.0,21.3,0.0,2.33,5
2025-09-03T04:00Z,24.5,20.9,0.0,1.46,8
2025-09-03T05:00Z,24.2,20.8,0.0,1.79,0
2025-09-03T06:00Z,24.0,21.1,0.0,1.97,13
2025-09-03T07:00Z,23.7,21.2,0.0,1.79,38
2025-09-03T08:00Z,23.2,21.1,0.0,1.8,5
2025-09-03T09:00Z,22.7,20.9,0.0,1.99,0
2025-09-03T10:00Z,22.4,20.7,0.0,2.14,0
2025-09-03T11:00Z,22.1,20.6,0.0,2.11,0
2025-09-03T12:00Z,21.7,20.4,0.0,2.06,0
2025-09-03T13:00Z,22.1,20.8,47.0,1.84,0
2025-09-03T14:00Z,23.4,21.0,230.0,2.06,0
2025-09-03T15:00Z,24.9,20.9,441.0,2.08,0
2025-09-03T16:00Z,26.3,20.0,634.0,2.75,0
2025-09-03T17:00Z,27.2,19.1,784.0,3.23,1
2025-09-03T18:00Z,28.0,18.5,877.0,3.06,0
2025-09-03T19:00Z,28.8,17.9,911.0,2.91,0
2025-09-03T20:00Z,29.4,17.4,874.0,2.93,0
2025-09-03T21:00Z,29.8,16.6,774.0,2.86,0
2025-09-03T22:00Z,29.9,15.8,620.0,2.89,0
2025-09-03T23:00Z,29.5,15.9,425.0,2.35,0
2025-09-04T00:00Z,28.3,18.6,212.0,0.99,0
2025-09-04T01:00Z,26.5,18.0,35.0,0.97,0
2025-09-04T02:00Z,26.0,17.0,0.0,0.39,0
2025-09-04T03:00Z,25.4,16.7,0.0,0.14,0
2025-09-04T04:00Z,24.3,17.4,0.0,0.89,0
2025-09-04T05:00Z,23.6,17.3,0.0,1.26,0
2025-09-04T06:00Z,23.5,17.1,0.0,1.71,0
2025-09-04T07:00Z,23.3,17.3,0.0,2.28,0
2025-09-04T08:00Z,22.8,17.1,0.0,2.4,0
2025-09-04T09:00Z,22.7,16.5,0.0,2.55,0
2025-09-04T10:00Z,22.4,16.4,0.0,1.9,0
2025-09-04T11:00Z,22.2,16.2,0.0,2.51,0
2025-09-04T12:00Z,21.9,15.8,0.0,2.67,8
2025-09-04T13:00Z,21.3,16.2,46.0,2.73,53
2025-09-04T14:00Z,23.3,17.6,182.0,2.25,18
2025-09-04T15:00Z,25.8,17.9,420.0,2.22,0
2025-09-04T16:00Z,28.6,18.3,632.0,2.25,0
2025-09-04T17:00Z,31.2,18.0,779.0,2.34,0
2025-09-04T18:00Z,33.5,16.8,873.0,2.55,0
2025-09-04T19:00Z,35.4,15.8,902.0,2.45,0
2025-09-04T20:00Z,37.0,13.9,864.0,2.41,0
2025-09-04T21:00Z,37.9,13.6,768.0,3.14,0
2025-09-04T22:00Z,37.5,13.7,599.0,3.12,0
2025-09-04T23:00Z,37.1,14.7,418.0,1.73,1
2025-09-05T00:00Z,34.7,18.5,205.0,1.54,0
2025-09-05T01:00Z,32.7,16.2,30.0,4.07,1
2025-09-05T02:00Z,31.6,16.0,0.0,3.7,0
2025-09-05T03:00Z,30.8,15.2,0.0,3.65,0
2025-09-05T04:00Z,30.3,13.9,0.0,3.6,11
2025-09-05T05:00Z,29.3,13.5,0.0,3.91,80
2025-09-05T06:00Z,28.4,14.5,0.0,4.05,100
2025-09-05T07:00Z,27.8,15.6,0.0,4.08,91
2025-09-05T08:00Z,27.6,15.5,0.0,4.09,92
2025-09-05T09:00Z,27.5,15.1,0.0,4.12,61
2025-09-05T10:00Z,27.1,14.9,0.0,3.66,87
2025-09-05T11:00Z,26.6,14.9,0.0,3.38,23
2025-09-05T12:00Z,26.0,15.5,0.0,3.24,80
2025-09-05T13:00Z,24.7,17.7,30.0,2.0,100
2025-09-05T14:00Z,25.7,18.2,115.0,2.42,100
2025-09-05T15:00Z,27.1,18.4,208.0,2.07,100
2025-09-05T16:00Z,29.9,19.0,456.0,1.87,100
2025-09-05T17:00Z,32.1,19.3,695.0,1.14,100
2025-09-05T18:00Z,33.0,19.1,594.0,1.27,99
2025-09-05T19:00Z,34.7,18.9,695.0,1.55,100
2025-09-05T20:00Z,36.4,18.0,758.0,1.96,100
2025-09-05T21:00Z,36.5,16.5,556.0,2.56,100
2025-09-05T22:00Z,35.6,14.7,256.0,3.8,100
2025-09-05T23:00Z,35.4,13.0,178.0,1.23,100
2025-09-06T00:00Z,32.1,18.2,129.0,3.55,100
2025-09-06T01:00Z,31.4,21.4,18.0,3.07,100
2025-09-06T02:00Z,30.4,22.1,0.0,3.98,100
2025-09-06T03:00Z,26.9,21.2,0.0,6.81,99
2025-09-06T04:00Z,24.5,20.4,0.0,2.51,100
2025-09-06T05:00Z,22.6,21.5,0.0,3.82,100
2025-09-06T06:00Z,22.4,21.2,0.0,4.51,100
2025-09-06T07:00Z,22.2,21.0,0.0,2.23,100
2025-09-06T08:00Z,21.6,20.6,0.0,2.89,100
2025-09-06T09:00Z,21.0,20.1,0.0,1.37,100
2025-09-06T10:00Z,20.6,19.9,0.0,2.33,100
2025-09-06T11:00Z,19.9,19.0,0.0,2.77,100
2025-09-06T12:00Z,19.5,18.1,0.0,2.1,100
2025-09-06T13:00Z,18.2,16.7,9.0,1.13,94
2025-09-06T14:00Z,18.6,16.3,69.0,3.15,100
2025-09-06T15:00Z,18.4,17.3,83.0,2.39,100
2025-09-06T16:00Z,18.9,17.3,114.0,3.7,97
2025-09-06T17:00Z,20.6,17.8,321.0,2.67,72
2025-09-06T18:00Z,21.5,17.9,479.0,2.65,84
2025-09-06T19:00Z,23.5,18.3,816.0,2.6,44
2025-09-06T20:00Z,24.4,18.2,689.0,2.17,28
2025-09-06T21:00Z,25.3,18.7,708.0,2.06,1
2025-09-06T22:00Z,25.6,19.0,577.0,1.71,0
2025-09-06T23:00Z,25.5,19.1,387.0,1.46,0
2025-09-07T00:00Z,25.2,19.5,183.0,0.82,0
2025-09-07T01:00Z,23.9,19.8,25.0,0.46,9
2025-09-07T02:00Z,23.4,19.7,0.0,0.61,11
2025-09-07T03:00Z,23.1,20.1,0.0,0.57,98
2025-09-07T04:00Z,22.8,19.5,0.0,2.68,22
2025-09-07T05:00Z,22.0,20.1,0.0,2.59,68
2025-09-07T06:00Z,21.6,20.1,0.0,2.16,82
2025-09-07T07:00Z,21.3,20.0,0.0,1.61,100
2025-09-07T08:00Z,21.1,20.0,0.0,1.31,98
2025-09-07T09:00Z,20.8,20.0,0.0,1.25,98
2025-09-07T10:00Z,20.6,19.9,0.0,1.51,21
2025-09-07T11:00Z,20.3,19.6,0.0,1.81,39
2025-09-07T12:00Z,20.1,19.3,0.0,1.81,18
2025-09-07T13:00Z,20.8,19.5,22.0,2.15,100
2025-09-07T14:00Z,21.5,19.1,105.0,2.55,100
2025-09-07T15:00Z,22.0,18.8,169.0,2.71,100
2025-09-07T16:00Z,22.3,18.6,181.0,2.82,100
2025-09-07T17:00Z,23.5,18.4,371.0,2.64,42
2025-09-07T18:00Z,25.2,17.4,648.0,2.34,13
2025-09-07T19:00Z,26.6,16.0,867.0,2.56,0
2025-09-07T20:00Z,27.2,15.1,851.0,2.9,0
2025-09-07T21:00Z,27.5,14.5,743.0,2.95,0
2025-09-07T22:00Z,27.3,14.0,590.0,3.22,0
2025-09-07T23:00Z,26.7,14.1,396.0,3.22,0
2025-09-08T00:00Z,25.6,15.0,188.0,2.66,0
2025-09-08T01:00Z,24.4,16.2,26.0,2.16,2
2025-09-08T02:00Z,23.5,16.2,0.0,2.52,7
2025-09-08T03:00Z,22.7,16.3,0.0,2.29,0
2025-09-08T04:00Z,22.1,15.9,0.0,2.37,0
2025-09-08T05:00Z,21.6,15.7,0.0,2.1,0
2025-09-08T06:00Z,21.0,15.6,0.0,2.2,0
2025-09-08T07:00Z,20.6,15.2,0.0,2.21,0
2025-09-08T08:00Z,20.1,15.2,0.0,1.87,0
2025-09-08T09:00Z,19.7,15.1,0.0,1.75,0
2025-09-08T10:00Z,19.2,15.1,0.0,1.37,0
2025-09-08T11:00Z,18.8,15.2,0.0,1.36,0
2025-09-08T12:00Z,18.6,15.4,0.0,1.55,0
2025-09-08T13:00Z,18.4,15.4,42.0,2.1,0
2025-09-08T14:00Z,20.1,15.0,221.0,2.07,0
2025-09-08T15:00Z,22.1,14.6,431.0,2.17,0
2025-09-08T16:00Z,24.2,14.1,622.0,2.07,0
2025-09-08T17:00Z,25.9,13.2,770.0,2.1,0
2025-09-08T18:00Z,26.9,13.0,863.0,1.97,0
2025-09-08T19:00Z,27.6,13.2,890.0,2.04,0
2025-09-08T20:00Z,28.0,13.2,851.0,2.09,0
2025-09-08T21:00Z,28.0,13.1,749.0,2.07,0
2025-09-08T22:00Z,27.9,13.0,592.0,2.15,0
2025-09-08T23:00Z,27.4,13.0,397.0,2.38,2
2025-09-09T00:00Z,26.2,12.7,186.0,2.55,7
2025-09-09T01:00Z,25.1,11.0,24.0,2.69,19
2025-09-09T02:00Z,24.1,11.1,0.0,2.59,17
2025-09-09T03:00Z,23.4,11.4,0.0,2.37,34
2025-09-09T04:00Z,22.7,12.0,0.0,2.4,94
2025-09-09T05:00Z,22.0,12.2,0.0,2.33,100
2025-09-09T06:00Z,21.5,12.1,0.0,2.51,77
2025-09-09T07:00Z,20.8,11.8,0.0,2.69,64
2025-09-09T08:00Z,20.1,11.3,0.0,2.78,25
2025-09-09T09:00Z,19.3,11.1,0.0,2.8,23
2025-09-09T10:00Z,18.9,11.2,0.0,2.6,1
2025-09-09T11:00Z,18.4,11.6,0.0,1.88,0
2025-09-09T12:00Z,18.1,12.0,0.0,1.53,0
2025-09-09T13:00Z,17.3,12.2,35.0,1.77,1
2025-09-09T14:00Z,19.3,12.4,220.0,1.31,2
2025-09-09T15:00Z,21.9,12.2,429.0,1.27,0
2025-09-09T16:00Z,24.5,12.3,620.0,1.4,0
2025-09-09T17:00Z,26.7,12.5,768.0,1.55,0
2025-09-09T18:00Z,28.3,12.5,861.0,1.36,0
2025-09-09T19:00Z,29.5,12.5,890.0,1.16,0
2025-09-09T20:00Z,30.4,12.2,851.0,1.28,0
2025-09-09T21:00Z,30.9,11.8,748.0,1.7,0
2025-09-09T22:00Z,30.8,11.1,591.0,2.23,0
2025-09-09T23:00Z,30.3,10.3,395.0,2.55,0
2025-09-10T00:00Z,29.1,10.8,183.0,2.65,0
2025-09-10T01:00Z,27.7,11.0,23.0,2.76,14
2025-09-10T02:00Z,26.2,11.4,0.0,2.49,9
2025-09-10T03:00Z,25.1,11.6,0.0,2.2,0
2025-09-10T04:00Z,24.3,12.0,0.0,2.23,0
2025-09-10T05:00Z,23.7,12.7,0.0,2.16,0
2025-09-10T06:00Z,23.1,13.4,0.0,2.16,0
2025-09-10T07:00Z,22.4,13.9,0.0,2.04,0
2025-09-10T08:00Z,21.9,14.2,0.0,2.08,0
2025-09-10T09:00Z,21.3,14.5,0.0,2.12,0
2025-09-10T10:00Z,20.7,14.7,0.0,2.12,0
2025-09-10T11:00Z,20.2,14.9,0.0,2.16,0
2025-09-10T12:00Z,19.8,15.0,0.0,1.84,0
2025-09-10T13:00Z,18.4,15.4,40.0,2.09,0
2025-09-10T14:00Z,20.6,15.8,219.0,1.27,0
2025-09-10T15:00Z,23.7,15.8,429.0,0.87,0
2025-09-10T16:00Z,26.6,15.2,620.0,0.8,0
2025-09-10T17:00Z,28.9,14.3,767.0,1.17,0
2025-09-10T18:00Z,30.6,13.4,859.0,1.8,0
2025-09-10T19:00Z,31.8,12.8,887.0,1.81,0
2025-09-10T20:00Z,32.6,12.3,848.0,1.84,0
2025-09-10T21:00Z,32.9,12.0,744.0,2.22,0
2025-09-10T22:00Z,32.8,12.0,587.0,2.28,0
2025-09-10T23:00Z,32.4,12.3,389.0,2.21,0
2025-09-11T00:00Z,31.4,12.8,178.0,2.34,0
2025-09-11T01:00Z,29.2,12.2,21.0,2.16,0
2025-09-11T02:00Z,27.8,12.3,0.0,2.51,0
2025-09-11T03:00Z,26.8,13.0,0.0,2.41,4
2025-09-11T04:00Z,25.8,13.9,0.0,2.33,0
2025-09-11T05:00Z,25.2,14.7,0.0,2.25,1
2025-09-11T06:00Z,24.6,15.4,0.0,1.31,6
2025-09-11T07:00Z,23.9,15.6,0.0,1.16,1
2025-09-11T08:00Z,23.1,16.8,0.0,0.5,0
2025-09-11T09:00Z,22.4,16.7,0.0,0.61,0
2025-09-11T10:00Z,21.9,16.4,0.0,0.82,0
2025-09-11T11:00Z,21.4,16.4,0.0,0.83,0
2025-09-11T12:00Z,21.0,16.4,0.0,0.92,0
2025-09-11T13:00Z,20.7,16.4,39.0,1.13,0
2025-09-11T14:00Z,23.0,16.6,215.0,0.68,0
2025-09-11T15:00Z,25.8,16.4,424.0,0.78,0
2025-09-11T16:00Z,28.3,16.3,614.0,1.08,0
2025-09-11T17:00Z,30.4,16.3,761.0,1.5,0
2025-09-11T18:00Z,31.9,16.1,851.0,2.01,0
2025-09-11T19:00Z,32.9,15.9,876.0,2.23,0
2025-09-11T20:00Z,33.4,15.9,835.0,2.39,0
2025-09-11T21:00Z,33.7,15.7,732.0,2.43,0
2025-09-11T22:00Z,33.6,15.4,576.0,2.55,0
2025-09-11T23:00Z,33.0,15.5,381.0,2.52,0
2025-09-12T00:00Z,32.0,15.9,172.0,2.23,0
2025-09-12T01:00Z,31.0,17.0,18.0,2.47,1
2025-09-12T02:00Z,30.2,17.7,0.0,2.61,0
2025-09-12T03:00Z,29.2,18.2,0.0,2.59,0
2025-09-12T04:00Z,28.4,18.1,0.0,2.3,0
2025-09-12T05:00Z,27.9,18.0,0.0,2.08,0
2025-09-12T06:00Z,27.1,18.2,0.0,1.8,0
2025-09-12T07:00Z,26.2,18.4,0.0,1.71,0
2025-09-12T08:00Z,25.5,18.7,0.0,2.23,0
2025-09-12T09:00Z,25.3,18.6,0.0,2.18,0
2025-09-12T10:00Z,24.8,18.6,0.0,1.8,0
2025-09-12T11:00Z,24.4,18.6,0.0,1.55,0
2025-09-12T12:00Z,24.0,18.6,0.0,1.77,0
2025-09-12T13:00Z,23.5,19.7,37.0,2.04,0
2025-09-12T14:00Z,25.4,20.0,209.0,1.49,0
2025-09-12T15:00Z,27.6,20.3,416.0,1.47,0
2025-09-12T16:00Z,30.1,20.0,604.0,1.81,0
2025-09-12T17:00Z,32.0,19.1,750.0,2.22,0
2025-09-12T18:00Z,33.3,18.4,840.0,2.32,0
2025-09-12T19:00Z,34.2,17.6,859.0,2.29,45
2025-09-12T20:00Z,34.7,16.7,787.0,2.2,12
2025-09-12T21:00Z,34.6,16.0,640.0,2.2,19
2025-09-12T22:00Z,34.3,15.9,523.0,2.4,48
2025-09-12T23:00Z,33.7,16.2,345.0,2.4,80
2025-09-13T00:00Z,32.7,16.4,154.0,2.51,12
2025-09-13T01:00Z,31.6,18.0,15.0,2.69,15
2025-09-13T02:00Z,30.7,18.6,0.0,2.66,5
2025-09-13T03:00Z,30.0,18.8,0.0,2.47,2
2025-09-13T04:00Z,29.0,18.6,0.0,2.68,2
2025-09-13T05:00Z,28.0,18.7,0.0,2.21,2
2025-09-13T06:00Z,27.3,18.8,0.0,1.92,0
2025-09-13T07:00Z,26.8,18.8,0.0,1.57,0
2025-09-13T08:00Z,26.3,18.9,0.0,1.77,4
2025-09-13T09:00Z,25.6,19.3,0.0,2.08,18
2025-09-13T10:00Z,25.0,19.9,0.0,2.27,0
2025-09-13T11:00Z,24.6,20.1,0.0,2.21,4
2025-09-13T12:00Z,24.4,19.3,0.0,2.06,40
2025-09-13T13:00Z,24.2,19.2,34.0,1.73,63
2025-09-13T14:00Z,25.9,19.2,202.0,1.14,81
2025-09-13T15:00Z,28.2,19.2,403.0,1.14,94
2025-09-13T16:00Z,30.5,19.0,587.0,1.92,88
2025-09-13T17:00Z,32.1,18.4,726.0,2.68,99
2025-09-13T18:00Z,33.0,17.4,788.0,3.45,84
2025-09-13T19:00Z,33.4,16.6,752.0,3.76,100
2025-09-13T20:00Z,33.5,15.5,704.0,3.92,100
2025-09-13T21:00Z,33.5,14.7,618.0,3.21,97
2025-09-13T22:00Z,33.6,14.3,491.0,3.24,33
2025-09-13T23:00Z,33.4,12.0,352.0,3.51,95
2025-09-14T00:00Z,32.4,11.2,157.0,3.47,95
2025-09-14T01:00Z,31.1,13.0,15.0,3.18,84
2025-09-14T02:00Z,30.3,13.4,0.0,3.0,96
2025-09-14T03:00Z,29.4,14.1,0.0,2.9,100
2025-09-14T04:00Z,28.6,14.8,0.0,2.93,99
2025-09-14T05:00Z,27.9,14.6,0.0,2.64,75
2025-09-14T06:00Z,27.2,14.6,0.0,2.57,100
2025-09-14T07:00Z,27.0,14.7,0.0,2.35,100
2025-09-14T08:00Z,26.0,15.4,0.0,2.69,100
2025-09-14T09:00Z,25.4,15.9,0.0,2.49,100
2025-09-14T10:00Z,25.1,16.2,0.0,2.21,92
2025-09-14T11:00Z,24.5,16.5,0.0,2.06,82
2025-09-14T12:00Z,24.0,16.7,0.0,1.86,36
2025-09-14T13:00Z,24.0,18.0,32.0,1.36,1
2025-09-14T14:00Z,25.7,18.1,204.0,1.0,29
2025-09-14T15:00Z,28.1,18.0,411.0,1.41,65
2025-09-14T16:00Z,30.6,16.6,593.0,2.31,16
2025-09-14T17:00Z,32.4,15.1,748.0,2.89,74
2025-09-14T18:00Z,33.7,13.7,834.0,3.18,93
2025-09-14T19:00Z,34.2,13.2,811.0,3.47,78
2025-09-14T20:00Z,34.6,12.4,782.0,3.35,2
2025-09-14T21:00Z,34.7,12.3,707.0,3.4,6
2025-09-14T22:00Z,34.2,12.1,549.0,3.3,4
2025-09-14T23:00Z,33.7,12.0,359.0,2.92,2
2025-09-15T00:00Z,32.6,12.3,158.0,2.93,90
2025-09-15T01:00Z,31.0,16.8,13.0,2.84,56
2025-09-15T02:00Z,29.7,18.3,0.0,3.16,95
2025-09-15T03:00Z,28.8,18.5,0.0,2.88,100
2025-09-15T04:00Z,27.9,18.6,0.0,2.82,99
2025-09-15T05:00Z,27.4,18.6,0.0,2.33,65
2025-09-15T06:00Z,26.8,18.6,0.0,2.36,22
2025-09-15T07:00Z,26.3,18.8,0.0,2.27,0
2025-09-15T08:00Z,25.6,19.1,0.0,2.48,0
2025-09-15T09:00Z,25.1,19.3,0.0,2.19,0
2025-09-15T10:00Z,24.8,19.3,0.0,1.92,8
2025-09-15T11:00Z,24.6,19.0,0.0,1.35,9
2025-09-15T12:00Z,24.3,18.7,0.0,0.96,15
2025-09-15T13:00Z,24.1,19.3,30.0,0.61,1
2025-09-15T14:00Z,26.2,18.8,193.0,0.55,0
2025-09-15T15:00Z,28.6,18.4,403.0,0.79,0
2025-09-15T16:00Z,31.1,17.6,591.0,1.01,0
2025-09-15T17:00Z,32.6,16.3,738.0,1.24,25
2025-09-15T18:00Z,33.1,15.9,735.0,1.47,32
2025-09-15T19:00Z,33.8,16.1,773.0,1.74,39
2025-09-15T20:00Z,33.8,16.3,733.0,1.43,38
2025-09-15T21:00Z,33.9,16.4,650.0,1.28,34
2025-09-15T22:00Z,33.7,16.6,508.0,1.66,42
2025-09-15T23:00Z,32.8,16.7,320.0,2.11,47
2025-09-16T00:00Z,31.8,16.8,111.0,1.68,50
2025-09-16T01:00Z,31.4,16.3,11.0,1.88,47
2025-09-16T02:00Z,30.7,16.7,0.0,2.16,8
2025-09-16T03:00Z,29.6,17.0,0.0,2.54,6
2025-09-16T04:00Z,28.7,17.2,0.0,2.13,0
2025-09-16T05:00Z,27.9,17.4,0.0,2.12,0
2025-09-16T06:00Z,27.4,17.5,0.0,2.09,0
2025-09-16T07:00Z,26.7,17.7,0.0,2.17,0
2025-09-16T08:00Z,26.2,17.9,0.0,2.05,0
2025-09-16T09:00Z,25.7,18.1,0.0,1.9,0
2025-09-16T10:00Z,25.2,18.2,0.0,1.89,0
2025-09-16T11:00Z,24.9,17.8,0.0,1.62,0
2025-09-16T12:00Z,24.6,17.4,0.0,1.72,0
2025-09-16T13:00Z,24.0,17.7,32.0,1.8,1
2025-09-16T14:00Z,25.7,18.0,199.0,1.34,0
2025-09-16T15:00Z,28.1,17.9,404.0,1.42,0
2025-09-16T16:00Z,30.6,17.3,592.0,1.52,0
2025-09-16T17:00Z,32.5,15.9,737.0,1.61,0
2025-09-16T18:00Z,33.8,14.7,826.0,1.45,1
2025-09-16T19:00Z,34.6,13.6,837.0,1.54,14
2025-09-16T20:00Z,34.9,13.1,732.0,1.7,9
2025-09-16T21:00Z,35.0,12.7,666.0,2.1,9
2025-09-16T22:00Z,34.7,12.3,513.0,2.29,12
2025-09-16T23:00Z,34.1,12.0,328.0,2.18,10
2025-09-17T00:00Z,33.3,11.9,135.0,2.12,16
2025-09-17T01:00Z,31.3,15.7,10.0,2.01,31
2025-09-17T02:00Z,30.5,15.8,0.0,2.73,34
2025-09-17T03:00Z,29.7,15.9,0.0,2.39,27
2025-09-17T04:00Z,29.3,16.3,0.0,1.71,5
2025-09-17T05:00Z,28.8,16.7,0.0,1.62,0
2025-09-17T06:00Z,28.1,17.0,0.0,1.35,0
2025-09-17T07:00Z,27.4,17.0,0.0,1.43,0
2025-09-17T08:00Z,26.8,16.9,0.0,1.38,0
2025-09-17T09:00Z,26.3,17.0,0.0,1.15,0
2025-09-17T10:00Z,25.9,17.1,0.0,1.27,0
2025-09-17T11:00Z,25.5,17.0,0.0,1.74,0
2025-09-17T12:00Z,25.1,16.6,0.0,1.84,0
2025-09-17T13:00Z,24.3,18.2,31.0,1.72,0
2025-09-17T14:00Z,25.8,18.1,199.0,1.15,0
2025-09-17T15:00Z,27.8,18.0,405.0,1.14,0
2025-09-17T16:00Z,30.2,17.7,593.0,1.3,0
2025-09-17T17:00Z,32.5,16.2,739.0,1.46,0
2025-09-17T18:00Z,33.7,15.3,814.0,0.76,10
2025-09-17T19:00Z,34.3,14.5,796.0,0.9,18
2025-09-17T20:00Z,34.9,13.9,733.0,1.3,14
2025-09-17T21:00Z,35.0,13.5,639.0,1.55,19
2025-09-17T22:00Z,34.7,13.3,497.0,1.95,12
2025-09-17T23:00Z,33.9,12.9,319.0,2.62,49
2025-09-18T00:00Z,32.8,12.9,134.0,2.47,17
2025-09-18T01:00Z,31.3,16.0,9.0,1.72,45
2025-09-18T02:00Z,30.3,17.0,0.0,1.44,83
2025-09-18T03:00Z,29.5,17.5,0.0,1.46,2
2025-09-18T04:00Z,28.5,18.0,0.0,1.2,27
2025-09-18T05:00Z,27.8,18.6,0.0,0.95,2
2025-09-18T06:00Z,27.3,18.6,0.0,1.0,1
2025-09-18T07:00Z,27.0,17.7,0.0,1.36,0
2025-09-18T08:00Z,26.6,17.4,0.0,1.64,0
2025-09-18T09:00Z,25.9,17.6,0.0,1.15,0
2025-09-18T10:00Z,25.6,17.3,0.0,1.5,0
2025-09-18T11:00Z,25.2,17.3,0.0,1.41,0
2025-09-18T12:00Z,24.6,17.9,0.0,1.05,0
2025-09-18T13:00Z,23.5,18.9,30.0,1.68,0
2025-09-18T14:00Z,25.7,18.8,195.0,1.11,1
2025-09-18T15:00Z,28.0,18.6,399.0,0.85,0
2025-09-18T16:00Z,30.6,18.3,585.0,0.85,0
2025-09-18T17:00Z,32.8,16.7,730.0,1.48,2
2025-09-18T18:00Z,34.0,15.6,807.0,1.85,9
2025-09-18T19:00Z,34.9,15.4,774.0,2.12,20
2025-09-18T20:00Z,34.7,15.1,695.0,1.77,36
2025-09-18T21:00Z,35.0,14.9,562.0,1.84,63
2025-09-18T22:00Z,33.3,14.8,372.0,0.92,80
2025-09-18T23:00Z,31.6,16.0,268.0,2.25,23
2025-09-19T00:00Z,30.7,16.5,118.0,2.35,7
2025-09-19T01:00Z,29.6,17.9,7.0,1.18,58
2025-09-19T02:00Z,29.5,17.6,0.0,1.76,6
2025-09-19T03:00Z,29.0,17.4,0.0,1.95,23
2025-09-19T04:00Z,28.7,17.2,0.0,1.63,28
2025-09-19T05:00Z,28.1,17.3,0.0,1.5,41
2025-09-19T06:00Z,27.2,17.5,0.0,1.82,13
2025-09-19T07:00Z,26.6,18.0,0.0,1.68,43
2025-09-19T08:00Z,26.0,18.5,0.0,1.55,83
2025-09-19T09:00Z,25.6,19.0,0.0,1.63,8
2025-09-19T10:00Z,25.3,19.3,0.0,1.72,1
2025-09-19T11:00Z,25.0,19.3,0.0,1.75,11
2025-09-19T12:00Z,24.8,19.2,0.0,1.68,78
2025-09-19T13:00Z,24.6,19.9,29.0,2.07,69
2025-09-19T14:00Z,24.4,19.2,160.0,5.3,91
2025-09-19T15:00Z,22.6,20.2,169.0,2.3,95
2025-09-19T16:00Z,23.7,20.0,180.0,1.59,20
2025-09-19T17:00Z,27.2,21.5,707.0,1.17,6
2025-09-19T18:00Z,29.6,20.9,808.0,1.99,3
2025-09-19T19:00Z,30.6,20.6,828.0,2.34,18
2025-09-19T20:00Z,31.3,20.0,773.0,2.4,14
2025-09-19T21:00Z,30.0,19.4,672.0,3.45,48
2025-09-19T22:00Z,29.8,19.7,463.0,2.12,35
2025-09-19T23:00Z,29.5,20.3,302.0,2.17,24
2025-09-20T00:00Z,28.4,21.3,127.0,1.68,65
2025-09-20T01:00Z,30.2,17.9,7.0,2.32,95
2025-09-20T02:00Z,29.2,18.2,0.0,2.58,20
2025-09-20T03:00Z,28.4,18.6,0.0,2.41,98
2025-09-20T04:00Z,27.7,19.0,0.0,2.1,100
2025-09-20T05:00Z,27.3,19.3,0.0,2.07,100
2025-09-20T06:00Z,26.8,19.5,0.0,2.16,42
2025-09-20T07:00Z,26.3,19.5,0.0,2.41,20
2025-09-20T08:00Z,25.8,19.4,0.0,2.3,88
2025-09-20T09:00Z,25.3,19.4,0.0,2.09,52
2025-09-20T10:00Z,24.7,19.4,0.0,2.19,74
2025-09-20T11:00Z,24.1,19.3,0.0,2.19,7
2025-09-20T12:00Z,23.6,18.8,0.0,2.25,4
2025-09-20T13:00Z,23.1,19.1,28.0,1.86,35
2025-09-20T14:00Z,25.0,19.2,189.0,1.26,74
2025-09-20T15:00Z,27.2,19.4,383.0,1.61,30
2025-09-20T16:00Z,29.5,19.4,573.0,2.06,18
2025-09-20T17:00Z,31.6,18.2,726.0,2.61,100
2025-09-20T18:00Z,32.6,17.3,738.0,3.0,100
2025-09-20T19:00Z,33.2,16.9,713.0,2.93,100
2025-09-20T20:00Z,33.6,16.7,709.0,2.8,20
2025-09-20T21:00Z,33.8,16.3,645.0,3.06,23
2025-09-20T22:00Z,33.4,15.9,483.0,2.9,61
2025-09-20T23:00Z,32.8,15.1,295.0,3.07,14
2025-09-21T00:00Z,32.0,14.9,121.0,2.66,13
2025-09-21T01:00Z,31.5,15.8,5.0,3.54,40
2025-09-21T02:00Z,30.1,16.2,0.0,3.27,55
2025-09-21T03:00Z,29.5,15.8,0.0,3.13,39
2025-09-21T04:00Z,28.9,15.5,0.0,2.73,7
2025-09-21T05:00Z,28.0,15.8,0.0,2.27,32
2025-09-21T06:00Z,27.1,16.5,0.0,2.36,47
2025-09-21T07:00Z,26.3,17.0,0.0,2.34,47
2025-09-21T08:00Z,25.8,17.4,0.0,2.91,39
2025-09-21T09:00Z,25.4,17.6,0.0,1.72,57
2025-09-21T10:00Z,25.0,18.3,0.0,2.02,48
2025-09-21T11:00Z,24.7,18.8,0.0,2.26,28
2025-09-21T12:00Z,24.2,19.4,0.0,2.69,17
2025-09-21T13:00Z,24.4,20.8,27.0,2.24,65
2025-09-21T14:00Z,25.9,21.1,183.0,2.16,44
2025-09-21T15:00Z,27.9,21.4,381.0,2.38,95
2025-09-21T16:00Z,30.1,21.4,570.0,2.21,51
2025-09-21T17:00Z,26.7,20.8,548.0,2.78,85
2025-09-21T18:00Z,25.3,21.2,447.0,2.47,21
2025-09-21T19:00Z,28.8,22.2,666.0,2.8,23
2025-09-21T20:00Z,30.4,22.3,743.0,3.51,29
2025-09-21T21:00Z,31.5,21.1,580.0,4.0,72
2025-09-21T22:00Z,29.7,20.6,304.0,3.52,23
2025-09-21T23:00Z,30.4,20.4,274.0,3.01,86
2025-09-22T00:00Z,29.7,20.7,89.0,2.64,14
2025-09-22T01:00Z,31.2,18.3,1.0,1.63,100
2025-09-22T02:00Z,25.7,22.2,0.0,1.73,59
2025-09-22T03:00Z,25.6,22.6,0.0,1.63,77
2025-09-22T04:00Z,25.9,21.7,0.0,4.03,71
2025-09-22T05:00Z,26.8,20.8,0.0,5.5,66
2025-09-22T06:00Z,26.4,20.1,0.0,5.85,7
2025-09-22T07:00Z,26.1,20.4,0.0,5.19,3
2025-09-22T08:00Z,25.7,20.4,0.0,4.64,3
2025-09-22T09:00Z,25.4,20.5,0.0,4.14,15
2025-09-22T10:00Z,25.1,20.8,0.0,3.61,19
2025-09-22T11:00Z,24.9,21.1,0.0,3.32,36
2025-09-22T12:00Z,24.6,21.3,0.0,2.86,16
2025-09-22T13:00Z,23.0,21.1,13.0,2.67,69
2025-09-22T14:00Z,23.6,21.6,108.0,1.69,68
2025-09-22T15:00Z,25.0,23.1,158.0,2.38,21
2025-09-22T16:00Z,27.6,23.7,420.0,3.42,84
2025-09-22T17:00Z,29.2,23.0,541.0,3.86,44
2025-09-22T18:00Z,30.7,22.8,674.0,3.8,69
2025-09-22T19:00Z,30.7,23.2,724.0,4.03,39
2025-09-22T20:00Z,31.3,23.5,703.0,3.96,8
2025-09-22T21:00Z,31.7,23.4,646.0,3.85,19
2025-09-22T22:00Z,31.8,22.8,448.0,3.44,8
2025-09-22T23:00Z,31.5,23.0,300.0,2.47,21
2025-09-23T00:00Z,30.1,22.5,110.0,2.75,49
2025-09-23T01:00Z,28.5,22.7,3.0,2.31,72
2025-09-23T02:00Z,28.2,22.4,0.0,2.62,19
2025-09-23T03:00Z,28.1,21.0,0.0,4.21,1
2025-09-23T04:00Z,27.6,20.7,0.0,4.38,0
2025-09-23T05:00Z,27.1,21.1,0.0,4.58,0
2025-09-23T06:00Z,26.5,21.7,0.0,4.59,0
2025-09-23T07:00Z,26.0,21.8,0.0,4.32,0
2025-09-23T08:00Z,25.6,22.0,0.0,3.86,0
2025-09-23T09:00Z,25.2,22.1,0.0,3.71,0
2025-09-23T10:00Z,25.0,22.3,0.0,3.56,0
2025-09-23T11:00Z,24.7,22.4,0.0,3.41,0
2025-09-23T12:00Z,24.4,22.6,0.0,3.42,0
2025-09-23T13:00Z,25.1,23.0,25.0,2.92,0
2025-09-23T14:00Z,26.2,23.5,186.0,2.25,0
2025-09-23T15:00Z,27.7,23.8,382.0,3.1,1
2025-09-23T16:00Z,29.5,23.9,568.0,3.28,15
2025-09-23T17:00Z,30.9,23.7,702.0,3.49,14
2025-09-23T18:00Z,32.0,23.3,756.0,3.53,14
2025-09-23T19:00Z,33.0,22.6,780.0,3.46,11
2025-09-23T20:00Z,33.6,22.0,735.0,3.65,13
2025-09-23T21:00Z,33.9,21.5,621.0,3.43,26
2025-09-23T22:00Z,33.8,21.1,463.0,3.22,54
2025-09-23T23:00Z,33.2,21.8,286.0,2.45,76
2025-09-24T00:00Z,31.6,22.8,101.0,1.82,47
2025-09-24T01:00Z,29.7,23.6,1.0,0.67,90
2025-09-24T02:00Z,29.3,24.0,0.0,1.15,79
2025-09-24T03:00Z,29.6,22.6,0.0,1.96,90
2025-09-24T04:00Z,29.1,22.0,0.0,1.88,0
2025-09-24T05:00Z,28.1,22.5,0.0,1.3,4
2025-09-24T06:00Z,26.2,22.5,0.0,2.75,74
2025-09-24T07:00Z,24.9,22.8,0.0,3.75,47
2025-09-24T08:00Z,24.2,22.4,0.0,2.05,18
2025-09-24T09:00Z,24.1,22.3,0.0,1.62,23
2025-09-24T10:00Z,23.9,22.3,0.0,1.73,8
2025-09-24T11:00Z,23.7,22.2,0.0,1.48,21
2025-09-24T12:00Z,23.6,22.1,0.0,1.54,73
2025-09-24T13:00Z,22.6,21.6,15.0,5.48,100
2025-09-24T14:00Z,22.8,21.5,26.0,3.53,100
2025-09-24T15:00Z,23.1,21.1,131.0,3.0,100
2025-09-24T16:00Z,23.2,21.1,137.0,3.26,100
2025-09-24T17:00Z,24.5,20.7,390.0,3.51,98
2025-09-24T18:00Z,26.2,20.4,687.0,3.51,29
2025-09-24T19:00Z,27.1,20.0,758.0,3.8,22
2025-09-24T20:00Z,27.8,19.4,720.0,3.92,21
2025-09-24T21:00Z,28.3,18.7,619.0,2.92,36
2025-09-24T22:00Z,28.4,18.5,379.0,2.29,5
2025-09-24T23:00Z,28.0,18.8,296.0,2.96,7
2025-09-25T00:00Z,26.3,19.6,110.0,1.94,7
2025-09-25T01:00Z,24.9,19.5,4.0,1.39,4
2025-09-25T02:00Z,24.3,19.3,0.0,1.75,3
2025-09-25T03:00Z,23.8,19.1,0.0,2.03,1
2025-09-25T04:00Z,23.4,18.9,0.0,1.93,2
2025-09-25T05:00Z,22.9,18.7,0.0,2.44,0
2025-09-25T06:00Z,22.4,18.6,0.0,2.41,0
2025-09-25T07:00Z,21.9,18.4,0.0,2.08,0
2025-09-25T08:00Z,21.4,18.3,0.0,2.17,0
2025-09-25T09:00Z,21.0,18.2,0.0,2.26,0
2025-09-25T10:00Z,20.6,18.2,0.0,2.11,0
2025-09-25T11:00Z,20.3,18.3,0.0,1.91,0
2025-09-25T12:00Z,20.1,18.2,0.0,2.02,0
2025-09-25T13:00Z,19.7,18.5,23.0,1.89,2
2025-09-25T14:00Z,21.1,18.9,179.0,1.8,0
2025-09-25T15:00Z,22.8,19.3,382.0,1.95,0
2025-09-25T16:00Z,24.4,19.4,569.0,2.46,2
2025-09-25T17:00Z,25.5,18.9,707.0,2.65,12
2025-09-25T18:00Z,26.4,18.0,721.0,2.78,15
2025-09-25T19:00Z,26.9,16.1,758.0,3.11,14
2025-09-25T20:00Z,27.6,15.2,768.0,3.07,4
2025-09-25T21:00Z,27.9,14.6,674.0,3.48,14
2025-09-25T22:00Z,27.9,14.6,523.0,3.23,24
2025-09-25T23:00Z,27.2,15.3,314.0,2.46,8
2025-09-26T00:00Z,25.2,17.7,107.0,1.2,19
2025-09-26T01:00Z,25.0,17.9,3.0,0.21,12
2025-09-26T02:00Z,24.2,18.2,0.0,0.34,6
2025-09-26T03:00Z,23.4,18.8,0.0,0.67,20
2025-09-26T04:00Z,22.9,18.8,0.0,0.95,6
2025-09-26T05:00Z,22.6,18.4,0.0,1.25,1
2025-09-26T06:00Z,21.9,18.0,0.0,1.35,0
2025-09-26T07:00Z,21.2,17.7,0.0,1.15,2
2025-09-26T08:00Z,21.0,17.5,0.0,0.61,100
2025-09-26T09:00Z,20.9,17.7,0.0,0.87,98
2025-09-26T10:00Z,21.5,17.8,0.0,1.06,80
2025-09-26T11:00Z,21.2,17.8,0.0,1.1,5
2025-09-26T12:00Z,20.5,17.4,0.0,1.2,46
2025-09-26T13:00Z,19.5,16.7,22.0,1.04,80
2025-09-26T14:00Z,20.9,17.0,140.0,0.7,65
2025-09-26T15:00Z,22.6,16.9,281.0,0.39,8
2025-09-26T16:00Z,24.9,16.7,529.0,0.21,0
2025-09-26T17:00Z,26.9,16.2,729.0,0.0,0
2025-09-26T18:00Z,28.2,15.4,815.0,0.43,0
2025-09-26T19:00Z,29.1,14.4,839.0,0.79,31
2025-09-26T20:00Z,29.9,13.4,782.0,0.83,61
2025-09-26T21:00Z,30.2,13.4,652.0,0.96,14
2025-09-26T22:00Z,30.2,12.9,488.0,1.1,97
2025-09-26T23:00Z,29.6,14.4,311.0,0.61,10
2025-09-27T00:00Z,27.7,18.5,108.0,0.32,0
2025-09-27T01:00Z,25.6,16.2,3.0,1.9,5
2025-09-27T02:00Z,24.7,16.0,0.0,2.11,0
2025-09-27T03:00Z,24.1,15.3,0.0,2.53,0
2025-09-27T04:00Z,23.2,14.6,0.0,2.55,0
2025-09-27T05:00Z,22.3,14.7,0.0,2.32,0
2025-09-27T06:00Z,21.6,15.1,0.0,1.89,0
2025-09-27T07:00Z,21.2,15.2,0.0,1.82,3
2025-09-27T08:00Z,20.6,15.5,0.0,1.38,18
2025-09-27T09:00Z,20.4,15.3,0.0,1.48,33
2025-09-27T10:00Z,20.1,15.1,0.0,1.46,1
2025-09-27T11:00Z,19.5,15.2,0.0,1.3,0
2025-09-27T12:00Z,18.9,15.5,0.0,1.1,6
2025-09-27T13:00Z,18.7,15.3,23.0,0.78,0
2025-09-27T14:00Z,20.7,15.8,185.0,0.85,0
2025-09-27T15:00Z,23.2,15.8,393.0,0.83,6
2025-09-27T16:00Z,25.6,15.8,581.0,0.63,0
2025-09-27T17:00Z,27.6,15.5,725.0,0.67,45
2025-09-27T18:00Z,29.0,14.9,811.0,0.53,73
2025-09-27T19:00Z,29.8,14.1,827.0,0.63,64
2025-09-27T20:00Z,30.3,13.3,787.0,1.23,0
2025-09-27T21:00Z,30.3,12.7,678.0,1.63,3
2025-09-27T22:00Z,30.0,12.3,515.0,1.58,2
2025-09-27T23:00Z,29.4,12.4,314.0,1.56,4
2025-09-28T00:00Z,27.4,15.7,109.0,0.98,2
2025-09-28T01:00Z,27.2,13.4,2.0,1.03,1
2025-09-28T02:00Z,26.5,13.5,0.0,1.52,0
2025-09-28T03:00Z,25.7,13.8,0.0,2.55,18
2025-09-28T04:00Z,24.8,13.4,0.0,2.58,100
2025-09-28T05:00Z,24.0,12.8,0.0,2.08,33
2025-09-28T06:00Z,23.3,12.5,0.0,1.66,0
2025-09-28T07:00Z,22.6,12.6,0.0,1.5,55
2025-09-28T08:00Z,21.7,12.7,0.0,1.12,2
2025-09-28T09:00Z,20.9,13.1,0.0,0.93,20
2025-09-28T10:00Z,20.3,13.5,0.0,0.78,76
2025-09-28T11:00Z,19.8,13.7,0.0,0.85,99
2025-09-28T12:00Z,19.5,14.1,0.0,0.67,95
2025-09-28T13:00Z,17.6,15.1,22.0,0.6,61
2025-09-28T14:00Z,20.1,15.7,180.0,0.29,100
2025-09-28T15:00Z,23.4,16.0,372.0,0.1,100
2025-09-28T16:00Z,25.8,15.8,553.0,0.11,100
2025-09-28T17:00Z,27.4,15.2,673.0,0.25,100
2025-09-28T18:00Z,28.7,14.4,764.0,0.81,96
2025-09-28T19:00Z,29.8,13.6,790.0,1.39,100
2025-09-28T20:00Z,30.1,13.1,721.0,1.6,100
2025-09-28T21:00Z,30.2,12.8,603.0,1.71,87
2025-09-28T22:00Z,30.1,12.4,498.0,1.9,94
2025-09-28T23:00Z,29.6,11.7,281.0,1.75,96
2025-09-29T00:00Z,28.6,12.0,94.0,1.72,99
2025-09-29T01:00Z,26.7,14.3,1.0,1.31,100
2025-09-29T02:00Z,26.3,14.2,0.0,1.86,99
2025-09-29T03:00Z,25.5,14.7,0.0,2.12,27
2025-09-29T04:00Z,24.6,14.9,0.0,1.6,18
2025-09-29T05:00Z,23.8,15.2,0.0,1.8,25
2025-09-29T06:00Z,22.9,15.5,0.0,1.35,24
2025-09-29T07:00Z,22.0,16.1,0.0,1.0,3
2025-09-29T08:00Z,21.3,16.0,0.0,0.93,0
2025-09-29T09:00Z,20.7,16.2,0.0,0.85,0
2025-09-29T10:00Z,20.3,16.2,0.0,0.45,0
2025-09-29T11:00Z,19.8,16.3,0.0,0.35,0
2025-09-29T12:00Z,19.4,16.5,0.0,0.46,0
2025-09-29T13:00Z,18.7,15.8,21.0,0.83,0
2025-09-29T14:00Z,21.0,16.4,180.0,1.03,0
2025-09-29T15:00Z,23.7,16.3,386.0,0.85,0
2025-09-29T16:00Z,26.0,15.6,573.0,0.9,2
2025-09-29T17:00Z,27.8,14.1,716.0,1.36,39
2025-09-29T18:00Z,28.9,13.3,779.0,1.53,11
2025-09-29T19:00Z,29.4,13.1,789.0,1.5,55
2025-09-29T20:00Z,29.7,12.9,747.0,1.52,100
2025-09-29T21:00Z,29.9,12.7,642.0,1.64,100
2025-09-29T22:00Z,29.5,12.6,393.0,1.58,100
2025-09-29T23:00Z,28.9,12.6,181.0,1.52,100
2025-09-30T00:00Z,28.0,13.0,60.0,1.25,71
2025-09-30T01:00Z,27.6,14.7,1.0,0.87,100
2025-09-30T02:00Z,26.8,14.4,0.0,0.85,100
2025-09-30T03:00Z,26.5,13.4,0.0,1.29,99
2025-09-30T04:00Z,25.8,12.1,0.0,1.41,99
2025-09-30T05:00Z,25.2,12.0,0.0,0.96,100
2025-09-30T06:00Z,25.0,12.0,0.0,1.33,100
2025-09-30T07:00Z,24.0,14.8,0.0,0.7,44
2025-09-30T08:00Z,23.0,15.1,0.0,0.68,66
2025-09-30T09:00Z,22.4,14.9,0.0,0.39,93
2025-09-30T10:00Z,22.3,15.3,0.0,0.74,100
2025-09-30T11:00Z,22.5,15.2,0.0,0.84,100
2025-09-30T12:00Z,22.0,15.8,0.0,0.75,100
2025-09-30T13:00Z,21.8,16.2,10.0,1.3,32
2025-09-30T14:00Z,23.8,16.4,154.0,0.4,8
2025-09-30T15:00Z,26.7,15.6,381.0,0.4,34
2025-09-30T16:00Z,28.6,14.7,543.0,0.56,70
2025-09-30T17:00Z,29.6,14.0,542.0,0.54,98
2025-09-30T18:00Z,30.4,13.1,579.0,0.73,98
2025-09-30T19:00Z,31.0,12.4,541.0,0.85,93
2025-09-30T20:00Z,31.8,11.7,567.0,0.89,38
2025-09-30T21:00Z,32.6,10.8,630.0,1.03,25
2025-09-30T22:00Z,32.9,9.6,488.0,1.1,35
2025-09-30T23:00Z,32.2,9.1,291.0,0.85,4
2025-10-01T00:00Z,30.1,11.2,92.0,2.35,6
2025-10-01T01:00Z,29.4,11.3,1.0,2.3,8
2025-10-01T02:00Z,28.6,11.7,0.0,2.26,0
2025-10-01T03:00Z,27.4,13.4,0.0,2.74,0
2025-10-01T04:00Z,26.1,14.9,0.0,2.21,0
2025-10-01T05:00Z,25.1,15.4,0.0,2.2,0
2025-10-01T06:00Z,22.9,15.1,0.0,1.94,0
2025-10-01T07:00Z,22.3,15.2,0.0,1.65,0
2025-10-01T08:00Z,21.8,15.2,0.0,1.21,0
2025-10-01T09:00Z,21.4,15.3,0.0,1.31,0
2025-10-01T10:00Z,21.0,15.4,0.0,1.58,0
2025-10-01T11:00Z,20.5,15.6,0.0,0.94,0
2025-10-01T12:00Z,20.3,15.1,0.0,1.23,0
2025-10-01T13:00Z,20.0,15.3,19.0,1.12,0
2025-10-01T14:00Z,22.0,15.5,171.0,0.57,0
2025-10-01T15:00Z,24.7,15.9,373.0,0.55,0
2025-10-01T16:00Z,27.4,16.1,558.0,0.51,0
2025-10-01T17:00Z,29.7,15.1,699.0,0.6,0
2025-10-01T18:00Z,30.7,14.2,786.0,0.36,17
2025-10-01T19:00Z,32.7,13.3,774.0,0.88,56
2025-10-01T20:00Z,33.3,12.6,722.0,1.35,41
2025-10-01T21:00Z,33.4,12.3,621.0,2.02,34
2025-10-01T22:00Z,32.6,12.5,461.0,3.15,30
2025-10-01T23:00Z,31.5,12.6,274.0,3.37,12
2025-10-02T00:00Z,30.4,11.8,86.0,2.75,9
2025-10-02T01:00Z,29.5,11.7,1.0,1.93,1
2025-10-02T02:00Z,29.0,12.1,0.0,1.42,2
2025-10-02T03:00Z,28.2,13.0,0.0,1.53,0
2025-10-02T04:00Z,27.2,14.0,0.0,1.92,0
2025-10-02T05:00Z,26.2,14.6,0.0,2.62,0
2025-10-02T06:00Z,23.6,14.2,0.0,2.2,0
2025-10-02T07:00Z,22.5,14.1,0.0,1.97,0
2025-10-02T08:00Z,21.9,14.1,0.0,2.01,0
2025-10-02T09:00Z,21.4,14.1,0.0,2.06,0
2025-10-02T10:00Z,21.0,14.2,0.0,1.82,0
2025-10-02T11:00Z,20.5,14.4,0.0,1.45,0
2025-10-02T12:00Z,20.3,14.8,0.0,1.77,0
2025-10-02T13:00Z,19.7,15.3,18.0,1.5,0
2025-10-02T14:00Z,21.6,15.8,171.0,0.86,0
2025-10-02T15:00Z,24.3,16.1,374.0,0.98,0
2025-10-02T16:00Z,26.9,16.1,559.0,1.05,0
2025-10-02T17:00Z,29.2,15.2,701.0,0.95,0
2025-10-02T18:00Z,31.1,13.7,785.0,2.21,0
2025-10-02T19:00Z,31.9,13.5,803.0,2.33,0
2025-10-02T20:00Z,32.3,13.4,754.0,2.44,0
2025-10-02T21:00Z,32.4,13.5,640.0,2.57,2
2025-10-02T22:00Z,32.1,13.7,473.0,2.45,2
2025-10-02T23:00Z,31.5,13.5,275.0,2.07,0
2025-10-03T00:00Z,31.1,13.2,84.0,2.28,13
2025-10-03T01:00Z,30.2,13.6,0.0,1.9,0
2025-10-03T02:00Z,29.4,14.2,0.0,2.05,1
2025-10-03T03:00Z,28.2,14.7,0.0,2.17,0
2025-10-03T04:00Z,27.2,14.6,0.0,2.31,0
2025-10-03T05:00Z,26.4,14.5,0.0,2.59,0
2025-10-03T06:00Z,24.4,14.9,0.0,2.72,0
2025-10-03T07:00Z,23.6,15.7,0.0,2.22,0
2025-10-03T08:00Z,23.1,16.2,0.0,2.14,0
2025-10-03T09:00Z,22.6,16.8,0.0,1.79,0
2025-10-03T10:00Z,22.1,17.2,0.0,1.62,0
2025-10-03T11:00Z,21.7,17.5,0.0,1.62,0
2025-10-03T12:00Z,21.5,17.5,0.0,1.68,0
2025-10-03T13:00Z,21.2,17.7,17.0,1.44,0
2025-10-03T14:00Z,23.0,17.8,165.0,1.29,0
2025-10-03T15:00Z,25.3,17.9,366.0,1.46,0
2025-10-03T16:00Z,27.5,17.8,549.0,1.46,0
2025-10-03T17:00Z,29.6,17.5,689.0,1.27,0
2025-10-03T18:00Z,31.9,16.0,772.0,1.4,13
2025-10-03T19:00Z,33.0,15.5,751.0,2.35,12
2025-10-03T20:00Z,33.1,15.6,709.0,3.2,12
2025-10-03T21:00Z,32.6,15.6,566.0,3.73,7
2025-10-03T22:00Z,31.9,15.4,429.0,3.76,15
2025-10-03T23:00Z,31.0,15.2,253.0,3.8,9
2025-10-04T00:00Z,30.7,14.0,76.0,3.23,13
2025-10-04T01:00Z,29.8,13.6,0.0,2.94,9
2025-10-04T02:00Z,28.4,14.4,0.0,3.2,9
2025-10-04T03:00Z,27.4,15.0,0.0,3.27,5
2025-10-04T04:00Z,26.5,15.3,0.0,3.24,2
2025-10-04T05:00Z,25.6,15.4,0.0,3.11,0
2025-10-04T06:00Z,23.3,15.1,0.0,3.26,0
2025-10-04T07:00Z,22.6,14.8,0.0,3.09,0
2025-10-04T08:00Z,22.0,14.8,0.0,2.62,0
2025-10-04T09:00Z,21.5,14.7,0.0,2.23,0
2025-10-04T10:00Z,21.0,14.7,0.0,2.06,0
2025-10-04T11:00Z,20.4,14.7,0.0,2.09,0
2025-10-04T12:00Z,19.9,13.7,0.0,2.41,0
2025-10-04T13:00Z,19.4,13.7,17.0,2.02,0
2025-10-04T14:00Z,21.1,13.7,168.0,1.6,0
2025-10-04T15:00Z,23.3,13.5,373.0,1.81,0
2025-10-04T16:00Z,25.7,13.5,560.0,1.84,0
2025-10-04T17:00Z,27.9,13.0,704.0,1.94,0
2025-10-04T18:00Z,29.3,12.4,790.0,2.2,0
2025-10-04T19:00Z,30.2,11.6,808.0,2.47,0
2025-10-04T20:00Z,30.6,10.7,759.0,2.73,0
2025-10-04T21:00Z,30.7,10.2,646.0,3.06,0
2025-10-04T22:00Z,30.1,10.4,481.0,3.66,0
2025-10-04T23:00Z,29.1,12.2,279.0,3.68,0
2025-10-05T00:00Z,29.1,12.5,81.0,3.47,2
2025-10-05T01:00Z,27.9,13.3,0.0,3.06,0
2025-10-05T02:00Z,26.9,13.5,0.0,2.93,0
2025-10-05T03:00Z,26.1,14.3,0.0,3.79,0
2025-10-05T04:00Z,25.2,15.2,0.0,3.47,0
2025-10-05T05:00Z,24.7,15.5,0.0,3.29,0
2025-10-05T06:00Z,22.7,15.8,0.0,3.19,0
2025-10-05T07:00Z,22.0,15.8,0.0,2.84,0
2025-10-05T08:00Z,21.5,15.7,0.0,2.66,0
2025-10-05T09:00Z,21.0,15.8,0.0,2.57,0
2025-10-05T10:00Z,20.6,15.9,0.0,2.65,0
2025-10-05T11:00Z,20.3,16.1,0.0,2.81,0
2025-10-05T12:00Z,20.3,16.0,0.0,3.11,0
2025-10-05T13:00Z,20.0,16.0,16.0,2.8,0
2025-10-05T14:00Z,21.7,16.1,164.0,2.05,0
2025-10-05T15:00Z,24.1,16.2,367.0,1.96,0
2025-10-05T16:00Z,26.4,16.5,549.0,2.11,0
2025-10-05T17:00Z,28.3,16.4,688.0,2.15,0
2025-10-05T18:00Z,29.9,15.5,771.0,2.16,22
2025-10-05T19:00Z,30.8,15.1,702.0,2.16,27
2025-10-05T20:00Z,31.5,14.7,699.0,2.52,23
2025-10-05T21:00Z,31.6,14.2,584.0,2.91,24
2025-10-05T22:00Z,31.3,14.0,416.0,3.21,16
2025-10-05T23:00Z,30.6,13.8,251.0,2.95,5
2025-10-06T00:00Z,29.8,13.7,72.0,3.08,8
2025-10-06T01:00Z,28.8,14.2,0.0,2.56,0
2025-10-06T02:00Z,27.7,14.9,0.0,2.82,1
2025-10-06T03:00Z,26.6,15.6,0.0,2.7,2
2025-10-06T04:00Z,25.9,15.9,0.0,2.21,0
2025-10-06T05:00Z,25.5,16.2,0.0,2.62,0
2025-10-06T06:00Z,23.6,16.4,0.0,2.69,0
2025-10-06T07:00Z,22.8,17.1,0.0,2.67,0
2025-10-06T08:00Z,22.4,17.6,0.0,2.42,0
2025-10-06T09:00Z,22.0,17.9,0.0,2.02,0
2025-10-06T10:00Z,21.6,18.2,0.0,1.61,0
2025-10-06T11:00Z,21.2,18.3,0.0,1.21,0
2025-10-06T12:00Z,20.9,18.5,0.0,1.17,0
2025-10-06T13:00Z,21.0,18.6,15.0,1.59,0
2025-10-06T14:00Z,23.0,18.7,159.0,1.18,0
2025-10-06T15:00Z,25.3,18.7,359.0,1.08,0
2025-10-06T16:00Z,27.6,18.5,542.0,0.64,0
2025-10-06T17:00Z,29.6,17.7,682.0,0.51,16
2025-10-06T18:00Z,31.1,16.1,746.0,0.72,13
2025-10-06T19:00Z,32.8,15.0,733.0,1.3,26
2025-10-06T20:00Z,33.1,14.1,700.0,1.6,30
2025-10-06T21:00Z,33.4,13.7,603.0,1.91,20
2025-10-06T22:00Z,32.8,13.4,420.0,2.55,18
2025-10-06T23:00Z,32.0,13.2,241.0,2.9,34
2025-10-07T00:00Z,31.0,13.2,60.0,2.61,4
2025-10-07T01:00Z,30.1,13.5,0.0,2.28,3
2025-10-07T02:00Z,29.0,14.2,0.0,2.68,2
2025-10-07T03:00Z,27.7,15.4,0.0,2.06,2
2025-10-07T04:00Z,27.0,15.9,0.0,2.21,2
2025-10-07T05:00Z,26.3,16.5,0.0,2.06,2
2025-10-07T06:00Z,24.5,17.5,0.0,2.01,0
2025-10-07T07:00Z,23.5,17.9,0.0,1.4,0
2025-10-07T08:00Z,22.9,18.2,0.0,0.94,0
2025-10-07T09:00Z,22.6,18.3,0.0,1.08,0
2025-10-07T10:00Z,22.1,18.5,0.0,1.12,0
2025-10-07T11:00Z,21.7,18.6,0.0,0.7,0
2025-10-07T12:00Z,21.5,18.7,0.0,0.78,0
2025-10-07T13:00Z,21.7,18.8,14.0,1.25,0
2025-10-07T14:00Z,23.7,18.9,156.0,0.61,0
2025-10-07T15:00Z,26.3,18.9,355.0,0.3,0
2025-10-07T16:00Z,28.7,17.8,537.0,1.15,0
2025-10-07T17:00Z,30.7,16.6,676.0,1.73,11
2025-10-07T18:00Z,32.6,14.8,728.0,1.91,10
2025-10-07T19:00Z,33.8,14.3,730.0,2.0,29
2025-10-07T20:00Z,33.9,13.6,657.0,2.54,45
2025-10-07T21:00Z,33.1,13.7,533.0,3.26,36
2025-10-07T22:00Z,31.9,14.6,370.0,3.15,24
2025-10-07T23:00Z,30.9,15.4,219.0,3.33,40
2025-10-08T00:00Z,30.8,15.7,56.0,2.9,34
2025-10-08T01:00Z,29.8,16.2,0.0,2.76,14
2025-10-08T02:00Z,29.2,17.0,0.0,2.78,5
2025-10-08T03:00Z,28.5,17.3,0.0,2.55,8
2025-10-08T04:00Z,27.7,17.7,0.0,2.55,0
2025-10-08T05:00Z,26.7,18.5,0.0,2.93,3
2025-10-08T06:00Z,25.8,19.0,0.0,2.87,24
2025-10-08T07:00Z,25.1,19.1,0.0,2.97,27
2025-10-08T08:00Z,24.5,19.1,0.0,2.87,20
2025-10-08T09:00Z,23.8,19.1,0.0,3.02,6
2025-10-08T10:00Z,23.1,18.8,0.0,2.89,1
2025-10-08T11:00Z,22.5,18.3,0.0,2.77,2
2025-10-08T12:00Z,20.9,17.8,0.0,1.78,100
2025-10-08T13:00Z,20.8,17.6,11.0,1.84,100
2025-10-08T14:00Z,21.7,17.4,104.0,1.73,98
2025-10-08T15:00Z,24.0,17.5,321.0,1.73,10
2025-10-08T16:00Z,26.2,17.8,529.0,1.93,8
2025-10-08T17:00Z,28.2,18.0,666.0,2.1,12
2025-10-08T18:00Z,30.2,17.7,741.0,1.32,9
2025-10-08T19:00Z,31.6,16.7,732.0,1.41,17
2025-10-08T20:00Z,32.1,16.2,664.0,1.81,12
2025-10-08T21:00Z,32.3,16.0,559.0,2.33,20
2025-10-08T22:00Z,31.8,16.0,416.0,2.78,18
2025-10-08T23:00Z,30.5,16.3,230.0,3.31,55
2025-10-09T00:00Z,30.4,15.7,49.0,2.69,35
2025-10-09T01:00Z,29.4,16.4,0.0,2.93,11
2025-10-09T02:00Z,28.1,17.8,0.0,2.95,7
2025-10-09T03:00Z,27.4,18.3,0.0,2.78,7
2025-10-09T04:00Z,26.4,18.8,0.0,3.18,8
2025-10-09T05:00Z,25.5,19.7,0.0,3.36,12
2025-10-09T06:00Z,23.9,20.1,0.0,3.78,19
2025-10-09T07:00Z,23.0,19.9,0.0,3.18,84
2025-10-09T08:00Z,22.5,19.6,0.0,2.93,17
2025-10-09T09:00Z,22.0,19.4,0.0,2.63,9
2025-10-09T10:00Z,21.6,19.3,0.0,2.51,2
2025-10-09T11:00Z,21.2,19.1,0.0,2.45,4
2025-10-09T12:00Z,21.0,18.6,0.0,2.2,0
2025-10-09T13:00Z,20.9,18.4,12.0,1.95,5
2025-10-09T14:00Z,22.1,18.3,137.0,2.2,12
2025-10-09T15:00Z,24.0,17.8,330.0,1.9,52
2025-10-09T16:00Z,25.9,17.6,507.0,1.42,15
2025-10-09T17:00Z,27.3,17.4,649.0,1.46,3
2025-10-09T18:00Z,28.8,17.0,735.0,2.13,0
2025-10-09T19:00Z,30.1,16.6,757.0,2.37,0
2025-10-09T20:00Z,30.7,16.4,709.0,2.55,0
2025-10-09T21:00Z,30.9,16.3,597.0,2.65,0
2025-10-09T22:00Z,30.6,16.1,436.0,2.7,2
2025-10-09T23:00Z,29.8,16.2,240.0,2.88,6
2025-10-10T00:00Z,29.1,15.7,58.0,2.6,3
2025-10-10T01:00Z,28.5,15.9,0.0,2.37,3
2025-10-10T02:00Z,27.5,16.4,0.0,2.82,5
2025-10-10T03:00Z,26.5,16.4,0.0,2.99,5
2025-10-10T04:00Z,25.6,16.2,0.0,2.87,5
2025-10-10T05:00Z,24.9,16.2,0.0,2.47,5
2025-10-10T06:00Z,22.6,15.8,0.0,2.32,5
2025-10-10T07:00Z,21.9,15.2,0.0,2.29,4
2025-10-10T08:00Z,21.3,14.7,0.0,2.18,2
2025-10-10T09:00Z,20.7,14.5,0.0,1.81,0
2025-10-10T10:00Z,20.3,14.4,0.0,1.46,0
2025-10-10T11:00Z,19.9,14.2,0.0,1.8,0
2025-10-10T12:00Z,18.8,13.0,0.0,2.03,0
2025-10-10T13:00Z,18.4,12.5,12.0,1.88,0
2025-10-10T14:00Z,19.8,12.0,153.0,1.61,0
2025-10-10T15:00Z,21.9,11.3,354.0,1.57,0
2025-10-10T16:00Z,24.3,10.6,538.0,1.5,0
2025-10-10T17:00Z,26.4,10.1,678.0,1.32,0
2025-10-10T18:00Z,27.8,9.6,760.0,0.89,0
2025-10-10T19:00Z,29.8,9.6,776.0,0.65,0
2025-10-10T20:00Z,30.7,9.6,726.0,0.85,0
2025-10-10T21:00Z,31.2,9.7,613.0,0.85,0
2025-10-10T22:00Z,31.1,9.8,448.0,1.05,0
2025-10-10T23:00Z,30.4,10.2,250.0,1.61,0
2025-10-11T00:00Z,29.4,10.2,60.0,1.63,0
2025-10-11T01:00Z,27.9,11.4,0.0,2.36,0
2025-10-11T02:00Z,26.8,12.1,0.0,1.54,0
2025-10-11T03:00Z,25.9,12.4,0.0,1.28,0
2025-10-11T04:00Z,25.0,12.3,0.0,1.61,0
2025-10-11T05:00Z,24.1,12.3,0.0,1.77,0
2025-10-11T06:00Z,21.7,11.8,0.0,1.68,0
2025-10-11T07:00Z,20.6,12.0,0.0,0.89,0
2025-10-11T08:00Z,20.0,12.1,0.0,0.89,0
2025-10-11T09:00Z,19.6,12.1,0.0,1.29,0
2025-10-11T10:00Z,19.0,12.2,0.0,1.04,0
2025-10-11T11:00Z,18.4,12.4,0.0,0.85,0
2025-10-11T12:00Z,18.5,12.5,0.0,1.0,0
2025-10-11T13:00Z,18.4,12.7,12.0,1.08,0
2025-10-11T14:00Z,20.5,12.9,153.0,0.7,0
2025-10-11T15:00Z,23.3,12.7,356.0,0.78,0
2025-10-11T16:00Z,26.2,12.2,540.0,1.03,0
2025-10-11T17:00Z,28.5,11.6,679.0,1.14,0
2025-10-11T18:00Z,30.2,10.8,760.0,0.76,8
2025-10-11T19:00Z,31.8,10.2,774.0,0.98,0
2025-10-11T20:00Z,32.5,9.9,722.0,1.43,2
2025-10-11T21:00Z,32.7,10.1,608.0,1.88,6
2025-10-11T22:00Z,32.1,10.6,442.0,2.44,75
2025-10-11T23:00Z,31.1,10.8,242.0,2.73,39
2025-10-12T00:00Z,29.8,11.2,57.0,2.55,87
2025-10-12T01:00Z,28.7,11.6,0.0,2.67,83
2025-10-12T02:00Z,28.0,11.4,0.0,2.27,2
2025-10-12T03:00Z,27.2,10.7,0.0,2.22,0
2025-10-12T04:00Z,26.4,10.6,0.0,2.15,0
2025-10-12T05:00Z,25.5,11.1,0.0,2.24,0
2025-10-12T06:00Z,23.1,12.2,0.0,2.64,0
2025-10-12T07:00Z,22.2,12.5,0.0,2.88,0
2025-10-12T08:00Z,21.6,13.0,0.0,3.0,0
2025-10-12T09:00Z,21.1,13.2,0.0,2.73,0
2025-10-12T10:00Z,21.0,12.5,0.0,2.71,0
2025-10-12T11:00Z,20.7,12.0,0.0,2.25,0
2025-10-12T12:00Z,20.3,12.3,0.0,2.06,0
2025-10-12T13:00Z,19.9,12.5,11.0,2.11,1
2025-10-12T14:00Z,21.7,12.7,148.0,1.93,0
2025-10-12T15:00Z,24.3,12.9,348.0,2.0,0
2025-10-12T16:00Z,27.1,13.1,530.0,2.25,0
2025-10-12T17:00Z,29.7,12.4,669.0,3.1,8
2025-10-12T18:00Z,31.7,11.3,747.0,3.83,41
2025-10-12T19:00Z,32.5,11.1,760.0,3.8,27
2025-10-12T20:00Z,32.7,11.1,711.0,4.05,3
2025-10-12T21:00Z,32.6,11.1,599.0,4.12,0
2025-10-12T22:00Z,32.3,11.0,434.0,4.0,0
2025-10-12T23:00Z,31.5,10.6,237.0,4.1,0
2025-10-13T00:00Z,30.2,10.7,53.0,3.6,0
2025-10-13T01:00Z,29.3,10.8,0.0,3.36,0
2025-10-13T02:00Z,28.4,11.2,0.0,3.29,38
2025-10-13T03:00Z,27.4,11.7,0.0,3.72,62
2025-10-13T04:00Z,27.1,11.5,0.0,3.81,45
2025-10-13T05:00Z,26.1,11.6,0.0,3.62,27
2025-10-13T06:00Z,24.5,12.1,0.0,3.75,4
2025-10-13T07:00Z,23.8,12.3,0.0,3.28,5
2025-10-13T08:00Z,23.1,12.3,0.0,3.3,3
2025-10-13T09:00Z,22.7,12.2,0.0,2.95,1
2025-10-13T10:00Z,22.2,12.5,0.0,2.75,0
2025-10-13T11:00Z,21.8,13.1,0.0,2.51,1
2025-10-13T12:00Z,21.6,13.9,0.0,2.62,0
2025-10-13T13:00Z,21.3,14.1,10.0,2.37,0
2025-10-13T14:00Z,22.7,14.2,142.0,1.84,0
2025-10-13T15:00Z,24.8,14.1,339.0,2.14,34
2025-10-13T16:00Z,27.4,13.7,519.0,2.73,13
2025-10-13T17:00Z,29.5,13.0,656.0,3.16,21
2025-10-13T18:00Z,30.8,12.6,734.0,2.91,0
2025-10-13T19:00Z,31.8,12.3,749.0,2.55,0
2025-10-13T20:00Z,32.0,12.2,698.0,2.58,0
2025-10-13T21:00Z,31.8,12.1,585.0,2.9,0
2025-10-13T22:00Z,31.3,12.4,422.0,2.83,0
2025-10-13T23:00Z,30.5,12.7,229.0,3.1,0
2025-10-14T00:00Z,29.6,12.9,49.0,3.23,0
2025-10-14T01:00Z,28.4,13.0,0.0,3.58,0
2025-10-14T02:00Z,27.6,13.0,0.0,2.82,0
2025-10-14T03:00Z,26.9,13.1,0.0,2.44,0
2025-10-14T04:00Z,26.3,13.4,0.0,2.54,0
2025-10-14T05:00Z,25.5,13.2,0.0,2.41,0
2025-10-14T06:00Z,23.6,13.5,0.0,2.24,0
2025-10-14T07:00Z,22.6,13.5,0.0,2.2,0
2025-10-14T08:00Z,22.0,13.6,0.0,2.21,0
2025-10-14T09:00Z,21.5,13.8,0.0,2.06,0
2025-10-14T10:00Z,21.1,13.9,0.0,1.5,0
2025-10-14T11:00Z,20.8,14.1,0.0,1.15,0
2025-10-14T12:00Z,20.1,14.8,0.0,1.08,0
2025-10-14T13:00Z,19.6,14.9,9.0,1.35,0
2025-10-14T14:00Z,21.3,14.9,139.0,1.2,0
2025-10-14T15:00Z,24.0,14.6,334.0,0.54,0
2025-10-14T16:00Z,26.6,14.3,514.0,0.64,0
2025-10-14T17:00Z,28.5,13.8,651.0,1.29,0
2025-10-14T18:00Z,30.1,13.0,731.0,2.2,0
2025-10-14T19:00Z,30.8,12.4,747.0,2.6,0
2025-10-14T20:00Z,31.1,11.9,696.0,2.5,0
2025-10-14T21:00Z,31.2,11.6,585.0,2.36,0
2025-10-14T22:00Z,30.9,10.4,422.0,2.73,0
2025-10-14T23:00Z,30.2,8.7,227.0,2.96,0
2025-10-15T00:00Z,29.4,9.5,48.0,2.63,71
2025-10-15T01:00Z,28.2,10.4,0.0,2.73,66
2025-10-15T02:00Z,27.2,10.4,0.0,2.45,76
2025-10-15T03:00Z,26.5,10.9,0.0,2.35,9
2025-10-15T04:00Z,25.5,11.7,0.0,2.07,1
2025-10-15T05:00Z,24.8,12.1,0.0,2.06,0
2025-10-15T06:00Z,22.6,12.0,0.0,1.96,0
2025-10-15T07:00Z,21.7,12.3,0.0,1.73,0
2025-10-15T08:00Z,21.2,12.5,0.0,1.81,0
2025-10-15T09:00Z,20.8,12.7,0.0,1.66,0
2025-10-15T10:00Z,20.4,13.2,0.0,1.65,0
2025-10-15T11:00Z,19.9,13.9,0.0,1.75,0
2025-10-15T12:00Z,19.1,13.1,0.0,1.85,0
2025-10-15T13:00Z,18.6,13.6,9.0,1.8,0
2025-10-15T14:00Z,20.4,13.9,139.0,1.41,0
2025-10-15T15:00Z,22.8,13.6,336.0,1.51,0
2025-10-15T16:00Z,25.0,13.0,517.0,1.72,0
2025-10-15T17:00Z,26.7,12.3,655.0,1.91,0
2025-10-15T18:00Z,28.6,11.1,736.0,2.01,0
2025-10-15T19:00Z,29.7,11.0,751.0,2.1,0
2025-10-15T20:00Z,30.2,10.7,700.0,2.15,0
2025-10-15T21:00Z,30.4,10.6,586.0,2.21,0
2025-10-15T22:00Z,30.2,10.6,422.0,2.59,0
2025-10-15T23:00Z,29.2,9.6,226.0,3.09,0
2025-10-16T00:00Z,28.7,8.3,46.0,2.55,0
2025-10-16T01:00Z,27.7,9.2,0.0,2.59,0
2025-10-16T02:00Z,26.8,10.2,0.0,2.79,0
2025-10-16T03:00Z,25.9,10.6,0.0,2.94,0
2025-10-16T04:00Z,25.0,10.9,0.0,2.73,0
2025-10-16T05:00Z,24.2,11.3,0.0,2.47,0
2025-10-16T06:00Z,21.5,11.0,0.0,2.5,0
2025-10-16T07:00Z,20.4,11.2,0.0,2.47,0
2025-10-16T08:00Z,19.8,11.3,0.0,2.47,0
2025-10-16T09:00Z,19.3,11.5,0.0,2.31,0
2025-10-16T10:00Z,18.8,11.7,0.0,2.06,0
2025-10-16T11:00Z,18.2,11.9,0.0,1.86,13
2025-10-16T12:00Z,17.7,11.7,0.0,1.82,14
2025-10-16T13:00Z,17.1,11.7,8.0,1.72,2
2025-10-16T14:00Z,18.8,11.7,136.0,1.43,2
2025-10-16T15:00Z,21.5,11.6,335.0,1.57,3
2025-10-16T16:00Z,24.3,11.7,518.0,1.74,88
2025-10-16T17:00Z,26.7,11.8,633.0,1.77,99
2025-10-16T18:00Z,28.2,12.0,555.0,2.84,100
2025-10-16T19:00Z,29.1,11.9,656.0,3.26,100
2025-10-16T20:00Z,28.9,11.9,466.0,3.2,100
2025-10-16T21:00Z,29.0,12.1,394.0,2.96,100
2025-10-16T22:00Z,29.3,11.9,292.0,3.01,100
2025-10-16T23:00Z,28.8,11.9,141.0,3.5,100
2025-10-17T00:00Z,27.9,12.3,24.0,2.76,100
2025-10-17T01:00Z,27.4,12.3,0.0,1.81,100
2025-10-17T02:00Z,26.9,12.3,0.0,1.88,100
2025-10-17T03:00Z,26.4,12.4,0.0,2.34,100
2025-10-17T04:00Z,25.6,13.0,0.0,1.36,100
2025-10-17T05:00Z,25.0,13.3,0.0,1.61,59
2025-10-17T06:00Z,23.1,14.0,0.0,2.08,33
2025-10-17T07:00Z,22.1,14.3,0.0,2.71,2
2025-10-17T08:00Z,21.8,14.5,0.0,2.99,6
2025-10-17T09:00Z,21.6,15.5,0.0,2.7,3
2025-10-17T10:00Z,21.2,16.4,0.0,2.37,7
2025-10-17T11:00Z,20.8,16.8,0.0,2.24,0
2025-10-17T12:00Z,20.9,16.8,0.0,2.28,9
2025-10-17T13:00Z,20.6,16.6,7.0,2.15,8
2025-10-17T14:00Z,21.9,16.2,126.0,2.15,0
2025-10-17T15:00Z,24.0,15.8,323.0,2.6,0
2025-10-17T16:00Z,26.1,15.4,507.0,2.9,0
2025-10-17T17:00Z,28.0,14.9,640.0,3.01,0
2025-10-17T18:00Z,29.5,15.6,718.0,3.15,0
2025-10-17T19:00Z,31.2,14.9,730.0,3.46,56
2025-10-17T20:00Z,31.8,14.6,611.0,3.76,47
2025-10-17T21:00Z,32.0,14.3,479.0,3.62,1
2025-10-17T22:00Z,31.9,13.8,365.0,4.03,9
2025-10-17T23:00Z,31.0,14.4,211.0,4.29,21
2025-10-18T00:00Z,29.8,15.4,39.0,3.55,14
2025-10-18T01:00Z,28.9,15.4,0.0,2.45,48
2025-10-18T02:00Z,28.1,15.4,0.0,2.02,19
2025-10-18T03:00Z,27.9,15.3,0.0,3.1,2
2025-10-18T04:00Z,27.4,15.2,0.0,3.18,0
2025-10-18T05:00Z,26.6,15.2,0.0,3.5,0
2025-10-18T06:00Z,25.3,17.2,0.0,4.86,1
2025-10-18T07:00Z,24.9,18.9,0.0,4.96,1
2025-10-18T08:00Z,24.4,19.3,0.0,4.67,0
2025-10-18T09:00Z,24.1,19.2,0.0,4.47,0
2025-10-18T10:00Z,23.7,19.2,0.0,4.2,0
2025-10-18T11:00Z,23.3,19.3,0.0,4.0,0
2025-10-18T12:00Z,23.3,20.1,0.0,4.1,18
2025-10-18T13:00Z,23.2,20.2,6.0,3.96,100
2025-10-18T14:00Z,24.2,20.4,111.0,3.37,99
2025-10-18T15:00Z,26.2,20.3,271.0,5.12,95
2025-10-18T16:00Z,26.9,19.9,377.0,5.34,85
2025-10-18T17:00Z,25.5,19.9,345.0,5.18,96
2025-10-18T18:00Z,23.1,19.8,291.0,2.45,100
2025-10-18T19:00Z,24.5,18.3,367.0,2.69,77
2025-10-18T20:00Z,25.2,18.7,502.0,3.15,61
2025-10-18T21:00Z,26.3,18.5,442.0,2.34,40
2025-10-18T22:00Z,26.8,19.1,357.0,2.72,15
2025-10-18T23:00Z,26.5,19.3,200.0,1.23,13
2025-10-19T00:00Z,24.2,21.2,35.0,0.81,0
2025-10-19T01:00Z,23.3,21.0,0.0,1.5,0
2025-10-19T02:00Z,23.0,20.4,0.0,1.6,0
2025-10-19T03:00Z,23.2,19.0,0.0,1.45,0
2025-10-19T04:00Z,22.9,17.6,0.0,1.52,0
2025-10-19T05:00Z,22.8,16.4,0.0,2.85,0
2025-10-19T06:00Z,21.2,15.7,0.0,5.95,0
2025-10-19T07:00Z,20.4,13.5,0.0,5.48,0
2025-10-19T08:00Z,19.2,12.7,0.0,5.35,0
2025-10-19T09:00Z,18.1,11.5,0.0,4.81,0
2025-10-19T10:00Z,17.0,9.9,0.0,4.96,0
2025-10-19T11:00Z,16.0,9.3,0.0,4.61,0
2025-10-19T12:00Z,15.0,9.0,0.0,3.66,0
2025-10-19T13:00Z,14.3,8.6,7.0,3.37,0
2025-10-19T14:00Z,15.0,8.4,137.0,3.26,0
2025-10-19T15:00Z,16.0,7.5,341.0,3.29,0
2025-10-19T16:00Z,17.2,7.5,526.0,2.39,0
2025-10-19T17:00Z,18.6,7.1,666.0,1.9,0
2025-10-19T18:00Z,20.6,4.4,746.0,1.15,0
2025-10-19T19:00Z,21.4,4.5,762.0,1.28,0
2025-10-19T20:00Z,21.9,5.1,707.0,1.15,0
2025-10-19T21:00Z,22.0,5.4,590.0,1.07,0
2025-10-19T22:00Z,21.9,5.8,420.0,0.95,0
2025-10-19T23:00Z,21.0,8.0,219.0,0.76,0
2025-10-20T00:00Z,19.9,9.1,39.0,1.26,0
2025-10-20T01:00Z,19.2,7.0,0.0,1.88,0
2025-10-20T02:00Z,18.4,6.1,0.0,1.89,0
2025-10-20T03:00Z,17.6,6.0,0.0,2.51,0
2025-10-20T04:00Z,16.8,5.9,0.0,2.91,0
2025-10-20T05:00Z,16.4,5.5,0.0,3.16,0
2025-10-20T06:00Z,14.3,4.7,0.0,3.27,0
2025-10-20T07:00Z,13.6,4.9,0.0,3.42,0
2025-10-20T08:00Z,13.4,5.3,0.0,3.35,0
2025-10-20T09:00Z,13.5,6.0,0.0,3.27,0
2025-10-20T10:00Z,13.5,6.5,0.0,3.45,0
2025-10-20T11:00Z,13.6,6.9,0.0,3.57,0
2025-10-20T12:00Z,14.2,7.0,0.0,3.8,0
2025-10-20T13:00Z,14.3,7.2,6.0,3.81,0
2025-10-20T14:00Z,16.7,8.0,132.0,4.02,0
2025-10-20T15:00Z,19.4,9.6,330.0,3.4,0
2025-10-20T16:00Z,22.2,11.1,512.0,3.98,0
2025-10-20T17:00Z,24.9,12.8,650.0,5.02,0
2025-10-20T18:00Z,28.1,14.7,729.0,5.76,0
2025-10-20T19:00Z,29.9,15.0,741.0,6.06,0
2025-10-20T20:00Z,31.1,15.6,687.0,6.09,0
2025-10-20T21:00Z,31.3,16.2,569.0,5.55,0
2025-10-20T22:00Z,31.3,16.2,402.0,5.05,0
2025-10-20T23:00Z,30.3,16.7,205.0,4.33,0
2025-10-21T00:00Z,28.9,16.1,34.0,3.25,0
2025-10-21T01:00Z,28.5,15.1,0.0,3.57,0
2025-10-21T02:00Z,28.0,14.4,0.0,3.7,0
2025-10-21T03:00Z,27.7,14.2,0.0,4.01,0
2025-10-21T04:00Z,27.4,14.7,0.0,3.64,0
2025-10-21T05:00Z,26.7,15.4,0.0,1.77,0
2025-10-21T06:00Z,24.2,14.8,0.0,3.87,0
2025-10-21T07:00Z,22.7,14.2,0.0,3.32,0
2025-10-21T08:00Z,21.7,10.7,0.0,4.2,11
2025-10-21T09:00Z,21.2,8.1,0.0,4.98,12
2025-10-21T10:00Z,20.4,7.5,0.0,4.96,10
2025-10-21T11:00Z,19.4,7.7,0.0,4.86,10
2025-10-21T12:00Z,19.2,7.2,0.0,4.97,0
2025-10-21T13:00Z,18.6,6.3,5.0,4.66,0
2025-10-21T14:00Z,19.5,5.2,127.0,3.75,0
2025-10-21T15:00Z,21.0,4.2,326.0,4.37,0
2025-10-21T16:00Z,22.6,4.0,511.0,4.34,0
2025-10-21T17:00Z,24.3,2.7,654.0,4.4,0
2025-10-21T18:00Z,26.3,-2.7,738.0,4.12,0
2025-10-21T19:00Z,27.2,-3.4,753.0,4.01,0
2025-10-21T20:00Z,27.5,-3.2,700.0,3.79,0
2025-10-21T21:00Z,27.6,-2.9,581.0,3.44,0
2025-10-21T22:00Z,27.1,-1.6,411.0,3.4,0
2025-10-21T23:00Z,26.1,-1.0,210.0,3.01,0
2025-10-22T00:00Z,24.2,0.6,34.0,2.01,0
2025-10-22T01:00Z,23.0,1.7,0.0,2.21,0
2025-10-22T02:00Z,22.0,2.0,0.0,2.44,0
2025-10-22T03:00Z,21.1,2.4,0.0,2.35,0
2025-10-22T04:00Z,20.2,2.9,0.0,2.03,0
2025-10-22T05:00Z,19.5,3.5,0.0,1.86,0
2025-10-22T06:00Z,17.1,3.9,0.0,1.82,0
2025-10-22T07:00Z,15.8,4.6,0.0,1.31,0
2025-10-22T08:00Z,14.7,5.2,0.0,0.99,0
2025-10-22T09:00Z,14.3,5.7,0.0,0.34,0
2025-10-22T10:00Z,13.6,6.0,0.0,0.71,0
2025-10-22T11:00Z,13.1,6.1,0.0,0.99,0
2025-10-22T12:00Z,12.8,4.7,0.0,1.81,0
2025-10-22T13:00Z,11.2,5.3,5.0,1.84,0
2025-10-22T14:00Z,12.8,5.7,132.0,1.63,0
2025-10-22T15:00Z,16.0,6.2,336.0,0.87,0
2025-10-22T16:00Z,19.4,5.7,521.0,1.32,0
2025-10-22T17:00Z,22.1,4.3,660.0,1.95,0
2025-10-22T18:00Z,25.1,-0.9,738.0,2.71,0
2025-10-22T19:00Z,26.3,-2.0,750.0,2.45,0
2025-10-22T20:00Z,26.8,-1.8,694.0,2.33,0
2025-10-22T21:00Z,26.9,-1.8,576.0,2.42,0
2025-10-22T22:00Z,26.8,-2.0,407.0,2.58,0
2025-10-22T23:00Z,25.9,-1.7,206.0,2.44,0
2025-10-23T00:00Z,23.8,2.1,32.0,1.83,0
2025-10-23T01:00Z,22.4,3.2,0.0,1.84,4
2025-10-23T02:00Z,21.3,3.0,0.0,2.48,15
2025-10-23T03:00Z,20.2,3.0,0.0,2.8,13
2025-10-23T04:00Z,19.3,3.2,0.0,2.76,32
2025-10-23T05:00Z,18.6,3.9,0.0,2.94,60
2025-10-23T06:00Z,16.6,4.8,0.0,3.02,90
2025-10-23T07:00Z,16.0,5.2,0.0,2.9,84
2025-10-23T08:00Z,15.8,5.4,0.0,2.87,100
2025-10-23T09:00Z,15.8,5.6,0.0,2.64,99
2025-10-23T10:00Z,15.7,5.7,0.0,2.75,98
2025-10-23T11:00Z,15.8,5.7,0.0,2.51,98
2025-10-23T12:00Z,16.9,6.7,0.0,2.39,100
2025-10-23T13:00Z,16.4,8.0,3.0,2.61,100
2025-10-23T14:00Z,16.7,9.7,61.0,1.3,100
2025-10-23T15:00Z,18.1,11.4,195.0,2.19,100
2025-10-23T16:00Z,18.6,12.8,308.0,2.37,100
2025-10-23T17:00Z,19.8,14.2,420.0,2.98,100
2025-10-23T18:00Z,23.9,17.8,430.0,4.1,100
2025-10-23T19:00Z,23.5,18.7,451.0,2.76,100
2025-10-23T20:00Z,23.9,18.2,445.0,3.27,99
2025-10-23T21:00Z,25.3,18.0,467.0,3.08,100
2025-10-23T22:00Z,25.7,17.9,280.0,2.95,96
2025-10-23T23:00Z,25.2,18.6,155.0,2.28,76
2025-10-24T00:00Z,25.2,14.8,22.0,3.69,88
2025-10-24T01:00Z,24.3,13.9,0.0,4.11,95
2025-10-24T02:00Z,23.6,13.2,0.0,3.87,97
2025-10-24T03:00Z,23.2,12.2,0.0,4.47,100
2025-10-24T04:00Z,22.9,11.6,0.0,4.11,98
2025-10-24T05:00Z,22.3,11.6,0.0,4.35,100
2025-10-24T06:00Z,18.6,14.6,0.0,3.54,100
2025-10-24T07:00Z,18.6,14.9,0.0,4.07,100
2025-10-24T08:00Z,17.9,15.6,0.0,4.18,100
2025-10-24T09:00Z,18.1,15.8,0.0,4.32,100
2025-10-24T10:00Z,18.7,16.9,0.0,5.75,100
2025-10-24T11:00Z,18.9,17.9,0.0,4.07,100
2025-10-24T12:00Z,18.3,17.3,0.0,5.08,100
2025-10-24T13:00Z,18.9,17.6,1.0,3.92,100
2025-10-24T14:00Z,19.8,18.1,60.0,2.5,100
2025-10-24T15:00Z,19.5,18.5,86.0,5.82,100
2025-10-24T16:00Z,20.9,18.8,252.0,5.34,100
2025-10-24T17:00Z,22.5,19.0,262.0,4.67,100
2025-10-24T18:00Z,24.3,18.7,282.0,4.6,100
2025-10-24T19:00Z,25.3,18.2,306.0,4.15,100
2025-10-24T20:00Z,25.3,18.7,325.0,3.88,100
2025-10-24T21:00Z,25.3,19.0,297.0,4.32,100
2025-10-24T22:00Z,24.6,19.5,191.0,3.79,100
2025-10-24T23:00Z,24.2,19.4,99.0,2.62,100
2025-10-25T00:00Z,20.9,19.3,14.0,5.67,100
2025-10-25T01:00Z,21.2,19.3,0.0,2.62,100
2025-10-25T02:00Z,20.6,19.7,0.0,2.74,100
2025-10-25T03:00Z,19.9,19.5,0.0,2.11,100
2025-10-25T04:00Z,19.8,19.6,0.0,2.15,100
2025-10-25T05:00Z,19.5,19.0,0.0,3.98,100
2025-10-25T06:00Z,18.8,18.4,0.0,5.06,100
2025-10-25T07:00Z,19.2,17.5,0.0,5.3,100
2025-10-25T08:00Z,18.8,17.3,0.0,4.5,100
2025-10-25T09:00Z,18.4,17.2,0.0,4.81,100
2025-10-25T10:00Z,18.2,17.2,0.0,4.33,100
2025-10-25T11:00Z,18.2,17.5,0.0,2.57,100
2025-10-25T12:00Z,18.7,17.8,0.0,1.16,100
2025-10-25T13:00Z,18.7,17.9,1.0,0.39,100
2025-10-25T14:00Z,19.2,18.0,27.0,1.42,100
2025-10-25T15:00Z,20.0,18.1,125.0,0.87,100
2025-10-25T16:00Z,20.3,18.2,132.0,1.24,100
2025-10-25T17:00Z,20.7,18.2,236.0,2.05,99
2025-10-25T18:00Z,22.7,16.4,317.0,1.12,77
2025-10-25T19:00Z,23.2,16.4,479.0,1.21,100
2025-10-25T20:00Z,22.8,16.2,258.0,2.47,100
2025-10-25T21:00Z,20.1,17.0,136.0,1.95,100
2025-10-25T22:00Z,19.8,17.3,127.0,2.34,100
2025-10-25T23:00Z,19.7,17.4,75.0,1.61,99
2025-10-26T00:00Z,19.3,17.6,15.0,0.7,8
2025-10-26T01:00Z,18.6,17.6,0.0,0.49,9
2025-10-26T02:00Z,18.3,17.4,0.0,0.25,27
2025-10-26T03:00Z,18.1,17.4,0.0,1.35,27
2025-10-26T04:00Z,17.9,17.2,0.0,2.1,17
2025-10-26T05:00Z,17.5,16.7,0.0,1.91,48
2025-10-26T06:00Z,17.1,16.4,0.0,1.2,52
2025-10-26T07:00Z,16.7,16.2,0.0,1.14,0
2025-10-26T08:00Z,16.2,15.9,0.0,1.77,0
2025-10-26T09:00Z,15.9,15.6,0.0,2.07,13
2025-10-26T10:00Z,15.6,15.3,0.0,1.99,99
2025-10-26T11:00Z,15.5,15.3,0.0,1.97,26
2025-10-26T12:00Z,15.2,15.1,0.0,0.82,100
2025-10-26T13:00Z,15.3,15.2,2.0,0.89,100
2025-10-26T14:00Z,16.0,15.8,57.0,0.85,100
2025-10-26T15:00Z,17.3,16.3,169.0,0.66,100
2025-10-26T16:00Z,18.9,16.7,321.0,0.46,100
2025-10-26T17:00Z,20.5,17.0,449.0,0.35,100
2025-10-26T18:00Z,21.8,16.7,558.0,0.94,48
2025-10-26T19:00Z,22.7,16.4,608.0,1.22,9
2025-10-26T20:00Z,23.2,16.2,606.0,0.96,7
2025-10-26T21:00Z,23.4,16.2,504.0,0.36,4
2025-10-26T22:00Z,23.3,16.1,361.0,0.16,7
2025-10-26T23:00Z,22.8,17.0,167.0,0.27,27
2025-10-27T00:00Z,21.4,17.3,22.0,0.22,10
2025-10-27T01:00Z,20.7,17.3,0.0,0.86,2
2025-10-27T02:00Z,20.2,17.1,0.0,1.46,16
2025-10-27T03:00Z,19.6,16.8,0.0,1.94,25
2025-10-27T04:00Z,19.1,16.3,0.0,1.86,20
2025-10-27T05:00Z,18.6,16.1,0.0,1.18,17
2025-10-27T06:00Z,17.7,16.2,0.0,1.92,5
2025-10-27T07:00Z,17.3,16.1,0.0,1.75,2
2025-10-27T08:00Z,16.9,15.9,0.0,1.59,10
2025-10-27T09:00Z,16.6,15.7,0.0,1.99,10
2025-10-27T10:00Z,16.3,15.5,0.0,2.11,5
2025-10-27T11:00Z,16.0,15.2,0.0,2.35,0
2025-10-27T12:00Z,16.2,15.2,0.0,2.51,5
2025-10-27T13:00Z,15.8,15.0,3.0,2.36,1
2025-10-27T14:00Z,16.9,15.4,106.0,2.44,9
2025-10-27T15:00Z,18.6,16.4,295.0,2.19,31
2025-10-27T16:00Z,20.4,17.3,471.0,2.51,1
2025-10-27T17:00Z,22.6,16.9,591.0,2.56,20
2025-10-27T18:00Z,24.3,18.1,644.0,2.25,0
2025-10-27T19:00Z,25.3,18.6,698.0,2.21,1
2025-10-27T20:00Z,25.8,19.0,639.0,2.37,2
2025-10-27T21:00Z,26.1,19.3,525.0,2.55,7
2025-10-27T22:00Z,26.2,19.1,351.0,2.9,38
2025-10-27T23:00Z,25.5,20.1,154.0,1.34,9
2025-10-28T00:00Z,24.0,19.7,19.0,2.82,20
2025-10-28T01:00Z,23.5,19.9,0.0,3.45,13
2025-10-28T02:00Z,22.8,19.6,0.0,3.88,4
2025-10-28T03:00Z,22.4,19.1,0.0,4.12,0
2025-10-28T04:00Z,22.0,18.8,0.0,3.88,0
2025-10-28T05:00Z,21.4,18.7,0.0,3.61,0
2025-10-28T06:00Z,20.8,18.4,0.0,3.86,0
2025-10-28T07:00Z,20.2,18.1,0.0,3.62,0
2025-10-28T08:00Z,19.8,18.0,0.0,3.61,0
2025-10-28T09:00Z,19.5,18.0,0.0,3.7,4
2025-10-28T10:00Z,19.5,18.3,0.0,3.55,100
2025-10-28T11:00Z,19.9,18.8,0.0,3.62,100
2025-10-28T12:00Z,20.7,19.6,0.0,3.88,8
2025-10-28T13:00Z,21.1,20.2,2.0,3.08,100
2025-10-28T14:00Z,22.0,20.7,59.0,3.8,100
2025-10-28T15:00Z,22.9,20.9,133.0,4.33,22
2025-10-28T16:00Z,23.6,18.6,448.0,4.65,88
2025-10-28T17:00Z,23.1,16.9,529.0,5.63,60
2025-10-28T18:00Z,23.0,17.5,465.0,8.35,60
2025-10-28T19:00Z,21.3,15.8,496.0,7.55,100
2025-10-28T20:00Z,19.9,14.3,349.0,7.64,57
2025-10-28T21:00Z,20.4,11.1,426.0,6.69,1
2025-10-28T22:00Z,19.1,9.8,368.0,6.97,2
2025-10-28T23:00Z,18.0,10.1,172.0,5.76,1
2025-10-29T00:00Z,17.5,9.3,21.0,5.74,1
2025-10-29T01:00Z,16.2,7.6,0.0,6.42,0
2025-10-29T02:00Z,15.6,6.4,0.0,5.57,0
2025-10-29T03:00Z,15.2,5.5,0.0,5.55,0
2025-10-29T04:00Z,14.5,5.4,0.0,4.6,0
2025-10-29T05:00Z,14.3,5.0,0.0,4.77,0
2025-10-29T06:00Z,13.4,4.6,0.0,5.84,0
2025-10-29T07:00Z,12.7,3.7,0.0,5.27,0
2025-10-29T08:00Z,12.4,3.2,0.0,5.69,0
2025-10-29T09:00Z,11.9,2.8,0.0,5.97,0
2025-10-29T10:00Z,11.6,1.7,0.0,6.64,0
2025-10-29T11:00Z,11.1,0.9,0.0,6.86,0
2025-10-29T12:00Z,10.9,0.7,0.0,6.95,0
2025-10-29T13:00Z,10.5,0.2,2.0,7.11,0
2025-10-29T14:00Z,11.0,-0.1,113.0,7.45,0
2025-10-29T15:00Z,11.9,0.4,314.0,6.92,0
2025-10-29T16:00Z,12.9,-0.1,498.0,7.92,0
2025-10-29T17:00Z,14.0,-0.4,629.0,8.37,1
2025-10-29T18:00Z,16.0,-1.1,702.0,8.1,0
2025-10-29T19:00Z,16.8,-0.4,714.0,7.57,0
2025-10-29T20:00Z,17.1,0.3,656.0,7.43,0
2025-10-29T21:00Z,17.1,1.3,537.0,7.07,2
2025-10-29T22:00Z,16.6,1.5,365.0,6.51,9
2025-10-29T23:00Z,15.7,2.7,165.0,5.62,28
2025-10-30T00:00Z,15.0,2.5,19.0,4.29,11
2025-10-30T01:00Z,14.1,2.8,0.0,3.8,0
2025-10-30T02:00Z,13.6,3.1,0.0,4.16,2
2025-10-30T03:00Z,13.0,3.5,0.0,3.65,2
2025-10-30T04:00Z,12.5,3.8,0.0,3.51,0
2025-10-30T05:00Z,12.0,4.0,0.0,3.22,0
2025-10-30T06:00Z,10.2,3.8,0.0,3.23,0
2025-10-30T07:00Z,9.6,3.8,0.0,2.99,0
2025-10-30T08:00Z,9.1,3.7,0.0,2.72,0
2025-10-30T09:00Z,8.6,3.7,0.0,2.59,0
2025-10-30T10:00Z,8.2,3.6,0.0,2.54,0
2025-10-30T11:00Z,7.7,3.4,0.0,2.51,0
2025-10-30T12:00Z,7.4,3.6,0.0,1.78,0
2025-10-30T13:00Z,7.0,3.6,2.0,2.01,0
2025-10-30T14:00Z,8.3,4.1,109.0,2.0,0
2025-10-30T15:00Z,10.2,4.3,308.0,1.48,0
2025-10-30T16:00Z,12.3,4.8,492.0,1.37,0
2025-10-30T17:00Z,14.1,4.7,630.0,1.5,0
2025-10-30T18:00Z,16.0,3.9,708.0,1.7,0
2025-10-30T19:00Z,17.0,3.3,718.0,1.93,0
2025-10-30T20:00Z,17.5,2.7,662.0,2.0,0
2025-10-30T21:00Z,17.6,2.8,542.0,1.77,0
2025-10-30T22:00Z,17.5,3.1,372.0,1.31,0
2025-10-30T23:00Z,16.7,7.8,175.0,0.43,0
2025-10-31T00:00Z,15.5,7.0,19.0,0.36,0
2025-10-31T01:00Z,14.8,6.9,0.0,0.83,0
2025-10-31T02:00Z,14.1,7.3,0.0,0.95,0
2025-10-31T03:00Z,13.7,7.3,0.0,0.5,0
2025-10-31T04:00Z,13.2,7.0,0.0,0.35,0
2025-10-31T05:00Z,12.6,6.9,0.0,0.21,0
2025-10-31T06:00Z,10.2,6.9,0.0,0.4,0
2025-10-31T07:00Z,9.5,6.4,0.0,0.11,0
2025-10-31T08:00Z,8.9,6.3,0.0,0.21,0
2025-10-31T09:00Z,8.5,6.2,0.0,0.28,0
2025-10-31T10:00Z,7.4,6.0,0.0,0.38,1
2025-10-31T11:00Z,6.1,6.0,0.0,0.85,99
2025-10-31T12:00Z,4.9,4.9,0.0,0.85,99
2025-10-31T13:00Z,4.6,4.5,1.0,0.82,100
2025-10-31T14:00Z,6.4,5.5,73.0,0.74,97
2025-10-31T15:00Z,8.8,6.4,228.0,0.61,43
2025-10-31T16:00Z,12.6,6.7,422.0,0.3,13
2025-10-31T17:00Z,16.3,6.2,610.0,0.32,0
2025-10-31T18:00Z,19.0,4.6,694.0,0.51,0
2025-10-31T19:00Z,20.7,2.6,707.0,0.82,0
2025-10-31T20:00Z,21.2,1.8,651.0,0.99,0
2025-10-31T21:00Z,21.4,1.5,534.0,1.24,48
2025-10-31T22:00Z,21.1,1.5,366.0,1.91,23
2025-10-31T23:00Z,19.7,3.0,170.0,2.19,9
2025-11-01T00:00Z,18.1,4.0,18.0,2.94,24
2025-11-01T01:00Z,16.8,4.0,0.0,3.09,39
2025-11-01T02:00Z,15.9,4.0,0.0,3.15,100
2025-11-01T03:00Z,15.4,3.8,0.0,2.8,86
2025-11-01T04:00Z,14.7,3.9,0.0,2.79,51
2025-11-01T05:00Z,13.9,4.2,0.0,2.67,95
2025-11-01T06:00Z,12.3,4.3,0.0,2.86,100
2025-11-01T07:00Z,11.9,4.6,0.0,2.55,100
2025-11-01T08:00Z,11.7,5.1,0.0,2.55,100
2025-11-01T09:00Z,11.6,5.5,0.0,2.55,100
2025-11-01T10:00Z,11.4,5.6,0.0,2.13,100
2025-11-01T11:00Z,11.2,5.9,0.0,1.89,100
2025-11-01T12:00Z,11.5,6.4,0.0,2.13,100
2025-11-01T13:00Z,11.5,7.1,1.0,1.6,100
2025-11-01T14:00Z,11.9,8.1,44.0,1.67,81
2025-11-01T15:00Z,13.5,8.4,184.0,0.86,81
2025-11-01T16:00Z,15.0,8.1,288.0,1.77,100
2025-11-01T17:00Z,15.2,9.1,249.0,1.6,100
2025-11-01T18:00Z,16.7,10.1,400.0,1.61,68
2025-11-01T19:00Z,18.6,10.0,661.0,1.23,5
2025-11-01T20:00Z,19.8,8.6,625.0,1.05,0
2025-11-01T21:00Z,20.2,7.5,512.0,0.87,19
2025-11-01T22:00Z,20.1,7.3,315.0,1.35,43
2025-11-01T23:00Z,19.2,7.6,133.0,1.4,16
2025-11-02T00:00Z,17.9,8.0,14.0,2.79,23
2025-11-02T01:00Z,16.6,8.8,0.0,1.53,5
2025-11-02T02:00Z,15.9,9.3,0.0,1.72,9
2025-11-02T03:00Z,15.5,8.7,0.0,2.54,14
2025-11-02T04:00Z,14.8,8.6,0.0,3.04,5
2025-11-02T05:00Z,14.0,7.5,0.0,3.11,18
2025-11-02T06:00Z,12.2,6.2,0.0,2.49,15
2025-11-02T07:00Z,11.4,5.7,0.0,2.14,9
2025-11-02T08:00Z,10.7,5.3,0.0,1.85,2
2025-11-02T09:00Z,10.1,5.0,0.0,1.52,1
2025-11-02T10:00Z,9.5,4.8,0.0,1.25,0
2025-11-02T11:00Z,9.1,4.2,0.0,1.47,0
2025-11-02T12:00Z,8.4,4.5,0.0,1.06,0
2025-11-02T13:00Z,7.9,4.3,1.0,1.01,0
2025-11-02T14:00Z,9.3,4.6,98.0,0.84,0
2025-11-02T15:00Z,11.2,4.9,291.0,0.72,0
2025-11-02T16:00Z,13.4,4.8,472.0,0.96,0
2025-11-02T17:00Z,15.6,3.9,609.0,1.1,0
2025-11-02T18:00Z,18.0,1.7,687.0,1.12,0
2025-11-02T19:00Z,19.4,2.6,699.0,0.98,0
2025-11-02T20:00Z,20.1,3.5,643.0,1.1,0
2025-11-02T21:00Z,20.4,3.8,526.0,1.32,0
2025-11-02T22:00Z,20.3,3.9,359.0,1.65,0
2025-11-02T23:00Z,19.4,4.8,164.0,1.93,0
2025-11-03T00:00Z,18.4,6.0,16.0,2.47,0
2025-11-03T01:00Z,17.3,5.6,0.0,2.93,0
2025-11-03T02:00Z,16.4,5.2,0.0,3.02,0
2025-11-03T03:00Z,15.7,4.9,0.0,3.33,0
2025-11-03T04:00Z,14.9,5.4,0.0,3.53,0
2025-11-03T05:00Z,14.6,5.1,0.0,3.58,0
2025-11-03T06:00Z,12.7,4.1,0.0,3.26,0
2025-11-03T07:00Z,12.1,4.4,0.0,3.02,0
2025-11-03T08:00Z,11.7,4.8,0.0,2.75,0
2025-11-03T09:00Z,11.3,5.5,0.0,2.58,0
2025-11-03T10:00Z,10.9,6.0,0.0,2.69,0
2025-11-03T11:00Z,10.7,6.3,0.0,2.82,0
2025-11-03T12:00Z,10.6,6.0,0.0,2.89,0
2025-11-03T13:00Z,10.2,6.3,1.0,3.01,0
2025-11-03T14:00Z,11.7,6.7,94.0,3.25,0
2025-11-03T15:00Z,14.4,7.5,285.0,2.47,0
2025-11-03T16:00Z,17.2,8.1,464.0,2.55,0
2025-11-03T17:00Z,19.9,8.0,599.0,2.46,0
2025-11-03T18:00Z,23.0,7.4,677.0,2.6,0
2025-11-03T19:00Z,24.5,6.5,689.0,2.85,0
2025-11-03T20:00Z,25.2,6.0,634.0,3.05,0
2025-11-03T21:00Z,25.2,5.7,519.0,3.21,0
2025-11-03T22:00Z,24.7,5.7,353.0,3.49,0
2025-11-03T23:00Z,23.4,6.3,160.0,3.35,0
2025-11-04T00:00Z,21.6,7.2,15.0,3.7,0
2025-11-04T01:00Z,20.3,7.7,0.0,3.89,0
2025-11-04T02:00Z,19.1,8.0,0.0,3.51,0
2025-11-04T03:00Z,18.0,8.5,0.0,3.52,0
2025-11-04T04:00Z,17.5,8.5,0.0,3.7,0
2025-11-04T05:00Z,16.9,8.1,0.0,3.72,0
2025-11-04T06:00Z,14.8,8.2,0.0,3.65,0
2025-11-04T07:00Z,14.0,8.3,0.0,3.74,0
2025-11-04T08:00Z,13.7,8.3,0.0,3.25,0
2025-11-04T09:00Z,13.2,8.2,0.0,3.01,0
2025-11-04T10:00Z,12.8,8.0,0.0,2.96,0
2025-11-04T11:00Z,12.5,7.9,0.0,2.94,0
2025-11-04T12:00Z,12.5,8.1,0.0,3.09,0
2025-11-04T13:00Z,12.0,8.5,1.0,2.84,0
2025-11-04T14:00Z,13.3,8.8,91.0,2.49,0
2025-11-04T15:00Z,15.6,9.1,280.0,1.93,0
2025-11-04T16:00Z,18.1,9.4,458.0,2.35,0
2025-11-04T17:00Z,20.6,9.4,594.0,2.75,0
2025-11-04T18:00Z,23.4,9.4,672.0,3.57,0
2025-11-04T19:00Z,24.7,8.5,683.0,3.92,0
2025-11-04T20:00Z,25.3,7.5,629.0,4.16,0
2025-11-04T21:00Z,25.3,7.3,515.0,4.61,0
2025-11-04T22:00Z,24.8,7.1,352.0,5.15,1
2025-11-04T23:00Z,23.5,7.8,159.0,4.81,0
2025-11-05T00:00Z,21.6,9.1,14.0,4.42,0
2025-11-05T01:00Z,20.8,9.2,0.0,4.5,0
2025-11-05T02:00Z,20.2,9.4,0.0,4.29,0
2025-11-05T03:00Z,19.3,9.7,0.0,4.36,0
2025-11-05T04:00Z,18.9,9.7,0.0,4.68,0
2025-11-05T05:00Z,18.6,9.3,0.0,4.71,0
2025-11-05T06:00Z,17.2,8.5,0.0,4.55,0
2025-11-05T07:00Z,16.7,8.5,0.0,3.95,0
2025-11-05T08:00Z,16.2,9.0,0.0,3.71,0
2025-11-05T09:00Z,15.8,9.8,0.0,3.67,0
2025-11-05T10:00Z,15.4,10.7,0.0,3.51,0
2025-11-05T11:00Z,15.1,11.5,0.0,3.56,0
2025-11-05T12:00Z,15.0,12.8,0.0,3.81,0
2025-11-05T13:00Z,14.6,13.0,1.0,3.43,0
2025-11-05T14:00Z,15.7,13.1,87.0,2.77,0
2025-11-05T15:00Z,17.6,13.3,272.0,2.98,0
2025-11-05T16:00Z,19.7,13.5,449.0,3.11,0
2025-11-05T17:00Z,21.8,13.4,582.0,2.97,0
2025-11-05T18:00Z,24.7,13.8,658.0,2.51,0
2025-11-05T19:00Z,26.3,13.7,669.0,2.11,0
2025-11-05T20:00Z,27.1,13.7,613.0,2.43,0
2025-11-05T21:00Z,27.4,13.8,498.0,2.61,0
2025-11-05T22:00Z,27.3,13.7,336.0,2.59,0
2025-11-05T23:00Z,26.4,13.7,149.0,2.06,0
2025-11-06T00:00Z,24.5,14.1,12.0,2.65,0
2025-11-06T01:00Z,23.6,13.8,0.0,3.08,0
2025-11-06T02:00Z,22.4,13.8,0.0,2.98,0
2025-11-06T03:00Z,21.3,13.9,0.0,2.94,0
2025-11-06T04:00Z,20.8,13.9,0.0,2.98,1
2025-11-06T05:00Z,20.3,13.6,0.0,2.94,26
2025-11-06T06:00Z,18.3,13.3,0.0,2.54,31
2025-11-06T07:00Z,17.5,13.4,0.0,2.31,25
2025-11-06T08:00Z,16.9,13.4,0.0,2.45,39
2025-11-06T09:00Z,16.3,13.2,0.0,2.82,98
2025-11-06T10:00Z,16.0,13.1,0.0,2.94,13
2025-11-06T11:00Z,15.5,13.0,0.0,2.74,0
2025-11-06T12:00Z,15.8,13.4,0.0,2.93,4
2025-11-06T13:00Z,15.6,13.5,0.0,2.95,0
2025-11-06T14:00Z,16.8,13.6,83.0,2.45,0
2025-11-06T15:00Z,18.9,13.7,264.0,2.7,0
2025-11-06T16:00Z,21.3,13.7,438.0,2.92,0
2025-11-06T17:00Z,23.6,13.5,570.0,3.26,0
2025-11-06T18:00Z,26.5,13.5,647.0,3.62,0
2025-11-06T19:00Z,28.0,12.7,658.0,3.73,0
2025-11-06T20:00Z,28.7,12.5,605.0,3.88,0
2025-11-06T21:00Z,28.8,12.4,492.0,4.44,0
2025-11-06T22:00Z,28.1,13.4,331.0,5.1,0
2025-11-06T23:00Z,26.9,14.2,145.0,4.78,0
2025-11-07T00:00Z,24.9,15.4,12.0,4.7,0
2025-11-07T01:00Z,24.1,15.3,0.0,4.9,0
2025-11-07T02:00Z,23.3,15.2,0.0,4.82,0
2025-11-07T03:00Z,22.5,14.9,0.0,5.0,0
2025-11-07T04:00Z,22.1,14.4,0.0,4.99,0
2025-11-07T05:00Z,21.9,13.9,0.0,4.85,59
2025-11-07T06:00Z,20.9,14.2,0.0,4.69,34
2025-11-07T07:00Z,20.6,14.3,0.0,4.67,0
2025-11-07T08:00Z,20.1,14.5,0.0,4.55,0
2025-11-07T09:00Z,19.6,14.7,0.0,4.17,6
2025-11-07T10:00Z,19.0,14.8,0.0,3.79,16
2025-11-07T11:00Z,18.6,14.9,0.0,3.26,0
2025-11-07T12:00Z,17.8,15.1,0.0,3.17,0
2025-11-07T13:00Z,17.2,15.0,0.0,2.81,0
2025-11-07T14:00Z,18.2,15.2,81.0,2.31,0
2025-11-07T15:00Z,20.2,15.1,264.0,1.87,0
2025-11-07T16:00Z,22.1,14.4,439.0,1.44,0
2025-11-07T17:00Z,23.3,13.4,571.0,1.66,0
2025-11-07T18:00Z,24.5,13.6,647.0,1.59,0
2025-11-07T19:00Z,25.4,14.0,657.0,2.0,0
2025-11-07T20:00Z,26.0,14.8,602.0,2.21,16
2025-11-07T21:00Z,26.3,14.6,484.0,2.51,13
2025-11-07T22:00Z,26.2,14.0,317.0,2.71,2
2025-11-07T23:00Z,25.3,13.9,139.0,2.56,0
2025-11-08T00:00Z,23.9,13.3,11.0,2.3,0
2025-11-08T01:00Z,23.0,13.3,0.0,1.95,0
2025-11-08T02:00Z,21.7,13.7,0.0,1.35,0
2025-11-08T03:00Z,20.6,14.4,0.0,0.97,0
2025-11-08T04:00Z,20.0,14.2,0.0,0.61,0
2025-11-08T05:00Z,19.5,13.8,0.0,1.79,0
2025-11-08T06:00Z,17.9,13.3,0.0,1.8,0
2025-11-08T07:00Z,16.9,12.6,0.0,1.8,0
2025-11-08T08:00Z,16.1,11.2,0.0,1.62,0
2025-11-08T09:00Z,15.3,10.4,0.0,1.46,0
2025-11-08T10:00Z,14.1,10.5,0.0,1.06,0
2025-11-08T11:00Z,13.5,10.3,0.0,0.92,0
2025-11-08T12:00Z,13.0,10.2,0.0,0.35,0
2025-11-08T13:00Z,12.0,9.7,0.0,0.51,0
2025-11-08T14:00Z,13.6,10.5,81.0,1.13,0
2025-11-08T15:00Z,16.1,10.8,267.0,0.42,0
2025-11-08T16:00Z,18.9,10.6,443.0,0.3,0
2025-11-08T17:00Z,21.3,10.5,576.0,0.57,0
2025-11-08T18:00Z,24.2,12.0,651.0,0.89,0
2025-11-08T19:00Z,25.7,11.9,660.0,1.12,0
2025-11-08T20:00Z,26.4,11.6,605.0,1.17,0
2025-11-08T21:00Z,26.6,11.0,491.0,1.3,0
2025-11-08T22:00Z,26.4,10.7,329.0,1.45,0
2025-11-08T23:00Z,24.9,12.7,142.0,0.94,0
2025-11-09T00:00Z,23.8,11.0,10.0,1.15,0
2025-11-09T01:00Z,23.4,9.6,0.0,1.71,36
2025-11-09T02:00Z,23.0,7.9,0.0,4.87,88
2025-11-09T03:00Z,21.0,4.2,0.0,4.84,78
2025-11-09T04:00Z,19.5,3.7,0.0,5.23,20
2025-11-09T05:00Z,18.4,2.2,0.0,5.16,84
2025-11-09T06:00Z,16.5,0.0,0.0,4.61,89
2025-11-09T07:00Z,15.7,-0.9,0.0,3.7,95
2025-11-09T08:00Z,15.2,-0.9,0.0,3.74,100
2025-11-09T09:00Z,14.8,-0.4,0.0,4.45,0
2025-11-09T10:00Z,14.1,-0.3,0.0,5.02,52
2025-11-09T11:00Z,13.3,-0.9,0.0,5.14,13
2025-11-09T12:00Z,12.4,-0.4,0.0,4.61,0
2025-11-09T13:00Z,11.5,0.1,0.0,4.71,0
2025-11-09T14:00Z,11.8,0.6,78.0,4.84,0
2025-11-09T15:00Z,12.4,0.9,263.0,5.55,0
2025-11-09T16:00Z,13.0,0.9,439.0,5.73,0
2025-11-09T17:00Z,13.6,1.0,574.0,5.49,0
2025-11-09T18:00Z,14.8,0.9,655.0,4.93,0
2025-11-09T19:00Z,15.5,0.2,669.0,5.24,0
2025-11-09T20:00Z,15.5,-1.9,618.0,5.81,0
2025-11-09T21:00Z,15.3,-5.0,504.0,5.77,0
2025-11-09T22:00Z,14.7,-7.2,341.0,5.72,0
2025-11-09T23:00Z,13.5,-7.2,148.0,5.52,0
2025-11-10T00:00Z,12.6,-6.9,10.0,4.97,0
2025-11-10T01:00Z,11.5,-7.0,0.0,5.01,0
2025-11-10T02:00Z,10.3,-6.9,0.0,4.55,0
2025-11-10T03:00Z,9.6,-5.8,0.0,3.7,0
2025-11-10T04:00Z,9.1,-5.0,0.0,3.45,0
2025-11-10T05:00Z,8.5,-4.6,0.0,3.2,0
2025-11-10T06:00Z,5.9,-5.5,0.0,2.91,0
2025-11-10T07:00Z,5.2,-5.9,0.0,2.75,0
2025-11-10T08:00Z,4.8,-6.3,0.0,2.9,0
2025-11-10T09:00Z,4.4,-6.5,0.0,2.86,0
2025-11-10T10:00Z,4.1,-5.9,0.0,2.67,46
2025-11-10T11:00Z,3.8,-5.1,0.0,2.52,45
2025-11-10T12:00Z,2.5,-7.4,0.0,2.41,0
2025-11-10T13:00Z,1.8,-7.6,0.0,1.97,0
2025-11-10T14:00Z,2.8,-6.8,81.0,1.74,0
2025-11-10T15:00Z,4.7,-6.5,273.0,2.23,0
2025-11-10T16:00Z,6.6,-6.6,454.0,2.36,16
2025-11-10T17:00Z,8.2,-6.6,588.0,2.31,3
2025-11-10T18:00Z,10.3,-9.9,663.0,2.24,2
2025-11-10T19:00Z,11.4,-9.9,675.0,2.02,0
2025-11-10T20:00Z,12.0,-10.1,620.0,1.92,0
2025-11-10T21:00Z,12.2,-10.5,503.0,2.05,0
2025-11-10T22:00Z,12.0,-10.8,335.0,1.59,0
2025-11-10T23:00Z,11.4,-10.7,143.0,0.65,0
2025-11-11T00:00Z,10.7,-9.6,9.0,0.5,0
2025-11-11T01:00Z,10.3,-10.1,0.0,1.05,0
2025-11-11T02:00Z,9.9,-9.1,0.0,1.86,0
2025-11-11T03:00Z,9.3,-8.4,0.0,2.21,0
2025-11-11T04:00Z,8.6,-7.7,0.0,2.59,0
2025-11-11T05:00Z,8.2,-7.1,0.0,2.94,0
2025-11-11T06:00Z,6.3,-6.3,0.0,3.26,0
2025-11-11T07:00Z,6.0,-6.5,0.0,3.33,0
2025-11-11T08:00Z,5.9,-6.8,0.0,3.35,0
2025-11-11T09:00Z,5.9,-6.5,0.0,3.2,0
2025-11-11T10:00Z,6.0,-6.4,0.0,3.5,0
2025-11-11T11:00Z,6.2,-6.1,0.0,3.75,0
2025-11-11T12:00Z,6.8,-6.4,0.0,4.22,0
2025-11-11T13:00Z,6.7,-6.0,0.0,4.11,0
2025-11-11T14:00Z,7.9,-5.5,74.0,3.68,0
2025-11-11T15:00Z,9.8,-4.7,259.0,3.5,0
2025-11-11T16:00Z,12.2,-4.0,437.0,4.01,0
2025-11-11T17:00Z,14.6,-3.9,573.0,4.47,0
2025-11-11T18:00Z,18.2,-5.4,651.0,5.07,0
2025-11-11T19:00Z,20.1,-6.1,665.0,5.76,0
2025-11-11T20:00Z,21.1,-6.0,611.0,6.13,16
2025-11-11T21:00Z,21.5,-5.7,496.0,6.31,0
2025-11-11T22:00Z,21.4,-6.1,331.0,6.34,0
2025-11-11T23:00Z,20.3,-5.0,141.0,5.49,0
2025-11-12T00:00Z,19.1,-4.8,9.0,4.75,0
2025-11-12T01:00Z,18.4,-3.3,0.0,4.65,0
2025-11-12T02:00Z,18.0,-2.1,0.0,4.67,0
2025-11-12T03:00Z,17.6,-1.0,0.0,4.6,0
2025-11-12T04:00Z,17.2,-0.1,0.0,4.39,0
2025-11-12T05:00Z,16.7,0.4,0.0,4.14,0
2025-11-12T06:00Z,14.6,1.3,0.0,4.09,0
2025-11-12T07:00Z,13.8,2.4,0.0,3.69,0
2025-11-12T08:00Z,13.3,4.2,0.0,3.24,7
2025-11-12T09:00Z,12.9,5.9,0.0,3.07,29
2025-11-12T10:00Z,12.6,7.2,0.0,2.91,85
2025-11-12T11:00Z,12.2,8.1,0.0,2.85,99
2025-11-12T12:00Z,11.6,8.9,0.0,2.6,95
2025-11-12T13:00Z,11.0,9.2,0.0,2.4,100
2025-11-12T14:00Z,11.9,9.4,63.0,2.55,38
2025-11-12T15:00Z,14.3,9.8,249.0,2.06,0
2025-11-12T16:00Z,16.7,10.1,423.0,1.96,0
2025-11-12T17:00Z,19.0,9.7,556.0,2.04,0
2025-11-12T18:00Z,22.1,9.3,632.0,1.95,0
2025-11-12T19:00Z,23.6,9.2,644.0,1.76,0
2025-11-12T20:00Z,24.5,9.2,590.0,1.7,0
2025-11-12T21:00Z,25.0,9.5,476.0,1.72,0
2025-11-12T22:00Z,24.9,10.4,314.0,1.88,0
2025-11-12T23:00Z,24.1,10.9,131.0,1.56,0
2025-11-13T00:00Z,22.7,10.5,8.0,2.3,0
2025-11-13T01:00Z,22.0,10.6,0.0,2.52,0
2025-11-13T02:00Z,20.8,11.3,0.0,2.66,0
2025-11-13T03:00Z,20.0,12.4,0.0,2.95,0
2025-11-13T04:00Z,19.6,13.0,0.0,3.15,0
2025-11-13T05:00Z,19.1,13.5,0.0,3.02,0
2025-11-13T06:00Z,17.2,12.8,0.0,3.07,0
2025-11-13T07:00Z,16.8,12.9,0.0,2.96,0
2025-11-13T08:00Z,16.4,13.0,0.0,2.98,0
2025-11-13T09:00Z,16.2,13.2,0.0,2.78,0
2025-11-13T10:00Z,15.9,13.6,0.0,2.66,0
2025-11-13T11:00Z,15.6,13.8,0.0,2.73,0
2025-11-13T12:00Z,15.6,13.9,0.0,2.7,0
2025-11-13T13:00Z,15.2,13.9,0.0,2.32,0
2025-11-13T14:00Z,16.0,14.2,64.0,2.14,0
2025-11-13T15:00Z,18.1,14.6,237.0,1.77,0
2025-11-13T16:00Z,20.3,15.1,407.0,2.27,0
2025-11-13T17:00Z,22.5,15.4,539.0,2.72,0
2025-11-13T18:00Z,25.4,15.9,616.0,3.36,0
2025-11-13T19:00Z,27.0,14.0,626.0,4.05,0
2025-11-13T20:00Z,27.5,13.2,576.0,4.4,3
2025-11-13T21:00Z,27.5,12.9,466.0,4.5,1
2025-11-13T22:00Z,27.0,12.9,308.0,4.37,2
2025-11-13T23:00Z,25.9,13.0,127.0,4.09,2
2025-11-14T00:00Z,24.4,14.1,7.0,4.33,0
2025-11-14T01:00Z,23.8,14.6,0.0,4.34,0
2025-11-14T02:00Z,23.2,14.5,0.0,4.13,0
2025-11-14T03:00Z,22.7,14.2,0.0,4.03,0
2025-11-14T04:00Z,22.0,14.2,0.0,4.06,0
2025-11-14T05:00Z,21.5,14.3,0.0,4.74,0
2025-11-14T06:00Z,20.3,15.1,0.0,4.76,1
2025-11-14T07:00Z,19.9,15.6,0.0,4.55,0
2025-11-14T08:00Z,19.4,16.2,0.0,4.3,0
2025-11-14T09:00Z,19.0,16.5,0.0,4.15,4
2025-11-14T10:00Z,18.7,16.6,0.0,4.15,5
2025-11-14T11:00Z,18.3,16.5,0.0,4.15,5
2025-11-14T12:00Z,18.1,16.6,0.0,4.27,70
2025-11-14T13:00Z,18.1,16.6,0.0,4.22,77
2025-11-14T14:00Z,19.0,16.6,49.0,3.87,87
2025-11-14T15:00Z,20.7,16.5,173.0,6.48,66
2025-11-14T16:00Z,22.5,16.0,310.0,5.78,50
2025-11-14T17:00Z,24.2,15.4,454.0,5.29,4
2025-11-14T18:00Z,25.6,15.8,574.0,4.69,5
2025-11-14T19:00Z,26.8,15.6,628.0,4.72,5
2025-11-14T20:00Z,27.3,15.4,572.0,4.96,23
2025-11-14T21:00Z,27.6,15.3,461.0,5.06,2
2025-11-14T22:00Z,27.4,15.4,304.0,5.1,0
2025-11-14T23:00Z,26.7,15.2,125.0,4.4,0
2025-11-15T00:00Z,25.1,15.6,7.0,4.12,0
2025-11-15T01:00Z,24.2,15.6,0.0,4.11,0
2025-11-15T02:00Z,23.5,15.5,0.0,4.34,0
2025-11-15T03:00Z,23.0,15.3,0.0,4.32,0
2025-11-15T04:00Z,22.8,14.9,0.0,4.46,0
2025-11-15T05:00Z,22.6,14.3,0.0,4.25,0
2025-11-15T06:00Z,21.5,14.5,0.0,4.55,0
2025-11-15T07:00Z,21.0,14.5,0.0,4.44,0
2025-11-15T08:00Z,20.4,14.7,0.0,4.35,0
2025-11-15T09:00Z,19.9,15.1,0.0,4.12,0
2025-11-15T10:00Z,19.3,15.6,0.0,3.91,0
2025-11-15T11:00Z,18.7,16.0,0.0,3.74,0
2025-11-15T12:00Z,18.2,16.9,0.0,3.6,3
2025-11-15T13:00Z,17.9,16.8,0.0,3.2,2
2025-11-15T14:00Z,18.9,16.6,58.0,3.63,10
2025-11-15T15:00Z,20.6,16.7,231.0,3.32,4
2025-11-15T16:00Z,22.4,16.9,396.0,3.42,0
2025-11-15T17:00Z,24.5,16.9,534.0,3.72,0
2025-11-15T18:00Z,27.5,16.1,610.0,3.72,0
2025-11-15T19:00Z,29.3,15.2,624.0,4.05,0
2025-11-15T20:00Z,30.5,13.7,573.0,4.56,0
2025-11-15T21:00Z,30.9,11.5,462.0,4.88,0
2025-11-15T22:00Z,30.4,11.1,304.0,4.62,0
2025-11-15T23:00Z,28.9,12.4,124.0,4.13,0
2025-11-16T00:00Z,27.2,14.1,6.0,4.25,52
2025-11-16T01:00Z,26.0,14.4,0.0,4.27,100
2025-11-16T02:00Z,25.3,14.2,0.0,3.84,97
2025-11-16T03:00Z,24.3,14.2,0.0,4.04,80
2025-11-16T04:00Z,23.6,14.5,0.0,3.99,26
2025-11-16T05:00Z,23.1,14.6,0.0,3.91,0
2025-11-16T06:00Z,21.2,14.8,0.0,3.59,0
2025-11-16T07:00Z,20.7,14.8,0.0,3.28,1
2025-11-16T08:00Z,20.3,14.6,0.0,3.34,0
2025-11-16T09:00Z,19.9,14.3,0.0,3.23,0
2025-11-16T10:00Z,19.5,14.0,0.0,2.87,0
2025-11-16T11:00Z,19.1,13.6,0.0,2.57,0
2025-11-16T12:00Z,18.4,14.4,0.0,2.6,0
2025-11-16T13:00Z,17.7,14.2,0.0,2.6,1
2025-11-16T14:00Z,18.4,14.1,59.0,2.48,0
2025-11-16T15:00Z,19.9,13.2,231.0,2.3,0
2025-11-16T16:00Z,20.8,11.4,404.0,1.78,5
2025-11-16T17:00Z,22.0,10.8,531.0,1.0,13
2025-11-16T18:00Z,24.1,11.9,604.0,0.57,3
2025-11-16T19:00Z,25.8,11.7,621.0,0.78,25
2025-11-16T20:00Z,26.5,11.4,563.0,0.56,95
2025-11-16T21:00Z,27.0,11.2,436.0,0.75,40
2025-11-16T22:00Z,27.0,11.2,300.0,0.92,0
2025-11-16T23:00Z,26.3,13.5,122.0,0.11,0
2025-11-17T00:00Z,25.5,11.8,6.0,0.65,0
2025-11-17T01:00Z,25.2,12.4,0.0,2.02,0
2025-11-17T02:00Z,24.6,15.8,0.0,3.51,0
2025-11-17T03:00Z,24.1,16.9,0.0,3.45,0
2025-11-17T04:00Z,23.6,17.3,0.0,3.79,1
2025-11-17T05:00Z,22.9,17.6,0.0,3.49,2
2025-11-17T06:00Z,21.7,17.4,0.0,3.24,20
2025-11-17T07:00Z,21.1,17.4,0.0,3.05,89
2025-11-17T08:00Z,20.6,17.4,0.0,3.07,84
2025-11-17T09:00Z,20.2,17.5,0.0,3.29,93
2025-11-17T10:00Z,19.7,17.5,0.0,3.31,29
2025-11-17T11:00Z,19.5,17.6,0.0,3.62,0
2025-11-17T12:00Z,19.6,17.9,0.0,3.61,20
2025-11-17T13:00Z,19.5,18.3,0.0,3.48,6
2025-11-17T14:00Z,20.4,18.6,53.0,3.81,7
2025-11-17T15:00Z,22.3,18.7,187.0,4.58,27
2025-11-17T16:00Z,24.3,18.7,313.0,4.04,4
2025-11-17T17:00Z,26.3,18.4,506.0,4.09,0
2025-11-17T18:00Z,28.2,18.8,597.0,3.81,0
2025-11-17T19:00Z,29.5,18.4,605.0,3.95,0
2025-11-17T20:00Z,30.2,18.0,553.0,4.15,0
2025-11-17T21:00Z,30.3,17.3,443.0,4.29,17
2025-11-17T22:00Z,30.0,16.9,281.0,4.64,25
2025-11-17T23:00Z,28.7,16.3,97.0,4.3,13
2025-11-18T00:00Z,27.5,18.3,5.0,4.72,6
2025-11-18T01:00Z,26.6,18.3,0.0,4.77,0
2025-11-18T02:00Z,26.2,17.9,0.0,5.0,1
2025-11-18T03:00Z,25.8,17.7,0.0,5.0,0
2025-11-18T04:00Z,25.4,17.6,0.0,4.9,0
2025-11-18T05:00Z,24.6,17.8,0.0,5.05,0
2025-11-18T06:00Z,23.5,19.0,0.0,5.09,6
2025-11-18T07:00Z,23.0,20.3,0.0,5.13,99
2025-11-18T08:00Z,23.3,20.7,0.0,4.96,100
2025-11-18T09:00Z,23.4,20.7,0.0,4.83,100
2025-11-18T10:00Z,23.3,20.6,0.0,4.63,100
2025-11-18T11:00Z,23.3,20.5,0.0,4.41,100
2025-11-18T12:00Z,22.6,20.3,0.0,4.61,99
2025-11-18T13:00Z,22.6,20.1,0.0,4.32,80
2025-11-18T14:00Z,23.1,20.0,43.0,3.94,26
2025-11-18T15:00Z,24.6,19.7,210.0,4.79,18
2025-11-18T16:00Z,26.2,19.1,371.0,4.92,20
2025-11-18T17:00Z,27.8,18.4,493.0,4.51,24
2025-11-18T18:00Z,28.9,18.9,560.0,3.81,23
2025-11-18T19:00Z,29.8,18.3,539.0,3.37,18
2025-11-18T20:00Z,30.2,17.9,489.0,3.15,56
2025-11-18T21:00Z,30.0,18.0,353.0,2.77,68
2025-11-18T22:00Z,29.6,17.9,247.0,2.59,100
2025-11-18T23:00Z,28.7,17.4,91.0,2.22,100
2025-11-19T00:00Z,27.8,17.7,4.0,1.16,100
2025-11-19T01:00Z,27.3,17.3,0.0,2.91,100
2025-11-19T02:00Z,27.0,16.9,0.0,3.75,99
2025-11-19T03:00Z,25.8,17.3,0.0,3.87,100
2025-11-19T04:00Z,25.1,18.0,0.0,3.85,99
2025-11-19T05:00Z,24.5,18.1,0.0,3.55,99
2025-11-19T06:00Z,23.3,18.2,0.0,2.77,98
2025-11-19T07:00Z,22.7,18.1,0.0,2.29,99
2025-11-19T08:00Z,22.1,18.1,0.0,2.14,100
2025-11-19T09:00Z,21.6,18.1,0.0,2.18,99
2025-11-19T10:00Z,21.2,18.2,0.0,1.92,95
2025-11-19T11:00Z,20.7,18.3,0.0,1.6,100
2025-11-19T12:00Z,20.2,18.4,0.0,1.91,100
2025-11-19T13:00Z,20.1,18.5,0.0,1.7,100
2025-11-19T14:00Z,20.9,18.6,41.0,1.84,100
2025-11-19T15:00Z,22.6,18.9,168.0,2.02,100
2025-11-19T16:00Z,24.1,19.3,261.0,2.22,100
2025-11-19T17:00Z,26.1,19.6,434.0,2.19,83
2025-11-19T18:00Z,26.3,19.9,537.0,2.7,99
2025-11-19T19:00Z,26.8,19.6,464.0,2.85,100
2025-11-19T20:00Z,27.7,18.6,437.0,2.45,100
2025-11-19T21:00Z,28.4,17.5,381.0,2.2,100
2025-11-19T22:00Z,28.2,16.7,190.0,2.75,100
2025-11-19T23:00Z,27.1,17.3,55.0,3.06,100
2025-11-20T00:00Z,25.2,19.8,2.0,2.45,100
2025-11-20T01:00Z,24.8,18.9,0.0,2.28,100
2025-11-20T02:00Z,24.0,19.0,0.0,1.9,99
2025-11-20T03:00Z,24.0,19.3,0.0,1.89,100
2025-11-20T04:00Z,23.8,19.4,0.0,3.15,100
2025-11-20T05:00Z,24.0,19.0,0.0,4.02,100
2025-11-20T06:00Z,22.6,20.1,0.0,5.25,100
2025-11-20T07:00Z,22.0,19.7,0.0,3.41,94
2025-11-20T08:00Z,21.6,19.7,0.0,4.2,98
2025-11-20T09:00Z,20.2,18.5,0.0,4.62,100
2025-11-20T10:00Z,20.4,18.8,0.0,3.27,98
2025-11-20T11:00Z,20.4,19.1,0.0,4.35,100
2025-11-20T12:00Z,19.5,18.7,0.0,2.93,86
2025-11-20T13:00Z,19.6,18.9,0.0,2.77,100
2025-11-20T14:00Z,19.4,19.0,10.0,1.8,100
2025-11-20T15:00Z,19.1,19.0,30.0,0.71,100
2025-11-20T16:00Z,19.8,19.2,40.0,1.6,100
2025-11-20T17:00Z,21.6,20.3,154.0,2.3,100
2025-11-20T18:00Z,20.4,19.6,186.0,0.51,100
2025-11-20T19:00Z,21.2,19.4,212.0,3.25,100
2025-11-20T20:00Z,19.4,18.2,118.0,1.8,100
2025-11-20T21:00Z,19.1,17.8,43.0,2.38,100
2025-11-20T22:00Z,18.3,17.9,41.0,1.27,100
2025-11-20T23:00Z,18.3,17.8,18.0,1.04,100
2025-11-21T00:00Z,18.4,17.7,1.0,2.65,100
2025-11-21T01:00Z,18.3,17.2,0.0,2.09,100
2025-11-21T02:00Z,18.2,17.3,0.0,2.25,96
2025-11-21T03:00Z,17.9,17.2,0.0,4.39,70
2025-11-21T04:00Z,18.0,17.0,0.0,3.12,97
2025-11-21T05:00Z,18.2,17.3,0.0,3.53,20
2025-11-21T06:00Z,18.1,17.7,0.0,2.26,31
2025-11-21T07:00Z,18.0,17.5,0.0,2.36,27
2025-11-21T08:00Z,18.0,17.4,0.0,2.03,100
2025-11-21T09:00Z,17.9,17.3,0.0,1.8,0
2025-11-21T10:00Z,17.4,16.9,0.0,2.11,0
2025-11-21T11:00Z,17.2,16.7,0.0,2.1,3
2025-11-21T12:00Z,17.1,16.9,0.0,1.43,52
2025-11-21T13:00Z,16.9,16.7,0.0,1.33,100
2025-11-21T14:00Z,17.5,17.0,36.0,2.24,100
2025-11-21T15:00Z,18.4,17.0,151.0,2.68,91
2025-11-21T16:00Z,19.5,16.9,303.0,2.55,55
2025-11-21T17:00Z,20.7,17.1,494.0,1.78,0
2025-11-21T18:00Z,21.8,16.3,586.0,1.07,0
2025-11-21T19:00Z,23.0,15.5,608.0,1.4,0
2025-11-21T20:00Z,24.0,13.2,565.0,1.95,0
2025-11-21T21:00Z,24.1,11.8,449.0,2.44,0
2025-11-21T22:00Z,23.6,12.0,295.0,2.05,8
2025-11-21T23:00Z,21.5,13.5,117.0,1.45,23
2025-11-22T00:00Z,20.4,12.0,5.0,2.04,0
2025-11-22T01:00Z,19.7,11.8,0.0,2.01,1
2025-11-22T02:00Z,18.5,11.9,0.0,2.06,2
2025-11-22T03:00Z,17.8,11.7,0.0,2.05,0
2025-11-22T04:00Z,16.8,11.2,0.0,1.98,0
2025-11-22T05:00Z,16.0,10.9,0.0,2.52,0
2025-11-22T06:00Z,14.8,10.7,0.0,3.13,0
2025-11-22T07:00Z,13.9,10.8,0.0,2.64,0
2025-11-22T08:00Z,13.2,10.4,0.0,2.91,0
2025-11-22T09:00Z,12.6,9.9,0.0,2.75,0
2025-11-22T10:00Z,12.2,9.5,0.0,2.65,0
2025-11-22T11:00Z,11.8,9.2,0.0,2.27,0
2025-11-22T12:00Z,11.5,9.1,0.0,2.77,0
2025-11-22T13:00Z,11.0,8.9,0.0,2.72,0
2025-11-22T14:00Z,11.5,9.1,47.0,2.33,4
2025-11-22T15:00Z,12.6,9.1,215.0,2.82,10
2025-11-22T16:00Z,13.8,9.3,387.0,2.58,93
2025-11-22T17:00Z,14.8,9.2,492.0,2.58,88
2025-11-22T18:00Z,15.8,9.6,511.0,2.33,94
2025-11-22T19:00Z,16.5,9.9,530.0,2.52,65
2025-11-22T20:00Z,17.1,10.3,546.0,2.75,50
2025-11-22T21:00Z,17.4,10.3,448.0,2.46,30
2025-11-22T22:00Z,17.2,10.3,292.0,2.38,7
2025-11-22T23:00Z,16.1,10.7,115.0,1.85,2
2025-11-23T00:00Z,15.5,10.7,5.0,2.21,100
2025-11-23T01:00Z,14.7,10.4,0.0,1.78,99
2025-11-23T02:00Z,14.2,10.3,0.0,1.65,99
2025-11-23T03:00Z,13.6,10.4,0.0,2.26,15
2025-11-23T04:00Z,12.7,10.1,0.0,1.95,17
2025-11-23T05:00Z,12.1,9.9,0.0,1.5,57
2025-11-23T06:00Z,11.2,9.2,0.0,1.42,98
2025-11-23T07:00Z,10.7,9.1,0.0,0.93,100
2025-11-23T08:00Z,10.5,8.9,0.0,1.38,99
2025-11-23T09:00Z,10.0,8.5,0.0,1.36,99
2025-11-23T10:00Z,9.7,8.2,0.0,1.27,100
2025-11-23T11:00Z,9.2,8.1,0.0,0.92,99
2025-11-23T12:00Z,9.0,8.2,0.0,0.66,98
2025-11-23T13:00Z,8.8,8.2,0.0,1.01,100
2025-11-23T14:00Z,9.7,8.9,39.0,1.25,100
2025-11-23T15:00Z,11.2,9.5,184.0,0.85,66
2025-11-23T16:00Z,13.0,10.2,368.0,1.2,13
2025-11-23T17:00Z,14.6,10.8,512.0,1.26,0
2025-11-23T18:00Z,16.4,11.6,590.0,1.6,5
2025-11-23T19:00Z,17.4,12.0,585.0,1.98,9
2025-11-23T20:00Z,18.1,12.5,524.0,2.04,3
2025-11-23T21:00Z,18.6,12.6,427.0,2.6,47
2025-11-23T22:00Z,18.4,12.4,233.0,2.91,46
2025-11-23T23:00Z,17.6,12.6,81.0,2.65,65
2025-11-24T00:00Z,17.8,12.5,3.0,3.03,97
2025-11-24T01:00Z,17.2,12.7,0.0,2.94,45
2025-11-24T02:00Z,17.0,12.6,0.0,2.61,100
2025-11-24T03:00Z,16.2,13.4,0.0,2.62,98
2025-11-24T04:00Z,15.5,13.8,0.0,2.23,100
2025-11-24T05:00Z,15.6,13.4,0.0,3.04,100
2025-11-24T06:00Z,15.8,13.8,0.0,3.36,99
2025-11-24T07:00Z,15.7,14.2,0.0,4.01,98
2025-11-24T08:00Z,15.9,14.1,0.0,4.79,100
2025-11-24T09:00Z,15.6,14.1,0.0,2.36,100
2025-11-24T10:00Z,15.2,14.2,0.0,3.16,100
2025-11-24T11:00Z,15.9,14.6,0.0,3.51,100
2025-11-24T12:00Z,15.2,14.5,0.0,1.08,100
2025-11-24T13:00Z,15.0,14.5,0.0,3.69,100
2025-11-24T14:00Z,15.1,14.4,4.0,4.49,100
2025-11-24T15:00Z,15.5,14.9,32.0,3.36,100
2025-11-24T16:00Z,16.1,15.6,28.0,2.59,100
2025-11-24T17:00Z,17.0,16.3,34.0,1.9,100
2025-11-24T18:00Z,16.5,15.2,117.0,3.57,100
2025-11-24T19:00Z,17.4,15.8,166.0,2.75,100
2025-11-24T20:00Z,18.2,16.5,232.0,1.67,100
2025-11-24T21:00Z,18.2,16.8,107.0,0.57,100
2025-11-24T22:00Z,18.7,17.2,168.0,1.71,2
2025-11-24T23:00Z,18.2,17.3,94.0,1.2,0
2025-11-25T00:00Z,16.9,16.1,4.0,2.6,100
2025-11-25T01:00Z,16.1,15.7,0.0,0.8,4
2025-11-25T02:00Z,15.4,15.3,0.0,0.64,0
2025-11-25T03:00Z,15.0,15.0,0.0,0.71,99
2025-11-25T04:00Z,15.0,15.0,0.0,1.11,100
2025-11-25T05:00Z,14.9,14.8,0.0,1.06,100
2025-11-25T06:00Z,15.4,15.3,0.0,0.78,100
2025-11-25T07:00Z,15.4,15.3,0.0,1.69,100
2025-11-25T08:00Z,15.1,14.9,0.0,2.2,100
2025-11-25T09:00Z,14.3,13.9,0.0,2.1,51
2025-11-25T10:00Z,13.4,13.2,0.0,1.93,73
2025-11-25T11:00Z,12.6,12.4,0.0,2.12,26
2025-11-25T12:00Z,11.8,11.5,0.0,2.06,82
2025-11-25T13:00Z,11.1,10.6,0.0,1.66,48
2025-11-25T14:00Z,11.8,10.8,40.0,1.78,55
2025-11-25T15:00Z,13.3,11.6,203.0,1.43,13
2025-11-25T16:00Z,14.8,11.8,372.0,1.39,90
2025-11-25T17:00Z,16.4,12.3,499.0,1.49,95
2025-11-25T18:00Z,18.4,12.3,579.0,1.48,7
2025-11-25T19:00Z,19.2,12.0,596.0,2.25,9
2025-11-25T20:00Z,19.4,11.8,546.0,2.59,39
2025-11-25T21:00Z,19.4,11.8,437.0,2.77,55
2025-11-25T22:00Z,19.0,11.7,280.0,2.6,0
2025-11-25T23:00Z,17.9,12.3,108.0,1.65,0
2025-11-26T00:00Z,16.8,11.6,4.0,1.68,0
2025-11-26T01:00Z,16.1,11.6,0.0,1.5,0
2025-11-26T02:00Z,15.2,11.7,0.0,1.21,0
2025-11-26T03:00Z,14.8,11.5,0.0,1.6,0
2025-11-26T04:00Z,14.6,10.5,0.0,3.94,5
2025-11-26T05:00Z,13.8,8.6,0.0,4.05,3
2025-11-26T06:00Z,12.4,6.1,0.0,4.05,0
2025-11-26T07:00Z,11.4,4.8,0.0,4.2,0
2025-11-26T08:00Z,10.7,3.6,0.0,4.25,0
2025-11-26T09:00Z,9.9,2.8,0.0,3.86,0
2025-11-26T10:00Z,9.1,2.3,0.0,3.67,0
2025-11-26T11:00Z,8.4,1.4,0.0,3.7,0
2025-11-26T12:00Z,7.4,0.1,0.0,3.98,0
2025-11-26T13:00Z,6.5,-0.7,0.0,3.57,0
2025-11-26T14:00Z,6.5,-0.7,41.0,2.92,0
2025-11-26T15:00Z,7.4,-0.7,209.0,2.9,0
2025-11-26T16:00Z,8.4,0.0,384.0,2.7,0
2025-11-26T17:00Z,9.6,1.0,520.0,2.56,0
2025-11-26T18:00Z,11.7,0.1,599.0,2.31,0
2025-11-26T19:00Z,12.6,0.4,617.0,2.2,0
2025-11-26T20:00Z,13.2,0.5,567.0,1.77,0
2025-11-26T21:00Z,13.4,-0.2,456.0,1.71,0
2025-11-26T22:00Z,13.0,-0.2,297.0,1.68,0
2025-11-26T23:00Z,11.7,2.4,115.0,1.41,0
2025-11-27T00:00Z,10.7,3.6,4.0,1.25,0
2025-11-27T01:00Z,10.4,2.9,0.0,1.35,0
2025-11-27T02:00Z,9.6,3.4,0.0,1.28,0
2025-11-27T03:00Z,9.1,4.0,0.0,1.19,0
2025-11-27T04:00Z,8.6,4.2,0.0,1.21,9
2025-11-27T05:00Z,8.2,4.2,0.0,1.08,0
2025-11-27T06:00Z,7.6,4.0,0.0,1.27,16
2025-11-27T07:00Z,7.5,3.7,0.0,1.54,34
2025-11-27T08:00Z,7.2,3.5,0.0,1.79,98
2025-11-27T09:00Z,7.9,3.5,0.0,1.81,100
2025-11-27T10:00Z,8.1,3.4,0.0,1.35,61
2025-11-27T11:00Z,7.7,3.3,0.0,1.23,38
2025-11-27T12:00Z,7.4,2.4,0.0,1.7,16
2025-11-27T13:00Z,6.8,2.5,0.0,1.39,15
2025-11-27T14:00Z,7.4,3.0,37.0,1.43,1
2025-11-27T15:00Z,8.9,3.3,202.0,1.17,0
2025-11-27T16:00Z,10.5,3.7,372.0,1.07,0
2025-11-27T17:00Z,12.0,4.0,506.0,0.87,16
2025-11-27T18:00Z,13.6,1.8,585.0,0.5,23
2025-11-27T19:00Z,14.6,2.2,602.0,0.25,0
2025-11-27T20:00Z,15.0,2.1,554.0,0.47,0
2025-11-27T21:00Z,15.0,2.1,446.0,0.92,0
2025-11-27T22:00Z,14.6,2.5,290.0,1.22,26
2025-11-27T23:00Z,13.2,4.9,112.0,1.29,31
2025-11-28T00:00Z,12.3,3.6,4.0,1.99,0
2025-11-28T01:00Z,11.7,3.5,0.0,1.66,0
2025-11-28T02:00Z,11.0,3.8,0.0,1.9,58
2025-11-28T03:00Z,10.2,4.1,0.0,1.74,84
2025-11-28T04:00Z,9.5,3.7,0.0,1.62,99
2025-11-28T05:00Z,9.0,3.3,0.0,1.72,99
2025-11-28T06:00Z,7.5,2.5,0.0,1.78,100
2025-11-28T07:00Z,6.8,2.1,0.0,1.82,100
2025-11-28T08:00Z,6.4,1.9,0.0,1.67,100
2025-11-28T09:00Z,6.1,1.7,0.0,1.84,100
2025-11-28T10:00Z,5.7,1.4,0.0,2.23,100
2025-11-28T11:00Z,5.6,1.4,0.0,2.58,100
2025-11-28T12:00Z,5.6,1.7,0.0,2.93,100
2025-11-28T13:00Z,5.6,2.0,0.0,2.87,99
2025-11-28T14:00Z,6.2,2.4,30.0,3.05,100
2025-11-28T15:00Z,7.8,3.8,105.0,2.55,98
2025-11-28T16:00Z,9.4,4.1,192.0,2.08,100
2025-11-28T17:00Z,11.3,4.1,306.0,2.54,98
2025-11-28T18:00Z,13.3,3.3,314.0,3.02,100
2025-11-28T19:00Z,14.4,2.9,344.0,3.72,100
2025-11-28T20:00Z,14.2,3.0,198.0,3.88,96
2025-11-28T21:00Z,14.9,3.1,227.0,4.02,100
2025-11-28T22:00Z,14.5,3.1,70.0,3.64,99
2025-11-28T23:00Z,14.5,2.7,37.0,4.2,100
2025-11-29T00:00Z,13.9,3.0,1.0,4.32,100
2025-11-29T01:00Z,12.9,4.0,0.0,4.08,100
2025-11-29T02:00Z,11.3,6.3,0.0,5.22,100
2025-11-29T03:00Z,13.1,4.6,0.0,5.71,96
2025-11-29T04:00Z,10.9,7.0,0.0,6.33,98
2025-11-29T05:00Z,10.1,7.5,0.0,5.37,100
2025-11-29T06:00Z,9.9,7.1,0.0,5.28,100
2025-11-29T07:00Z,10.6,6.9,0.0,5.54,100
2025-11-29T08:00Z,10.9,7.6,0.0,4.56,100
2025-11-29T09:00Z,10.9,8.4,0.0,4.77,100
2025-11-29T10:00Z,11.1,8.7,0.0,4.92,100
2025-11-29T11:00Z,11.4,9.2,0.0,4.67,100
2025-11-29T12:00Z,10.8,8.7,0.0,4.97,88
2025-11-29T13:00Z,10.9,8.5,0.0,4.56,99
2025-11-29T14:00Z,11.7,9.1,16.0,4.38,99
2025-11-29T15:00Z,13.4,10.7,87.0,4.22,91
2025-11-29T16:00Z,15.5,12.1,190.0,4.31,89
2025-11-29T17:00Z,16.1,12.2,256.0,3.81,79
2025-11-29T18:00Z,15.3,11.8,372.0,2.52,100
2025-11-29T19:00Z,16.4,13.5,153.0,2.72,100
2025-11-29T20:00Z,18.2,15.1,229.0,2.07,45
2025-11-29T21:00Z,19.6,15.6,313.0,2.0,93
2025-11-29T22:00Z,18.6,16.1,122.0,1.15,58
2025-11-29T23:00Z,17.8,15.9,65.0,1.08,33
2025-11-30T00:00Z,15.7,14.9,3.0,5.19,31
2025-11-30T01:00Z,13.6,12.0,0.0,6.53,42
2025-11-30T02:00Z,12.5,9.1,0.0,5.81,62
2025-11-30T03:00Z,10.3,3.7,0.0,5.91,100
2025-11-30T04:00Z,8.8,1.2,0.0,5.58,100
2025-11-30T05:00Z,7.7,-0.2,0.0,5.81,100
2025-11-30T06:00Z,6.6,-0.5,0.0,5.18,98
2025-11-30T07:00Z,5.5,-1.0,0.0,5.0,100
2025-11-30T08:00Z,4.7,-1.4,0.0,4.88,100
2025-11-30T09:00Z,4.0,-2.1,0.0,5.08,100
2025-11-30T10:00Z,3.2,-2.6,0.0,4.89,98
2025-11-30T11:00Z,2.4,-3.3,0.0,4.77,100
2025-11-30T12:00Z,1.6,-4.4,0.0,4.68,100
2025-11-30T13:00Z,0.9,-4.8,0.0,4.53,100
2025-11-30T14:00Z,0.6,-4.9,27.0,4.17,97
2025-11-30T15:00Z,1.0,-4.8,166.0,4.32,74
2025-11-30T16:00Z,2.0,-4.3,361.0,4.32,98
2025-11-30T17:00Z,3.1,-3.8,478.0,4.21,100
2025-11-30T18:00Z,4.1,-4.2,503.0,3.98,100
2025-11-30T19:00Z,4.8,-3.8,492.0,3.55,100
2025-11-30T20:00Z,5.1,-3.4,355.0,3.46,100
2025-11-30T21:00Z,5.3,-3.2,261.0,3.39,100
2025-11-30T22:00Z,5.2,-3.2,143.0,3.42,100
2025-11-30T23:00Z,4.9,-3.0,59.0,3.11,100
2025-12-01T00:00Z,4.2,-2.3,2.0,3.15,100
2025-12-01T01:00Z,3.7,-2.3,0.0,3.1,100
2025-12-01T02:00Z,3.5,-2.2,0.0,2.59,100
2025-12-01T03:00Z,3.4,-2.0,0.0,2.28,100
2025-12-01T04:00Z,3.7,-2.2,0.0,1.86,100
2025-12-01T05:00Z,3.4,-0.6,0.0,2.3,100
2025-12-01T06:00Z,3.4,-0.9,0.0,1.86,100
2025-12-01T07:00Z,3.4,-0.5,0.0,1.37,100
2025-12-01T08:00Z,3.7,-0.2,0.0,1.0,100
2025-12-01T09:00Z,3.6,0.5,0.0,1.83,100
2025-12-01T10:00Z,3.4,1.4,0.0,2.58,100
2025-12-01T11:00Z,3.7,1.6,0.0,1.8,100
2025-12-01T12:00Z,3.5,1.0,0.0,1.84,100
2025-12-01T13:00Z,3.6,1.4,0.0,1.36,100
2025-12-01T14:00Z,3.5,1.7,5.0,1.52,100
2025-12-01T15:00Z,3.7,1.5,30.0,2.06,100
2025-12-01T16:00Z,4.2,1.3,103.0,2.08,100
2025-12-01T17:00Z,4.3,1.4,74.0,1.27,100
2025-12-01T18:00Z,3.6,1.0,109.0,1.22,100
2025-12-01T19:00Z,3.9,1.2,112.0,1.54,100
2025-12-01T20:00Z,4.2,1.3,88.0,2.26,100
2025-12-01T21:00Z,4.5,1.5,66.0,2.8,100
2025-12-01T22:00Z,4.6,1.6,63.0,2.82,100
2025-12-01T23:00Z,4.6,1.4,24.0,3.04,100
2025-12-02T00:00Z,4.0,1.3,1.0,3.49,100
2025-12-02T01:00Z,4.0,1.4,0.0,2.41,100
2025-12-02T02:00Z,4.1,1.3,0.0,3.07,100
2025-12-02T03:00Z,3.8,0.4,0.0,3.16,100
2025-12-02T04:00Z,3.5,0.1,0.0,1.83,20
2025-12-02T05:00Z,2.7,-0.3,0.0,2.34,7
2025-12-02T06:00Z,1.9,-0.5,0.0,2.45,0
2025-12-02T07:00Z,1.4,-0.7,0.0,2.07,0
2025-12-02T08:00Z,1.0,-1.1,0.0,1.84,0
2025-12-02T09:00Z,0.5,-1.3,0.0,1.61,0
2025-12-02T10:00Z,0.1,-1.5,0.0,1.63,0
2025-12-02T11:00Z,-0.3,-1.9,0.0,1.33,0
2025-12-02T12:00Z,-0.9,-2.4,0.0,0.94,0
2025-12-02T13:00Z,-1.5,-2.9,0.0,0.82,0
2025-12-02T14:00Z,-0.4,-2.0,29.0,0.93,1
2025-12-02T15:00Z,1.0,-1.4,183.0,0.85,1
2025-12-02T16:00Z,2.4,-1.2,353.0,0.6,7
2025-12-02T17:00Z,3.8,-0.9,498.0,0.45,4
2025-12-02T18:00Z,5.5,-1.0,584.0,0.41,0
2025-12-02T19:00Z,7.0,-0.6,609.0,0.52,0
2025-12-02T20:00Z,7.9,-0.4,562.0,0.6,0
2025-12-02T21:00Z,8.3,0.2,453.0,1.13,0
2025-12-02T22:00Z,8.1,0.1,295.0,1.82,0
2025-12-02T23:00Z,7.1,0.5,113.0,2.12,0
2025-12-03T00:00Z,6.5,0.7,4.0,2.98,0
2025-12-03T01:00Z,5.8,0.3,0.0,3.19,0
2025-12-03T02:00Z,5.2,0.2,0.0,3.24,0
2025-12-03T03:00Z,4.9,0.2,0.0,3.05,0
2025-12-03T04:00Z,4.6,0.2,0.0,3.23,0
2025-12-03T05:00Z,4.5,0.3,0.0,3.38,0
2025-12-03T06:00Z,3.8,0.2,0.0,3.36,0
2025-12-03T07:00Z,3.7,0.2,0.0,3.56,0
2025-12-03T08:00Z,3.7,0.2,0.0,3.78,0
2025-12-03T09:00Z,3.7,0.4,0.0,4.14,0
2025-12-03T10:00Z,3.8,0.6,0.0,4.27,0
2025-12-03T11:00Z,3.8,0.7,0.0,3.91,21
2025-12-03T12:00Z,3.8,1.1,0.0,3.88,76
2025-12-03T13:00Z,3.8,1.2,0.0,3.99,10
2025-12-03T14:00Z,4.4,1.6,29.0,3.82,48
2025-12-03T15:00Z,6.1,2.7,182.0,2.85,18
2025-12-03T16:00Z,8.1,3.5,349.0,3.46,63
2025-12-03T17:00Z,10.4,4.3,483.0,3.67,93
2025-12-03T18:00Z,11.9,5.3,566.0,3.96,77
2025-12-03T19:00Z,13.2,6.1,584.0,3.71,9
2025-12-03T20:00Z,14.1,6.9,534.0,3.36,5
2025-12-03T21:00Z,14.5,8.0,426.0,3.04,8
2025-12-03T22:00Z,14.2,8.9,274.0,2.39,0
2025-12-03T23:00Z,13.0,9.6,104.0,1.52,2
2025-12-04T00:00Z,11.0,9.3,3.0,3.16,38
2025-12-04T01:00Z,9.9,9.0,0.0,2.73,14
2025-12-04T02:00Z,8.9,8.3,0.0,2.8,75
2025-12-04T03:00Z,8.7,8.1,0.0,2.6,100
2025-12-04T04:00Z,8.9,8.1,0.0,2.97,100
2025-12-04T05:00Z,8.7,7.5,0.0,3.71,100
2025-12-04T06:00Z,7.5,6.2,0.0,3.51,100
2025-12-04T07:00Z,6.8,5.3,0.0,3.65,100
2025-12-04T08:00Z,6.4,4.9,0.0,3.62,100
2025-12-04T09:00Z,6.3,4.5,0.0,3.34,100
2025-12-04T10:00Z,5.9,3.9,0.0,3.18,100
2025-12-04T11:00Z,5.5,3.4,0.0,3.25,100
2025-12-04T12:00Z,5.6,3.8,0.0,3.18,100
2025-12-04T13:00Z,5.9,4.0,0.0,4.1,100
2025-12-04T14:00Z,6.2,3.9,7.0,3.32,100
2025-12-04T15:00Z,6.4,4.1,36.0,2.76,100
2025-12-04T16:00Z,6.5,4.2,64.0,3.59,100
2025-12-04T17:00Z,6.8,4.1,94.0,3.79,100
2025-12-04T18:00Z,6.6,4.1,119.0,3.37,100
2025-12-04T19:00Z,7.1,3.6,183.0,3.57,100
2025-12-04T20:00Z,7.1,3.3,167.0,4.06,100
2025-12-04T21:00Z,7.2,3.1,141.0,4.15,100
2025-12-04T22:00Z,6.9,3.0,107.0,3.65,100
2025-12-04T23:00Z,6.4,2.6,34.0,3.1,100
2025-12-05T00:00Z,5.2,2.4,1.0,2.61,100
2025-12-05T01:00Z,5.0,2.2,0.0,2.11,100
2025-12-05T02:00Z,5.0,2.1,0.0,1.87,100
2025-12-05T03:00Z,5.0,2.1,0.0,1.17,100
2025-12-05T04:00Z,5.0,2.1,0.0,0.96,100
2025-12-05T05:00Z,5.0,2.1,0.0,1.39,100
2025-12-05T06:00Z,4.4,2.5,0.0,1.66,100
2025-12-05T07:00Z,4.4,2.3,0.0,1.77,100
2025-12-05T08:00Z,4.4,2.3,0.0,1.3,100
2025-12-05T09:00Z,4.2,2.2,0.0,0.78,100
2025-12-05T10:00Z,4.2,2.1,0.0,0.82,100
2025-12-05T11:00Z,4.2,2.1,0.0,1.12,100
2025-12-05T12:00Z,3.5,2.1,0.0,1.0,100
2025-12-05T13:00Z,2.8,1.9,0.0,0.63,45
2025-12-05T14:00Z,3.4,2.3,23.0,1.41,74
2025-12-05T15:00Z,4.7,2.5,170.0,1.37,95
2025-12-05T16:00Z,6.1,2.8,304.0,1.56,98
2025-12-05T17:00Z,8.3,2.8,449.0,2.82,99
2025-12-05T18:00Z,9.1,3.9,507.0,2.0,100
2025-12-05T19:00Z,9.9,4.5,451.0,1.5,100
2025-12-05T20:00Z,10.5,4.9,442.0,1.42,100
2025-12-05T21:00Z,10.9,4.9,352.0,2.44,100
2025-12-05T22:00Z,10.6,4.8,216.0,2.96,100
2025-12-05T23:00Z,9.8,5.2,70.0,2.7,100
2025-12-06T00:00Z,9.1,5.3,3.0,2.79,100
2025-12-06T01:00Z,8.7,5.5,0.0,2.73,100
2025-12-06T02:00Z,8.3,5.6,0.0,2.8,100
2025-12-06T03:00Z,7.8,5.5,0.0,2.69,100
2025-12-06T04:00Z,7.3,5.4,0.0,1.81,100
2025-12-06T05:00Z,6.8,5.3,0.0,1.86,100
2025-12-06T06:00Z,6.2,4.9,0.0,2.42,97
2025-12-06T07:00Z,6.2,4.9,0.0,2.06,70
2025-12-06T08:00Z,5.8,4.8,0.0,1.87,0
2025-12-06T09:00Z,5.3,4.6,0.0,1.84,0
2025-12-06T10:00Z,4.9,4.4,0.0,2.05,0
2025-12-06T11:00Z,4.6,4.2,0.0,2.04,9
2025-12-06T12:00Z,4.2,4.1,0.0,2.04,100
2025-12-06T13:00Z,4.4,4.3,0.0,2.06,100
2025-12-06T14:00Z,4.6,4.5,14.0,2.05,100
2025-12-06T15:00Z,5.4,5.0,87.0,1.59,100
2025-12-06T16:00Z,6.5,5.4,157.0,2.05,100
2025-12-06T17:00Z,7.9,5.9,219.0,2.87,100
2025-12-06T18:00Z,8.0,5.8,329.0,2.13,100
2025-12-06T19:00Z,9.4,6.3,274.0,1.66,100
2025-12-06T20:00Z,11.2,6.5,370.0,1.21,30
2025-12-06T21:00Z,12.0,7.3,388.0,1.0,0
2025-12-06T22:00Z,12.5,7.9,285.0,1.45,0
2025-12-06T23:00Z,11.5,8.3,109.0,1.9,0
2025-12-07T00:00Z,10.4,7.8,3.0,2.69,0
2025-12-07T01:00Z,10.2,7.7,0.0,2.74,0
2025-12-07T02:00Z,10.1,7.9,0.0,2.9,0
2025-12-07T03:00Z,10.1,8.0,0.0,3.22,0
2025-12-07T04:00Z,10.3,8.2,0.0,3.47,0
2025-12-07T05:00Z,10.6,8.6,0.0,3.49,0
2025-12-07T06:00Z,11.0,8.6,0.0,3.56,0
2025-12-07T07:00Z,11.3,9.0,0.0,2.82,0
2025-12-07T08:00Z,10.5,8.5,0.0,1.26,0
2025-12-07T09:00Z,9.9,8.0,0.0,0.92,0
2025-12-07T10:00Z,9.5,8.0,0.0,1.78,0
2025-12-07T11:00Z,8.1,7.3,0.0,2.04,0
2025-12-07T12:00Z,7.0,7.0,0.0,2.4,100
2025-12-07T13:00Z,7.3,7.2,0.0,2.82,100
2025-12-07T14:00Z,7.5,7.4,12.0,3.52,100
2025-12-07T15:00Z,8.0,7.4,86.0,3.86,100
2025-12-07T16:00Z,8.8,7.6,162.0,4.53,100
2025-12-07T17:00Z,10.1,7.8,205.0,5.33,100
2025-12-07T18:00Z,10.1,6.8,317.0,5.43,100
2025-12-07T19:00Z,9.9,6.4,293.0,5.51,100
2025-12-07T20:00Z,10.0,5.7,124.0,5.38,100
2025-12-07T21:00Z,10.4,5.6,137.0,4.63,72
2025-12-07T22:00Z,9.4,4.8,177.0,5.07,47
2025-12-07T23:00Z,8.2,4.3,96.0,3.93,3
2025-12-08T00:00Z,7.8,3.3,3.0,3.52,0
2025-12-08T01:00Z,6.9,2.5,0.0,3.72,0
2025-12-08T02:00Z,5.9,1.8,0.0,3.93,0
2025-12-08T03:00Z,5.0,1.3,0.0,3.67,0
2025-12-08T04:00Z,4.3,1.0,0.0,3.47,0
2025-12-08T05:00Z,3.8,0.8,0.0,3.37,0
2025-12-08T06:00Z,3.1,0.4,0.0,3.01,1
2025-12-08T07:00Z,2.7,0.4,0.0,2.55,0
2025-12-08T08:00Z,2.4,0.3,0.0,2.3,0
2025-12-08T09:00Z,2.0,0.2,0.0,2.08,7
2025-12-08T10:00Z,1.8,0.1,0.0,1.88,13
2025-12-08T11:00Z,1.6,0.1,0.0,1.84,20
2025-12-08T12:00Z,1.0,-0.4,0.0,1.75,21
2025-12-08T13:00Z,0.9,-0.5,0.0,1.63,13
2025-12-08T14:00Z,1.3,-0.2,21.0,1.82,6
2025-12-08T15:00Z,2.7,0.2,153.0,2.1,0
2025-12-08T16:00Z,4.2,0.3,306.0,1.98,0
2025-12-08T17:00Z,5.5,1.0,458.0,1.31,0
2025-12-08T18:00Z,7.1,1.5,561.0,0.85,2
2025-12-08T19:00Z,8.4,2.5,576.0,0.74,1
2025-12-08T20:00Z,9.1,3.0,536.0,0.51,2
2025-12-08T21:00Z,9.6,3.2,434.0,0.36,2
2025-12-08T22:00Z,9.5,3.3,283.0,0.22,1
2025-12-08T23:00Z,8.5,4.5,109.0,0.34,0
2025-12-09T00:00Z,8.3,3.5,4.0,1.33,0
2025-12-09T01:00Z,7.9,3.1,0.0,1.73,0
2025-12-09T02:00Z,7.3,2.8,0.0,2.02,0
2025-12-09T03:00Z,6.6,2.6,0.0,2.23,0
2025-12-09T04:00Z,6.1,2.2,0.0,2.29,0
2025-12-09T05:00Z,5.7,1.8,0.0,2.25,0
2025-12-09T06:00Z,4.6,0.7,0.0,2.39,0
2025-12-09T07:00Z,4.2,0.2,0.0,2.48,0
2025-12-09T08:00Z,4.2,0.2,0.0,2.55,0
2025-12-09T09:00Z,4.0,0.0,0.0,2.21,0
2025-12-09T10:00Z,3.9,-0.2,0.0,2.06,0
2025-12-09T11:00Z,3.7,-0.3,0.0,2.5,0
2025-12-09T12:00Z,4.0,0.2,0.0,2.75,0
2025-12-09T13:00Z,3.8,0.3,0.0,2.73,0
2025-12-09T14:00Z,4.0,0.5,23.0,2.84,0
2025-12-09T15:00Z,5.9,1.8,170.0,2.74,0
2025-12-09T16:00Z,8.2,2.5,343.0,2.93,0
2025-12-09T17:00Z,10.6,3.2,480.0,3.41,0
2025-12-09T18:00Z,13.9,4.5,564.0,3.75,0
2025-12-09T19:00Z,15.6,4.4,584.0,4.25,0
2025-12-09T20:00Z,16.6,4.2,541.0,4.6,0
2025-12-09T21:00Z,16.9,4.1,438.0,4.92,1
2025-12-09T22:00Z,16.4,4.3,286.0,4.46,0
2025-12-09T23:00Z,14.9,4.2,111.0,4.51,0
2025-12-10T00:00Z,13.7,3.6,4.0,4.65,1
2025-12-10T01:00Z,13.3,2.9,0.0,5.26,0
2025-12-10T02:00Z,13.0,2.2,0.0,5.45,13
2025-12-10T03:00Z,12.6,2.0,0.0,5.07,0
2025-12-10T04:00Z,12.3,1.8,0.0,4.72,84
2025-12-10T05:00Z,11.9,1.7,0.0,4.82,8
2025-12-10T06:00Z,11.2,2.2,0.0,4.72,5
2025-12-10T07:00Z,10.8,2.3,0.0,4.34,0
2025-12-10T08:00Z,10.5,2.4,0.0,3.76,1
2025-12-10T09:00Z,10.0,2.7,0.0,3.09,0
2025-12-10T10:00Z,9.5,2.9,0.0,2.66,0
2025-12-10T11:00Z,9.0,3.1,0.0,2.01,13
2025-12-10T12:00Z,8.5,3.4,0.0,2.17,49
2025-12-10T13:00Z,7.6,3.2,0.0,2.44,11
2025-12-10T14:00Z,8.1,3.4,21.0,2.97,0
2025-12-10T15:00Z,11.1,3.7,163.0,4.4,0
2025-12-10T16:00Z,13.5,5.0,330.0,3.0,0
2025-12-10T17:00Z,14.9,4.4,466.0,4.55,1
2025-12-10T18:00Z,16.8,2.5,552.0,4.31,20
2025-12-10T19:00Z,17.2,2.1,573.0,4.15,98
2025-12-10T20:00Z,17.3,1.7,516.0,4.06,66
2025-12-10T21:00Z,17.1,-0.1,432.0,4.01,1
2025-12-10T22:00Z,16.2,0.1,284.0,3.1,0
2025-12-10T23:00Z,14.1,1.7,111.0,2.17,0
2025-12-11T00:00Z,12.4,2.1,4.0,1.7,0
2025-12-11T01:00Z,11.8,2.1,0.0,1.94,0
2025-12-11T02:00Z,11.1,0.9,0.0,2.44,0
2025-12-11T03:00Z,10.0,1.2,0.0,1.97,0
2025-12-11T04:00Z,9.0,1.4,0.0,1.87,0
2025-12-11T05:00Z,8.1,1.2,0.0,1.66,13
2025-12-11T06:00Z,6.3,-0.2,0.0,2.11,26
2025-12-11T07:00Z,5.7,-0.3,0.0,1.46,1
2025-12-11T08:00Z,5.1,-0.1,0.0,1.14,30
2025-12-11T09:00Z,4.6,-0.2,0.0,0.85,82
2025-12-11T10:00Z,4.3,-0.6,0.0,0.54,20
2025-12-11T11:00Z,3.9,-0.5,0.0,0.3,42
2025-12-11T12:00Z,2.9,0.2,0.0,1.25,61
2025-12-11T13:00Z,2.9,-1.1,0.0,1.66,9
2025-12-11T14:00Z,4.1,-1.9,21.0,2.5,0
2025-12-11T15:00Z,6.5,-0.7,166.0,3.23,0
2025-12-11T16:00Z,9.5,0.0,338.0,2.46,0
2025-12-11T17:00Z,12.0,0.6,474.0,2.23,0
2025-12-11T18:00Z,15.5,-1.4,558.0,2.98,0
2025-12-11T19:00Z,16.9,-2.4,581.0,3.6,38
2025-12-11T20:00Z,17.7,-2.8,538.0,3.99,1
2025-12-11T21:00Z,18.0,-1.9,436.0,3.88,0
2025-12-11T22:00Z,17.4,0.0,285.0,3.55,0
2025-12-11T23:00Z,15.8,0.6,111.0,3.86,0
2025-12-12T00:00Z,14.2,-0.3,4.0,3.86,0
2025-12-12T01:00Z,13.5,-0.7,0.0,4.05,3
2025-12-12T02:00Z,12.9,-0.5,0.0,4.26,43
2025-12-12T03:00Z,12.5,-0.4,0.0,4.33,100
2025-12-12T04:00Z,12.1,0.1,0.0,3.71,100
2025-12-12T05:00Z,11.7,0.8,0.0,3.65,42
2025-12-12T06:00Z,11.0,0.6,0.0,3.78,30
2025-12-12T07:00Z,10.5,1.0,0.0,3.26,0
2025-12-12T08:00Z,10.1,1.4,0.0,3.03,0
2025-12-12T09:00Z,9.6,1.9,0.0,2.57,0
2025-12-12T10:00Z,9.3,2.2,0.0,2.33,0
2025-12-12T11:00Z,8.9,2.5,0.0,2.01,0
2025-12-12T12:00Z,8.5,3.1,0.0,2.06,0
2025-12-12T13:00Z,7.6,3.3,0.0,1.5,0
2025-12-12T14:00Z,8.2,3.3,19.0,1.25,0
2025-12-12T15:00Z,10.3,4.4,161.0,1.11,0
2025-12-12T16:00Z,12.5,4.8,330.0,0.11,0
2025-12-12T17:00Z,14.5,4.9,465.0,0.07,0
2025-12-12T18:00Z,17.4,5.4,549.0,0.46,0
2025-12-12T19:00Z,18.8,5.9,571.0,0.81,0
2025-12-12T20:00Z,19.3,6.5,530.0,1.39,0
2025-12-12T21:00Z,19.3,6.7,429.0,1.66,0
2025-12-12T22:00Z,18.7,7.0,281.0,1.79,0
2025-12-12T23:00Z,17.0,8.7,109.0,1.53,0
2025-12-13T00:00Z,16.2,7.9,4.0,1.8,0
2025-12-13T01:00Z,15.8,7.9,0.0,2.16,0
2025-12-13T02:00Z,14.9,7.9,0.0,2.29,0
2025-12-13T03:00Z,13.7,8.2,0.0,2.22,0
2025-12-13T04:00Z,12.8,8.3,0.0,1.89,0
2025-12-13T05:00Z,12.0,8.0,0.0,2.1,0
2025-12-13T06:00Z,10.6,6.4,0.0,1.94,0
2025-12-13T07:00Z,9.7,5.6,0.0,1.52,0
2025-12-13T08:00Z,8.9,5.0,0.0,1.45,0
2025-12-13T09:00Z,8.2,4.7,0.0,1.56,0
2025-12-13T10:00Z,7.6,4.3,0.0,1.76,0
2025-12-13T11:00Z,6.9,4.1,0.0,1.49,0
2025-12-13T12:00Z,6.2,3.3,0.0,1.5,0
2025-12-13T13:00Z,5.8,3.2,0.0,1.61,16
2025-12-13T14:00Z,6.1,3.6,16.0,1.43,63
2025-12-13T15:00Z,7.7,4.2,81.0,0.92,48
2025-12-13T16:00Z,9.7,4.9,212.0,0.64,32
2025-12-13T17:00Z,12.6,5.7,422.0,0.78,84
2025-12-13T18:00Z,11.8,6.4,286.0,0.71,100
2025-12-13T19:00Z,12.2,7.1,174.0,0.57,100
2025-12-13T20:00Z,13.6,8.0,232.0,0.4,100
2025-12-13T21:00Z,14.2,8.9,166.0,1.08,100
2025-12-13T22:00Z,14.1,9.6,96.0,1.5,100
2025-12-13T23:00Z,13.9,10.0,35.0,1.91,100
2025-12-14T00:00Z,13.8,11.0,1.0,2.87,11
2025-12-14T01:00Z,13.6,10.6,0.0,3.0,89
2025-12-14T02:00Z,13.9,10.2,0.0,4.28,100
2025-12-14T03:00Z,13.3,7.2,0.0,5.42,100
2025-12-14T04:00Z,11.5,4.8,0.0,5.58,100
2025-12-14T05:00Z,9.6,2.7,0.0,5.54,100
2025-12-14T06:00Z,7.9,2.1,0.0,5.25,100
2025-12-14T07:00Z,6.3,0.8,0.0,5.05,100
2025-12-14T08:00Z,5.1,-0.3,0.0,5.15,100
2025-12-14T09:00Z,3.8,-1.2,0.0,5.2,100
2025-12-14T10:00Z,3.2,-1.6,0.0,5.3,98
2025-12-14T11:00Z,2.0,-3.3,0.0,5.68,100
2025-12-14T12:00Z,0.5,-5.0,0.0,5.67,100
2025-12-14T13:00Z,-0.7,-6.3,0.0,5.62,100
2025-12-14T14:00Z,-1.2,-7.0,9.0,5.25,100
2025-12-14T15:00Z,-1.1,-7.4,83.0,5.04,100
2025-12-14T16:00Z,-0.5,-7.2,189.0,4.6,100
2025-12-14T17:00Z,0.4,-7.1,253.0,4.26,99
2025-12-14T18:00Z,1.1,-6.4,322.0,3.4,100
2025-12-14T19:00Z,2.5,-5.7,393.0,2.93,55
2025-12-14T20:00Z,3.7,-5.1,476.0,2.36,0
2025-12-14T21:00Z,4.5,-5.0,436.0,2.36,0
2025-12-14T22:00Z,4.6,-5.0,286.0,2.52,0
2025-12-14T23:00Z,4.1,-5.2,112.0,2.33,0
2025-12-15T00:00Z,3.6,-5.1,4.0,2.16,0
2025-12-15T01:00Z,3.0,-5.3,0.0,2.28,0
2025-12-15T02:00Z,2.4,-5.6,0.0,2.13,0
2025-12-15T03:00Z,1.8,-5.6,0.0,1.86,0
2025-12-15T04:00Z,1.3,-5.5,0.0,1.66,0
2025-12-15T05:00Z,1.0,-5.4,0.0,1.32,0
2025-12-15T06:00Z,-0.3,-6.9,0.0,1.41,0
2025-12-15T07:00Z,-0.8,-6.0,0.0,0.78,0
2025-12-15T08:00Z,-1.0,-5.7,0.0,0.7,0
2025-12-15T09:00Z,-1.2,-5.6,0.0,0.74,0
2025-12-15T10:00Z,-1.4,-5.3,0.0,0.6,0
2025-12-15T11:00Z,-1.4,-5.1,0.0,0.47,0
2025-12-15T12:00Z,-1.8,-6.9,0.0,2.02,0
2025-12-15T13:00Z,-2.5,-8.8,0.0,2.39,0
2025-12-15T14:00Z,-2.3,-10.1,18.0,2.24,0
2025-12-15T15:00Z,-0.7,-10.8,160.0,1.63,0
2025-12-15T16:00Z,1.5,-10.5,334.0,1.58,0
2025-12-15T17:00Z,3.5,-10.4,471.0,1.5,0
2025-12-15T18:00Z,5.7,-9.9,553.0,1.71,0
2025-12-15T19:00Z,7.3,-7.8,578.0,1.69,13
2025-12-15T20:00Z,8.5,-6.7,512.0,1.71,29
2025-12-15T21:00Z,9.4,-6.1,417.0,2.04,6
2025-12-15T22:00Z,9.6,-6.0,282.0,2.53,9
2025-12-15T23:00Z,8.6,-4.9,113.0,2.22,100
2025-12-16T00:00Z,8.2,-5.8,4.0,2.8,100
2025-12-16T01:00Z,7.9,-6.6,0.0,3.04,100
2025-12-16T02:00Z,7.4,-6.4,0.0,3.24,100
2025-12-16T03:00Z,7.1,-6.5,0.0,3.21,100
2025-12-16T04:00Z,6.9,-6.4,0.0,3.1,100
2025-12-16T05:00Z,6.9,-5.9,0.0,3.25,100
2025-12-16T06:00Z,6.3,-6.0,0.0,3.32,100
2025-12-16T07:00Z,6.3,-5.8,0.0,3.31,100
2025-12-16T08:00Z,6.1,-5.6,0.0,3.26,100
2025-12-16T09:00Z,6.1,-5.5,0.0,3.1,100
2025-12-16T10:00Z,6.1,-5.3,0.0,3.0,100
2025-12-16T11:00Z,6.2,-4.7,0.0,2.98,100
2025-12-16T12:00Z,6.3,-4.4,0.0,3.06,100
2025-12-16T13:00Z,6.3,-3.9,0.0,3.14,100
2025-12-16T14:00Z,6.4,-3.5,11.0,3.49,100
2025-12-16T15:00Z,7.7,-2.9,98.0,3.45,100
2025-12-16T16:00Z,9.1,-2.0,194.0,3.06,100
2025-12-16T17:00Z,10.9,-1.3,299.0,3.35,100
2025-12-16T18:00Z,13.3,-0.2,323.0,3.76,100
2025-12-16T19:00Z,14.0,0.7,306.0,3.76,100
2025-12-16T20:00Z,14.7,1.6,308.0,3.98,100
2025-12-16T21:00Z,14.7,2.8,209.0,4.69,100
2025-12-16T22:00Z,14.8,3.4,166.0,4.6,100
2025-12-16T23:00Z,14.5,4.9,73.0,4.32,100
2025-12-17T00:00Z,13.8,5.7,3.0,4.16,89
2025-12-17T01:00Z,14.1,7.2,0.0,4.11,84
2025-12-17T02:00Z,14.3,8.6,0.0,4.35,53
2025-12-17T03:00Z,14.2,9.4,0.0,4.25,79
2025-12-17T04:00Z,14.4,9.8,0.0,3.91,100
2025-12-17T05:00Z,14.5,9.9,0.0,3.42,100
2025-12-17T06:00Z,14.3,9.7,0.0,2.2,100
2025-12-17T07:00Z,14.4,10.0,0.0,2.96,100
2025-12-17T08:00Z,14.3,10.2,0.0,3.06,100
2025-12-17T09:00Z,14.1,10.5,0.0,3.19,100
2025-12-17T10:00Z,14.0,10.6,0.0,3.26,100
2025-12-17T11:00Z,13.9,11.1,0.0,2.92,100
2025-12-17T12:00Z,13.2,11.4,0.0,2.29,100
2025-12-17T13:00Z,13.2,11.7,0.0,2.55,100
2025-12-17T14:00Z,13.3,12.0,4.0,2.46,100
2025-12-17T15:00Z,13.9,12.3,37.0,2.34,100
2025-12-17T16:00Z,14.5,12.6,77.0,2.86,100
2025-12-17T17:00Z,15.1,12.9,113.0,3.05,100
2025-12-17T18:00Z,15.2,13.1,226.0,3.26,100
2025-12-17T19:00Z,16.6,13.3,219.0,3.53,100
2025-12-17T20:00Z,17.5,13.3,197.0,3.65,100
2025-12-17T21:00Z,18.2,13.4,149.0,4.28,100
2025-12-17T22:00Z,17.9,13.6,67.0,3.6,100
2025-12-17T23:00Z,17.8,13.8,45.0,3.41,100
2025-12-18T00:00Z,16.5,14.8,3.0,3.47,100
2025-12-18T01:00Z,16.5,15.1,0.0,3.16,100
2025-12-18T02:00Z,16.6,15.3,0.0,3.52,100
2025-12-18T03:00Z,16.7,15.4,0.0,3.9,100
2025-12-18T04:00Z,16.7,15.6,0.0,4.2,100
2025-12-18T05:00Z,16.8,15.9,0.0,4.8,100
2025-12-18T06:00Z,16.7,16.0,0.0,5.2,100
2025-12-18T07:00Z,16.7,15.9,0.0,4.55,100
2025-12-18T08:00Z,16.8,15.9,0.0,4.58,100
2025-12-18T09:00Z,16.6,16.0,0.0,4.67,100
2025-12-18T10:00Z,16.9,16.0,0.0,5.68,100
2025-12-18T11:00Z,17.1,15.8,0.0,5.28,68
2025-12-18T12:00Z,16.7,15.3,0.0,5.64,86
2025-12-18T13:00Z,16.6,15.3,0.0,4.81,66
2025-12-18T14:00Z,16.5,14.7,11.0,4.36,5
2025-12-18T15:00Z,17.1,13.3,127.0,4.05,0
2025-12-18T16:00Z,17.8,10.0,310.0,5.14,0
2025-12-18T17:00Z,18.1,7.7,454.0,5.12,3
2025-12-18T18:00Z,19.7,7.3,539.0,4.44,0
2025-12-18T19:00Z,20.8,4.6,570.0,5.93,2
2025-12-18T20:00Z,20.2,2.0,534.0,6.19,0
2025-12-18T21:00Z,19.6,-0.4,441.0,6.31,0
2025-12-18T22:00Z,18.3,-2.2,293.0,5.85,0
2025-12-18T23:00Z,16.9,-2.8,119.0,4.9,0
2025-12-19T00:00Z,15.8,-5.7,5.0,4.68,0
2025-12-19T01:00Z,14.7,-5.7,0.0,4.14,1
2025-12-19T02:00Z,13.7,-6.0,0.0,3.83,1
2025-12-19T03:00Z,12.9,-6.5,0.0,3.59,0
2025-12-19T04:00Z,12.2,-7.4,0.0,3.22,0
2025-12-19T05:00Z,11.3,-8.0,0.0,2.14,0
2025-12-19T06:00Z,9.5,-7.9,0.0,2.59,0
2025-12-19T07:00Z,8.9,-7.2,0.0,2.09,0
2025-12-19T08:00Z,8.2,-6.3,0.0,2.17,0
2025-12-19T09:00Z,7.5,-5.7,0.0,1.3,0
2025-12-19T10:00Z,6.7,-5.2,0.0,1.22,0
2025-12-19T11:00Z,5.7,-4.7,0.0,0.9,2
2025-12-19T12:00Z,4.7,-6.2,0.0,1.15,0
2025-12-19T13:00Z,3.4,-5.9,0.0,0.35,0
2025-12-19T14:00Z,3.7,-5.3,15.0,0.6,0
2025-12-19T15:00Z,6.0,-5.5,153.0,0.86,0
2025-12-19T16:00Z,8.9,-5.5,326.0,1.46,2
2025-12-19T17:00Z,11.5,-4.9,466.0,2.09,8
2025-12-19T18:00Z,14.7,-7.1,553.0,2.86,70
2025-12-19T19:00Z,16.3,-8.9,576.0,3.55,90
2025-12-19T20:00Z,17.3,-9.0,529.0,4.16,66
2025-12-19T21:00Z,17.9,-8.6,434.0,4.35,20
2025-12-19T22:00Z,18.0,-9.4,290.0,4.37,0
2025-12-19T23:00Z,16.8,-8.8,119.0,4.56,2
2025-12-20T00:00Z,15.4,-8.2,5.0,4.73,0
2025-12-20T01:00Z,14.7,-7.0,0.0,4.73,0
2025-12-20T02:00Z,14.0,-5.5,0.0,5.14,0
2025-12-20T03:00Z,13.5,-4.0,0.0,5.18,0
2025-12-20T04:00Z,13.2,-3.2,0.0,5.19,0
2025-12-20T05:00Z,13.1,-2.8,0.0,5.56,0
2025-12-20T06:00Z,12.4,-2.2,0.0,5.36,55
2025-12-20T07:00Z,12.1,-1.8,0.0,5.31,33
2025-12-20T08:00Z,11.9,-0.9,0.0,5.26,0
2025-12-20T09:00Z,11.7,0.2,0.0,5.17,0
2025-12-20T10:00Z,11.6,1.1,0.0,5.07,0
2025-12-20T11:00Z,11.5,2.1,0.0,4.84,0
2025-12-20T12:00Z,11.1,6.2,0.0,4.48,0
2025-12-20T13:00Z,11.1,7.5,0.0,4.38,0
2025-12-20T14:00Z,11.6,8.6,14.0,4.46,0
2025-12-20T15:00Z,13.7,9.2,147.0,3.65,0
2025-12-20T16:00Z,16.0,9.9,317.0,3.98,0
2025-12-20T17:00Z,18.4,10.4,456.0,4.29,0
2025-12-20T18:00Z,21.5,11.3,545.0,4.37,0
2025-12-20T19:00Z,23.9,11.1,571.0,4.73,0
2025-12-20T20:00Z,25.5,11.3,532.0,4.46,0
2025-12-20T21:00Z,26.4,11.2,432.0,3.82,0
2025-12-20T22:00Z,26.4,11.1,286.0,2.78,0
2025-12-20T23:00Z,24.3,12.1,116.0,1.25,0
2025-12-21T00:00Z,22.3,12.4,5.0,3.06,0
2025-12-21T01:00Z,21.2,13.2,0.0,3.07,0
2025-12-21T02:00Z,19.9,13.6,0.0,2.42,0
2025-12-21T03:00Z,18.6,14.0,0.0,1.71,0
2025-12-21T04:00Z,18.0,14.2,0.0,1.7,0
2025-12-21T05:00Z,16.8,14.2,0.0,3.55,0
2025-12-21T06:00Z,15.8,14.1,0.0,3.73,0
2025-12-21T07:00Z,15.1,13.3,0.0,3.79,13
2025-12-21T08:00Z,14.4,12.2,0.0,4.18,16
2025-12-21T09:00Z,14.2,11.4,0.0,3.79,100
2025-12-21T10:00Z,14.4,10.8,0.0,3.65,100
2025-12-21T11:00Z,14.5,10.6,0.0,3.29,100
2025-12-21T12:00Z,14.7,10.3,0.0,3.25,100
2025-12-21T13:00Z,14.6,10.3,0.0,3.37,100
2025-12-21T14:00Z,14.2,10.7,2.0,3.23,100
2025-12-21T15:00Z,14.4,10.8,28.0,2.44,100
2025-12-21T16:00Z,15.1,10.9,97.0,2.94,100
2025-12-21T17:00Z,15.4,10.2,130.0,3.43,100
2025-12-21T18:00Z,15.8,10.0,154.0,2.84,100
2025-12-21T19:00Z,15.7,10.0,131.0,2.45,100
2025-12-21T20:00Z,16.3,10.2,149.0,2.08,82
2025-12-21T21:00Z,17.3,10.4,206.0,1.77,100
2025-12-21T22:00Z,17.4,10.1,83.0,1.9,100
2025-12-21T23:00Z,17.3,9.6,24.0,2.02,100
2025-12-22T00:00Z,15.8,9.1,3.0,2.26,100
2025-12-22T01:00Z,15.4,8.4,0.0,2.26,100
2025-12-22T02:00Z,14.9,8.1,0.0,2.31,46
2025-12-22T03:00Z,14.4,8.3,0.0,2.4,56
2025-12-22T04:00Z,13.8,8.8,0.0,2.39,100
2025-12-22T05:00Z,14.2,9.1,0.0,2.04,100
2025-12-22T06:00Z,14.2,9.1,0.0,1.59,100
2025-12-22T07:00Z,14.5,9.5,0.0,1.35,100
2025-12-22T08:00Z,14.7,9.8,0.0,1.4,100
2025-12-22T09:00Z,14.9,10.2,0.0,1.44,100
2025-12-22T10:00Z,15.0,10.5,0.0,1.32,100
2025-12-22T11:00Z,14.9,10.9,0.0,1.49,100
2025-12-22T12:00Z,14.2,10.3,0.0,1.52,88
2025-12-22T13:00Z,13.6,10.6,0.0,1.78,1
2025-12-22T14:00Z,13.1,11.1,11.0,2.48,0
2025-12-22T15:00Z,14.7,12.3,141.0,2.31,7
2025-12-22T16:00Z,16.7,12.8,300.0,2.26,2
2025-12-22T17:00Z,18.7,11.6,445.0,2.68,32
2025-12-22T18:00Z,20.0,13.7,487.0,2.69,41
2025-12-22T19:00Z,21.7,14.6,356.0,2.67,46
2025-12-22T20:00Z,22.7,15.4,385.0,4.54,78
2025-12-22T21:00Z,23.3,16.1,297.0,3.86,1
2025-12-22T22:00Z,23.1,16.6,275.0,4.74,11
2025-12-22T23:00Z,22.3,16.1,111.0,3.85,0
2025-12-23T00:00Z,21.9,16.3,6.0,4.15,1
2025-12-23T01:00Z,21.7,16.9,0.0,4.47,1
2025-12-23T02:00Z,21.2,17.3,0.0,4.73,0
2025-12-23T03:00Z,21.0,17.3,0.0,4.64,0
2025-12-23T04:00Z,20.8,17.4,0.0,4.76,0
2025-12-23T05:00Z,20.4,17.9,0.0,4.66,0
2025-12-23T06:00Z,19.8,18.0,0.0,4.47,1
2025-12-23T07:00Z,19.5,18.0,0.0,4.17,4
2025-12-23T08:00Z,19.2,18.1,0.0,4.22,6
2025-12-23T09:00Z,19.2,18.2,0.0,4.02,3
2025-12-23T10:00Z,19.0,18.2,0.0,3.87,100
2025-12-23T11:00Z,19.0,18.4,0.0,3.82,100
2025-12-23T12:00Z,19.2,18.6,0.0,3.72,100
2025-12-23T13:00Z,19.6,18.9,0.0,3.5,100
2025-12-23T14:00Z,19.7,19.2,3.0,3.43,100
2025-12-23T15:00Z,20.3,19.4,41.0,3.57,100
2025-12-23T16:00Z,21.1,19.2,75.0,4.49,100
2025-12-23T17:00Z,22.8,18.4,206.0,5.26,69
2025-12-23T18:00Z,25.0,18.2,355.0,4.85,36
2025-12-23T19:00Z,26.5,16.9,498.0,4.94,66
2025-12-23T20:00Z,27.0,15.9,446.0,4.9,47
2025-12-23T21:00Z,27.2,15.8,396.0,4.62,12
2025-12-23T22:00Z,26.8,15.9,264.0,3.99,3
2025-12-23T23:00Z,25.8,16.0,113.0,3.59,1
2025-12-24T00:00Z,24.2,16.1,6.0,4.1,1
2025-12-24T01:00Z,23.1,16.7,0.0,4.51,0
2025-12-24T02:00Z,22.4,16.9,0.0,4.3,0
2025-12-24T03:00Z,22.0,16.8,0.0,4.07,0
2025-12-24T04:00Z,21.6,16.8,0.0,3.91,0
2025-12-24T05:00Z,21.1,16.9,0.0,4.1,0
2025-12-24T06:00Z,20.0,16.6,0.0,4.15,0
2025-12-24T07:00Z,19.5,16.7,0.0,3.77,0
2025-12-24T08:00Z,19.0,16.8,0.0,3.48,0
2025-12-24T09:00Z,18.6,17.1,0.0,3.19,0
2025-12-24T10:00Z,18.2,17.1,0.0,2.83,1
2025-12-24T11:00Z,17.9,16.9,0.0,3.0,1
2025-12-24T12:00Z,17.8,16.7,0.0,2.7,0
2025-12-24T13:00Z,17.5,16.5,0.0,2.3,2
2025-12-24T14:00Z,17.3,16.5,11.0,2.3,11
2025-12-24T15:00Z,19.1,16.8,128.0,2.92,40
2025-12-24T16:00Z,20.7,16.9,228.0,4.0,21
2025-12-24T17:00Z,22.1,16.8,368.0,3.36,5
2025-12-24T18:00Z,23.6,16.4,494.0,3.3,1
2025-12-24T19:00Z,25.0,15.9,529.0,3.7,2
2025-12-24T20:00Z,25.8,15.5,498.0,3.72,3
2025-12-24T21:00Z,26.1,15.2,409.0,3.93,3
2025-12-24T22:00Z,25.9,14.8,271.0,4.06,3
2025-12-24T23:00Z,25.1,14.3,112.0,3.71,89
2025-12-25T00:00Z,23.9,14.7,6.0,3.45,2
2025-12-25T01:00Z,22.9,14.8,0.0,3.45,2
2025-12-25T02:00Z,22.1,15.0,0.0,3.61,0
2025-12-25T03:00Z,21.4,15.1,0.0,3.6,0
2025-12-25T04:00Z,20.8,15.2,0.0,3.51,1
2025-12-25T05:00Z,20.4,15.2,0.0,3.69,0
2025-12-25T06:00Z,19.4,15.1,0.0,3.68,0
2025-12-25T07:00Z,19.0,15.2,0.0,3.78,0
2025-12-25T08:00Z,18.5,15.1,0.0,3.38,16
2025-12-25T09:00Z,18.0,14.8,0.0,2.95,97
2025-12-25T10:00Z,17.3,14.6,0.0,2.55,18
2025-12-25T11:00Z,16.7,14.3,0.0,2.63,0
2025-12-25T12:00Z,16.8,14.8,0.0,2.87,3
2025-12-25T13:00Z,16.6,14.8,0.0,2.86,9
2025-12-25T14:00Z,16.8,15.0,11.0,3.13,1
2025-12-25T15:00Z,18.5,15.3,130.0,2.45,0
2025-12-25T16:00Z,20.5,15.8,295.0,3.18,0
2025-12-25T17:00Z,22.4,16.3,437.0,3.7,0
2025-12-25T18:00Z,22.3,16.4,523.0,4.97,52
2025-12-25T19:00Z,24.1,16.0,456.0,4.9,20
2025-12-25T20:00Z,25.1,16.0,492.0,4.55,6
2025-12-25T21:00Z,25.1,16.1,424.0,4.84,6
2025-12-25T22:00Z,25.4,15.7,284.0,4.83,27
2025-12-25T23:00Z,24.6,15.8,120.0,4.24,15
2025-12-26T00:00Z,22.8,16.5,7.0,4.37,18
2025-12-26T01:00Z,21.9,16.6,0.0,4.14,0
2025-12-26T02:00Z,21.5,16.5,0.0,4.34,0
2025-12-26T03:00Z,21.1,16.5,0.0,4.53,20
2025-12-26T04:00Z,20.7,16.6,0.0,4.6,56
2025-12-26T05:00Z,20.4,16.7,0.0,4.25,30
2025-12-26T06:00Z,19.6,16.7,0.0,4.05,4
2025-12-26T07:00Z,19.4,16.5,0.0,4.19,0
2025-12-26T08:00Z,19.2,16.4,0.0,4.4,2
2025-12-26T09:00Z,19.1,16.1,0.0,4.36,2
2025-12-26T10:00Z,18.9,15.8,0.0,4.28,0
2025-12-26T11:00Z,18.6,15.4,0.0,3.82,0
2025-12-26T12:00Z,18.7,15.8,0.0,4.06,4
2025-12-26T13:00Z,18.3,15.7,0.0,3.67,0
2025-12-26T14:00Z,18.4,15.5,10.0,3.67,0
2025-12-26T15:00Z,19.9,15.4,131.0,2.68,2
2025-12-26T16:00Z,21.7,15.4,295.0,2.9,0
2025-12-26T17:00Z,23.5,15.4,432.0,2.91,0
2025-12-26T18:00Z,26.1,15.4,522.0,2.21,0
2025-12-26T19:00Z,27.6,14.2,553.0,1.98,0
2025-12-26T20:00Z,28.3,13.2,520.0,2.19,0
2025-12-26T21:00Z,28.7,12.2,428.0,2.3,0
2025-12-26T22:00Z,28.6,12.1,288.0,2.07,0
2025-12-26T23:00Z,27.6,12.8,122.0,1.28,0
2025-12-27T00:00Z,26.2,13.8,7.0,2.58,0
2025-12-27T01:00Z,25.2,14.0,0.0,3.35,0
2025-12-27T02:00Z,24.3,14.3,0.0,3.55,0
2025-12-27T03:00Z,23.6,15.6,0.0,4.05,0
2025-12-27T04:00Z,22.9,17.0,0.0,4.21,0
2025-12-27T05:00Z,22.4,17.4,0.0,4.25,0
2025-12-27T06:00Z,21.4,17.2,0.0,3.89,1
2025-12-27T07:00Z,20.8,17.1,0.0,3.76,49
2025-12-27T08:00Z,20.5,17.1,0.0,3.58,91
2025-12-27T09:00Z,20.3,17.0,0.0,3.65,14
2025-12-27T10:00Z,19.8,16.9,0.0,3.71,10
2025-12-27T11:00Z,19.4,16.7,0.0,3.58,0
2025-12-27T12:00Z,19.5,17.2,0.0,3.45,1
2025-12-27T13:00Z,19.0,17.3,0.0,3.07,34
2025-12-27T14:00Z,18.8,17.3,10.0,2.89,42
2025-12-27T15:00Z,20.2,17.5,125.0,2.45,26
2025-12-27T16:00Z,22.0,17.7,291.0,2.98,19
2025-12-27T17:00Z,23.9,17.7,426.0,3.42,10
2025-12-27T18:00Z,25.6,17.8,511.0,3.88,10
2025-12-27T19:00Z,26.7,17.7,528.0,4.02,7
2025-12-27T20:00Z,27.2,17.2,504.0,4.34,6
2025-12-27T21:00Z,27.5,16.6,417.0,4.55,2
2025-12-27T22:00Z,27.0,16.6,283.0,5.0,16
2025-12-27T23:00Z,26.2,16.6,121.0,4.86,68
2025-12-28T00:00Z,24.5,16.9,8.0,4.9,97
2025-12-28T01:00Z,24.0,17.1,0.0,5.14,11
2025-12-28T02:00Z,23.7,16.9,0.0,5.26,99
2025-12-28T03:00Z,23.2,16.5,0.0,5.15,100
2025-12-28T04:00Z,22.9,16.4,0.0,5.01,76
2025-12-28T05:00Z,22.4,16.6,0.0,4.8,52
2025-12-28T06:00Z,21.3,17.0,0.0,5.15,18
2025-12-28T07:00Z,20.9,17.6,0.0,5.0,2
2025-12-28T08:00Z,20.5,18.2,0.0,4.7,80
2025-12-28T09:00Z,20.6,18.8,0.0,4.81,100
2025-12-28T10:00Z,20.9,19.1,0.0,4.66,100
2025-12-28T11:00Z,21.1,19.2,0.0,4.62,100
2025-12-28T12:00Z,21.0,18.7,0.0,5.17,100
2025-12-28T13:00Z,21.3,18.5,0.0,4.88,100
2025-12-28T14:00Z,21.5,18.4,4.0,4.66,100
2025-12-28T15:00Z,22.0,18.3,67.0,4.11,100
2025-12-28T16:00Z,23.0,18.2,186.0,5.62,98
2025-12-28T17:00Z,24.5,17.8,302.0,5.46,96
2025-12-28T18:00Z,25.8,17.0,464.0,4.71,50
2025-12-28T19:00Z,27.0,15.1,543.0,4.07,10
2025-12-28T20:00Z,27.7,12.9,514.0,3.71,4
2025-12-28T21:00Z,28.6,6.3,422.0,4.43,16
2025-12-28T22:00Z,22.9,5.6,278.0,8.86,33
2025-12-28T23:00Z,16.5,2.6,115.0,7.75,53
2025-12-29T00:00Z,12.8,0.1,7.0,7.89,64
2025-12-29T01:00Z,10.9,-1.3,0.0,6.65,13
2025-12-29T02:00Z,9.5,-3.7,0.0,6.83,2
2025-12-29T03:00Z,8.7,-3.9,0.0,6.65,2
2025-12-29T04:00Z,7.4,-4.3,0.0,6.9,0
2025-12-29T05:00Z,5.5,-5.2,0.0,6.37,0
2025-12-29T06:00Z,4.3,-7.1,0.0,5.71,2
2025-12-29T07:00Z,2.8,-8.8,0.0,5.26,2
2025-12-29T08:00Z,1.8,-9.9,0.0,4.6,47
2025-12-29T09:00Z,1.1,-10.2,0.0,4.19,75
2025-12-29T10:00Z,1.0,-10.3,0.0,3.55,3
2025-12-29T11:00Z,0.8,-10.3,0.0,2.91,31
2025-12-29T12:00Z,-0.2,-10.0,0.0,2.67,12
2025-12-29T13:00Z,-0.2,-9.2,0.0,2.73,7
2025-12-29T14:00Z,-0.1,-8.4,11.0,3.13,63
2025-12-29T15:00Z,0.9,-8.9,143.0,3.73,32
2025-12-29T16:00Z,2.3,-9.8,317.0,4.43,99
2025-12-29T17:00Z,3.4,-10.2,407.0,4.87,98
2025-12-29T18:00Z,4.5,-10.5,511.0,4.67,18
2025-12-29T19:00Z,5.2,-10.1,574.0,5.03,26
2025-12-29T20:00Z,5.8,-10.0,513.0,4.74,91
2025-12-29T21:00Z,6.2,-9.9,380.0,4.68,99
2025-12-29T22:00Z,6.3,-9.7,282.0,4.7,100
2025-12-29T23:00Z,5.9,-9.5,93.0,4.52,100
2025-12-30T00:00Z,5.7,-9.1,7.0,4.07,100
2025-12-30T01:00Z,5.4,-8.7,0.0,3.61,100
2025-12-30T02:00Z,5.2,-8.1,0.0,3.16,100
2025-12-30T03:00Z,5.1,-8.0,0.0,2.8,100
2025-12-30T04:00Z,5.0,-7.9,0.0,2.93,100
2025-12-30T05:00Z,4.7,-7.6,0.0,3.11,100
2025-12-30T06:00Z,3.7,-8.0,0.0,3.21,100
2025-12-30T07:00Z,3.2,-8.5,0.0,3.03,5
2025-12-30T08:00Z,2.5,-8.9,0.0,2.84,0
2025-12-30T09:00Z,1.8,-8.9,0.0,2.21,0
2025-12-30T10:00Z,1.4,-8.6,0.0,1.99,0
2025-12-30T11:00Z,1.0,-8.0,0.0,1.76,0
2025-12-30T12:00Z,0.2,-8.5,0.0,1.73,0
2025-12-30T13:00Z,-0.4,-7.5,0.0,1.35,0
2025-12-30T14:00Z,-0.3,-6.7,10.0,0.96,0
2025-12-30T15:00Z,1.1,-6.5,141.0,1.24,0
2025-12-30T16:00Z,2.7,-6.8,320.0,1.27,0
2025-12-30T17:00Z,4.5,-7.3,468.0,1.3,0
2025-12-30T18:00Z,6.8,-8.2,563.0,1.35,0
2025-12-30T19:00Z,8.5,-9.0,597.0,1.39,0
2025-12-30T20:00Z,9.7,-9.8,563.0,1.49,0
2025-12-30T21:00Z,10.4,-10.2,467.0,1.55,0
2025-12-30T22:00Z,10.4,-9.9,319.0,1.35,0
2025-12-30T23:00Z,9.8,-8.9,141.0,1.38,0
2025-12-31T00:00Z,9.0,-9.5,11.0,1.25,0
2025-12-31T01:00Z,8.6,-8.2,0.0,1.65,0
2025-12-31T02:00Z,8.1,-8.3,0.0,2.11,0
2025-12-31T03:00Z,8.0,-9.2,0.0,2.47,0
2025-12-31T04:00Z,7.6,-9.5,0.0,2.3,0
2025-12-31T05:00Z,7.4,-9.0,0.0,2.08,0
2025-12-31T06:00Z,5.9,-7.3,0.0,2.37,0
2025-12-31T07:00Z,5.3,-6.6,0.0,2.72,0
2025-12-31T08:00Z,5.1,-6.1,0.0,2.92,0
2025-12-31T09:00Z,5.0,-5.8,0.0,2.89,0
2025-12-31T10:00Z,5.0,-5.9,0.0,2.69,0
2025-12-31T11:00Z,4.9,-5.9,0.0,2.86,0
2025-12-31T12:00Z,4.6,-5.5,0.0,2.95,0
2025-12-31T13:00Z,4.2,-5.3,0.0,2.48,0
2025-12-31T14:00Z,4.4,-5.0,10.0,2.47,0
2025-12-31T15:00Z,6.3,-4.4,138.0,2.41,0
2025-12-31T16:00Z,8.6,-3.7,313.0,2.1,0
2025-12-31T17:00Z,10.6,-3.0,458.0,1.87,0
2025-12-31T18:00Z,14.8,-1.8,552.0,1.69,0
2025-12-31T19:00Z,16.7,-1.4,583.0,1.42,0
2025-12-31T20:00Z,17.9,-1.2,552.0,1.46,0
2025-12-31T21:00Z,18.5,-1.1,459.0,1.75,0
2025-12-31T22:00Z,18.4,-1.1,314.0,2.02,0
2025-12-31T23:00Z,17.3,-0.4,140.0,0.99,0
2026-01-01T00:00Z,15.6,0.3,11.0,0.3,18
2026-01-01T01:00Z,14.3,0.3,0.0,0.78,0
2026-01-01T02:00Z,13.6,0.3,0.0,1.58,47
2026-01-01T03:00Z,13.3,0.3,0.0,2.62,27
2026-01-01T04:00Z,12.9,0.5,0.0,3.13,88
2026-01-01T05:00Z,12.6,0.5,0.0,3.21,91
