time,temperature_2m,dew_point_2m,shortwave_radiation,wind_speed_10m,cloud_cover
2025-01-01T06:00Z,10.8,5.6,0.0,3.03,0
2025-01-01T07:00Z,10.1,5.4,0.0,2.9,0
2025-01-01T08:00Z,9.6,5.2,0.0,3.05,0
2025-01-01T09:00Z,9.1,5.1,0.0,3.21,0
2025-01-01T10:00Z,8.7,5.0,0.0,3.28,2
2025-01-01T11:00Z,8.4,5.0,0.0,3.26,0
2025-01-01T12:00Z,8.1,5.0,0.0,3.19,0
2025-01-01T13:00Z,7.7,5.0,0.0,3.43,0
2025-01-01T14:00Z,7.9,5.1,26.0,3.56,0
2025-01-01T15:00Z,9.1,5.4,184.0,3.51,12
2025-01-01T16:00Z,10.4,5.5,366.0,3.63,14
2025-01-01T17:00Z,12.0,5.8,512.0,3.28,11
2025-01-01T18:00Z,13.4,6.0,604.0,2.52,20
2025-01-01T19:00Z,14.4,6.1,632.0,2.3,6
2025-01-01T20:00Z,15.1,6.3,594.0,2.05,1
2025-01-01T21:00Z,15.4,6.2,493.0,2.09,22
2025-01-01T22:00Z,15.3,6.1,338.0,2.02,29
2025-01-01T23:00Z,14.3,7.9,153.0,0.96,9
2025-01-02T00:00Z,12.9,7.4,14.0,1.31,3
2025-01-02T01:00Z,12.8,7.4,0.0,1.38,0
2025-01-02T02:00Z,12.2,7.2,0.0,1.54,0
2025-01-02T03:00Z,11.5,7.2,0.0,1.69,26
2025-01-02T04:00Z,11.0,7.0,0.0,1.92,16
2025-01-02T05:00Z,10.5,6.6,0.0,2.18,75
2025-01-02T06:00Z,10.6,6.6,0.0,1.91,92
2025-01-02T07:00Z,10.7,6.7,0.0,1.55,78
2025-01-02T08:00Z,10.6,6.7,0.0,1.77,95
2025-01-02T09:00Z,10.3,6.5,0.0,2.09,75
2025-01-02T10:00Z,10.2,6.7,0.0,2.09,85
2025-01-02T11:00Z,10.1,6.8,0.0,2.18,82
2025-01-02T12:00Z,10.1,6.9,0.0,2.44,77
2025-01-02T13:00Z,9.2,6.4,0.0,2.46,38
2025-01-02T14:00Z,9.2,6.0,21.0,2.43,19
2025-01-02T15:00Z,10.5,6.6,151.0,1.61,100
2025-01-02T16:00Z,11.0,7.2,92.0,1.63,100
2025-01-02T17:00Z,12.3,8.0,154.0,1.3,100
2025-01-02T18:00Z,13.2,8.9,209.0,1.52,100
2025-01-02T19:00Z,14.5,10.0,303.0,1.54,100
2025-01-02T20:00Z,14.5,10.7,140.0,1.52,100
2025-01-02T21:00Z,15.0,11.2,144.0,1.82,100
2025-01-02T22:00Z,15.3,11.7,99.0,1.62,100
2025-01-02T23:00Z,15.0,12.3,25.0,1.76,100
2025-01-03T00:00Z,14.8,12.6,3.0,1.87,100
2025-01-03T01:00Z,14.3,12.4,0.0,2.6,100
2025-01-03T02:00Z,14.0,12.7,0.0,2.56,100
2025-01-03T03:00Z,14.0,12.8,0.0,2.87,100
2025-01-03T04:00Z,14.0,12.8,0.0,2.48,100
2025-01-03T05:00Z,14.2,13.0,0.0,2.5,100
2025-01-03T06:00Z,14.2,13.2,0.0,2.45,100
2025-01-03T07:00Z,14.2,13.3,0.0,2.27,100
2025-01-03T08:00Z,14.2,13.3,0.0,3.09,100
2025-01-03T09:00Z,14.6,13.4,0.0,2.67,61
2025-01-03T10:00Z,13.9,13.2,0.0,2.28,100
2025-01-03T11:00Z,13.8,13.2,0.0,2.85,100
2025-01-03T12:00Z,13.8,13.1,0.0,3.05,100
2025-01-03T13:00Z,14.4,13.6,0.0,2.75,100
2025-01-03T14:00Z,14.2,13.2,7.0,3.43,100
2025-01-03T15:00Z,14.8,13.3,77.0,2.37,22
2025-01-03T16:00Z,16.3,13.8,317.0,2.65,33
2025-01-03T17:00Z,17.7,13.8,441.0,2.87,100
2025-01-03T18:00Z,18.1,13.8,298.0,2.49,100
2025-01-03T19:00Z,19.2,14.0,354.0,2.31,84
2025-01-03T20:00Z,20.5,13.9,511.0,2.33,54
2025-01-03T21:00Z,21.0,13.8,419.0,2.11,96
2025-01-03T22:00Z,20.7,13.8,230.0,2.11,98
2025-01-03T23:00Z,19.7,14.5,93.0,1.83,100
2025-01-04T00:00Z,18.7,14.3,7.0,2.14,100
2025-01-04T01:00Z,17.5,14.1,0.0,2.18,100
2025-01-04T02:00Z,17.5,14.2,0.0,1.98,100
2025-01-04T03:00Z,17.3,13.9,0.0,2.26,100
2025-01-04T04:00Z,17.0,13.8,0.0,2.07,75
2025-01-04T05:00Z,16.3,13.6,0.0,1.88,98
2025-01-04T06:00Z,16.2,13.5,0.0,2.21,100
2025-01-04T07:00Z,16.2,13.1,0.0,2.8,100
2025-01-04T08:00Z,15.9,12.0,0.0,2.96,100
2025-01-04T09:00Z,15.4,11.0,0.0,3.41,100
2025-01-04T10:00Z,15.1,10.6,0.0,3.75,100
2025-01-04T11:00Z,14.6,10.9,0.0,3.7,100
2025-01-04T12:00Z,14.5,11.2,0.0,3.39,53
2025-01-04T13:00Z,14.4,11.7,0.0,2.36,100
2025-01-04T14:00Z,14.4,12.1,4.0,1.88,100
2025-01-04T15:00Z,15.0,13.4,40.0,2.48,100
2025-01-04T16:00Z,17.5,15.1,149.0,3.13,100
2025-01-04T17:00Z,19.0,16.3,190.0,3.69,100
2025-01-04T18:00Z,19.8,16.9,258.0,4.83,100
2025-01-04T19:00Z,20.1,17.1,254.0,4.85,98
2025-01-04T20:00Z,20.4,17.5,200.0,4.15,100
2025-01-04T21:00Z,20.7,18.0,180.0,3.3,100
2025-01-04T22:00Z,20.9,18.4,142.0,2.54,45
2025-01-04T23:00Z,20.8,18.3,117.0,2.54,39
2025-01-05T00:00Z,19.8,18.3,12.0,2.9,32
2025-01-05T01:00Z,19.1,18.6,0.0,3.48,39
2025-01-05T02:00Z,18.6,18.2,0.0,3.42,25
2025-01-05T03:00Z,18.4,18.0,0.0,3.54,7
2025-01-05T04:00Z,18.5,17.8,0.0,3.66,5
2025-01-05T05:00Z,18.9,17.9,0.0,4.04,97
2025-01-05T06:00Z,19.0,17.9,0.0,4.02,48
2025-01-05T07:00Z,19.2,18.0,0.0,4.31,36
2025-01-05T08:00Z,19.6,18.1,0.0,4.86,43
2025-01-05T09:00Z,20.2,18.3,0.0,5.41,14
2025-01-05T10:00Z,20.6,17.9,0.0,5.69,8
2025-01-05T11:00Z,20.9,17.5,0.0,5.61,21
2025-01-05T12:00Z,21.0,17.7,0.0,5.71,18
2025-01-05T13:00Z,21.5,18.7,0.0,5.97,26
2025-01-05T14:00Z,21.6,18.6,21.0,5.26,22
2025-01-05T15:00Z,22.6,18.6,154.0,5.48,79
2025-01-05T16:00Z,23.3,19.2,307.0,5.32,33
2025-01-05T17:00Z,24.4,19.1,419.0,6.93,35
2025-01-05T18:00Z,24.0,18.8,469.0,6.97,97
2025-01-05T19:00Z,22.0,18.3,345.0,4.44,100
2025-01-05T20:00Z,20.0,18.0,128.0,4.4,100
2025-01-05T21:00Z,19.8,18.9,96.0,3.78,100
2025-01-05T22:00Z,15.4,9.2,57.0,3.79,63
2025-01-05T23:00Z,15.9,9.9,95.0,3.31,5
2025-01-06T00:00Z,13.3,3.4,16.0,5.46,0
2025-01-06T01:00Z,11.7,2.1,0.0,6.16,0
2025-01-06T02:00Z,9.5,0.4,0.0,5.44,0
2025-01-06T03:00Z,7.9,-1.0,0.0,4.94,0
2025-01-06T04:00Z,6.2,-2.6,0.0,5.68,0
2025-01-06T05:00Z,4.6,-3.9,0.0,5.57,0
2025-01-06T06:00Z,3.5,-4.6,0.0,5.37,0
2025-01-06T07:00Z,2.4,-5.1,0.0,5.22,0
2025-01-06T08:00Z,1.6,-5.8,0.0,5.84,0
2025-01-06T09:00Z,0.8,-6.2,0.0,5.31,0
2025-01-06T10:00Z,0.4,-6.6,0.0,5.38,0
2025-01-06T11:00Z,-0.1,-6.7,0.0,5.33,0
2025-01-06T12:00Z,-0.3,-6.7,0.0,4.95,0
2025-01-06T13:00Z,-0.7,-6.0,0.0,4.84,0
2025-01-06T14:00Z,-0.7,-6.0,26.0,4.59,0
2025-01-06T15:00Z,0.1,-5.8,187.0,5.14,3
2025-01-06T16:00Z,1.3,-5.5,373.0,5.19,0
2025-01-06T17:00Z,2.6,-4.5,524.0,5.05,0
2025-01-06T18:00Z,3.8,-4.0,621.0,5.0,2
2025-01-06T19:00Z,4.9,-3.3,651.0,4.64,0
2025-01-06T20:00Z,5.8,-3.0,614.0,4.37,0
2025-01-06T21:00Z,6.3,-3.3,512.0,4.21,0
2025-01-06T22:00Z,6.1,-3.6,357.0,4.16,0
2025-01-06T23:00Z,5.4,-3.6,169.0,3.6,0
2025-01-07T00:00Z,4.4,-3.1,18.0,3.08,0
2025-01-07T01:00Z,4.0,-3.3,0.0,3.47,0
2025-01-07T02:00Z,3.5,-3.5,0.0,3.49,0
2025-01-07T03:00Z,3.1,-4.1,0.0,4.05,0
2025-01-07T04:00Z,2.7,-4.7,0.0,3.5,32
2025-01-07T05:00Z,2.2,-4.6,0.0,2.13,17
2025-01-07T06:00Z,1.7,-4.7,0.0,2.35,0
2025-01-07T07:00Z,1.3,-4.9,0.0,2.15,0
2025-01-07T08:00Z,0.9,-5.0,0.0,2.3,0
2025-01-07T09:00Z,0.7,-5.3,0.0,2.86,0
2025-01-07T10:00Z,0.5,-5.9,0.0,3.42,0
2025-01-07T11:00Z,0.3,-6.1,0.0,2.99,0
2025-01-07T12:00Z,0.1,-5.7,0.0,2.21,0
2025-01-07T13:00Z,-1.0,-5.4,0.0,1.8,0
2025-01-07T14:00Z,-0.4,-4.9,25.0,2.21,0
2025-01-07T15:00Z,1.3,-4.3,184.0,2.75,0
2025-01-07T16:00Z,3.0,-3.8,369.0,3.23,0
2025-01-07T17:00Z,4.6,-3.2,520.0,2.74,0
2025-01-07T18:00Z,6.0,-2.6,617.0,1.96,0
2025-01-07T19:00Z,7.0,-2.0,647.0,1.65,0
2025-01-07T20:00Z,7.7,-1.6,610.0,2.25,0
2025-01-07T21:00Z,8.2,-1.6,509.0,2.35,0
2025-01-07T22:00Z,8.4,-2.0,354.0,2.62,0
2025-01-07T23:00Z,7.7,-1.7,169.0,2.58,0
2025-01-08T00:00Z,6.2,-1.1,19.0,2.06,0
2025-01-08T01:00Z,6.3,-1.0,0.0,2.73,20
2025-01-08T02:00Z,5.8,-1.6,0.0,2.73,12
2025-01-08T03:00Z,5.1,-1.3,0.0,2.76,7
2025-01-08T04:00Z,4.5,-1.3,0.0,2.78,2
2025-01-08T05:00Z,4.1,-1.4,0.0,3.02,82
2025-01-08T06:00Z,4.1,-1.4,0.0,3.24,96
2025-01-08T07:00Z,4.0,-1.5,0.0,3.38,100
2025-01-08T08:00Z,3.6,-1.9,0.0,3.6,100
2025-01-08T09:00Z,3.1,-2.5,0.0,3.92,100
2025-01-08T10:00Z,2.6,-2.9,0.0,3.8,99
2025-01-08T11:00Z,2.4,-3.0,0.0,3.34,100
2025-01-08T12:00Z,2.1,-3.3,0.0,3.32,100
2025-01-08T13:00Z,2.6,-3.3,0.0,3.5,100
2025-01-08T14:00Z,2.4,-3.5,7.0,3.55,100
2025-01-08T15:00Z,2.6,-3.4,59.0,3.51,100
2025-01-08T16:00Z,2.5,-3.4,62.0,3.46,100
2025-01-08T17:00Z,3.0,-2.8,136.0,3.36,100
2025-01-08T18:00Z,3.4,-2.3,180.0,3.17,100
2025-01-08T19:00Z,3.7,-2.4,157.0,3.26,100
2025-01-08T20:00Z,4.2,-2.2,171.0,3.23,100
2025-01-08T21:00Z,4.4,-2.2,108.0,3.13,100
2025-01-08T22:00Z,4.7,-2.3,106.0,2.89,100
2025-01-08T23:00Z,4.7,-2.2,52.0,2.51,97
2025-01-09T00:00Z,4.3,-1.6,12.0,1.87,100
2025-01-09T01:00Z,4.5,-1.6,0.0,2.21,100
2025-01-09T02:00Z,4.6,-1.3,0.0,1.71,100
2025-01-09T03:00Z,4.6,-0.9,0.0,1.61,100
2025-01-09T04:00Z,4.7,-0.7,0.0,1.5,100
2025-01-09T05:00Z,4.7,-0.5,0.0,1.4,100
2025-01-09T06:00Z,4.8,-0.2,0.0,1.18,100
2025-01-09T07:00Z,4.9,0.1,0.0,1.21,100
2025-01-09T08:00Z,5.1,0.0,0.0,1.27,100
2025-01-09T09:00Z,5.1,-0.3,0.0,2.04,100
2025-01-09T10:00Z,5.1,-0.8,0.0,2.24,100
2025-01-09T11:00Z,5.2,-1.4,0.0,2.89,100
2025-01-09T12:00Z,5.1,-1.7,0.0,2.91,100
2025-01-09T13:00Z,5.1,-1.9,0.0,2.69,100
2025-01-09T14:00Z,4.9,-1.4,6.0,3.37,100
2025-01-09T15:00Z,5.0,-0.4,42.0,3.32,100
2025-01-09T16:00Z,5.2,0.3,48.0,3.26,100
2025-01-09T17:00Z,6.3,0.7,122.0,3.3,100
2025-01-09T18:00Z,6.8,1.0,112.0,3.45,100
2025-01-09T19:00Z,7.3,1.8,116.0,3.99,100
2025-01-09T20:00Z,8.1,4.0,106.0,5.49,100
2025-01-09T21:00Z,8.4,4.9,125.0,5.3,100
2025-01-09T22:00Z,8.6,5.9,90.0,5.57,100
2025-01-09T23:00Z,7.8,5.9,34.0,5.66,100
2025-01-10T00:00Z,6.8,5.9,3.0,6.2,100
2025-01-10T01:00Z,4.7,4.0,0.0,5.16,100
2025-01-10T02:00Z,4.4,4.0,0.0,4.96,100
2025-01-10T03:00Z,3.8,3.5,0.0,5.12,100
2025-01-10T04:00Z,3.4,3.1,0.0,6.5,100
2025-01-10T05:00Z,3.6,2.9,0.0,6.01,100
2025-01-10T06:00Z,3.5,2.9,0.0,5.35,100
2025-01-10T07:00Z,3.3,2.6,0.0,5.02,100
2025-01-10T08:00Z,3.3,2.6,0.0,4.41,100
2025-01-10T09:00Z,3.1,2.4,0.0,3.94,100
2025-01-10T10:00Z,3.0,2.3,0.0,4.2,100
2025-01-10T11:00Z,2.9,2.0,0.0,4.97,98
2025-01-10T12:00Z,2.9,1.8,0.0,4.64,100
2025-01-10T13:00Z,3.4,2.3,0.0,4.69,100
2025-01-10T14:00Z,3.8,2.4,7.0,4.12,100
2025-01-10T15:00Z,4.1,2.4,32.0,3.79,100
2025-01-10T16:00Z,4.4,2.2,68.0,4.65,100
2025-01-10T17:00Z,5.5,1.9,219.0,5.24,100
2025-01-10T18:00Z,6.3,1.8,304.0,5.36,100
2025-01-10T19:00Z,6.7,1.3,251.0,5.87,100
2025-01-10T20:00Z,7.3,0.9,265.0,6.39,100
2025-01-10T21:00Z,7.6,0.6,275.0,6.15,98
2025-01-10T22:00Z,7.2,0.2,199.0,6.24,86
2025-01-10T23:00Z,6.4,-0.3,125.0,5.23,100
2025-01-11T00:00Z,5.8,-0.5,13.0,4.87,58
2025-01-11T01:00Z,4.7,-0.5,0.0,3.99,100
2025-01-11T02:00Z,4.6,-0.4,0.0,3.94,100
2025-01-11T03:00Z,4.5,-0.1,0.0,3.05,100
2025-01-11T04:00Z,4.5,0.1,0.0,2.23,100
2025-01-11T05:00Z,4.4,0.1,0.0,1.84,100
2025-01-11T06:00Z,4.2,0.0,0.0,2.14,50
2025-01-11T07:00Z,3.1,-0.2,0.0,2.44,37
2025-01-11T08:00Z,2.4,-0.7,0.0,2.66,15
2025-01-11T09:00Z,1.8,-1.2,0.0,2.37,42
2025-01-11T10:00Z,1.3,-1.5,0.0,1.92,3
2025-01-11T11:00Z,0.9,-1.7,0.0,2.11,9
2025-01-11T12:00Z,0.5,-1.9,0.0,2.0,30
2025-01-11T13:00Z,-0.4,-2.1,0.0,1.11,1
2025-01-11T14:00Z,0.6,-1.4,27.0,1.03,13
2025-01-11T15:00Z,2.6,-0.2,193.0,0.76,11
2025-01-11T16:00Z,5.0,0.9,385.0,1.14,21
2025-01-11T17:00Z,7.0,1.4,541.0,1.15,8
2025-01-11T18:00Z,8.5,1.6,641.0,1.46,1
2025-01-11T19:00Z,9.7,1.8,674.0,1.71,3
2025-01-11T20:00Z,10.5,1.9,638.0,1.77,3
2025-01-11T21:00Z,10.9,1.9,536.0,1.85,0
2025-01-11T22:00Z,10.8,1.8,378.0,2.45,0
2025-01-11T23:00Z,10.2,2.3,186.0,1.85,0
2025-01-12T00:00Z,8.3,2.5,24.0,2.97,0
2025-01-12T01:00Z,7.2,1.1,0.0,3.18,0
2025-01-12T02:00Z,6.5,1.3,0.0,2.91,0
2025-01-12T03:00Z,6.1,1.5,0.0,2.63,0
2025-01-12T04:00Z,5.9,1.6,0.0,2.04,0
2025-01-12T05:00Z,6.0,2.1,0.0,2.07,0
2025-01-12T06:00Z,6.4,2.9,0.0,2.04,3
2025-01-12T07:00Z,6.1,3.5,0.0,1.48,6
2025-01-12T08:00Z,6.3,3.7,0.0,0.79,18
2025-01-12T09:00Z,6.4,4.0,0.0,0.51,27
2025-01-12T10:00Z,6.3,4.2,0.0,0.47,69
2025-01-12T11:00Z,6.2,4.4,0.0,1.07,84
2025-01-12T12:00Z,7.1,5.2,0.0,1.41,82
2025-01-12T13:00Z,8.8,7.1,0.0,1.66,100
2025-01-12T14:00Z,9.1,7.6,3.0,1.13,100
2025-01-12T15:00Z,9.6,8.0,25.0,2.19,100
2025-01-12T16:00Z,10.2,8.8,55.0,2.13,100
2025-01-12T17:00Z,10.8,9.7,79.0,1.55,100
2025-01-12T18:00Z,11.4,10.5,99.0,1.39,100
2025-01-12T19:00Z,12.1,10.8,120.0,1.42,100
2025-01-12T20:00Z,12.3,11.1,95.0,2.03,100
2025-01-12T21:00Z,12.9,11.7,140.0,2.07,100
2025-01-12T22:00Z,13.0,11.9,81.0,1.8,100
2025-01-12T23:00Z,12.9,11.9,42.0,1.74,100
2025-01-13T00:00Z,12.5,11.6,6.0,1.7,52
2025-01-13T01:00Z,12.4,12.2,0.0,2.48,97
2025-01-13T02:00Z,12.0,11.7,0.0,2.45,100
2025-01-13T03:00Z,11.1,11.0,0.0,2.35,100
2025-01-13T04:00Z,10.7,10.6,0.0,2.93,100
2025-01-13T05:00Z,10.0,8.2,0.0,3.95,25
2025-01-13T06:00Z,8.4,5.6,0.0,4.03,89
2025-01-13T07:00Z,7.8,4.7,0.0,3.95,73
2025-01-13T08:00Z,7.4,4.1,0.0,3.93,97
2025-01-13T09:00Z,7.1,3.5,0.0,4.16,62
2025-01-13T10:00Z,6.7,2.7,0.0,4.2,29
2025-01-13T11:00Z,6.4,2.2,0.0,4.05,81
2025-01-13T12:00Z,6.2,2.1,0.0,4.23,99
2025-01-13T13:00Z,6.1,2.3,0.0,4.12,63
2025-01-13T14:00Z,6.4,2.3,24.0,4.07,84
2025-01-13T15:00Z,7.8,3.0,179.0,3.04,41
2025-01-13T16:00Z,9.4,3.2,368.0,3.23,55
2025-01-13T17:00Z,10.9,3.7,517.0,3.45,15
2025-01-13T18:00Z,12.4,4.0,622.0,3.31,35
2025-01-13T19:00Z,13.5,4.1,657.0,3.08,42
2025-01-13T20:00Z,14.2,4.2,623.0,3.05,33
2025-01-13T21:00Z,14.5,4.3,524.0,2.91,46
2025-01-13T22:00Z,14.3,4.2,368.0,2.86,32
2025-01-13T23:00Z,13.4,5.1,185.0,2.07,89
2025-01-14T00:00Z,11.6,5.1,25.0,2.41,86
2025-01-14T01:00Z,10.8,4.1,0.0,2.85,99
2025-01-14T02:00Z,9.9,3.8,0.0,2.71,96
2025-01-14T03:00Z,9.1,3.6,0.0,2.75,100
2025-01-14T04:00Z,8.7,3.2,0.0,2.66,100
2025-01-14T05:00Z,8.2,2.9,0.0,2.7,100
2025-01-14T06:00Z,7.7,2.7,0.0,2.52,100
2025-01-14T07:00Z,7.2,2.6,0.0,2.26,100
2025-01-14T08:00Z,6.6,2.4,0.0,2.51,100
2025-01-14T09:00Z,6.0,2.1,0.0,2.37,100
2025-01-14T10:00Z,5.7,2.0,0.0,2.19,100
2025-01-14T11:00Z,5.4,1.9,0.0,2.16,100
2025-01-14T12:00Z,5.0,1.7,0.0,2.12,100
2025-01-14T13:00Z,4.3,1.6,0.0,2.15,100
2025-01-14T14:00Z,4.4,1.4,18.0,2.28,100
2025-01-14T15:00Z,5.5,1.6,114.0,2.1,100
2025-01-14T16:00Z,7.0,1.4,248.0,2.28,100
2025-01-14T17:00Z,8.4,1.2,359.0,1.95,100
2025-01-14T18:00Z,9.7,1.7,429.0,1.87,100
2025-01-14T19:00Z,10.6,2.5,410.0,1.81,100
2025-01-14T20:00Z,11.5,3.7,387.0,1.93,100
2025-01-14T21:00Z,11.7,4.4,284.0,2.08,100
2025-01-14T22:00Z,11.2,4.9,81.0,1.79,100
2025-01-14T23:00Z,10.8,5.8,28.0,1.12,100
2025-01-15T00:00Z,10.6,6.3,4.0,1.0,100
2025-01-15T01:00Z,10.6,5.5,0.0,2.11,100
2025-01-15T02:00Z,10.5,5.2,0.0,2.4,100
2025-01-15T03:00Z,10.2,4.6,0.0,2.36,100
2025-01-15T04:00Z,10.1,3.7,0.0,2.07,100
2025-01-15T05:00Z,9.5,3.1,0.0,2.32,100
2025-01-15T06:00Z,9.3,3.0,0.0,1.74,100
2025-01-15T07:00Z,9.3,3.0,0.0,2.32,100
2025-01-15T08:00Z,9.0,3.5,0.0,2.04,100
2025-01-15T09:00Z,8.6,4.2,0.0,2.57,100
2025-01-15T10:00Z,8.5,4.9,0.0,2.72,100
2025-01-15T11:00Z,8.4,5.1,0.0,3.22,100
2025-01-15T12:00Z,8.1,4.9,0.0,3.24,100
2025-01-15T13:00Z,8.7,4.9,0.0,3.28,100
2025-01-15T14:00Z,8.5,5.6,4.0,3.52,100
2025-01-15T15:00Z,9.2,6.1,49.0,3.05,100
2025-01-15T16:00Z,10.0,6.3,100.0,3.19,100
2025-01-15T17:00Z,11.1,6.4,182.0,2.11,100
2025-01-15T18:00Z,11.2,6.5,208.0,2.98,100
2025-01-15T19:00Z,11.5,6.2,208.0,2.65,100
2025-01-15T20:00Z,11.6,6.4,124.0,2.38,100
2025-01-15T21:00Z,11.2,7.7,111.0,3.12,100
2025-01-15T22:00Z,11.0,7.9,54.0,2.91,100
2025-01-15T23:00Z,11.0,7.1,39.0,2.77,100
2025-01-16T00:00Z,10.6,6.5,6.0,2.89,100
2025-01-16T01:00Z,10.8,8.2,0.0,2.42,100
2025-01-16T02:00Z,10.8,8.2,0.0,2.56,100
2025-01-16T03:00Z,10.9,7.7,0.0,2.64,100
2025-01-16T04:00Z,10.9,6.9,0.0,2.66,100
2025-01-16T05:00Z,10.4,5.8,0.0,2.59,19
2025-01-16T06:00Z,9.2,4.8,0.0,2.23,87
2025-01-16T07:00Z,8.4,4.2,0.0,2.62,51
2025-01-16T08:00Z,7.8,4.0,0.0,2.35,97
2025-01-16T09:00Z,7.4,3.8,0.0,2.11,81
2025-01-16T10:00Z,6.8,3.5,0.0,1.95,95
2025-01-16T11:00Z,6.4,3.1,0.0,2.25,80
2025-01-16T12:00Z,5.9,2.7,0.0,2.05,78
2025-01-16T13:00Z,4.2,1.6,0.0,2.1,80
2025-01-16T14:00Z,4.4,1.5,26.0,2.02,2
2025-01-16T15:00Z,6.6,2.8,193.0,1.58,100
2025-01-16T16:00Z,9.1,3.8,366.0,1.23,98
2025-01-16T17:00Z,12.0,5.0,538.0,1.08,99
2025-01-16T18:00Z,14.0,5.3,616.0,1.28,98
2025-01-16T19:00Z,15.3,4.3,614.0,1.86,69
2025-01-16T20:00Z,16.0,3.5,634.0,2.09,100
2025-01-16T21:00Z,15.9,3.2,435.0,1.71,100
2025-01-16T22:00Z,15.8,3.3,306.0,1.46,100
2025-01-16T23:00Z,14.7,7.2,137.0,0.7,92
2025-01-17T00:00Z,12.7,5.6,26.0,0.45,51
2025-01-17T01:00Z,12.5,5.3,0.0,0.39,100
2025-01-17T02:00Z,11.5,5.7,0.0,0.95,26
2025-01-17T03:00Z,10.3,5.2,0.0,1.17,0
2025-01-17T04:00Z,9.4,4.7,0.0,1.21,1
2025-01-17T05:00Z,8.5,4.4,0.0,1.49,55
2025-01-17T06:00Z,8.2,4.2,0.0,1.66,97
2025-01-17T07:00Z,7.9,4.1,0.0,1.74,100
2025-01-17T08:00Z,7.6,4.1,0.0,1.43,100
2025-01-17T09:00Z,7.6,4.2,0.0,1.35,100
2025-01-17T10:00Z,7.7,4.3,0.0,1.32,100
2025-01-17T11:00Z,7.8,4.1,0.0,1.71,100
2025-01-17T12:00Z,7.7,4.1,0.0,1.7,100
2025-01-17T13:00Z,7.0,4.3,0.0,1.56,86
2025-01-17T14:00Z,7.7,4.8,23.0,2.47,100
2025-01-17T15:00Z,9.7,5.8,62.0,2.82,91
2025-01-17T16:00Z,13.2,8.0,327.0,2.71,100
2025-01-17T17:00Z,14.2,9.8,204.0,2.47,100
2025-01-17T18:00Z,16.5,10.9,341.0,3.53,100
2025-01-17T19:00Z,16.1,11.5,129.0,3.07,100
2025-01-17T20:00Z,18.7,12.8,431.0,4.14,100
2025-01-17T21:00Z,19.2,13.0,272.0,4.1,100
2025-01-17T22:00Z,19.2,13.7,168.0,4.31,100
2025-01-17T23:00Z,19.0,14.0,81.0,3.97,100
2025-01-18T00:00Z,18.8,14.7,5.0,3.83,100
2025-01-18T01:00Z,18.0,14.5,0.0,3.33,100
2025-01-18T02:00Z,18.0,15.0,0.0,3.49,100
2025-01-18T03:00Z,18.2,15.8,0.0,3.75,100
2025-01-18T04:00Z,18.3,16.4,0.0,3.93,100
2025-01-18T05:00Z,18.2,16.7,0.0,4.04,100
2025-01-18T06:00Z,18.0,16.8,0.0,3.54,100
2025-01-18T07:00Z,17.6,16.6,0.0,3.44,100
2025-01-18T08:00Z,17.4,16.3,0.0,4.01,100
2025-01-18T09:00Z,17.1,16.0,0.0,4.05,100
2025-01-18T10:00Z,16.8,15.7,0.0,3.72,74
2025-01-18T11:00Z,16.1,15.1,0.0,3.59,21
2025-01-18T12:00Z,15.2,14.3,0.0,3.36,79
2025-01-18T13:00Z,15.4,14.3,0.0,3.77,85
2025-01-18T14:00Z,14.5,12.9,22.0,4.48,87
2025-01-18T15:00Z,13.9,10.6,152.0,4.14,0
2025-01-18T16:00Z,13.9,7.8,377.0,4.2,0
2025-01-18T17:00Z,14.4,6.9,531.0,3.98,0
2025-01-18T18:00Z,15.0,6.2,629.0,3.82,35
2025-01-18T19:00Z,15.3,6.1,601.0,3.77,37
2025-01-18T20:00Z,15.7,6.5,604.0,3.59,19
2025-01-18T21:00Z,15.9,6.6,522.0,3.74,10
2025-01-18T22:00Z,15.5,6.3,383.0,4.08,0
2025-01-18T23:00Z,14.4,6.1,203.0,4.04,0
2025-01-19T00:00Z,12.6,5.5,34.0,4.01,0
2025-01-19T01:00Z,12.6,5.5,0.0,4.33,0
2025-01-19T02:00Z,11.3,4.5,0.0,4.6,0
2025-01-19T03:00Z,10.0,3.1,0.0,4.86,0
2025-01-19T04:00Z,8.8,1.8,0.0,5.22,0
2025-01-19T05:00Z,7.8,0.9,0.0,5.18,0
2025-01-19T06:00Z,7.0,-0.3,0.0,5.29,0
2025-01-19T07:00Z,6.0,-1.6,0.0,5.25,0
2025-01-19T08:00Z,5.0,-2.6,0.0,5.43,0
2025-01-19T09:00Z,3.9,-3.8,0.0,6.0,0
2025-01-19T10:00Z,2.2,-5.9,0.0,6.53,0
2025-01-19T11:00Z,0.6,-7.0,0.0,7.15,0
2025-01-19T12:00Z,-0.1,-7.7,0.0,6.34,0
2025-01-19T13:00Z,-0.5,-7.5,0.0,5.01,0
2025-01-19T14:00Z,-0.8,-8.3,28.0,5.63,0
2025-01-19T15:00Z,0.0,-9.0,196.0,5.81,0
2025-01-19T16:00Z,1.2,-9.2,394.0,5.62,0
2025-01-19T17:00Z,2.4,-8.9,556.0,5.11,0
2025-01-19T18:00Z,3.4,-8.5,663.0,4.94,0
2025-01-19T19:00Z,4.3,-8.8,704.0,4.9,0
2025-01-19T20:00Z,5.0,-9.0,674.0,4.82,0
2025-01-19T21:00Z,5.2,-9.3,575.0,4.8,0
2025-01-19T22:00Z,5.0,-9.5,416.0,4.59,0
2025-01-19T23:00Z,4.3,-9.5,219.0,4.2,0
2025-01-20T00:00Z,3.0,-8.1,38.0,3.2,0
2025-01-20T01:00Z,2.8,-8.1,0.0,3.0,0
2025-01-20T02:00Z,2.1,-7.8,0.0,2.89,0
2025-01-20T03:00Z,1.4,-7.6,0.0,2.6,0
2025-01-20T04:00Z,0.8,-7.5,0.0,2.65,0
2025-01-20T05:00Z,0.4,-8.1,0.0,2.85,0
2025-01-20T06:00Z,0.0,-8.7,0.0,2.9,0
2025-01-20T07:00Z,-0.5,-9.4,0.0,3.3,0
2025-01-20T08:00Z,-0.9,-10.0,0.0,3.56,0
2025-01-20T09:00Z,-1.3,-10.0,0.0,3.58,0
2025-01-20T10:00Z,-1.5,-9.9,0.0,3.67,0
2025-01-20T11:00Z,-1.8,-9.5,0.0,3.4,0
2025-01-20T12:00Z,-2.0,-9.2,0.0,3.23,0
2025-01-20T13:00Z,-2.4,-9.1,0.0,3.67,0
2025-01-20T14:00Z,-2.0,-9.4,29.0,4.1,0
2025-01-20T15:00Z,-0.8,-9.7,200.0,4.38,0
2025-01-20T16:00Z,0.7,-9.7,398.0,4.41,29
2025-01-20T17:00Z,2.3,-9.5,512.0,4.34,99
2025-01-20T18:00Z,2.5,-9.5,291.0,3.9,100
2025-01-20T19:00Z,2.9,-9.4,242.0,3.47,100
2025-01-20T20:00Z,3.3,-9.0,228.0,3.4,100
2025-01-20T21:00Z,3.1,-8.8,105.0,3.24,100
2025-01-20T22:00Z,3.2,-8.6,95.0,3.28,100
2025-01-20T23:00Z,3.2,-8.0,41.0,3.24,100
2025-01-21T00:00Z,3.0,-7.4,7.0,3.34,100
2025-01-21T01:00Z,2.5,-8.6,0.0,3.65,100
2025-01-21T02:00Z,2.1,-7.6,0.0,3.82,100
2025-01-21T03:00Z,1.7,-6.5,0.0,4.03,100
2025-01-21T04:00Z,1.1,-5.2,0.0,4.27,100
2025-01-21T05:00Z,0.5,-4.4,0.0,4.38,100
2025-01-21T06:00Z,0.4,-4.3,0.0,4.32,100
2025-01-21T07:00Z,0.1,-4.3,0.0,5.06,100
2025-01-21T08:00Z,-0.5,-3.7,0.0,4.92,100
2025-01-21T09:00Z,-0.9,-3.9,0.0,5.79,100
2025-01-21T10:00Z,-1.0,-4.4,0.0,5.25,100
2025-01-21T11:00Z,-1.4,-4.6,0.0,5.11,100
2025-01-21T12:00Z,-1.8,-4.7,0.0,5.31,100
2025-01-21T13:00Z,-2.0,-4.2,0.0,4.33,100
2025-01-21T14:00Z,-2.1,-4.7,4.0,4.56,100
2025-01-21T15:00Z,-2.3,-5.4,61.0,5.08,100
2025-01-21T16:00Z,-2.1,-5.8,96.0,5.04,100
2025-01-21T17:00Z,-1.6,-6.0,186.0,4.36,100
2025-01-21T18:00Z,-1.2,-6.5,207.0,3.81,100
2025-01-21T19:00Z,-0.7,-6.5,254.0,3.76,100
2025-01-21T20:00Z,-0.2,-7.2,360.0,3.6,98
2025-01-21T21:00Z,0.2,-6.5,324.0,3.38,0
2025-01-21T22:00Z,0.5,-6.5,436.0,3.19,0
2025-01-21T23:00Z,-0.1,-6.3,232.0,2.84,0
2025-01-22T00:00Z,-1.9,-7.1,42.0,1.93,0
2025-01-22T01:00Z,-0.6,-6.4,0.0,2.86,0
2025-01-22T02:00Z,-2.5,-7.4,0.0,1.92,0
2025-01-22T03:00Z,-4.2,-8.4,0.0,1.9,0
2025-01-22T04:00Z,-4.6,-8.7,0.0,1.99,0
2025-01-22T05:00Z,-4.2,-8.5,0.0,2.11,0
2025-01-22T06:00Z,-5.8,-9.9,0.0,1.7,0
2025-01-22T07:00Z,-6.3,-10.5,0.0,0.93,0
2025-01-22T08:00Z,-6.6,-10.7,0.0,0.47,0
2025-01-22T09:00Z,-7.1,-10.7,0.0,0.38,0
2025-01-22T10:00Z,-7.4,-10.9,0.0,0.76,0
2025-01-22T11:00Z,-7.3,-11.4,0.0,0.96,0
2025-01-22T12:00Z,-7.2,-11.4,0.0,1.5,0
2025-01-22T13:00Z,-8.8,-11.1,0.0,1.43,2
2025-01-22T14:00Z,-7.9,-10.9,33.0,0.74,4
2025-01-22T15:00Z,-4.7,-8.2,218.0,0.76,4
2025-01-22T16:00Z,-1.6,-6.2,426.0,1.0,1
2025-01-22T17:00Z,0.5,-4.9,597.0,1.41,0
2025-01-22T18:00Z,1.7,-4.7,709.0,2.08,0
2025-01-22T19:00Z,2.4,-4.6,749.0,2.21,0
2025-01-22T20:00Z,3.2,-4.3,713.0,2.02,0
2025-01-22T21:00Z,3.6,-4.3,605.0,1.82,38
2025-01-22T22:00Z,3.8,-3.8,438.0,1.7,58
2025-01-22T23:00Z,2.3,-3.2,233.0,1.33,35
2025-01-23T00:00Z,0.2,-4.2,43.0,1.41,28
2025-01-23T01:00Z,3.1,-1.8,0.0,1.7,38
2025-01-23T02:00Z,2.7,-1.7,0.0,2.17,36
2025-01-23T03:00Z,1.6,-1.7,0.0,1.1,60
2025-01-23T04:00Z,1.1,-2.1,0.0,0.91,99
2025-01-23T05:00Z,0.6,-2.2,0.0,0.78,100
2025-01-23T06:00Z,0.8,-2.3,0.0,0.21,92
2025-01-23T07:00Z,0.3,-2.4,0.0,0.25,46
2025-01-23T08:00Z,-0.1,-2.2,0.0,1.26,25
2025-01-23T09:00Z,-0.3,-2.3,0.0,1.74,34
2025-01-23T10:00Z,-0.5,-2.2,0.0,1.71,15
2025-01-23T11:00Z,-0.7,-2.2,0.0,1.76,9
2025-01-23T12:00Z,-0.7,-2.2,0.0,2.29,5
2025-01-23T13:00Z,-0.6,-1.8,0.0,2.51,46
2025-01-23T14:00Z,0.1,-1.7,29.0,2.98,99
2025-01-23T15:00Z,2.4,-1.0,177.0,3.08,90
2025-01-23T16:00Z,4.7,0.2,378.0,2.07,97
2025-01-23T17:00Z,7.4,0.7,552.0,2.08,53
2025-01-23T18:00Z,9.5,0.4,666.0,2.55,27
2025-01-23T19:00Z,11.1,-2.0,707.0,3.14,31
2025-01-23T20:00Z,11.8,-3.2,676.0,3.03,50
2025-01-23T21:00Z,12.0,-3.3,572.0,2.69,0
2025-01-23T22:00Z,11.8,-3.5,422.0,2.33,0
2025-01-23T23:00Z,10.7,-1.6,227.0,1.69,0
2025-01-24T00:00Z,8.4,-1.3,44.0,2.5,0
2025-01-24T01:00Z,7.9,-1.6,0.0,2.42,0
2025-01-24T02:00Z,6.9,-2.8,0.0,1.93,0
2025-01-24T03:00Z,6.3,-2.8,0.0,2.38,0
2025-01-24T04:00Z,5.2,-2.1,0.0,2.5,0
2025-01-24T05:00Z,4.6,-2.2,0.0,2.45,0
2025-01-24T06:00Z,4.0,-2.6,0.0,2.72,0
2025-01-24T07:00Z,3.6,-3.0,0.0,3.2,0
2025-01-24T08:00Z,3.0,-3.3,0.0,2.72,0
2025-01-24T09:00Z,2.4,-3.5,0.0,2.69,0
2025-01-24T10:00Z,2.0,-3.7,0.0,2.66,0
2025-01-24T11:00Z,1.5,-3.8,0.0,2.28,0
2025-01-24T12:00Z,0.8,-3.8,0.0,1.66,0
2025-01-24T13:00Z,-0.4,-4.0,0.0,1.32,0
2025-01-24T14:00Z,0.3,-3.4,32.0,1.45,0
2025-01-24T15:00Z,2.7,-2.1,209.0,0.6,0
2025-01-24T16:00Z,5.6,-1.0,411.0,0.0,0
2025-01-24T17:00Z,8.4,-0.4,574.0,0.2,0
2025-01-24T18:00Z,10.5,-1.7,681.0,0.3,0
2025-01-24T19:00Z,11.5,-2.9,720.0,0.43,0
2025-01-24T20:00Z,12.0,-3.2,687.0,0.76,0
2025-01-24T21:00Z,12.1,-3.4,587.0,1.07,0
2025-01-24T22:00Z,11.9,-3.3,431.0,1.2,0
2025-01-24T23:00Z,11.0,-1.7,233.0,1.4,0
2025-01-25T00:00Z,9.0,0.3,46.0,1.63,0
2025-01-25T01:00Z,8.2,-1.0,0.0,3.42,0
2025-01-25T02:00Z,6.6,-2.4,0.0,3.23,0
2025-01-25T03:00Z,6.0,-1.4,0.0,3.27,0
2025-01-25T04:00Z,5.8,-0.9,0.0,3.19,0
2025-01-25T05:00Z,5.6,-0.8,0.0,3.1,0
2025-01-25T06:00Z,5.4,-0.5,0.0,2.56,0
2025-01-25T07:00Z,5.2,-0.3,0.0,2.53,0
2025-01-25T08:00Z,5.2,0.0,0.0,2.44,0
2025-01-25T09:00Z,5.3,0.6,0.0,2.26,0
2025-01-25T10:00Z,5.2,1.4,0.0,1.79,0
2025-01-25T11:00Z,5.4,2.1,0.0,1.74,2
2025-01-25T12:00Z,5.9,3.0,0.0,2.16,0
2025-01-25T13:00Z,5.9,3.4,0.0,2.77,0
2025-01-25T14:00Z,7.6,5.1,31.0,3.0,2
2025-01-25T15:00Z,10.7,7.2,196.0,3.05,54
2025-01-25T16:00Z,14.2,9.2,362.0,2.71,100
2025-01-25T17:00Z,15.5,10.4,260.0,2.56,100
2025-01-25T18:00Z,16.2,10.8,264.0,3.13,100
2025-01-25T19:00Z,16.1,11.0,199.0,2.96,100
2025-01-25T20:00Z,16.0,11.3,185.0,3.09,100
2025-01-25T21:00Z,15.7,11.5,128.0,3.21,100
2025-01-25T22:00Z,15.2,11.8,71.0,3.94,100
2025-01-25T23:00Z,14.8,11.9,49.0,3.8,100
2025-01-26T00:00Z,13.8,11.7,9.0,3.46,100
2025-01-26T01:00Z,12.6,10.6,0.0,3.98,100
2025-01-26T02:00Z,12.7,10.8,0.0,3.8,100
2025-01-26T03:00Z,12.9,11.1,0.0,3.36,100
2025-01-26T04:00Z,13.2,11.6,0.0,2.95,100
2025-01-26T05:00Z,13.5,12.0,0.0,3.46,100
2025-01-26T06:00Z,13.8,12.4,0.0,3.51,100
2025-01-26T07:00Z,14.4,13.0,0.0,3.94,100
2025-01-26T08:00Z,15.0,13.6,0.0,3.66,89
2025-01-26T09:00Z,15.6,14.3,0.0,3.19,100
2025-01-26T10:00Z,16.0,14.6,0.0,3.44,100
2025-01-26T11:00Z,15.9,14.7,0.0,2.97,100
2025-01-26T12:00Z,15.6,14.6,0.0,2.93,100
2025-01-26T13:00Z,15.3,14.1,0.0,2.9,91
2025-01-26T14:00Z,15.3,14.1,16.0,0.85,100
2025-01-26T15:00Z,16.7,14.6,57.0,1.41,100
2025-01-26T16:00Z,16.9,16.2,49.0,3.23,100
2025-01-26T17:00Z,18.8,17.1,203.0,3.98,95
2025-01-26T18:00Z,20.1,17.4,412.0,2.53,100
2025-01-26T19:00Z,19.3,17.4,149.0,1.9,100
2025-01-26T20:00Z,20.0,17.8,237.0,0.81,100
2025-01-26T21:00Z,19.2,17.6,146.0,1.93,100
2025-01-26T22:00Z,18.9,18.0,153.0,1.22,100
2025-01-26T23:00Z,17.9,17.8,46.0,0.93,100
2025-01-27T00:00Z,17.2,17.2,17.0,0.42,100
2025-01-27T01:00Z,17.5,17.1,0.0,0.88,100
2025-01-27T02:00Z,17.5,17.4,0.0,1.49,100
2025-01-27T03:00Z,16.9,16.8,0.0,2.23,100
2025-01-27T04:00Z,15.8,15.6,0.0,3.11,100
2025-01-27T05:00Z,15.1,14.5,0.0,3.4,100
2025-01-27T06:00Z,14.2,13.6,0.0,3.28,97
2025-01-27T07:00Z,13.5,12.9,0.0,3.3,91
2025-01-27T08:00Z,13.2,12.6,0.0,2.78,100
2025-01-27T09:00Z,12.7,12.2,0.0,3.2,100
2025-01-27T10:00Z,12.6,11.9,0.0,3.03,100
2025-01-27T11:00Z,12.3,11.5,0.0,3.32,100
2025-01-27T12:00Z,12.1,11.2,0.0,3.43,100
2025-01-27T13:00Z,11.7,10.6,0.0,3.47,100
2025-01-27T14:00Z,11.2,10.2,5.0,3.82,100
2025-01-27T15:00Z,11.5,10.1,59.0,3.95,100
2025-01-27T16:00Z,11.6,10.1,93.0,3.78,100
2025-01-27T17:00Z,12.4,10.3,178.0,3.26,100
2025-01-27T18:00Z,12.8,10.4,187.0,3.17,100
2025-01-27T19:00Z,12.7,10.2,99.0,3.57,100
2025-01-27T20:00Z,14.0,10.5,208.0,3.27,100
2025-01-27T21:00Z,14.9,10.8,178.0,2.51,100
2025-01-27T22:00Z,15.2,11.2,93.0,1.5,100
2025-01-27T23:00Z,16.1,11.4,141.0,0.11,93
2025-01-28T00:00Z,14.2,11.8,37.0,0.74,100
2025-01-28T01:00Z,13.2,11.5,0.0,0.74,100
2025-01-28T02:00Z,13.1,11.6,0.0,0.71,100
2025-01-28T03:00Z,12.9,11.6,0.0,1.13,100
2025-01-28T04:00Z,12.8,11.5,0.0,1.01,100
2025-01-28T05:00Z,12.4,11.3,0.0,1.17,99
2025-01-28T06:00Z,11.8,11.0,0.0,0.96,100
2025-01-28T07:00Z,11.8,10.9,0.0,1.31,100
2025-01-28T08:00Z,11.6,10.5,0.0,1.46,100
2025-01-28T09:00Z,11.5,10.3,0.0,1.24,100
2025-01-28T10:00Z,11.4,9.9,0.0,1.54,100
2025-01-28T11:00Z,11.2,9.8,0.0,1.53,100
2025-01-28T12:00Z,11.2,9.8,0.0,1.53,100
2025-01-28T13:00Z,10.8,9.7,0.0,1.13,100
2025-01-28T14:00Z,10.9,9.8,6.0,1.52,100
2025-01-28T15:00Z,11.2,10.0,37.0,1.85,100
2025-01-28T16:00Z,12.1,10.3,110.0,2.02,100
2025-01-28T17:00Z,13.3,11.0,220.0,1.86,100
2025-01-28T18:00Z,14.6,11.7,286.0,1.93,100
2025-01-28T19:00Z,15.5,12.3,278.0,2.05,100
2025-01-28T20:00Z,15.9,12.6,230.0,2.01,100
2025-01-28T21:00Z,16.3,12.9,219.0,2.16,100
2025-01-28T22:00Z,16.3,13.1,194.0,2.3,100
2025-01-28T23:00Z,15.9,13.1,98.0,2.06,100
2025-01-29T00:00Z,15.2,12.9,16.0,2.09,100
2025-01-29T01:00Z,14.3,12.4,0.0,2.08,100
2025-01-29T02:00Z,14.4,12.4,0.0,2.21,100
2025-01-29T03:00Z,14.3,12.4,0.0,2.4,100
2025-01-29T04:00Z,14.0,12.6,0.0,2.71,100
2025-01-29T05:00Z,13.9,12.7,0.0,2.66,100
2025-01-29T06:00Z,13.8,12.9,0.0,2.6,100
2025-01-29T07:00Z,13.9,13.1,0.0,2.85,100
2025-01-29T08:00Z,14.2,13.5,0.0,2.78,100
2025-01-29T09:00Z,14.5,13.9,0.0,2.87,100
2025-01-29T10:00Z,14.7,14.3,0.0,3.4,100
2025-01-29T11:00Z,15.2,14.9,0.0,3.74,100
2025-01-29T12:00Z,15.5,15.2,0.0,4.01,100
2025-01-29T13:00Z,15.0,14.7,0.0,3.44,100
2025-01-29T14:00Z,15.4,15.0,6.0,2.97,100
2025-01-29T15:00Z,16.3,15.8,37.0,3.06,100
2025-01-29T16:00Z,17.2,16.6,87.0,3.21,100
2025-01-29T17:00Z,18.6,17.6,184.0,3.91,100
2025-01-29T18:00Z,20.0,18.4,245.0,4.03,100
2025-01-29T19:00Z,21.4,18.9,295.0,4.11,100
2025-01-29T20:00Z,21.8,19.1,270.0,4.12,100
2025-01-29T21:00Z,22.0,19.1,302.0,4.27,100
2025-01-29T22:00Z,21.5,19.2,210.0,4.17,78
2025-01-29T23:00Z,20.9,19.4,122.0,3.86,100
2025-01-30T00:00Z,19.7,19.0,17.0,3.94,100
2025-01-30T01:00Z,18.5,18.2,0.0,3.43,100
2025-01-30T02:00Z,17.9,17.8,0.0,3.54,100
2025-01-30T03:00Z,17.7,17.5,0.0,4.4,100
2025-01-30T04:00Z,18.0,17.7,0.0,4.46,100
2025-01-30T05:00Z,18.3,18.0,0.0,4.04,100
2025-01-30T06:00Z,19.0,18.6,0.0,4.22,100
2025-01-30T07:00Z,19.3,18.9,0.0,4.19,100
2025-01-30T08:00Z,19.8,19.2,0.0,4.51,100
2025-01-30T09:00Z,20.1,19.5,0.0,4.49,100
2025-01-30T10:00Z,20.3,19.7,0.0,4.57,100
2025-01-30T11:00Z,20.3,19.7,0.0,4.77,100
2025-01-30T12:00Z,20.5,19.7,0.0,5.07,100
2025-01-30T13:00Z,21.4,20.4,0.0,5.23,100
2025-01-30T14:00Z,21.2,20.2,11.0,4.96,100
2025-01-30T15:00Z,21.3,19.6,74.0,4.66,100
2025-01-30T16:00Z,21.7,19.8,118.0,4.96,100
2025-01-30T17:00Z,22.8,20.5,186.0,5.81,99
2025-01-30T18:00Z,21.9,20.4,239.0,5.84,100
2025-01-30T19:00Z,20.7,19.5,107.0,6.8,99
2025-01-30T20:00Z,21.8,19.8,231.0,4.71,100
2025-01-30T21:00Z,22.4,19.3,286.0,3.88,100
2025-01-30T22:00Z,20.4,15.8,104.0,2.7,100
2025-01-30T23:00Z,19.7,15.7,82.0,2.22,98
2025-01-31T00:00Z,18.7,15.4,40.0,2.32,96
2025-01-31T01:00Z,17.1,14.7,0.0,2.54,100
2025-01-31T02:00Z,17.1,14.2,0.0,1.94,95
2025-01-31T03:00Z,16.6,13.9,0.0,2.72,82
2025-01-31T04:00Z,15.5,13.3,0.0,2.47,65
2025-01-31T05:00Z,14.9,12.7,0.0,1.85,90
2025-01-31T06:00Z,14.6,12.1,0.0,2.14,100
2025-01-31T07:00Z,15.0,10.6,0.0,2.47,100
2025-01-31T08:00Z,15.5,8.6,0.0,2.97,100
2025-01-31T09:00Z,15.4,7.3,0.0,3.51,100
2025-01-31T10:00Z,15.5,7.2,0.0,4.14,98
2025-01-31T11:00Z,15.2,6.6,0.0,3.98,23
2025-01-31T12:00Z,13.9,6.7,0.0,3.51,0
2025-01-31T13:00Z,13.8,6.5,0.0,4.41,12
2025-01-31T14:00Z,13.7,5.4,37.0,4.33,100
2025-01-31T15:00Z,14.6,5.4,203.0,4.1,12
2025-01-31T16:00Z,15.7,5.1,425.0,3.84,19
2025-01-31T17:00Z,16.2,4.1,585.0,4.03,12
2025-01-31T18:00Z,17.0,5.1,689.0,3.99,0
2025-01-31T19:00Z,17.9,5.6,731.0,3.98,0
2025-01-31T20:00Z,18.5,6.1,702.0,4.06,0
2025-01-31T21:00Z,18.9,6.0,602.0,3.95,0
2025-01-31T22:00Z,18.9,5.6,446.0,3.51,0
2025-01-31T23:00Z,18.0,6.8,251.0,2.42,0
2025-02-01T00:00Z,15.6,7.6,60.0,1.97,0
2025-02-01T01:00Z,15.3,8.0,0.0,1.86,0
2025-02-01T02:00Z,14.0,7.8,0.0,1.52,0
2025-02-01T03:00Z,13.3,7.3,0.0,1.49,0
2025-02-01T04:00Z,12.5,7.1,0.0,1.52,0
2025-02-01T05:00Z,11.8,6.7,0.0,1.46,0
2025-02-01T06:00Z,11.2,6.4,0.0,1.57,0
2025-02-01T07:00Z,10.5,6.1,0.0,1.52,0
2025-02-01T08:00Z,9.7,5.8,0.0,1.39,0
2025-02-01T09:00Z,9.1,5.4,0.0,0.76,0
2025-02-01T10:00Z,8.5,5.2,0.0,0.45,0
2025-02-01T11:00Z,7.9,5.0,0.0,0.45,0
2025-02-01T12:00Z,7.3,4.9,0.0,0.46,0
2025-02-01T13:00Z,4.8,3.9,0.0,1.0,0
2025-02-01T14:00Z,6.0,4.7,40.0,1.65,0
2025-02-01T15:00Z,9.2,6.5,224.0,0.75,0
2025-02-01T16:00Z,12.8,8.3,425.0,0.32,0
2025-02-01T17:00Z,15.7,9.2,590.0,0.35,0
2025-02-01T18:00Z,17.8,9.5,698.0,0.64,0
2025-02-01T19:00Z,19.1,8.7,740.0,0.93,0
2025-02-01T20:00Z,19.8,8.4,710.0,1.1,0
2025-02-01T21:00Z,20.0,8.5,610.0,1.1,0
2025-02-01T22:00Z,19.9,8.7,452.0,1.33,0
2025-02-01T23:00Z,19.1,10.4,255.0,1.03,0
2025-02-02T00:00Z,16.3,10.9,61.0,2.51,0
2025-02-02T01:00Z,14.9,9.1,0.0,2.06,37
2025-02-02T02:00Z,13.9,8.7,0.0,2.34,0
2025-02-02T03:00Z,12.9,7.5,0.0,2.43,0
2025-02-02T04:00Z,12.1,7.4,0.0,2.18,0
2025-02-02T05:00Z,11.6,7.8,0.0,1.92,0
2025-02-02T06:00Z,11.1,8.3,0.0,1.55,0
2025-02-02T07:00Z,11.0,8.7,0.0,1.9,0
2025-02-02T08:00Z,10.9,9.1,0.0,2.2,0
2025-02-02T09:00Z,11.0,9.3,0.0,2.1,0
2025-02-02T10:00Z,10.6,9.1,0.0,1.55,0
2025-02-02T11:00Z,10.1,8.6,0.0,1.4,0
2025-02-02T12:00Z,9.9,8.6,0.0,1.5,0
2025-02-02T13:00Z,8.3,7.7,0.0,0.64,0
2025-02-02T14:00Z,9.8,8.9,38.0,1.35,0
2025-02-02T15:00Z,12.8,11.0,214.0,0.99,0
2025-02-02T16:00Z,16.1,13.0,408.0,1.22,0
2025-02-02T17:00Z,18.7,14.3,566.0,1.05,2
2025-02-02T18:00Z,20.4,15.2,668.0,1.1,1
2025-02-02T19:00Z,21.9,15.0,701.0,2.62,12
2025-02-02T20:00Z,22.8,15.2,674.0,2.71,12
2025-02-02T21:00Z,23.5,15.4,575.0,2.34,8
2025-02-02T22:00Z,23.6,15.2,422.0,2.32,7
2025-02-02T23:00Z,22.5,15.8,236.0,2.44,5
2025-02-03T00:00Z,20.0,15.9,58.0,2.69,3
2025-02-03T01:00Z,19.0,16.0,0.0,3.54,0
2025-02-03T02:00Z,18.1,15.6,0.0,3.15,0
2025-02-03T03:00Z,17.2,15.2,0.0,3.04,0
2025-02-03T04:00Z,16.7,14.9,0.0,2.87,0
2025-02-03T05:00Z,16.5,14.8,0.0,2.72,0
2025-02-03T06:00Z,16.3,14.8,0.0,2.79,0
2025-02-03T07:00Z,16.1,14.8,0.0,2.94,0
2025-02-03T08:00Z,16.1,15.0,0.0,3.08,0
2025-02-03T09:00Z,16.1,15.3,0.0,2.85,0
2025-02-03T10:00Z,16.0,15.3,0.0,2.41,0
2025-02-03T11:00Z,15.9,15.3,0.0,2.46,0
2025-02-03T12:00Z,15.8,15.3,0.0,2.65,0
2025-02-03T13:00Z,17.4,17.1,0.0,2.4,100
2025-02-03T14:00Z,18.6,18.1,13.0,2.5,100
2025-02-03T15:00Z,19.7,18.9,58.0,2.66,100
2025-02-03T16:00Z,22.0,19.7,167.0,3.0,55
2025-02-03T17:00Z,23.8,20.3,433.0,3.86,88
2025-02-03T18:00Z,24.9,20.1,406.0,4.25,62
2025-02-03T19:00Z,25.7,20.1,475.0,3.89,77
2025-02-03T20:00Z,26.3,20.0,473.0,3.94,71
2025-02-03T21:00Z,26.4,19.8,421.0,4.18,68
2025-02-03T22:00Z,26.0,20.1,267.0,3.31,53
2025-02-03T23:00Z,25.2,20.5,173.0,2.96,27
2025-02-04T00:00Z,23.9,20.5,52.0,2.9,28
2025-02-04T01:00Z,22.9,21.3,0.0,3.39,33
2025-02-04T02:00Z,22.1,21.7,0.0,3.31,100
2025-02-04T03:00Z,21.7,21.6,0.0,3.35,100
2025-02-04T04:00Z,21.2,21.1,0.0,3.16,100
2025-02-04T05:00Z,20.7,20.7,0.0,2.75,100
2025-02-04T06:00Z,20.6,20.5,0.0,2.65,100
2025-02-04T07:00Z,20.5,20.3,0.0,2.64,100
2025-02-04T08:00Z,20.3,20.2,0.0,2.1,100
2025-02-04T09:00Z,20.2,20.1,0.0,2.05,100
2025-02-04T10:00Z,20.1,20.0,0.0,1.76,100
2025-02-04T11:00Z,20.0,20.0,0.0,1.32,100
2025-02-04T12:00Z,19.9,19.9,0.0,1.3,100
2025-02-04T13:00Z,20.7,20.7,0.0,1.33,100
2025-02-04T14:00Z,20.8,20.7,11.0,1.79,100
2025-02-04T15:00Z,21.1,20.9,57.0,1.95,100
2025-02-04T16:00Z,21.6,20.9,134.0,2.05,100
2025-02-04T17:00Z,22.9,20.6,254.0,2.21,44
2025-02-04T18:00Z,24.9,20.0,561.0,2.55,80
2025-02-04T19:00Z,25.9,19.5,629.0,2.72,90
2025-02-04T20:00Z,26.7,18.9,576.0,2.78,48
2025-02-04T21:00Z,26.8,18.5,451.0,2.95,31
2025-02-04T22:00Z,26.2,18.9,379.0,3.06,16
2025-02-04T23:00Z,24.8,19.9,218.0,2.72,38
2025-02-05T00:00Z,23.2,20.5,53.0,2.74,94
2025-02-05T01:00Z,21.7,21.0,0.0,3.19,100
2025-02-05T02:00Z,21.1,20.8,0.0,3.06,100
2025-02-05T03:00Z,20.6,20.5,0.0,2.99,100
2025-02-05T04:00Z,20.4,20.4,0.0,2.51,100
2025-02-05T05:00Z,20.2,20.1,0.0,2.44,100
2025-02-05T06:00Z,19.8,19.8,0.0,1.84,100
2025-02-05T07:00Z,19.7,19.6,0.0,1.72,100
2025-02-05T08:00Z,19.3,19.2,0.0,1.65,100
2025-02-05T09:00Z,19.0,18.9,0.0,1.95,100
2025-02-05T10:00Z,18.9,18.8,0.0,2.04,100
2025-02-05T11:00Z,18.9,18.8,0.0,1.98,100
2025-02-05T12:00Z,19.0,18.9,0.0,2.13,100
2025-02-05T13:00Z,19.4,19.4,0.0,1.7,100
2025-02-05T14:00Z,19.7,19.5,11.0,1.75,100
2025-02-05T15:00Z,20.1,20.0,51.0,2.27,100
2025-02-05T16:00Z,21.2,20.5,116.0,2.42,100
2025-02-05T17:00Z,22.8,20.3,240.0,2.95,55
2025-02-05T18:00Z,24.6,19.9,590.0,3.16,31
2025-02-05T19:00Z,25.0,20.0,628.0,3.26,50
2025-02-05T20:00Z,25.2,19.8,507.0,3.45,27
2025-02-05T21:00Z,25.6,19.7,450.0,3.87,90
2025-02-05T22:00Z,24.6,19.1,211.0,3.24,53
2025-02-05T23:00Z,23.9,19.6,161.0,3.16,44
2025-02-06T00:00Z,22.9,20.0,51.0,3.42,24
2025-02-06T01:00Z,22.0,20.5,0.0,3.02,100
2025-02-06T02:00Z,21.6,20.6,0.0,2.84,25
2025-02-06T03:00Z,21.2,20.7,0.0,2.8,100
2025-02-06T04:00Z,21.1,20.8,0.0,3.01,100
2025-02-06T05:00Z,20.9,20.8,0.0,2.66,100
2025-02-06T06:00Z,20.7,20.6,0.0,2.65,100
2025-02-06T07:00Z,20.5,20.4,0.0,2.74,100
2025-02-06T08:00Z,20.2,20.0,0.0,2.72,100
2025-02-06T09:00Z,19.9,19.6,0.0,2.69,100
2025-02-06T10:00Z,19.6,19.2,0.0,2.57,100
2025-02-06T11:00Z,19.4,19.1,0.0,2.45,100
2025-02-06T12:00Z,19.5,19.2,0.0,2.29,100
2025-02-06T13:00Z,20.5,20.5,0.0,2.36,100
2025-02-06T14:00Z,20.9,20.7,11.0,2.85,100
2025-02-06T15:00Z,21.7,20.5,65.0,3.73,67
2025-02-06T16:00Z,23.4,19.8,342.0,4.25,32
2025-02-06T17:00Z,24.7,19.3,507.0,3.96,46
2025-02-06T18:00Z,26.0,18.6,607.0,3.83,40
2025-02-06T19:00Z,26.8,17.9,631.0,3.53,40
2025-02-06T20:00Z,27.2,17.3,599.0,3.34,54
2025-02-06T21:00Z,27.4,17.2,500.0,2.97,100
2025-02-06T22:00Z,26.9,17.6,269.0,2.72,100
2025-02-06T23:00Z,26.5,18.0,143.0,1.92,95
2025-02-07T00:00Z,25.0,18.5,38.0,2.32,35
2025-02-07T01:00Z,23.6,20.4,0.0,3.23,3
2025-02-07T02:00Z,22.3,20.8,0.0,3.41,0
2025-02-07T03:00Z,21.4,20.9,0.0,3.1,100
2025-02-07T04:00Z,21.4,20.5,0.0,3.43,55
2025-02-07T05:00Z,20.8,20.3,0.0,2.61,100
2025-02-07T06:00Z,21.3,20.7,0.0,2.1,100
2025-02-07T07:00Z,21.4,20.7,0.0,2.85,89
2025-02-07T08:00Z,21.1,20.3,0.0,2.6,100
2025-02-07T09:00Z,21.0,20.5,0.0,2.6,100
2025-02-07T10:00Z,20.5,20.2,0.0,2.84,100
2025-02-07T11:00Z,20.3,20.0,0.0,2.27,100
2025-02-07T12:00Z,20.3,19.9,0.0,1.94,100
2025-02-07T13:00Z,20.8,20.2,0.0,1.28,100
2025-02-07T14:00Z,20.9,20.3,12.0,1.48,100
2025-02-07T15:00Z,21.4,20.5,58.0,1.03,100
2025-02-07T16:00Z,22.0,20.4,99.0,1.37,100
2025-02-07T17:00Z,23.2,19.8,218.0,2.35,53
2025-02-07T18:00Z,25.3,19.4,579.0,3.05,44
2025-02-07T19:00Z,26.7,18.5,602.0,3.51,100
2025-02-07T20:00Z,26.5,18.3,404.0,3.62,84
2025-02-07T21:00Z,26.8,18.4,406.0,3.36,91
2025-02-07T22:00Z,26.5,18.4,295.0,3.38,98
2025-02-07T23:00Z,24.8,20.0,135.0,3.79,44
2025-02-08T00:00Z,23.1,20.3,63.0,3.65,12
2025-02-08T01:00Z,22.8,20.7,0.0,3.57,29
2025-02-08T02:00Z,21.6,20.9,0.0,3.59,100
2025-02-08T03:00Z,20.9,20.9,0.0,3.5,100
2025-02-08T04:00Z,20.9,20.8,0.0,3.57,100
2025-02-08T05:00Z,20.6,20.5,0.0,3.62,100
2025-02-08T06:00Z,20.4,20.4,0.0,2.9,100
2025-02-08T07:00Z,20.4,20.3,0.0,4.26,100
2025-02-08T08:00Z,20.7,20.5,0.0,3.9,100
2025-02-08T09:00Z,21.2,20.5,0.0,3.76,100
2025-02-08T10:00Z,21.3,20.1,0.0,3.74,48
2025-02-08T11:00Z,20.7,19.3,0.0,3.42,1
2025-02-08T12:00Z,20.1,18.8,0.0,3.18,0
2025-02-08T13:00Z,20.4,19.3,0.0,2.96,6
2025-02-08T14:00Z,20.9,19.5,44.0,3.04,20
2025-02-08T15:00Z,22.5,19.9,208.0,4.25,99
2025-02-08T16:00Z,24.1,19.8,306.0,4.72,100
2025-02-08T17:00Z,25.2,19.6,306.0,4.76,100
2025-02-08T18:00Z,26.5,19.2,413.0,4.99,100
2025-02-08T19:00Z,27.4,18.7,450.0,4.9,52
2025-02-08T20:00Z,28.0,18.5,548.0,4.72,46
2025-02-08T21:00Z,28.1,18.2,505.0,4.09,24
2025-02-08T22:00Z,27.6,18.5,405.0,4.26,3
2025-02-08T23:00Z,26.4,19.0,260.0,3.95,2
2025-02-09T00:00Z,24.6,19.2,72.0,3.55,2
2025-02-09T01:00Z,23.9,19.7,0.0,3.21,6
2025-02-09T02:00Z,22.9,20.6,0.0,3.12,7
2025-02-09T03:00Z,22.1,21.2,0.0,2.94,100
2025-02-09T04:00Z,22.5,21.3,0.0,3.45,100
2025-02-09T05:00Z,22.4,21.0,0.0,3.51,100
2025-02-09T06:00Z,22.1,20.8,0.0,3.27,82
2025-02-09T07:00Z,21.0,20.6,0.0,3.08,100
2025-02-09T08:00Z,21.0,20.5,0.0,2.67,100
2025-02-09T09:00Z,21.2,20.4,0.0,2.71,100
2025-02-09T10:00Z,21.1,20.3,0.0,1.83,100
2025-02-09T11:00Z,20.9,20.1,0.0,1.48,100
2025-02-09T12:00Z,20.8,20.0,0.0,1.17,100
2025-02-09T13:00Z,21.1,19.9,0.0,1.58,100
2025-02-09T14:00Z,21.5,19.7,14.0,1.91,100
2025-02-09T15:00Z,21.9,19.5,78.0,2.27,59
2025-02-09T16:00Z,23.4,19.0,299.0,2.62,100
2025-02-09T17:00Z,24.3,18.9,375.0,2.18,15
2025-02-09T18:00Z,25.9,18.4,629.0,2.0,32
2025-02-09T19:00Z,27.0,17.7,665.0,2.0,57
2025-02-09T20:00Z,27.3,17.1,558.0,1.9,80
2025-02-09T21:00Z,27.2,16.8,431.0,2.28,100
2025-02-09T22:00Z,26.0,18.1,313.0,3.16,46
2025-02-09T23:00Z,24.3,19.0,212.0,2.94,43
2025-02-10T00:00Z,22.8,19.5,65.0,2.46,19
2025-02-10T01:00Z,22.7,19.8,0.0,3.09,11
2025-02-10T02:00Z,21.9,19.9,0.0,0.92,14
2025-02-10T03:00Z,21.2,19.8,0.0,0.83,49
2025-02-10T04:00Z,20.8,19.7,0.0,1.2,61
2025-02-10T05:00Z,20.5,19.6,0.0,1.13,100
2025-02-10T06:00Z,20.2,18.5,0.0,2.07,100
2025-02-10T07:00Z,19.6,17.2,0.0,2.55,100
2025-02-10T08:00Z,19.4,17.6,0.0,3.14,100
2025-02-10T09:00Z,18.7,16.5,0.0,3.16,100
2025-02-10T10:00Z,17.9,15.3,0.0,2.72,100
2025-02-10T11:00Z,17.5,14.8,0.0,2.64,100
2025-02-10T12:00Z,17.1,14.3,0.0,3.12,100
2025-02-10T13:00Z,16.2,13.8,0.0,2.8,100
2025-02-10T14:00Z,16.1,13.6,9.0,2.68,100
2025-02-10T15:00Z,16.0,13.4,40.0,2.74,100
2025-02-10T16:00Z,16.3,13.5,85.0,2.52,100
2025-02-10T17:00Z,18.1,13.9,309.0,2.81,100
2025-02-10T18:00Z,19.0,14.7,309.0,3.27,100
2025-02-10T19:00Z,19.1,15.1,235.0,3.21,100
2025-02-10T20:00Z,20.1,15.6,263.0,3.05,100
2025-02-10T21:00Z,21.1,16.1,300.0,3.05,100
2025-02-10T22:00Z,20.7,16.3,115.0,3.19,100
2025-02-10T23:00Z,20.1,16.3,71.0,2.95,100
2025-02-11T00:00Z,19.0,16.1,24.0,2.7,50
2025-02-11T01:00Z,18.2,15.6,0.0,3.16,99
2025-02-11T02:00Z,18.0,15.4,0.0,3.5,81
2025-02-11T03:00Z,17.8,15.6,0.0,2.76,100
2025-02-11T04:00Z,18.0,15.8,0.0,2.43,100
2025-02-11T05:00Z,18.2,15.9,0.0,3.22,100
2025-02-11T06:00Z,18.3,16.1,0.0,2.97,100
2025-02-11T07:00Z,18.3,16.6,0.0,2.88,100
2025-02-11T08:00Z,18.5,17.2,0.0,2.77,100
2025-02-11T09:00Z,18.8,17.8,0.0,2.33,100
2025-02-11T10:00Z,19.0,18.4,0.0,2.08,100
2025-02-11T11:00Z,19.3,18.8,0.0,2.21,100
2025-02-11T12:00Z,19.6,18.9,0.0,2.34,100
2025-02-11T13:00Z,19.4,18.9,0.0,2.53,97
2025-02-11T14:00Z,19.5,18.9,27.0,1.98,95
2025-02-11T15:00Z,20.2,18.9,89.0,1.03,100
2025-02-11T16:00Z,20.1,19.0,84.0,3.24,100
2025-02-11T17:00Z,19.6,18.5,178.0,3.4,100
2025-02-11T18:00Z,16.4,14.6,191.0,3.86,100
2025-02-11T19:00Z,18.1,16.3,356.0,2.12,100
2025-02-11T20:00Z,17.9,16.2,132.0,2.3,100
2025-02-11T21:00Z,17.8,16.5,123.0,1.98,100
2025-02-11T22:00Z,18.4,17.0,150.0,0.9,100
2025-02-11T23:00Z,18.2,17.0,50.0,1.67,100
2025-02-12T00:00Z,17.8,17.0,19.0,2.69,100
2025-02-12T01:00Z,16.7,15.8,0.0,2.91,100
2025-02-12T02:00Z,16.8,15.8,0.0,3.35,100
2025-02-12T03:00Z,16.9,15.5,0.0,3.26,100
2025-02-12T04:00Z,16.9,15.4,0.0,3.06,100
2025-02-12T05:00Z,17.0,15.4,0.0,2.96,100
2025-02-12T06:00Z,17.3,15.7,0.0,3.61,100
2025-02-12T07:00Z,17.7,16.2,0.0,2.45,100
2025-02-12T08:00Z,17.6,16.6,0.0,2.37,100
2025-02-12T09:00Z,17.5,17.0,0.0,2.3,100
2025-02-12T10:00Z,17.3,17.0,0.0,1.27,100
2025-02-12T11:00Z,18.3,17.9,0.0,4.36,100
2025-02-12T12:00Z,20.2,19.5,0.0,6.11,100
2025-02-12T13:00Z,20.3,19.5,0.0,6.23,100
2025-02-12T14:00Z,20.7,19.9,23.0,4.86,100
2025-02-12T15:00Z,21.6,20.2,114.0,4.58,100
2025-02-12T16:00Z,22.7,20.0,195.0,5.17,100
2025-02-12T17:00Z,22.4,19.7,214.0,3.15,100
2025-02-12T18:00Z,20.5,19.4,163.0,5.31,100
2025-02-12T19:00Z,16.7,15.0,183.0,3.34,100
2025-02-12T20:00Z,16.9,14.4,202.0,3.95,100
2025-02-12T21:00Z,16.4,13.6,184.0,4.32,100
2025-02-12T22:00Z,16.8,13.0,221.0,4.22,100
2025-02-12T23:00Z,17.0,12.2,253.0,3.87,100
2025-02-13T00:00Z,16.2,11.5,72.0,3.0,99
2025-02-13T01:00Z,13.0,9.3,0.0,4.64,100
2025-02-13T02:00Z,12.3,8.7,0.0,4.46,100
2025-02-13T03:00Z,11.4,7.9,0.0,4.26,100
2025-02-13T04:00Z,11.0,7.5,0.0,3.85,97
2025-02-13T05:00Z,10.3,6.9,0.0,4.66,99
2025-02-13T06:00Z,9.7,6.3,0.0,4.41,99
2025-02-13T07:00Z,9.1,5.7,0.0,4.42,100
2025-02-13T08:00Z,8.6,5.4,0.0,3.81,36
2025-02-13T09:00Z,8.0,4.9,0.0,3.75,21
2025-02-13T10:00Z,7.4,4.2,0.0,3.7,64
2025-02-13T11:00Z,7.0,3.5,0.0,4.01,20
2025-02-13T12:00Z,6.3,2.8,0.0,4.11,4
2025-02-13T13:00Z,6.0,3.0,0.0,5.45,100
2025-02-13T14:00Z,5.7,2.4,28.0,5.65,59
2025-02-13T15:00Z,6.4,2.0,172.0,5.38,85
2025-02-13T16:00Z,7.1,1.8,361.0,5.15,59
2025-02-13T17:00Z,8.1,1.8,572.0,4.91,27
2025-02-13T18:00Z,9.8,2.2,689.0,4.76,100
2025-02-13T19:00Z,10.0,1.7,353.0,4.67,100
2025-02-13T20:00Z,10.6,1.6,276.0,4.28,93
2025-02-13T21:00Z,11.3,1.5,296.0,3.88,75
2025-02-13T22:00Z,11.5,1.5,240.0,3.85,57
2025-02-13T23:00Z,11.2,1.8,193.0,3.79,68
2025-02-14T00:00Z,10.6,2.6,56.0,2.9,99
2025-02-14T01:00Z,10.7,2.8,0.0,2.89,44
2025-02-14T02:00Z,10.4,2.6,0.0,2.91,61
2025-02-14T03:00Z,10.0,2.6,0.0,3.11,2
2025-02-14T04:00Z,9.1,2.4,0.0,3.16,7
2025-02-14T05:00Z,8.5,2.6,0.0,2.72,6
2025-02-14T06:00Z,8.0,2.7,0.0,2.84,0
2025-02-14T07:00Z,7.5,2.7,0.0,3.05,0
2025-02-14T08:00Z,7.2,2.8,0.0,2.99,5
2025-02-14T09:00Z,7.0,2.7,0.0,3.36,15
2025-02-14T10:00Z,6.9,2.6,0.0,2.97,7
2025-02-14T11:00Z,6.6,2.6,0.0,2.45,71
2025-02-14T12:00Z,6.7,2.4,0.0,2.45,100
2025-02-14T13:00Z,7.1,3.3,0.0,2.59,62
2025-02-14T14:00Z,7.4,3.1,41.0,2.98,94
2025-02-14T15:00Z,8.6,3.7,148.0,2.56,100
2025-02-14T16:00Z,9.2,4.4,149.0,2.02,100
2025-02-14T17:00Z,9.7,4.8,145.0,2.29,100
2025-02-14T18:00Z,11.0,5.8,266.0,2.25,100
2025-02-14T19:00Z,12.5,7.1,415.0,2.1,100
2025-02-14T20:00Z,12.9,8.1,298.0,2.01,100
2025-02-14T21:00Z,13.3,9.0,246.0,1.97,100
2025-02-14T22:00Z,13.6,9.7,172.0,2.1,100
2025-02-14T23:00Z,13.6,10.3,67.0,1.74,100
2025-02-15T00:00Z,13.4,10.8,19.0,1.62,100
2025-02-15T01:00Z,11.7,9.6,0.0,2.65,100
2025-02-15T02:00Z,12.1,10.4,0.0,2.89,100
2025-02-15T03:00Z,13.0,11.6,0.0,3.26,100
2025-02-15T04:00Z,14.7,13.8,0.0,3.13,100
2025-02-15T05:00Z,16.8,16.2,0.0,3.15,100
2025-02-15T06:00Z,18.7,18.2,0.0,3.88,100
2025-02-15T07:00Z,19.7,19.3,0.0,4.44,100
2025-02-15T08:00Z,21.2,20.8,0.0,5.56,100
2025-02-15T09:00Z,21.2,20.9,0.0,4.77,100
2025-02-15T10:00Z,21.0,20.7,0.0,4.07,100
2025-02-15T11:00Z,20.9,20.6,0.0,3.82,100
2025-02-15T12:00Z,20.9,20.5,0.0,3.51,100
2025-02-15T13:00Z,19.9,19.7,0.0,2.73,100
2025-02-15T14:00Z,20.5,20.3,9.0,4.38,100
2025-02-15T15:00Z,21.6,20.5,64.0,5.81,100
2025-02-15T16:00Z,22.3,20.6,113.0,6.04,93
2025-02-15T17:00Z,23.9,20.3,457.0,7.36,85
2025-02-15T18:00Z,24.8,20.0,488.0,7.82,80
2025-02-15T19:00Z,25.5,19.9,479.0,8.02,55
2025-02-15T20:00Z,25.5,19.7,530.0,7.62,77
2025-02-15T21:00Z,24.5,19.6,332.0,7.24,100
2025-02-15T22:00Z,23.9,19.7,257.0,6.62,100
2025-02-15T23:00Z,21.7,18.9,107.0,4.21,89
2025-02-16T00:00Z,19.8,17.2,78.0,4.04,82
2025-02-16T01:00Z,19.9,17.4,0.0,4.06,100
2025-02-16T02:00Z,19.3,16.6,0.0,2.83,82
2025-02-16T03:00Z,17.7,15.9,0.0,2.3,99
2025-02-16T04:00Z,17.0,15.4,0.0,2.88,100
2025-02-16T05:00Z,16.6,14.6,0.0,3.75,21
2025-02-16T06:00Z,15.5,12.3,0.0,5.75,1
2025-02-16T07:00Z,12.7,7.9,0.0,5.13,0
2025-02-16T08:00Z,10.1,5.0,0.0,5.31,0
2025-02-16T09:00Z,8.2,3.4,0.0,4.79,0
2025-02-16T10:00Z,6.9,2.3,0.0,5.03,0
2025-02-16T11:00Z,5.8,1.4,0.0,5.0,0
2025-02-16T12:00Z,5.1,0.7,0.0,4.3,0
2025-02-16T13:00Z,5.3,1.7,0.0,5.0,1
2025-02-16T14:00Z,5.2,1.1,66.0,4.92,2
2025-02-16T15:00Z,5.9,0.8,268.0,5.47,1
2025-02-16T16:00Z,7.2,1.0,476.0,4.95,4
2025-02-16T17:00Z,8.3,1.4,644.0,4.71,0
2025-02-16T18:00Z,9.8,1.5,755.0,4.68,0
2025-02-16T19:00Z,10.9,1.9,798.0,4.17,0
2025-02-16T20:00Z,11.8,2.5,768.0,3.91,0
2025-02-16T21:00Z,12.3,2.4,669.0,4.07,0
2025-02-16T22:00Z,12.2,2.1,510.0,4.24,0
2025-02-16T23:00Z,11.5,1.9,308.0,4.32,0
2025-02-17T00:00Z,10.1,2.2,99.0,3.54,0
2025-02-17T01:00Z,9.2,2.2,1.0,3.53,0
2025-02-17T02:00Z,8.4,2.1,0.0,3.44,0
2025-02-17T03:00Z,7.8,1.9,0.0,3.11,8
2025-02-17T04:00Z,7.5,1.9,0.0,2.73,2
2025-02-17T05:00Z,7.1,1.5,0.0,3.02,0
2025-02-17T06:00Z,6.6,1.3,0.0,2.77,0
2025-02-17T07:00Z,6.1,1.3,0.0,2.2,0
2025-02-17T08:00Z,5.6,1.4,0.0,2.29,0
2025-02-17T09:00Z,5.2,1.3,0.0,2.77,0
2025-02-17T10:00Z,4.9,1.3,0.0,2.37,0
2025-02-17T11:00Z,4.6,1.2,0.0,2.28,0
2025-02-17T12:00Z,4.4,1.0,0.0,2.5,0
2025-02-17T13:00Z,3.7,0.8,0.0,2.24,0
2025-02-17T14:00Z,4.7,1.1,68.0,2.3,0
2025-02-17T15:00Z,6.4,1.1,272.0,2.49,0
2025-02-17T16:00Z,8.1,2.0,477.0,2.55,7
2025-02-17T17:00Z,10.1,3.9,644.0,2.5,1
2025-02-17T18:00Z,11.7,5.7,745.0,2.46,46
2025-02-17T19:00Z,13.0,6.8,764.0,2.46,13
2025-02-17T20:00Z,14.6,6.9,744.0,2.9,12
2025-02-17T21:00Z,15.4,6.9,601.0,3.36,100
2025-02-17T22:00Z,14.8,7.2,419.0,3.47,100
2025-02-17T23:00Z,13.7,7.5,203.0,3.4,100
2025-02-18T00:00Z,12.8,7.7,59.0,2.6,100
2025-02-18T01:00Z,11.9,8.1,1.0,3.02,91
2025-02-18T02:00Z,11.5,8.2,0.0,2.86,98
2025-02-18T03:00Z,11.8,8.5,0.0,2.91,51
2025-02-18T04:00Z,11.3,8.5,0.0,3.24,17
2025-02-18T05:00Z,11.0,8.6,0.0,3.04,80
2025-02-18T06:00Z,11.0,8.9,0.0,2.77,37
2025-02-18T07:00Z,11.3,9.3,0.0,2.55,100
2025-02-18T08:00Z,11.7,9.7,0.0,2.77,100
2025-02-18T09:00Z,12.0,9.9,0.0,2.99,100
2025-02-18T10:00Z,12.4,10.2,0.0,3.18,100
2025-02-18T11:00Z,13.0,10.8,0.0,2.95,100
2025-02-18T12:00Z,13.7,11.4,0.0,2.91,100
2025-02-18T13:00Z,13.7,11.7,0.0,3.41,100
2025-02-18T14:00Z,14.2,11.8,27.0,3.83,100
2025-02-18T15:00Z,15.2,12.2,122.0,2.66,100
2025-02-18T16:00Z,15.5,12.3,134.0,3.32,100
2025-02-18T17:00Z,15.3,12.7,101.0,2.49,100
2025-02-18T18:00Z,16.9,13.8,281.0,3.49,100
2025-02-18T19:00Z,16.8,13.9,166.0,3.59,100
2025-02-18T20:00Z,17.2,14.8,267.0,3.36,100
2025-02-18T21:00Z,17.4,14.8,177.0,3.5,100
2025-02-18T22:00Z,17.2,15.0,143.0,3.87,100
2025-02-18T23:00Z,17.6,15.8,142.0,3.11,100
2025-02-19T00:00Z,17.2,16.0,25.0,3.15,100
2025-02-19T01:00Z,16.0,15.1,0.0,3.14,100
2025-02-19T02:00Z,15.6,15.2,0.0,4.12,100
2025-02-19T03:00Z,15.2,14.7,0.0,4.81,100
2025-02-19T04:00Z,15.2,14.3,0.0,4.83,100
2025-02-19T05:00Z,11.6,10.2,0.0,7.58,100
2025-02-19T06:00Z,9.3,8.0,0.0,5.72,100
2025-02-19T07:00Z,8.3,6.2,0.0,6.25,100
2025-02-19T08:00Z,7.2,4.8,0.0,6.32,100
2025-02-19T09:00Z,6.8,4.1,0.0,5.72,100
2025-02-19T10:00Z,6.4,3.7,0.0,4.96,91
2025-02-19T11:00Z,5.8,2.7,0.0,5.33,100
2025-02-19T12:00Z,5.3,2.0,0.0,5.73,100
2025-02-19T13:00Z,2.1,-0.2,0.0,5.77,100
2025-02-19T14:00Z,1.3,-0.5,27.0,4.9,100
2025-02-19T15:00Z,1.1,-1.9,90.0,4.64,100
2025-02-19T16:00Z,2.4,-2.1,236.0,5.55,100
2025-02-19T17:00Z,4.2,-1.3,407.0,6.11,100
2025-02-19T18:00Z,4.9,-1.3,476.0,6.12,100
2025-02-19T19:00Z,6.6,-0.5,619.0,6.3,100
2025-02-19T20:00Z,7.4,-0.2,561.0,6.16,18
2025-02-19T21:00Z,8.3,-0.1,639.0,6.01,6
2025-02-19T22:00Z,7.8,-1.0,502.0,5.77,5
2025-02-19T23:00Z,6.7,-2.0,307.0,5.33,6
2025-02-20T00:00Z,5.6,-2.1,103.0,4.97,3
2025-02-20T01:00Z,-1.3,-4.8,1.0,5.16,100
2025-02-20T02:00Z,-1.1,-5.1,0.0,5.35,100
2025-02-20T03:00Z,-1.0,-5.0,0.0,5.41,100
2025-02-20T04:00Z,-1.0,-5.3,0.0,4.95,100
2025-02-20T05:00Z,-1.3,-5.7,0.0,5.1,100
2025-02-20T06:00Z,-1.5,-6.0,0.0,4.59,100
2025-02-20T07:00Z,-1.5,-6.6,0.0,4.64,96
2025-02-20T08:00Z,-1.2,-6.6,0.0,4.81,100
2025-02-20T09:00Z,-1.4,-7.5,0.0,5.07,88
2025-02-20T10:00Z,-2.0,-7.8,0.0,4.41,18
2025-02-20T11:00Z,-2.6,-7.8,0.0,3.7,6
2025-02-20T12:00Z,-2.9,-8.0,0.0,3.86,7
2025-02-20T13:00Z,-2.4,-7.2,0.0,4.61,98
2025-02-20T14:00Z,-2.6,-7.6,42.0,4.35,96
2025-02-20T15:00Z,-2.1,-7.3,213.0,4.67,94
2025-02-20T16:00Z,-1.3,-7.0,360.0,4.78,68
2025-02-20T17:00Z,-0.1,-6.4,566.0,4.45,74
2025-02-20T18:00Z,2.2,-5.8,755.0,3.7,1
2025-02-20T19:00Z,3.3,-4.7,801.0,3.08,8
2025-02-20T20:00Z,4.4,-4.2,783.0,3.14,1
2025-02-20T21:00Z,5.2,-4.2,682.0,3.38,0
2025-02-20T22:00Z,5.6,-4.6,524.0,3.49,0
2025-02-20T23:00Z,5.4,-5.0,321.0,2.99,0
2025-02-21T00:00Z,4.6,-4.4,108.0,2.41,0
2025-02-21T01:00Z,3.4,-3.8,1.0,1.86,0
2025-02-21T02:00Z,2.8,-4.3,0.0,2.53,0
2025-02-21T03:00Z,2.3,-4.0,0.0,2.67,6
2025-02-21T04:00Z,2.0,-4.4,0.0,2.42,14
2025-02-21T05:00Z,1.7,-5.0,0.0,3.43,3
2025-02-21T06:00Z,1.2,-5.0,0.0,3.09,13
2025-02-21T07:00Z,0.9,-5.4,0.0,2.67,9
2025-02-21T08:00Z,0.6,-6.1,0.0,2.89,100
2025-02-21T09:00Z,0.6,-6.9,0.0,3.3,100
2025-02-21T10:00Z,0.3,-7.8,0.0,3.48,100
2025-02-21T11:00Z,0.1,-8.1,0.0,3.36,100
2025-02-21T12:00Z,-0.2,-8.2,0.0,3.68,100
2025-02-21T13:00Z,0.6,-7.3,0.0,3.4,100
2025-02-21T14:00Z,0.5,-7.5,18.0,3.9,100
2025-02-21T15:00Z,0.7,-7.5,73.0,3.68,100
2025-02-21T16:00Z,1.0,-7.2,112.0,3.24,100
2025-02-21T17:00Z,1.5,-6.6,168.0,3.22,100
2025-02-21T18:00Z,1.8,-6.2,177.0,3.16,100
2025-02-21T19:00Z,2.6,-5.7,230.0,2.55,100
2025-02-21T20:00Z,2.9,-5.6,166.0,2.58,100
2025-02-21T21:00Z,3.3,-5.4,138.0,2.37,100
2025-02-21T22:00Z,3.6,-5.2,133.0,2.42,100
2025-02-21T23:00Z,3.7,-4.9,79.0,2.36,100
2025-02-22T00:00Z,3.6,-4.4,21.0,2.46,100
2025-02-22T01:00Z,3.9,-4.3,1.0,2.91,100
2025-02-22T02:00Z,3.8,-4.0,0.0,3.06,100
2025-02-22T03:00Z,3.7,-3.9,0.0,2.88,100
2025-02-22T04:00Z,3.6,-4.1,0.0,2.63,100
2025-02-22T05:00Z,3.4,-3.7,0.0,2.56,100
2025-02-22T06:00Z,3.4,-3.7,0.0,2.53,100
2025-02-22T07:00Z,3.4,-3.5,0.0,2.73,100
2025-02-22T08:00Z,3.2,-2.9,0.0,2.52,100
2025-02-22T09:00Z,2.9,-1.8,0.0,2.76,100
2025-02-22T10:00Z,2.6,-0.6,0.0,3.23,100
2025-02-22T11:00Z,2.6,-0.1,0.0,3.21,100
2025-02-22T12:00Z,2.6,0.4,0.0,3.45,100
2025-02-22T13:00Z,2.6,-0.6,0.0,3.42,100
2025-02-22T14:00Z,2.7,-0.4,13.0,3.72,100
2025-02-22T15:00Z,3.3,-0.4,73.0,3.74,100
2025-02-22T16:00Z,3.5,0.1,77.0,3.58,100
2025-02-22T17:00Z,4.2,0.6,132.0,3.47,100
2025-02-22T18:00Z,5.7,1.4,299.0,3.79,100
2025-02-22T19:00Z,6.3,2.0,239.0,3.08,100
2025-02-22T20:00Z,5.9,3.3,132.0,3.65,100
2025-02-22T21:00Z,6.2,4.1,160.0,3.36,100
2025-02-22T22:00Z,5.9,4.3,53.0,2.87,100
2025-02-22T23:00Z,5.8,5.0,63.0,3.13,100
2025-02-23T00:00Z,5.8,5.0,15.0,3.47,100
2025-02-23T01:00Z,5.7,4.9,0.0,3.27,100
2025-02-23T02:00Z,5.8,5.1,0.0,3.23,100
2025-02-23T03:00Z,6.1,5.2,0.0,3.68,100
2025-02-23T04:00Z,6.3,5.2,0.0,3.96,100
2025-02-23T05:00Z,6.5,5.4,0.0,2.77,100
2025-02-23T06:00Z,6.6,5.7,0.0,3.36,81
2025-02-23T07:00Z,6.5,5.7,0.0,2.02,100
2025-02-23T08:00Z,6.9,6.1,0.0,2.46,100
2025-02-23T09:00Z,7.1,6.3,0.0,2.17,100
2025-02-23T10:00Z,7.1,6.5,0.0,2.84,100
2025-02-23T11:00Z,7.0,6.5,0.0,2.94,100
2025-02-23T12:00Z,7.1,6.5,0.0,2.48,92
2025-02-23T13:00Z,7.2,6.7,0.0,2.41,100
2025-02-23T14:00Z,7.6,7.0,35.0,3.73,100
2025-02-23T15:00Z,8.3,7.0,106.0,3.73,100
2025-02-23T16:00Z,8.7,7.2,156.0,3.23,100
2025-02-23T17:00Z,9.5,7.5,238.0,3.38,100
2025-02-23T18:00Z,10.2,7.8,281.0,2.71,100
2025-02-23T19:00Z,10.9,8.2,290.0,2.65,100
2025-02-23T20:00Z,11.3,8.3,316.0,3.29,100
2025-02-23T21:00Z,11.5,8.2,232.0,3.76,100
2025-02-23T22:00Z,11.7,8.3,147.0,3.69,100
2025-02-23T23:00Z,12.5,8.5,128.0,3.18,100
2025-02-24T00:00Z,12.2,8.9,86.0,2.51,63
2025-02-24T01:00Z,11.9,9.3,1.0,1.87,100
2025-02-24T02:00Z,11.3,9.1,0.0,1.98,12
2025-02-24T03:00Z,9.7,8.2,0.0,1.73,0
2025-02-24T04:00Z,9.0,7.7,0.0,1.78,0
2025-02-24T05:00Z,8.3,7.4,0.0,1.88,0
2025-02-24T06:00Z,7.7,7.1,0.0,2.02,1
2025-02-24T07:00Z,7.2,6.7,0.0,2.22,60
2025-02-24T08:00Z,7.4,6.9,0.0,2.45,100
2025-02-24T09:00Z,7.6,7.1,0.0,2.88,100
2025-02-24T10:00Z,7.4,7.1,0.0,2.39,100
2025-02-24T11:00Z,7.6,7.4,0.0,2.38,100
2025-02-24T12:00Z,7.7,7.5,0.0,2.71,100
2025-02-24T13:00Z,8.2,8.2,0.0,2.75,100
2025-02-24T14:00Z,8.4,8.3,28.0,2.3,100
2025-02-24T15:00Z,8.8,8.6,117.0,2.25,100
2025-02-24T16:00Z,10.3,8.9,232.0,1.75,100
2025-02-24T17:00Z,12.4,9.9,432.0,0.9,100
2025-02-24T18:00Z,14.5,10.6,600.0,0.91,98
2025-02-24T19:00Z,16.1,11.4,698.0,0.5,8
2025-02-24T20:00Z,17.3,11.9,791.0,0.89,15
2025-02-24T21:00Z,18.0,12.3,700.0,1.06,2
2025-02-24T22:00Z,18.1,12.2,540.0,1.25,1
2025-02-24T23:00Z,17.8,11.8,335.0,1.33,0
2025-02-25T00:00Z,16.0,12.7,119.0,0.97,0
2025-02-25T01:00Z,15.6,12.4,3.0,2.12,0
2025-02-25T02:00Z,14.0,12.0,0.0,2.26,0
2025-02-25T03:00Z,12.6,11.4,0.0,2.32,0
2025-02-25T04:00Z,11.6,10.7,0.0,2.3,0
2025-02-25T05:00Z,11.1,10.3,0.0,2.43,0
2025-02-25T06:00Z,10.7,10.2,0.0,2.16,0
2025-02-25T07:00Z,10.5,10.1,0.0,2.27,2
2025-02-25T08:00Z,10.0,9.8,0.0,1.88,44
2025-02-25T09:00Z,9.8,9.7,0.0,1.92,100
2025-02-25T10:00Z,9.9,9.8,0.0,1.54,100
2025-02-25T11:00Z,10.2,10.1,0.0,1.5,100
2025-02-25T12:00Z,10.1,10.0,0.0,1.2,100
2025-02-25T13:00Z,9.7,9.6,0.0,1.2,100
2025-02-25T14:00Z,10.4,10.2,44.0,1.54,100
2025-02-25T15:00Z,11.4,10.9,147.0,1.57,100
2025-02-25T16:00Z,13.7,11.7,360.0,1.5,50
2025-02-25T17:00Z,16.2,12.8,639.0,0.91,44
2025-02-25T18:00Z,17.9,13.6,759.0,1.03,22
2025-02-25T19:00Z,19.3,14.0,803.0,1.33,8
2025-02-25T20:00Z,20.4,13.9,787.0,1.62,0
2025-02-25T21:00Z,21.2,13.7,694.0,1.77,0
2025-02-25T22:00Z,21.4,14.3,533.0,1.79,0
2025-02-25T23:00Z,20.9,15.0,329.0,2.14,1
2025-02-26T00:00Z,19.0,15.5,117.0,2.79,0
2025-02-26T01:00Z,16.8,14.3,3.0,2.98,0
2025-02-26T02:00Z,15.5,13.4,0.0,2.97,0
2025-02-26T03:00Z,14.6,13.1,0.0,2.85,0
2025-02-26T04:00Z,14.1,12.9,0.0,2.79,0
2025-02-26T05:00Z,13.8,12.8,0.0,2.79,0
2025-02-26T06:00Z,13.6,12.7,0.0,2.8,0
2025-02-26T07:00Z,13.5,12.7,0.0,2.75,0
2025-02-26T08:00Z,13.3,12.6,0.0,2.58,0
2025-02-26T09:00Z,13.1,12.5,0.0,2.42,0
2025-02-26T10:00Z,13.0,12.4,0.0,2.35,0
2025-02-26T11:00Z,12.8,12.3,0.0,2.46,0
2025-02-26T12:00Z,12.7,12.2,0.0,2.46,0
2025-02-26T13:00Z,12.2,11.7,0.0,2.16,18
2025-02-26T14:00Z,13.9,13.1,92.0,2.57,9
2025-02-26T15:00Z,16.6,15.2,301.0,1.86,0
2025-02-26T16:00Z,19.1,16.6,506.0,2.24,4
2025-02-26T17:00Z,21.6,16.6,672.0,3.8,46
2025-02-26T18:00Z,22.9,16.8,741.0,3.47,10
2025-02-26T19:00Z,23.9,16.7,819.0,3.54,21
2025-02-26T20:00Z,24.3,16.1,785.0,3.79,17
2025-02-26T21:00Z,24.2,15.6,684.0,3.83,77
2025-02-26T22:00Z,23.7,15.5,526.0,3.83,16
2025-02-26T23:00Z,22.6,15.9,328.0,3.76,12
2025-02-27T00:00Z,20.8,16.6,118.0,3.37,14
2025-02-27T01:00Z,19.8,16.8,3.0,3.17,34
2025-02-27T02:00Z,18.9,17.1,0.0,2.61,100
2025-02-27T03:00Z,18.2,16.8,0.0,2.23,100
2025-02-27T04:00Z,17.8,16.5,0.0,1.9,100
2025-02-27T05:00Z,17.3,16.1,0.0,1.43,100
2025-02-27T06:00Z,17.0,15.8,0.0,1.57,100
2025-02-27T07:00Z,16.6,15.6,0.0,1.37,100
2025-02-27T08:00Z,15.9,15.1,0.0,0.7,100
2025-02-27T09:00Z,15.6,15.1,0.0,0.78,82
2025-02-27T10:00Z,14.7,14.4,0.0,1.68,97
2025-02-27T11:00Z,14.2,14.2,0.0,2.19,100
2025-02-27T12:00Z,14.5,14.5,0.0,2.64,100
2025-02-27T13:00Z,16.0,15.6,0.0,2.28,100
2025-02-27T14:00Z,16.8,16.1,37.0,1.88,100
2025-02-27T15:00Z,18.1,16.7,124.0,1.93,100
2025-02-27T16:00Z,19.2,16.9,280.0,3.05,100
2025-02-27T17:00Z,20.1,16.4,425.0,2.8,100
2025-02-27T18:00Z,20.8,14.4,522.0,3.4,99
2025-02-27T19:00Z,20.8,12.4,513.0,3.75,100
2025-02-27T20:00Z,21.2,11.6,601.0,3.93,100
2025-02-27T21:00Z,21.1,10.9,492.0,4.0,100
2025-02-27T22:00Z,21.0,10.5,402.0,3.73,100
2025-02-27T23:00Z,20.4,11.2,206.0,2.45,100
2025-02-28T00:00Z,19.1,11.7,79.0,1.91,100
2025-02-28T01:00Z,17.5,10.4,3.0,2.25,100
2025-02-28T02:00Z,17.0,9.7,0.0,2.25,99
2025-02-28T03:00Z,16.2,8.9,0.0,2.26,51
2025-02-28T04:00Z,15.1,8.4,0.0,1.95,99
2025-02-28T05:00Z,14.5,8.6,0.0,1.5,95
2025-02-28T06:00Z,13.9,8.9,0.0,1.25,50
2025-02-28T07:00Z,13.1,8.5,0.0,1.56,34
2025-02-28T08:00Z,12.3,7.8,0.0,1.77,0
2025-02-28T09:00Z,11.8,7.2,0.0,2.06,0
2025-02-28T10:00Z,11.2,6.9,0.0,2.02,1
2025-02-28T11:00Z,10.7,6.7,0.0,1.69,6
2025-02-28T12:00Z,10.3,6.6,0.0,1.69,14
2025-02-28T13:00Z,10.1,7.0,1.0,1.68,0
2025-02-28T14:00Z,11.5,7.7,97.0,1.88,0
2025-02-28T15:00Z,13.9,8.8,304.0,1.1,33
2025-02-28T16:00Z,16.5,9.5,504.0,0.96,58
2025-02-28T17:00Z,18.6,10.2,654.0,1.07,40
2025-02-28T18:00Z,20.2,10.3,767.0,1.42,57
2025-02-28T19:00Z,21.2,10.3,809.0,1.78,69
2025-02-28T20:00Z,21.5,10.5,772.0,1.96,39
2025-02-28T21:00Z,21.5,10.7,683.0,1.82,7
2025-02-28T22:00Z,21.1,10.3,530.0,1.89,0
2025-02-28T23:00Z,20.3,9.7,332.0,1.88,0
2025-03-01T00:00Z,18.3,10.1,122.0,2.09,0
2025-03-01T01:00Z,17.0,8.8,4.0,2.48,0
2025-03-01T02:00Z,15.7,9.6,0.0,2.12,0
2025-03-01T03:00Z,15.0,9.8,0.0,2.18,0
2025-03-01T04:00Z,14.2,10.0,0.0,1.91,0
2025-03-01T05:00Z,13.7,10.3,0.0,1.8,0
2025-03-01T06:00Z,13.4,10.5,0.0,1.75,0
2025-03-01T07:00Z,13.1,10.7,0.0,1.43,0
2025-03-01T08:00Z,12.6,10.5,0.0,0.81,0
2025-03-01T09:00Z,12.2,10.4,0.0,0.81,0
2025-03-01T10:00Z,11.8,10.2,0.0,1.14,0
2025-03-01T11:00Z,12.0,10.3,0.0,1.31,0
2025-03-01T12:00Z,11.8,10.2,0.0,1.41,0
2025-03-01T13:00Z,11.5,10.1,1.0,1.35,64
2025-03-01T14:00Z,13.1,11.2,99.0,1.49,18
2025-03-01T15:00Z,15.8,12.9,310.0,0.84,0
2025-03-01T16:00Z,18.8,14.3,519.0,0.84,29
2025-03-01T17:00Z,21.3,14.5,684.0,1.39,96
2025-03-01T18:00Z,23.0,14.2,786.0,1.48,36
2025-03-01T19:00Z,24.1,13.4,832.0,1.57,0
2025-03-01T20:00Z,24.8,12.4,802.0,1.18,15
2025-03-01T21:00Z,25.2,11.6,702.0,0.92,63
2025-03-01T22:00Z,25.1,11.0,539.0,0.45,16
2025-03-01T23:00Z,24.8,11.2,339.0,0.32,0
2025-03-02T00:00Z,22.1,14.4,126.0,1.23,19
2025-03-02T01:00Z,21.1,13.6,4.0,1.92,45
2025-03-02T02:00Z,19.7,14.4,0.0,2.57,93
2025-03-02T03:00Z,18.4,14.2,0.0,2.15,100
2025-03-02T04:00Z,17.3,13.5,0.0,2.05,100
2025-03-02T05:00Z,16.5,12.5,0.0,2.01,99
2025-03-02T06:00Z,15.9,11.8,0.0,2.14,82
2025-03-02T07:00Z,15.3,11.3,0.0,2.2,99
2025-03-02T08:00Z,15.0,11.0,0.0,2.04,100
2025-03-02T09:00Z,14.7,10.8,0.0,2.12,100
2025-03-02T10:00Z,14.3,11.2,0.0,2.32,100
2025-03-02T11:00Z,14.0,11.5,0.0,2.67,100
2025-03-02T12:00Z,14.0,11.0,0.0,2.89,100
2025-03-02T13:00Z,14.3,10.1,1.0,3.4,100
2025-03-02T14:00Z,15.2,9.6,77.0,3.48,100
2025-03-02T15:00Z,16.3,10.7,202.0,3.07,100
2025-03-02T16:00Z,18.0,11.1,387.0,3.59,62
2025-03-02T17:00Z,19.9,11.3,678.0,4.43,0
2025-03-02T18:00Z,20.7,11.0,802.0,5.06,0
2025-03-02T19:00Z,20.9,11.4,841.0,5.51,0
2025-03-02T20:00Z,20.7,12.3,806.0,5.72,0
2025-03-02T21:00Z,20.3,13.4,701.0,5.81,0
2025-03-02T22:00Z,19.6,13.5,511.0,5.39,5
2025-03-02T23:00Z,18.6,13.6,327.0,4.67,20
2025-03-03T00:00Z,17.6,13.8,109.0,4.0,28
2025-03-03T01:00Z,17.1,13.2,2.0,4.01,100
2025-03-03T02:00Z,16.9,13.6,0.0,3.6,100
2025-03-03T03:00Z,16.7,14.0,0.0,3.58,100
2025-03-03T04:00Z,16.8,14.4,0.0,3.73,32
2025-03-03T05:00Z,16.6,14.5,0.0,4.12,31
2025-03-03T06:00Z,16.6,14.8,0.0,4.43,14
2025-03-03T07:00Z,16.8,15.1,0.0,4.22,47
2025-03-03T08:00Z,17.0,15.6,0.0,3.76,100
2025-03-03T09:00Z,17.1,15.8,0.0,3.48,100
2025-03-03T10:00Z,17.4,16.1,0.0,3.11,100
2025-03-03T11:00Z,17.4,16.2,0.0,3.02,100
2025-03-03T12:00Z,17.4,16.3,0.0,2.91,100
2025-03-03T13:00Z,16.9,16.2,1.0,3.13,98
2025-03-03T14:00Z,17.5,16.6,44.0,2.7,86
2025-03-03T15:00Z,19.6,17.6,173.0,3.23,55
2025-03-03T16:00Z,20.7,18.5,303.0,2.82,58
2025-03-03T17:00Z,22.5,18.7,513.0,4.06,91
2025-03-03T18:00Z,23.6,18.9,512.0,5.53,40
2025-03-03T19:00Z,24.5,18.9,636.0,6.0,72
2025-03-03T20:00Z,24.6,18.8,575.0,6.35,97
2025-03-03T21:00Z,24.1,19.0,443.0,6.28,95
2025-03-03T22:00Z,23.1,19.4,177.0,5.35,88
2025-03-03T23:00Z,22.3,19.4,198.0,5.19,100
2025-03-04T00:00Z,21.6,19.4,42.0,4.73,100
2025-03-04T01:00Z,21.4,19.2,3.0,5.34,100
2025-03-04T02:00Z,21.2,18.9,0.0,4.87,100
2025-03-04T03:00Z,21.3,18.8,0.0,4.99,100
2025-03-04T04:00Z,21.2,18.7,0.0,5.19,89
2025-03-04T05:00Z,21.0,18.7,0.0,4.87,100
2025-03-04T06:00Z,20.9,18.9,0.0,5.02,95
2025-03-04T07:00Z,20.7,19.1,0.0,5.51,100
2025-03-04T08:00Z,20.9,19.4,0.0,5.99,100
2025-03-04T09:00Z,21.0,19.7,0.0,6.09,100
2025-03-04T10:00Z,21.3,19.8,0.0,5.99,100
2025-03-04T11:00Z,21.4,19.7,0.0,6.16,100
2025-03-04T12:00Z,21.2,20.0,0.0,7.07,100
2025-03-04T13:00Z,21.5,20.1,0.0,7.13,100
2025-03-04T14:00Z,20.9,20.0,24.0,7.16,100
2025-03-04T15:00Z,21.7,20.4,36.0,8.02,100
2025-03-04T16:00Z,20.9,19.4,102.0,5.62,99
2025-03-04T17:00Z,19.1,13.5,165.0,6.09,5
2025-03-04T18:00Z,22.6,9.0,801.0,4.25,0
2025-03-04T19:00Z,23.7,7.6,862.0,5.33,0
2025-03-04T20:00Z,23.8,3.7,840.0,7.11,0
2025-03-04T21:00Z,23.9,-0.6,745.0,7.63,0
2025-03-04T22:00Z,22.9,0.9,584.0,7.06,0
2025-03-04T23:00Z,21.9,2.2,370.0,5.36,0
2025-03-05T00:00Z,20.4,2.4,143.0,5.31,0
2025-03-05T01:00Z,19.3,3.0,6.0,4.69,0
2025-03-05T02:00Z,19.1,2.5,0.0,5.05,0
2025-03-05T03:00Z,18.5,3.7,0.0,5.23,1
2025-03-05T04:00Z,17.8,5.0,0.0,4.3,0
2025-03-05T05:00Z,16.3,6.1,0.0,3.0,0
2025-03-05T06:00Z,15.2,6.4,0.0,3.24,0
2025-03-05T07:00Z,15.6,4.8,0.0,5.16,0
2025-03-05T08:00Z,15.0,3.4,0.0,5.59,0
2025-03-05T09:00Z,13.9,2.9,0.0,5.63,0
2025-03-05T10:00Z,12.4,2.1,0.0,5.59,0
2025-03-05T11:00Z,11.3,1.7,0.0,5.34,0
2025-03-05T12:00Z,10.4,1.5,0.0,4.9,0
2025-03-05T13:00Z,10.9,2.7,3.0,4.17,0
2025-03-05T14:00Z,11.4,3.5,122.0,3.9,0
2025-03-05T15:00Z,12.5,2.7,344.0,4.9,0
2025-03-05T16:00Z,13.6,3.3,556.0,4.71,0
2025-03-05T17:00Z,14.9,3.7,726.0,4.21,0
2025-03-05T18:00Z,16.2,4.1,838.0,4.17,0
2025-03-05T19:00Z,17.3,3.3,878.0,4.35,0
2025-03-05T20:00Z,18.0,2.5,847.0,4.39,0
2025-03-05T21:00Z,18.2,2.2,745.0,4.4,0
2025-03-05T22:00Z,17.9,1.8,583.0,4.24,0
2025-03-05T23:00Z,17.2,2.0,373.0,3.79,0
2025-03-06T00:00Z,15.6,3.0,146.0,2.79,0
2025-03-06T01:00Z,15.0,3.5,6.0,2.17,0
2025-03-06T02:00Z,13.8,4.2,0.0,1.81,8
2025-03-06T03:00Z,13.0,4.2,0.0,1.81,0
2025-03-06T04:00Z,12.2,3.9,0.0,1.9,58
2025-03-06T05:00Z,11.4,3.8,0.0,2.0,31
2025-03-06T06:00Z,10.1,4.5,0.0,1.42,1
2025-03-06T07:00Z,9.3,4.5,0.0,1.33,32
2025-03-06T08:00Z,9.5,4.2,0.0,1.71,33
2025-03-06T09:00Z,9.3,3.8,0.0,2.14,31
2025-03-06T10:00Z,8.8,3.2,0.0,2.1,2
2025-03-06T11:00Z,8.3,2.4,0.0,2.15,3
2025-03-06T12:00Z,8.0,1.6,0.0,2.33,0
2025-03-06T13:00Z,7.0,1.0,3.0,2.33,0
2025-03-06T14:00Z,8.7,2.3,128.0,2.55,34
2025-03-06T15:00Z,11.4,3.6,351.0,1.9,18
2025-03-06T16:00Z,14.0,3.9,564.0,2.31,95
2025-03-06T17:00Z,15.8,2.7,725.0,2.93,97
2025-03-06T18:00Z,16.9,1.6,814.0,3.09,91
2025-03-06T19:00Z,17.6,2.5,854.0,3.54,77
2025-03-06T20:00Z,17.8,3.2,834.0,3.91,6
2025-03-06T21:00Z,17.5,4.3,738.0,4.1,0
2025-03-06T22:00Z,17.0,6.4,570.0,4.21,7
2025-03-06T23:00Z,16.1,7.9,360.0,4.14,73
2025-03-07T00:00Z,14.9,8.6,136.0,3.5,95
2025-03-07T01:00Z,14.2,8.6,6.0,2.94,64
2025-03-07T02:00Z,13.7,9.1,0.0,3.25,100
2025-03-07T03:00Z,13.9,9.8,0.0,3.22,95
2025-03-07T04:00Z,13.9,10.6,0.0,3.31,100
2025-03-07T05:00Z,14.3,11.6,0.0,3.51,100
2025-03-07T06:00Z,14.7,12.5,0.0,3.56,99
2025-03-07T07:00Z,15.1,13.2,0.0,3.36,91
2025-03-07T08:00Z,15.3,13.7,0.0,3.42,44
2025-03-07T09:00Z,15.4,14.1,0.0,3.06,34
2025-03-07T10:00Z,15.4,14.3,0.0,2.38,98
2025-03-07T11:00Z,15.5,14.6,0.0,2.35,83
2025-03-07T12:00Z,15.6,14.8,0.0,2.35,100
2025-03-07T13:00Z,15.7,14.6,3.0,2.26,100
2025-03-07T14:00Z,16.9,15.4,69.0,2.46,100
2025-03-07T15:00Z,19.1,16.8,250.0,1.87,99
2025-03-07T16:00Z,21.5,17.8,430.0,3.38,33
2025-03-07T17:00Z,24.0,17.0,698.0,7.02,99
2025-03-07T18:00Z,24.9,16.7,587.0,5.89,98
2025-03-07T19:00Z,25.2,16.6,401.0,4.05,100
2025-03-07T20:00Z,24.9,17.2,337.0,4.11,100
2025-03-07T21:00Z,24.9,17.5,345.0,4.2,98
2025-03-07T22:00Z,24.5,18.1,270.0,3.49,89
2025-03-07T23:00Z,24.2,18.6,275.0,3.55,31
2025-03-08T00:00Z,22.9,19.0,117.0,2.93,15
2025-03-08T01:00Z,21.9,19.2,5.0,2.98,42
2025-03-08T02:00Z,20.7,19.1,0.0,3.04,16
2025-03-08T03:00Z,19.8,18.7,0.0,2.73,57
2025-03-08T04:00Z,19.2,18.4,0.0,2.51,97
2025-03-08T05:00Z,19.0,18.3,0.0,2.83,81
2025-03-08T06:00Z,18.9,18.3,0.0,2.48,100
2025-03-08T07:00Z,19.1,18.6,0.0,2.66,100
2025-03-08T08:00Z,19.5,19.0,0.0,2.44,100
2025-03-08T09:00Z,19.5,19.2,0.0,1.97,100
2025-03-08T10:00Z,19.5,19.3,0.0,1.19,100
2025-03-08T11:00Z,19.4,19.2,0.0,2.49,100
2025-03-08T12:00Z,19.4,19.1,0.0,2.86,100
2025-03-08T13:00Z,19.8,19.5,3.0,2.48,100
2025-03-08T14:00Z,20.4,19.9,19.0,2.15,99
2025-03-08T15:00Z,21.7,20.5,148.0,4.02,100
2025-03-08T16:00Z,21.7,20.6,132.0,3.32,100
2025-03-08T17:00Z,21.7,20.4,118.0,3.14,100
2025-03-08T18:00Z,22.2,20.6,254.0,2.49,100
2025-03-08T19:00Z,24.3,21.0,303.0,2.24,72
2025-03-08T20:00Z,27.2,20.0,655.0,3.05,29
2025-03-08T21:00Z,27.7,19.4,622.0,3.1,29
2025-03-08T22:00Z,27.2,19.3,466.0,2.66,60
2025-03-08T23:00Z,25.9,20.0,249.0,2.62,31
2025-03-09T00:00Z,23.6,21.1,115.0,3.0,66
2025-03-09T01:00Z,20.9,19.8,5.0,2.55,100
2025-03-09T02:00Z,20.9,20.2,0.0,2.01,100
2025-03-09T03:00Z,19.6,18.9,0.0,5.06,100
2025-03-09T04:00Z,17.1,15.6,0.0,6.82,100
2025-03-09T05:00Z,13.7,11.9,0.0,6.75,85
2025-03-09T06:00Z,13.4,11.4,0.0,5.0,45
2025-03-09T07:00Z,12.9,10.8,0.0,5.35,84
2025-03-09T08:00Z,12.7,10.1,0.0,4.37,100
2025-03-09T09:00Z,12.3,9.5,0.0,4.69,100
2025-03-09T10:00Z,11.6,9.2,0.0,4.76,100
2025-03-09T11:00Z,11.3,8.8,0.0,4.12,99
2025-03-09T12:00Z,11.0,8.6,0.0,3.83,100
2025-03-09T13:00Z,11.0,7.9,2.0,3.82,100
2025-03-09T14:00Z,11.1,7.4,40.0,4.45,100
2025-03-09T15:00Z,11.5,6.8,103.0,5.04,100
2025-03-09T16:00Z,11.7,6.2,160.0,5.02,100
2025-03-09T17:00Z,13.0,5.7,430.0,6.09,100
2025-03-09T18:00Z,13.7,5.8,505.0,5.56,100
2025-03-09T19:00Z,14.6,5.6,625.0,5.62,52
2025-03-09T20:00Z,15.5,5.4,709.0,6.15,43
2025-03-09T21:00Z,15.5,5.6,640.0,6.78,100
2025-03-09T22:00Z,14.6,5.8,351.0,6.23,98
2025-03-09T23:00Z,14.0,5.3,189.0,6.19,100
2025-03-10T00:00Z,13.4,5.9,63.0,4.85,100
2025-03-10T01:00Z,12.3,6.5,4.0,4.29,97
2025-03-10T02:00Z,12.0,6.5,0.0,4.32,98
2025-03-10T03:00Z,11.5,6.2,0.0,4.21,56
2025-03-10T04:00Z,11.0,6.0,0.0,3.72,1
2025-03-10T05:00Z,10.3,6.0,0.0,3.43,1
2025-03-10T06:00Z,9.9,6.1,0.0,3.11,0
2025-03-10T07:00Z,9.5,6.2,0.0,2.61,0
2025-03-10T08:00Z,9.0,6.3,0.0,2.29,0
2025-03-10T09:00Z,8.7,6.2,0.0,2.2,0
2025-03-10T10:00Z,8.4,6.0,0.0,2.07,0
2025-03-10T11:00Z,8.0,5.7,0.0,1.84,0
2025-03-10T12:00Z,7.8,5.5,0.0,1.78,0
2025-03-10T13:00Z,6.5,4.8,6.0,2.09,0
2025-03-10T14:00Z,8.5,6.0,142.0,1.87,0
2025-03-10T15:00Z,11.4,7.0,369.0,1.01,0
2025-03-10T16:00Z,14.6,7.7,585.0,1.14,0
2025-03-10T17:00Z,17.0,7.1,757.0,1.41,0
2025-03-10T18:00Z,18.5,6.3,866.0,1.69,0
2025-03-10T19:00Z,19.5,5.9,905.0,2.0,0
2025-03-10T20:00Z,20.1,6.1,868.0,2.15,0
2025-03-10T21:00Z,20.5,5.8,761.0,2.12,0
2025-03-10T22:00Z,20.5,5.3,593.0,2.02,0
2025-03-10T23:00Z,20.0,5.3,383.0,1.75,0
2025-03-11T00:00Z,18.2,9.9,156.0,0.9,0
2025-03-11T01:00Z,17.3,8.2,9.0,0.81,0
2025-03-11T02:00Z,15.9,7.9,0.0,1.75,0
2025-03-11T03:00Z,15.1,7.1,0.0,2.15,0
2025-03-11T04:00Z,13.4,6.7,0.0,2.98,0
2025-03-11T05:00Z,12.1,6.4,0.0,2.66,35
2025-03-11T06:00Z,11.3,6.2,0.0,2.66,6
2025-03-11T07:00Z,10.9,6.4,0.0,2.7,16
2025-03-11T08:00Z,10.7,6.9,0.0,2.66,17
2025-03-11T09:00Z,10.6,7.3,0.0,2.57,15
2025-03-11T10:00Z,10.5,7.5,0.0,2.49,1
2025-03-11T11:00Z,10.4,7.5,0.0,2.38,0
2025-03-11T12:00Z,10.3,7.8,0.0,2.26,0
2025-03-11T13:00Z,9.3,7.5,7.0,2.08,0
2025-03-11T14:00Z,11.4,9.2,149.0,2.34,0
2025-03-11T15:00Z,14.4,10.8,378.0,1.73,0
2025-03-11T16:00Z,17.3,11.9,592.0,2.24,0
2025-03-11T17:00Z,19.5,12.1,760.0,2.48,0
2025-03-11T18:00Z,21.3,10.8,866.0,2.59,0
2025-03-11T19:00Z,22.4,9.9,902.0,2.73,0
2025-03-11T20:00Z,23.0,10.0,865.0,2.95,0
2025-03-11T21:00Z,23.2,11.3,757.0,3.05,0
2025-03-11T22:00Z,23.1,12.0,586.0,3.15,0
2025-03-11T23:00Z,22.4,12.2,374.0,3.7,1
2025-03-12T00:00Z,20.4,12.9,151.0,3.95,0
2025-03-12T01:00Z,19.0,13.0,9.0,4.2,0
2025-03-12T02:00Z,17.7,13.4,0.0,3.95,0
2025-03-12T03:00Z,17.0,13.8,0.0,3.6,0
2025-03-12T04:00Z,16.4,13.9,0.0,3.4,0
2025-03-12T05:00Z,16.1,14.1,0.0,3.13,0
2025-03-12T06:00Z,15.8,14.1,0.0,2.98,0
2025-03-12T07:00Z,15.6,14.1,0.0,3.03,0
2025-03-12T08:00Z,15.4,14.0,0.0,2.92,0
2025-03-12T09:00Z,15.2,14.1,0.0,2.85,0
2025-03-12T10:00Z,15.2,14.2,0.0,2.85,1
2025-03-12T11:00Z,15.1,14.3,0.0,2.77,9
2025-03-12T12:00Z,15.1,14.4,0.0,2.77,11
2025-03-12T13:00Z,14.9,14.1,7.0,2.57,12
2025-03-12T14:00Z,16.7,15.2,139.0,2.41,22
2025-03-12T15:00Z,19.2,16.3,351.0,2.05,25
2025-03-12T16:00Z,21.7,17.0,538.0,3.93,59
2025-03-12T17:00Z,23.3,16.1,570.0,6.12,100
2025-03-12T18:00Z,24.6,15.6,527.0,5.45,71
2025-03-12T19:00Z,26.1,15.3,745.0,4.84,0
2025-03-12T20:00Z,27.0,15.2,830.0,5.22,7
2025-03-12T21:00Z,26.7,15.7,717.0,5.38,2
2025-03-12T22:00Z,25.7,16.0,566.0,5.66,0
2025-03-12T23:00Z,24.6,16.3,367.0,5.46,18
2025-03-13T00:00Z,23.0,17.2,143.0,4.55,3
2025-03-13T01:00Z,21.8,17.9,9.0,4.32,12
2025-03-13T02:00Z,20.9,17.9,0.0,3.41,7
2025-03-13T03:00Z,20.1,17.9,0.0,2.38,26
2025-03-13T04:00Z,19.4,17.8,0.0,1.45,98
2025-03-13T05:00Z,19.5,17.7,0.0,3.57,0
2025-03-13T06:00Z,19.0,17.5,0.0,3.18,0
2025-03-13T07:00Z,18.7,17.5,0.0,2.94,2
2025-03-13T08:00Z,18.6,17.6,0.0,3.08,8
2025-03-13T09:00Z,18.5,17.8,0.0,3.18,8
2025-03-13T10:00Z,18.4,17.8,0.0,3.3,11
2025-03-13T11:00Z,18.1,17.6,0.0,3.11,9
2025-03-13T12:00Z,17.6,17.2,0.0,2.87,12
2025-03-13T13:00Z,19.3,19.1,4.0,2.92,100
2025-03-13T14:00Z,19.9,18.7,66.0,3.54,97
2025-03-13T15:00Z,21.0,18.1,208.0,3.48,47
2025-03-13T16:00Z,23.2,18.0,529.0,2.37,13
2025-03-13T17:00Z,25.5,17.9,740.0,2.09,5
2025-03-13T18:00Z,27.6,16.2,855.0,2.16,5
2025-03-13T19:00Z,29.3,14.1,893.0,2.15,90
2025-03-13T20:00Z,30.2,12.0,849.0,2.5,96
2025-03-13T21:00Z,30.4,10.1,740.0,3.13,99
2025-03-13T22:00Z,29.8,9.9,546.0,3.34,19
2025-03-13T23:00Z,29.0,12.4,377.0,3.35,45
2025-03-14T00:00Z,26.2,17.6,153.0,4.15,95
2025-03-14T01:00Z,24.0,16.7,10.0,3.97,98
2025-03-14T02:00Z,22.0,17.6,0.0,4.01,90
2025-03-14T03:00Z,20.5,18.8,0.0,3.6,98
2025-03-14T04:00Z,19.9,19.0,0.0,3.3,92
2025-03-14T05:00Z,19.5,19.1,0.0,3.21,100
2025-03-14T06:00Z,19.7,19.2,0.0,3.37,100
2025-03-14T07:00Z,19.7,19.1,0.0,3.11,98
2025-03-14T08:00Z,19.3,18.8,0.0,3.1,95
2025-03-14T09:00Z,18.9,18.4,0.0,3.34,100
2025-03-14T10:00Z,18.7,18.4,0.0,3.7,100
2025-03-14T11:00Z,19.3,18.9,0.0,3.76,100
2025-03-14T12:00Z,19.9,19.4,0.0,4.11,100
2025-03-14T13:00Z,21.0,20.2,2.0,4.47,100
2025-03-14T14:00Z,21.7,20.0,32.0,5.05,100
2025-03-14T15:00Z,23.4,18.9,180.0,6.01,100
2025-03-14T16:00Z,25.0,18.8,390.0,7.02,100
2025-03-14T17:00Z,26.2,18.9,372.0,6.86,100
2025-03-14T18:00Z,27.1,19.1,547.0,7.13,100
2025-03-14T19:00Z,27.2,19.0,445.0,6.66,93
2025-03-14T20:00Z,28.0,19.1,555.0,5.97,32
2025-03-14T21:00Z,28.1,19.3,657.0,5.58,1
2025-03-14T22:00Z,27.7,19.3,572.0,5.4,2
2025-03-14T23:00Z,26.4,19.7,362.0,4.51,15
2025-03-15T00:00Z,24.7,20.0,143.0,4.37,1
2025-03-15T01:00Z,23.7,20.6,10.0,4.17,26
2025-03-15T02:00Z,22.2,21.2,0.0,3.87,64
2025-03-15T03:00Z,21.8,21.1,0.0,3.47,100
2025-03-15T04:00Z,21.8,20.6,0.0,3.97,100
2025-03-15T05:00Z,21.9,20.8,0.0,4.5,100
2025-03-15T06:00Z,21.8,21.1,0.0,3.98,100
2025-03-15T07:00Z,21.9,21.2,0.0,2.91,100
2025-03-15T08:00Z,21.8,21.0,0.0,2.06,100
2025-03-15T09:00Z,21.8,21.0,0.0,2.72,100
2025-03-15T10:00Z,21.1,19.6,0.0,3.45,100
2025-03-15T11:00Z,20.7,19.6,0.0,2.26,99
2025-03-15T12:00Z,20.2,18.9,0.0,4.24,67
2025-03-15T13:00Z,20.6,19.1,6.0,2.13,94
2025-03-15T14:00Z,19.6,15.7,67.0,4.25,6
2025-03-15T15:00Z,21.1,10.2,366.0,3.34,0
2025-03-15T16:00Z,23.6,7.4,588.0,2.23,0
2025-03-15T17:00Z,26.0,-0.3,760.0,4.65,0
2025-03-15T18:00Z,26.3,-0.1,874.0,4.93,0
2025-03-15T19:00Z,26.9,-0.9,913.0,6.11,0
2025-03-15T20:00Z,28.3,-3.5,877.0,6.77,0
2025-03-15T21:00Z,27.7,-4.4,775.0,6.46,0
2025-03-15T22:00Z,27.2,-6.5,609.0,6.97,0
2025-03-15T23:00Z,25.2,-4.7,396.0,6.5,10
2025-03-16T00:00Z,24.0,-5.8,163.0,5.76,25
2025-03-16T01:00Z,23.7,-5.8,3.0,6.15,86
2025-03-16T02:00Z,23.1,-7.2,0.0,4.47,7
2025-03-16T03:00Z,21.9,-6.8,0.0,4.14,100
2025-03-16T04:00Z,21.1,-6.4,0.0,4.61,99
2025-03-16T05:00Z,18.5,-1.3,0.0,4.01,100
2025-03-16T06:00Z,17.7,0.7,0.0,4.18,98
2025-03-16T07:00Z,16.6,1.6,0.0,3.74,10
2025-03-16T08:00Z,15.6,2.1,0.0,2.62,18
2025-03-16T09:00Z,15.1,2.1,0.0,2.18,0
2025-03-16T10:00Z,14.5,2.0,0.0,2.0,0
2025-03-16T11:00Z,13.9,2.0,0.0,1.84,0
2025-03-16T12:00Z,13.4,2.0,0.0,1.77,0
2025-03-16T13:00Z,11.9,1.7,12.0,2.17,0
2025-03-16T14:00Z,13.8,1.9,169.0,1.9,0
2025-03-16T15:00Z,16.3,1.1,400.0,1.6,0
2025-03-16T16:00Z,18.8,-1.7,614.0,1.51,0
2025-03-16T17:00Z,20.8,-5.6,783.0,1.72,0
2025-03-16T18:00Z,22.3,-6.6,889.0,1.78,0
2025-03-16T19:00Z,23.5,-5.6,923.0,2.2,0
2025-03-16T20:00Z,24.2,-4.1,883.0,2.91,0
2025-03-16T21:00Z,24.3,-3.7,775.0,3.01,0
2025-03-16T22:00Z,24.2,-3.7,607.0,3.09,0
2025-03-16T23:00Z,23.4,-3.6,396.0,3.61,0
2025-03-17T00:00Z,22.5,-2.5,167.0,2.69,0
2025-03-17T01:00Z,22.0,-1.4,12.0,2.92,0
2025-03-17T02:00Z,20.3,1.1,0.0,1.65,0
2025-03-17T03:00Z,18.7,4.1,0.0,2.47,0
2025-03-17T04:00Z,17.2,4.4,0.0,2.15,0
2025-03-17T05:00Z,16.1,4.1,0.0,0.96,0
2025-03-17T06:00Z,15.4,4.7,0.0,1.78,0
2025-03-17T07:00Z,14.6,5.1,0.0,1.32,0
2025-03-17T08:00Z,13.8,5.8,0.0,0.89,0
2025-03-17T09:00Z,13.3,5.9,0.0,0.35,0
2025-03-17T10:00Z,12.8,6.2,0.0,1.04,0
2025-03-17T11:00Z,12.7,6.8,0.0,1.67,0
2025-03-17T12:00Z,12.7,7.1,0.0,2.06,0
2025-03-17T13:00Z,10.6,7.2,13.0,2.26,0
2025-03-17T14:00Z,13.6,7.7,169.0,2.11,0
2025-03-17T15:00Z,17.4,8.9,399.0,1.98,0
2025-03-17T16:00Z,20.5,9.5,610.0,3.01,0
2025-03-17T17:00Z,22.9,8.0,776.0,4.26,14
2025-03-17T18:00Z,24.4,7.2,877.0,4.63,45
2025-03-17T19:00Z,25.3,6.8,910.0,4.62,6
2025-03-17T20:00Z,25.7,6.5,873.0,4.81,15
2025-03-17T21:00Z,25.6,7.6,767.0,4.91,12
2025-03-17T22:00Z,24.9,8.2,599.0,5.06,100
2025-03-17T23:00Z,23.9,8.6,380.0,5.12,100
2025-03-18T00:00Z,22.3,9.2,129.0,5.01,83
2025-03-18T01:00Z,21.4,9.8,11.0,4.56,83
2025-03-18T02:00Z,20.1,10.7,0.0,3.98,25
2025-03-18T03:00Z,19.2,11.2,0.0,3.73,30
2025-03-18T04:00Z,18.4,11.5,0.0,3.93,0
2025-03-18T05:00Z,17.9,11.7,0.0,4.0,3
2025-03-18T06:00Z,17.6,11.6,0.0,4.04,32
2025-03-18T07:00Z,17.3,11.3,0.0,4.05,7
2025-03-18T08:00Z,17.1,11.1,0.0,3.81,27
2025-03-18T09:00Z,16.8,11.2,0.0,3.64,15
2025-03-18T10:00Z,16.5,11.4,0.0,3.51,16
2025-03-18T11:00Z,16.4,11.6,0.0,3.5,15
2025-03-18T12:00Z,16.1,11.8,0.0,3.3,2
2025-03-18T13:00Z,15.9,12.2,14.0,3.26,14
2025-03-18T14:00Z,18.2,12.5,168.0,2.75,20
2025-03-18T15:00Z,21.1,13.4,391.0,3.55,34
2025-03-18T16:00Z,23.0,12.7,580.0,7.41,52
2025-03-18T17:00Z,24.1,11.8,605.0,7.01,71
2025-03-18T18:00Z,25.3,11.2,720.0,6.79,51
2025-03-18T19:00Z,26.0,11.4,846.0,6.7,27
2025-03-18T20:00Z,26.0,11.8,854.0,7.27,63
2025-03-18T21:00Z,25.8,12.1,756.0,7.17,3
2025-03-18T22:00Z,24.6,12.7,580.0,7.38,15
2025-03-18T23:00Z,24.1,12.5,371.0,7.5,64
2025-03-19T00:00Z,22.3,14.9,123.0,6.92,9
2025-03-19T01:00Z,21.4,15.0,12.0,5.93,2
2025-03-19T02:00Z,20.6,15.1,0.0,5.8,2
2025-03-19T03:00Z,20.4,14.9,0.0,4.93,17
2025-03-19T04:00Z,20.3,15.3,0.0,4.4,29
2025-03-19T05:00Z,20.3,15.4,0.0,4.8,11
2025-03-19T06:00Z,20.1,15.4,0.0,5.27,1
2025-03-19T07:00Z,19.8,15.7,0.0,5.3,18
2025-03-19T08:00Z,19.6,15.9,0.0,5.15,11
2025-03-19T09:00Z,19.5,16.2,0.0,5.35,21
2025-03-19T10:00Z,19.5,16.3,0.0,4.69,26
2025-03-19T11:00Z,19.6,16.4,0.0,4.12,100
2025-03-19T12:00Z,20.0,16.7,0.0,3.4,9
2025-03-19T13:00Z,20.5,17.4,11.0,3.47,51
2025-03-19T14:00Z,22.2,17.3,135.0,2.95,96
2025-03-19T15:00Z,22.8,17.5,201.0,3.97,39
2025-03-19T16:00Z,24.9,12.0,485.0,4.9,50
2025-03-19T17:00Z,26.2,3.6,700.0,4.92,5
2025-03-19T18:00Z,27.1,-3.5,883.0,5.12,11
2025-03-19T19:00Z,27.4,-6.5,936.0,4.77,0
2025-03-19T20:00Z,27.4,-6.6,908.0,4.6,0
2025-03-19T21:00Z,27.5,-7.0,805.0,4.66,75
2025-03-19T22:00Z,26.6,-6.5,623.0,4.98,97
2025-03-19T23:00Z,26.1,-6.9,395.0,4.54,32
2025-03-20T00:00Z,24.8,-6.2,177.0,4.29,6
2025-03-20T01:00Z,22.5,-1.9,14.0,5.97,28
2025-03-20T02:00Z,20.8,-1.3,0.0,6.01,45
2025-03-20T03:00Z,19.1,-2.3,0.0,6.53,30
2025-03-20T04:00Z,17.9,-2.6,0.0,6.21,0
2025-03-20T05:00Z,15.7,-3.1,0.0,6.36,0
2025-03-20T06:00Z,14.3,-2.8,0.0,6.44,0
2025-03-20T07:00Z,13.1,-2.5,0.0,5.85,0
2025-03-20T08:00Z,12.5,-2.8,0.0,5.19,0
2025-03-20T09:00Z,12.0,-3.3,0.0,4.79,0
2025-03-20T10:00Z,11.6,-3.9,0.0,4.32,0
2025-03-20T11:00Z,11.0,-4.4,0.0,3.54,0
2025-03-20T12:00Z,10.4,-4.9,0.0,3.06,0
2025-03-20T13:00Z,9.4,-4.3,18.0,3.5,0
2025-03-20T14:00Z,10.8,-4.0,191.0,3.24,0
2025-03-20T15:00Z,12.5,-4.4,426.0,3.86,0
2025-03-20T16:00Z,14.3,-4.7,642.0,3.98,0
2025-03-20T17:00Z,16.2,-6.9,812.0,4.3,0
2025-03-20T18:00Z,17.7,-7.7,919.0,4.3,0
2025-03-20T19:00Z,18.8,-6.8,953.0,4.36,0
2025-03-20T20:00Z,19.6,-6.2,911.0,4.29,0
2025-03-20T21:00Z,19.9,-5.1,800.0,4.33,0
2025-03-20T22:00Z,19.8,-4.8,627.0,4.16,0
2025-03-20T23:00Z,19.1,-4.4,411.0,3.74,0
2025-03-21T00:00Z,18.1,-4.6,179.0,3.36,0
2025-03-21T01:00Z,17.5,-4.8,15.0,1.96,0
2025-03-21T02:00Z,16.5,-3.9,0.0,1.31,0
2025-03-21T03:00Z,15.6,-2.9,0.0,1.79,0
2025-03-21T04:00Z,14.4,-2.3,0.0,1.72,0
2025-03-21T05:00Z,13.6,-2.3,0.0,2.18,0
2025-03-21T06:00Z,12.9,-2.0,0.0,1.98,0
2025-03-21T07:00Z,12.3,-1.0,0.0,2.26,0
2025-03-21T08:00Z,11.4,0.2,0.0,2.57,0
2025-03-21T09:00Z,10.7,0.1,0.0,2.25,0
2025-03-21T10:00Z,10.3,-0.3,0.0,2.06,0
2025-03-21T11:00Z,10.1,0.6,0.0,1.77,0
2025-03-21T12:00Z,10.1,1.7,0.0,1.8,0
2025-03-21T13:00Z,8.8,2.1,19.0,2.28,0
2025-03-21T14:00Z,12.0,2.9,191.0,2.46,0
2025-03-21T15:00Z,16.1,4.7,420.0,2.4,0
2025-03-21T16:00Z,18.9,3.0,629.0,4.16,0
2025-03-21T17:00Z,20.4,3.4,792.0,4.29,0
2025-03-21T18:00Z,21.5,3.9,892.0,4.38,0
2025-03-21T19:00Z,22.2,4.3,921.0,4.67,0
2025-03-21T20:00Z,22.7,4.1,881.0,4.4,0
2025-03-21T21:00Z,22.8,4.4,775.0,4.56,0
2025-03-21T22:00Z,22.3,5.2,609.0,4.56,0
2025-03-21T23:00Z,21.5,5.8,398.0,4.36,0
2025-03-22T00:00Z,20.1,7.1,172.0,4.55,0
2025-03-22T01:00Z,19.0,8.2,15.0,4.1,0
2025-03-22T02:00Z,18.1,9.4,0.0,3.47,0
2025-03-22T03:00Z,17.4,10.0,0.0,2.85,0
2025-03-22T04:00Z,16.8,10.2,0.0,2.4,0
2025-03-22T05:00Z,16.3,10.4,0.0,2.25,0
2025-03-22T06:00Z,15.9,10.9,0.0,2.2,0
2025-03-22T07:00Z,15.6,11.4,0.0,2.2,5
2025-03-22T08:00Z,15.4,11.7,0.0,2.21,17
2025-03-22T09:00Z,15.2,11.8,0.0,2.31,4
2025-03-22T10:00Z,15.0,11.9,0.0,2.1,0
2025-03-22T11:00Z,14.6,12.0,0.0,1.77,0
2025-03-22T12:00Z,14.3,12.1,0.0,1.47,3
2025-03-22T13:00Z,14.1,12.2,19.0,1.86,0
2025-03-22T14:00Z,16.7,12.8,183.0,1.66,0
2025-03-22T15:00Z,20.1,13.5,406.0,1.72,3
2025-03-22T16:00Z,23.0,13.8,612.0,2.66,23
2025-03-22T17:00Z,25.0,12.4,764.0,3.58,44
2025-03-22T18:00Z,26.0,11.2,759.0,4.2,100
2025-03-22T19:00Z,26.7,11.4,742.0,4.73,89
2025-03-22T20:00Z,26.4,11.2,644.0,5.23,67
2025-03-22T21:00Z,25.8,11.7,632.0,5.51,29
2025-03-22T22:00Z,24.7,11.5,553.0,5.48,18
2025-03-22T23:00Z,24.0,11.8,367.0,5.76,100
2025-03-23T00:00Z,22.7,13.1,110.0,5.67,74
2025-03-23T01:00Z,21.6,15.7,5.0,5.12,100
2025-03-23T02:00Z,21.1,15.8,0.0,4.09,100
2025-03-23T03:00Z,20.9,15.9,0.0,3.91,90
2025-03-23T04:00Z,20.5,16.1,0.0,4.45,4
2025-03-23T05:00Z,20.0,16.4,0.0,4.58,47
2025-03-23T06:00Z,19.7,16.6,0.0,4.07,31
2025-03-23T07:00Z,19.5,16.9,0.0,3.16,38
2025-03-23T08:00Z,19.5,17.2,0.0,2.75,30
2025-03-23T09:00Z,19.1,17.6,0.0,2.55,27
2025-03-23T10:00Z,18.8,17.8,0.0,2.25,26
2025-03-23T11:00Z,18.6,17.8,0.0,2.23,78
2025-03-23T12:00Z,18.6,17.9,0.0,2.22,97
2025-03-23T13:00Z,20.6,19.7,7.0,2.53,100
2025-03-23T14:00Z,21.6,20.3,53.0,3.41,100
2025-03-23T15:00Z,22.5,20.5,90.0,3.68,100
2025-03-23T16:00Z,23.9,19.7,183.0,5.49,100
2025-03-23T17:00Z,25.6,18.9,282.0,5.3,99
2025-03-23T18:00Z,27.9,18.6,593.0,5.17,100
2025-03-23T19:00Z,28.4,18.5,678.0,6.08,100
2025-03-23T20:00Z,28.5,18.3,610.0,5.95,75
2025-03-23T21:00Z,28.1,18.7,599.0,5.7,61
2025-03-23T22:00Z,28.2,18.5,501.0,5.99,22
2025-03-23T23:00Z,26.8,18.3,359.0,5.86,20
2025-03-24T00:00Z,25.6,18.3,150.0,4.42,93
2025-03-24T01:00Z,24.5,19.5,13.0,3.95,90
2025-03-24T02:00Z,23.3,20.6,0.0,3.16,97
2025-03-24T03:00Z,22.4,20.9,0.0,2.45,100
2025-03-24T04:00Z,22.2,20.8,0.0,3.23,100
2025-03-24T05:00Z,22.0,20.8,0.0,3.25,100
2025-03-24T06:00Z,21.8,20.7,0.0,2.75,100
2025-03-24T07:00Z,21.7,20.8,0.0,1.89,100
2025-03-24T08:00Z,20.2,19.3,0.0,3.45,100
2025-03-24T09:00Z,18.9,18.1,0.0,0.56,100
2025-03-24T10:00Z,18.8,18.5,0.0,1.86,100
2025-03-24T11:00Z,19.2,18.5,0.0,3.02,100
2025-03-24T12:00Z,19.2,18.1,0.0,2.23,100
2025-03-24T13:00Z,17.9,16.8,20.0,2.08,3
2025-03-24T14:00Z,19.6,16.9,182.0,2.54,19
2025-03-24T15:00Z,21.2,16.6,385.0,1.49,1
2025-03-24T16:00Z,23.2,16.5,599.0,0.93,0
2025-03-24T17:00Z,24.9,16.7,761.0,1.13,0
2025-03-24T18:00Z,26.4,16.6,862.0,0.61,0
2025-03-24T19:00Z,28.0,16.2,896.0,0.45,8
2025-03-24T20:00Z,28.9,15.4,807.0,0.22,17
2025-03-24T21:00Z,29.3,14.7,671.0,0.72,14
2025-03-24T22:00Z,29.5,14.4,539.0,1.06,28
2025-03-24T23:00Z,29.1,14.7,319.0,1.98,24
2025-03-25T00:00Z,27.8,15.2,147.0,2.56,27
2025-03-25T01:00Z,25.7,14.7,15.0,2.79,18
2025-03-25T02:00Z,23.4,15.1,0.0,2.71,2
2025-03-25T03:00Z,22.3,15.7,0.0,2.55,0
2025-03-25T04:00Z,21.5,15.7,0.0,2.4,0
2025-03-25T05:00Z,20.7,15.4,0.0,2.28,0
2025-03-25T06:00Z,20.2,15.2,0.0,2.7,0
2025-03-25T07:00Z,19.7,15.1,0.0,2.26,0
2025-03-25T08:00Z,19.1,15.3,0.0,1.75,0
2025-03-25T09:00Z,18.3,15.6,0.0,0.91,0
2025-03-25T10:00Z,17.8,15.8,0.0,1.0,0
2025-03-25T11:00Z,17.2,15.9,0.0,0.74,0
2025-03-25T12:00Z,16.9,15.8,0.0,0.05,0
2025-03-25T13:00Z,16.8,15.2,24.0,0.84,0
2025-03-25T14:00Z,19.4,15.7,194.0,0.85,0
2025-03-25T15:00Z,22.4,15.9,417.0,0.94,0
2025-03-25T16:00Z,25.4,15.3,622.0,0.87,0
2025-03-25T17:00Z,28.0,14.3,783.0,0.4,0
2025-03-25T18:00Z,29.8,13.6,882.0,0.27,0
2025-03-25T19:00Z,30.9,12.7,913.0,0.85,1
2025-03-25T20:00Z,31.6,11.9,862.0,1.32,2
2025-03-25T21:00Z,31.9,11.2,747.0,1.96,4
2025-03-25T22:00Z,31.0,12.2,565.0,2.95,18
2025-03-25T23:00Z,28.6,14.9,357.0,3.97,20
2025-03-26T00:00Z,25.7,15.5,166.0,3.75,100
2025-03-26T01:00Z,23.7,17.8,14.0,3.34,100
2025-03-26T02:00Z,22.1,18.1,0.0,3.04,100
2025-03-26T03:00Z,21.1,18.3,0.0,2.89,100
2025-03-26T04:00Z,20.5,18.5,0.0,2.9,100
2025-03-26T05:00Z,20.1,18.6,0.0,2.57,100
2025-03-26T06:00Z,19.8,18.6,0.0,2.47,100
2025-03-26T07:00Z,19.4,18.7,0.0,2.12,100
2025-03-26T08:00Z,19.1,18.6,0.0,1.75,100
2025-03-26T09:00Z,18.8,18.6,0.0,1.86,100
2025-03-26T10:00Z,19.0,18.8,0.0,1.87,100
2025-03-26T11:00Z,19.4,19.0,0.0,2.11,100
2025-03-26T12:00Z,19.5,19.2,0.0,2.5,100
2025-03-26T13:00Z,20.5,19.8,10.0,0.47,100
2025-03-26T14:00Z,21.3,20.0,65.0,0.71,100
2025-03-26T15:00Z,21.9,20.1,110.0,0.65,100
2025-03-26T16:00Z,22.8,19.8,154.0,1.04,100
2025-03-26T17:00Z,24.1,19.3,269.0,1.12,100
2025-03-26T18:00Z,25.1,18.8,375.0,1.7,100
2025-03-26T19:00Z,24.2,18.0,398.0,2.8,100
2025-03-26T20:00Z,26.4,17.8,582.0,2.36,100
2025-03-26T21:00Z,27.1,17.8,592.0,2.71,100
2025-03-26T22:00Z,24.6,18.1,236.0,3.11,100
2025-03-26T23:00Z,23.3,18.6,121.0,3.81,100
2025-03-27T00:00Z,21.6,18.0,32.0,0.5,100
2025-03-27T01:00Z,22.2,18.8,4.0,3.27,100
2025-03-27T02:00Z,21.7,18.7,0.0,2.86,100
2025-03-27T03:00Z,21.3,18.0,0.0,2.56,100
2025-03-27T04:00Z,20.9,17.5,0.0,2.04,100
2025-03-27T05:00Z,20.7,17.2,0.0,2.47,100
2025-03-27T06:00Z,20.4,16.8,0.0,2.68,100
2025-03-27T07:00Z,20.1,16.4,0.0,2.89,100
2025-03-27T08:00Z,19.8,16.0,0.0,2.95,100
2025-03-27T09:00Z,19.5,15.7,0.0,2.95,100
2025-03-27T10:00Z,19.0,16.4,0.0,2.15,100
2025-03-27T11:00Z,18.6,17.6,0.0,1.79,100
2025-03-27T12:00Z,18.3,17.2,0.0,1.98,100
2025-03-27T13:00Z,18.4,17.4,4.0,3.39,100
2025-03-27T14:00Z,17.9,16.8,16.0,3.06,100
2025-03-27T15:00Z,17.9,16.8,30.0,3.3,100
2025-03-27T16:00Z,18.0,17.0,57.0,3.62,100
2025-03-27T17:00Z,19.6,17.0,220.0,2.75,100
2025-03-27T18:00Z,20.7,17.5,357.0,3.19,100
2025-03-27T19:00Z,19.8,18.0,222.0,2.79,100
2025-03-27T20:00Z,19.1,16.0,75.0,5.41,100
2025-03-27T21:00Z,19.5,17.0,112.0,5.3,100
2025-03-27T22:00Z,19.5,17.6,108.0,3.87,100
2025-03-27T23:00Z,21.2,19.3,118.0,5.42,100
2025-03-28T00:00Z,20.8,19.2,41.0,5.28,100
2025-03-28T01:00Z,20.7,18.5,7.0,4.47,100
2025-03-28T02:00Z,20.8,18.4,0.0,4.23,100
2025-03-28T03:00Z,20.8,18.5,0.0,4.46,100
2025-03-28T04:00Z,20.6,18.7,0.0,4.27,100
2025-03-28T05:00Z,20.5,18.8,0.0,4.3,100
2025-03-28T06:00Z,20.3,19.1,0.0,4.31,100
2025-03-28T07:00Z,20.4,19.2,0.0,4.77,100
2025-03-28T08:00Z,20.3,19.4,0.0,5.11,100
2025-03-28T09:00Z,19.7,18.1,0.0,5.84,100
2025-03-28T10:00Z,19.1,17.0,0.0,4.9,100
2025-03-28T11:00Z,18.4,17.0,0.0,4.49,100
2025-03-28T12:00Z,19.3,18.0,0.0,4.08,100
2025-03-28T13:00Z,19.0,17.5,10.0,2.61,100
2025-03-28T14:00Z,19.6,17.5,32.0,1.08,100
2025-03-28T15:00Z,19.9,18.1,79.0,1.82,100
2025-03-28T16:00Z,20.3,18.1,115.0,2.2,100
2025-03-28T17:00Z,20.9,18.0,219.0,2.57,99
2025-03-28T18:00Z,22.4,17.6,529.0,2.13,61
2025-03-28T19:00Z,23.5,18.0,717.0,1.92,100
2025-03-28T20:00Z,22.8,18.0,382.0,2.09,100
2025-03-28T21:00Z,21.0,18.1,239.0,3.04,90
2025-03-28T22:00Z,21.4,18.0,329.0,3.5,90
2025-03-28T23:00Z,20.8,18.2,181.0,3.43,100
2025-03-29T00:00Z,20.5,18.5,76.0,2.77,99
2025-03-29T01:00Z,20.9,18.9,9.0,1.92,20
2025-03-29T02:00Z,20.3,18.7,0.0,3.1,41
2025-03-29T03:00Z,19.6,18.2,0.0,1.24,4
2025-03-29T04:00Z,18.4,17.8,0.0,1.67,100
2025-03-29T05:00Z,18.7,18.1,0.0,2.1,56
2025-03-29T06:00Z,18.6,18.2,0.0,3.04,76
2025-03-29T07:00Z,18.5,18.0,0.0,3.45,100
2025-03-29T08:00Z,18.7,18.0,0.0,3.27,100
2025-03-29T09:00Z,18.5,18.3,0.0,2.91,100
2025-03-29T10:00Z,18.8,18.6,0.0,2.52,100
2025-03-29T11:00Z,19.4,18.8,0.0,2.5,100
2025-03-29T12:00Z,19.4,18.7,0.0,2.52,100
2025-03-29T13:00Z,19.4,18.3,15.0,2.55,59
2025-03-29T14:00Z,20.5,18.6,166.0,1.35,24
2025-03-29T15:00Z,22.0,19.1,394.0,1.8,93
2025-03-29T16:00Z,22.7,19.6,451.0,1.85,100
2025-03-29T17:00Z,23.6,19.8,503.0,2.32,100
2025-03-29T18:00Z,24.8,20.1,602.0,2.2,100
2025-03-29T19:00Z,25.7,20.4,491.0,1.87,27
2025-03-29T20:00Z,27.0,20.3,743.0,2.05,30
2025-03-29T21:00Z,27.4,19.8,644.0,2.36,38
2025-03-29T22:00Z,26.6,20.3,459.0,3.23,39
2025-03-29T23:00Z,24.7,21.1,329.0,4.04,27
2025-03-30T00:00Z,23.4,20.8,166.0,3.76,3
2025-03-30T01:00Z,23.2,21.6,18.0,3.37,0
2025-03-30T02:00Z,22.4,21.1,0.0,3.43,11
2025-03-30T03:00Z,21.7,20.9,0.0,3.22,86
2025-03-30T04:00Z,21.3,20.9,0.0,3.19,100
2025-03-30T05:00Z,21.5,21.1,0.0,2.84,100
2025-03-30T06:00Z,21.6,21.2,0.0,2.31,100
2025-03-30T07:00Z,21.6,21.2,0.0,2.02,100
2025-03-30T08:00Z,21.3,21.1,0.0,2.46,100
2025-03-30T09:00Z,21.2,21.1,0.0,2.38,100
2025-03-30T10:00Z,21.2,21.1,0.0,2.64,100
2025-03-30T11:00Z,21.3,21.2,0.0,2.58,100
2025-03-30T12:00Z,21.7,21.5,0.0,2.4,100
2025-03-30T13:00Z,22.7,22.1,13.0,2.01,100
2025-03-30T14:00Z,23.2,22.1,61.0,2.96,100
2025-03-30T15:00Z,23.7,22.1,129.0,2.47,97
2025-03-30T16:00Z,25.0,22.3,398.0,2.55,73
2025-03-30T17:00Z,26.7,22.0,628.0,3.64,58
2025-03-30T18:00Z,27.6,22.4,687.0,4.15,100
2025-03-30T19:00Z,27.5,22.3,518.0,5.02,99
2025-03-30T20:00Z,27.5,22.4,559.0,4.4,100
2025-03-30T21:00Z,26.6,22.3,326.0,3.75,98
2025-03-30T22:00Z,26.1,22.5,276.0,5.15,32
2025-03-30T23:00Z,25.9,22.4,338.0,4.24,40
2025-03-31T00:00Z,24.9,22.5,141.0,3.6,16
2025-03-31T01:00Z,23.9,22.4,17.0,3.37,24
2025-03-31T02:00Z,23.2,22.4,0.0,3.22,100
2025-03-31T03:00Z,23.1,22.3,0.0,2.83,82
2025-03-31T04:00Z,22.8,22.1,0.0,2.07,100
2025-03-31T05:00Z,22.9,22.2,0.0,2.07,100
2025-03-31T06:00Z,22.8,22.2,0.0,1.38,100
2025-03-31T07:00Z,22.8,22.3,0.0,1.94,100
2025-03-31T08:00Z,22.8,22.2,0.0,2.45,100
2025-03-31T09:00Z,22.8,22.2,0.0,2.42,100
2025-03-31T10:00Z,22.5,22.0,0.0,1.55,100
2025-03-31T11:00Z,22.5,22.0,0.0,1.96,100
2025-03-31T12:00Z,22.5,22.0,0.0,1.63,80
2025-03-31T13:00Z,23.4,22.5,19.0,2.65,45
2025-03-31T14:00Z,24.2,22.0,187.0,2.51,100
2025-03-31T15:00Z,24.4,21.7,215.0,2.79,100
2025-03-31T16:00Z,23.9,21.4,173.0,2.77,100
2025-03-31T17:00Z,24.0,21.1,215.0,2.45,100
2025-03-31T18:00Z,24.1,20.6,254.0,2.77,100
2025-03-31T19:00Z,24.3,20.1,244.0,2.53,100
2025-03-31T20:00Z,25.2,20.0,332.0,1.96,62
2025-03-31T21:00Z,26.6,19.9,597.0,1.83,25
2025-03-31T22:00Z,26.8,19.1,539.0,1.8,6
2025-03-31T23:00Z,26.8,19.0,384.0,0.96,26
2025-04-01T00:00Z,25.8,21.0,181.0,0.47,20
2025-04-01T01:00Z,24.7,20.7,19.0,0.92,2
2025-04-01T02:00Z,23.6,20.4,0.0,0.95,2
2025-04-01T03:00Z,22.6,20.2,0.0,0.9,1
2025-04-01T04:00Z,21.9,19.8,0.0,0.4,1
2025-04-01T05:00Z,21.1,19.5,0.0,0.55,4
2025-04-01T06:00Z,20.9,19.3,0.0,1.33,13
2025-04-01T07:00Z,20.5,19.0,0.0,1.57,12
2025-04-01T08:00Z,19.9,18.7,0.0,1.54,1
2025-04-01T09:00Z,19.5,18.2,0.0,1.48,1
2025-04-01T10:00Z,19.1,17.9,0.0,1.39,1
2025-04-01T11:00Z,18.7,18.0,0.0,1.81,12
2025-04-01T12:00Z,18.9,18.8,0.0,2.17,100
2025-04-01T13:00Z,20.6,20.5,19.0,3.69,100
2025-04-01T14:00Z,21.5,20.8,67.0,4.3,100
2025-04-01T15:00Z,22.9,20.7,139.0,3.88,100
2025-04-01T16:00Z,24.9,20.8,375.0,4.74,94
2025-04-01T17:00Z,26.1,21.1,503.0,5.27,100
2025-04-01T18:00Z,25.9,21.5,316.0,4.95,100
2025-04-01T19:00Z,26.4,22.0,408.0,4.55,100
2025-04-01T20:00Z,26.7,22.0,393.0,5.65,54
2025-04-01T21:00Z,27.3,22.1,495.0,5.83,32
2025-04-01T22:00Z,27.5,22.3,531.0,6.16,25
2025-04-01T23:00Z,26.6,22.0,350.0,5.07,11
2025-04-02T00:00Z,25.4,21.5,173.0,4.43,2
2025-04-02T01:00Z,23.8,21.6,20.0,4.52,3
2025-04-02T02:00Z,23.0,21.8,0.0,4.72,100
2025-04-02T03:00Z,23.2,22.1,0.0,5.01,100
2025-04-02T04:00Z,23.4,22.2,0.0,5.1,100
2025-04-02T05:00Z,23.3,22.0,0.0,5.13,12
2025-04-02T06:00Z,22.9,21.9,0.0,5.17,100
2025-04-02T07:00Z,23.2,22.0,0.0,5.21,76
2025-04-02T08:00Z,23.2,21.8,0.0,5.49,57
2025-04-02T09:00Z,23.2,21.4,0.0,5.8,57
2025-04-02T10:00Z,23.1,21.1,0.0,5.98,46
2025-04-02T11:00Z,23.0,20.9,0.0,5.86,89
2025-04-02T12:00Z,22.9,20.8,0.0,5.71,82
2025-04-02T13:00Z,23.4,21.1,32.0,4.85,85
2025-04-02T14:00Z,24.3,21.4,197.0,4.23,100
2025-04-02T15:00Z,25.9,21.5,363.0,7.19,100
2025-04-02T16:00Z,27.5,22.1,475.0,6.71,100
2025-04-02T17:00Z,28.4,21.4,478.0,8.18,100
2025-04-02T18:00Z,29.3,21.4,705.0,9.0,90
2025-04-02T19:00Z,29.5,21.5,732.0,8.81,97
2025-04-02T20:00Z,29.4,21.4,494.0,9.0,98
2025-04-02T21:00Z,29.5,21.4,582.0,8.04,99
2025-04-02T22:00Z,28.6,22.0,338.0,6.6,100
2025-04-02T23:00Z,27.9,22.4,272.0,6.45,84
2025-04-03T00:00Z,26.7,22.5,136.0,5.56,93
2025-04-03T01:00Z,25.3,22.9,18.0,4.42,100
2025-04-03T02:00Z,25.0,22.8,0.0,4.49,100
2025-04-03T03:00Z,24.7,22.7,0.0,4.57,100
2025-04-03T04:00Z,24.6,22.6,0.0,4.56,100
2025-04-03T05:00Z,24.4,22.5,0.0,4.37,100
2025-04-03T06:00Z,24.2,22.3,0.0,4.38,41
2025-04-03T07:00Z,23.8,22.1,0.0,4.09,41
2025-04-03T08:00Z,23.7,21.9,0.0,4.27,15
2025-04-03T09:00Z,23.5,21.8,0.0,4.25,13
2025-04-03T10:00Z,23.6,21.7,0.0,4.72,12
2025-04-03T11:00Z,23.8,21.7,0.0,4.86,5
2025-04-03T12:00Z,23.9,21.7,0.0,4.85,7
2025-04-03T13:00Z,24.7,22.3,39.0,5.67,19
2025-04-03T14:00Z,25.9,22.7,211.0,4.74,16
2025-04-03T15:00Z,27.6,22.8,405.0,6.81,23
2025-04-03T16:00Z,28.6,22.7,590.0,8.33,34
2025-04-03T17:00Z,29.3,22.6,637.0,8.06,54
2025-04-03T18:00Z,29.7,22.6,689.0,7.85,57
2025-04-03T19:00Z,29.9,22.6,697.0,7.67,50
2025-04-03T20:00Z,29.7,22.5,674.0,7.66,52
2025-04-03T21:00Z,29.7,22.6,648.0,6.92,36
2025-04-03T22:00Z,28.9,22.3,503.0,6.73,86
2025-04-03T23:00Z,27.8,22.5,272.0,5.79,92
2025-04-04T00:00Z,26.6,22.6,139.0,4.87,98
2025-04-04T01:00Z,25.0,22.7,8.0,4.24,100
2025-04-04T02:00Z,24.8,22.7,0.0,3.98,100
2025-04-04T03:00Z,24.7,22.7,0.0,4.25,100
2025-04-04T04:00Z,24.5,22.7,0.0,4.39,100
2025-04-04T05:00Z,24.4,22.7,0.0,4.28,100
2025-04-04T06:00Z,24.3,22.5,0.0,4.11,100
2025-04-04T07:00Z,24.1,22.3,0.0,4.29,100
2025-04-04T08:00Z,24.0,22.2,0.0,4.56,100
2025-04-04T09:00Z,24.0,22.2,0.0,4.75,100
2025-04-04T10:00Z,24.0,22.2,0.0,4.08,100
2025-04-04T11:00Z,23.9,22.1,0.0,3.54,100
2025-04-04T12:00Z,24.1,22.1,0.0,4.26,94
2025-04-04T13:00Z,25.0,22.2,38.0,4.9,26
2025-04-04T14:00Z,26.2,22.4,194.0,4.0,7
2025-04-04T15:00Z,27.5,22.6,425.0,5.09,19
2025-04-04T16:00Z,28.8,22.5,598.0,6.53,20
2025-04-04T17:00Z,29.5,22.3,760.0,6.9,54
2025-04-04T18:00Z,29.6,22.0,688.0,7.96,44
2025-04-04T19:00Z,29.8,22.0,760.0,7.67,59
2025-04-04T20:00Z,29.1,21.8,600.0,8.05,64
2025-04-04T21:00Z,29.0,22.1,534.0,8.28,92
2025-04-04T22:00Z,28.3,22.1,366.0,8.35,69
2025-04-04T23:00Z,27.2,22.4,230.0,7.06,97
2025-04-05T00:00Z,26.3,22.7,114.0,6.2,84
2025-04-05T01:00Z,25.2,22.8,10.0,5.01,100
2025-04-05T02:00Z,24.7,22.7,0.0,4.7,100
2025-04-05T03:00Z,24.4,22.6,0.0,4.61,100
2025-04-05T04:00Z,24.3,22.3,0.0,4.72,48
2025-04-05T05:00Z,23.9,22.1,0.0,4.71,100
2025-04-05T06:00Z,23.9,22.1,0.0,4.32,100
2025-04-05T07:00Z,24.0,22.1,0.0,4.56,100
2025-04-05T08:00Z,24.0,22.2,0.0,5.06,100
2025-04-05T09:00Z,24.0,22.2,0.0,4.16,100
2025-04-05T10:00Z,24.1,22.2,0.0,4.23,100
2025-04-05T11:00Z,24.2,22.2,0.0,4.11,100
2025-04-05T12:00Z,24.2,22.1,0.0,4.59,100
2025-04-05T13:00Z,25.5,22.6,33.0,5.05,32
2025-04-05T14:00Z,26.7,22.9,199.0,4.9,39
2025-04-05T15:00Z,28.2,22.5,378.0,6.69,67
2025-04-05T16:00Z,27.9,22.3,449.0,5.89,46
2025-04-05T17:00Z,26.9,22.5,631.0,4.82,100
2025-04-05T18:00Z,22.1,20.9,160.0,3.06,100
2025-04-05T19:00Z,22.3,20.5,125.0,2.51,100
2025-04-05T20:00Z,21.6,19.9,300.0,3.25,100
2025-04-05T21:00Z,21.4,19.4,243.0,2.29,100
2025-04-05T22:00Z,22.3,18.8,289.0,2.4,100
2025-04-05T23:00Z,22.0,18.5,114.0,2.67,82
2025-04-06T00:00Z,22.0,18.2,123.0,3.19,92
2025-04-06T01:00Z,16.0,14.4,12.0,4.29,100
2025-04-06T02:00Z,15.8,13.8,0.0,4.49,100
2025-04-06T03:00Z,15.6,13.3,0.0,4.79,76
2025-04-06T04:00Z,15.2,12.4,0.0,4.82,100
2025-04-06T05:00Z,14.4,11.3,0.0,4.16,100
2025-04-06T06:00Z,14.0,11.1,0.0,4.11,100
2025-04-06T07:00Z,13.4,10.9,0.0,4.48,100
2025-04-06T08:00Z,13.1,9.9,0.0,4.47,100
2025-04-06T09:00Z,12.7,9.7,0.0,3.8,100
2025-04-06T10:00Z,12.6,9.2,0.0,3.58,100
2025-04-06T11:00Z,12.3,8.7,0.0,3.84,100
2025-04-06T12:00Z,11.9,8.1,0.0,4.5,64
2025-04-06T13:00Z,10.7,7.2,30.0,5.61,100
2025-04-06T14:00Z,10.5,7.2,62.0,5.53,100
2025-04-06T15:00Z,10.4,6.7,117.0,5.45,100
2025-04-06T16:00Z,11.7,6.7,309.0,6.05,100
2025-04-06T17:00Z,13.3,7.2,610.0,5.87,100
2025-04-06T18:00Z,14.1,7.3,700.0,5.52,90
2025-04-06T19:00Z,14.7,7.6,812.0,5.56,98
2025-04-06T20:00Z,15.3,7.1,804.0,5.07,65
2025-04-06T21:00Z,14.9,7.2,730.0,5.42,65
2025-04-06T22:00Z,14.4,6.3,536.0,5.36,12
2025-04-06T23:00Z,13.7,5.9,399.0,5.43,22
2025-04-07T00:00Z,12.7,5.6,185.0,5.3,18
2025-04-07T01:00Z,10.4,4.5,17.0,4.76,88
2025-04-07T02:00Z,10.3,4.5,0.0,4.43,82
2025-04-07T03:00Z,10.0,4.3,0.0,4.02,98
2025-04-07T04:00Z,9.7,4.2,0.0,3.85,100
2025-04-07T05:00Z,9.6,4.2,0.0,3.91,90
2025-04-07T06:00Z,9.3,4.0,0.0,3.49,99
2025-04-07T07:00Z,9.2,4.0,0.0,3.0,100
2025-04-07T08:00Z,9.1,4.1,0.0,2.87,100
2025-04-07T09:00Z,8.9,4.2,0.0,2.87,100
2025-04-07T10:00Z,8.7,4.2,0.0,3.11,85
2025-04-07T11:00Z,8.2,4.0,0.0,3.43,2
2025-04-07T12:00Z,7.5,3.6,0.0,3.37,0
2025-04-07T13:00Z,7.5,3.8,53.0,3.16,0
2025-04-07T14:00Z,8.9,4.5,252.0,3.18,0
2025-04-07T15:00Z,10.8,5.3,481.0,3.31,0
2025-04-07T16:00Z,12.8,5.6,688.0,3.72,0
2025-04-07T17:00Z,14.6,5.1,852.0,4.33,0
2025-04-07T18:00Z,15.9,4.9,954.0,4.36,0
2025-04-07T19:00Z,16.8,4.4,984.0,4.35,0
2025-04-07T20:00Z,17.6,4.0,939.0,4.32,0
2025-04-07T21:00Z,18.1,2.8,827.0,4.26,0
2025-04-07T22:00Z,18.0,2.8,657.0,3.97,0
2025-04-07T23:00Z,17.5,3.2,442.0,3.8,0
2025-04-08T00:00Z,16.3,4.7,210.0,3.06,0
2025-04-08T01:00Z,14.8,5.4,29.0,1.9,0
2025-04-08T02:00Z,13.6,5.8,0.0,1.83,0
2025-04-08T03:00Z,12.7,5.6,0.0,1.77,0
2025-04-08T04:00Z,12.2,5.2,0.0,1.96,0
2025-04-08T05:00Z,11.7,5.1,0.0,2.02,0
2025-04-08T06:00Z,11.3,5.2,0.0,2.01,0
2025-04-08T07:00Z,10.6,5.5,0.0,1.78,0
2025-04-08T08:00Z,10.0,5.6,0.0,1.65,0
2025-04-08T09:00Z,9.4,5.4,0.0,1.55,0
2025-04-08T10:00Z,8.9,5.3,0.0,1.4,0
2025-04-08T11:00Z,8.3,5.2,0.0,1.23,0
2025-04-08T12:00Z,8.0,5.2,0.0,1.27,0
2025-04-08T13:00Z,8.0,5.3,58.0,1.74,0
2025-04-08T14:00Z,11.4,7.5,265.0,0.96,0
2025-04-08T15:00Z,14.9,8.2,495.0,0.81,0
2025-04-08T16:00Z,17.4,6.3,701.0,0.68,0
2025-04-08T17:00Z,18.8,5.6,859.0,0.41,0
2025-04-08T18:00Z,19.7,6.2,953.0,0.4,0
2025-04-08T19:00Z,20.3,6.6,978.0,0.63,0
2025-04-08T20:00Z,20.8,6.9,931.0,0.86,0
2025-04-08T21:00Z,21.0,6.9,817.0,0.96,0
2025-04-08T22:00Z,21.1,6.7,646.0,0.87,0
2025-04-08T23:00Z,20.8,6.7,434.0,0.93,0
2025-04-09T00:00Z,19.8,10.9,207.0,0.65,0
2025-04-09T01:00Z,18.5,9.8,29.0,1.33,0
2025-04-09T02:00Z,17.2,9.2,0.0,3.06,0
2025-04-09T03:00Z,15.1,8.1,0.0,2.75,0
2025-04-09T04:00Z,14.4,8.0,0.0,2.53,0
2025-04-09T05:00Z,13.8,8.1,0.0,2.11,0
2025-04-09T06:00Z,13.5,8.2,0.0,2.21,0
2025-04-09T07:00Z,13.2,8.2,0.0,2.2,0
2025-04-09T08:00Z,12.9,8.1,0.0,2.04,0
2025-04-09T09:00Z,12.5,8.2,0.0,1.9,0
2025-04-09T10:00Z,12.3,8.1,0.0,1.95,0
2025-04-09T11:00Z,12.2,8.2,0.0,1.9,0
2025-04-09T12:00Z,12.1,8.2,0.0,1.94,0
2025-04-09T13:00Z,12.3,8.9,59.0,2.02,0
2025-04-09T14:00Z,15.1,10.7,261.0,1.84,0
2025-04-09T15:00Z,18.0,12.0,487.0,1.66,0
2025-04-09T16:00Z,20.6,12.1,689.0,2.51,0
2025-04-09T17:00Z,22.4,10.7,844.0,2.81,0
2025-04-09T18:00Z,23.6,10.1,936.0,2.75,0
2025-04-09T19:00Z,24.4,10.1,962.0,2.7,0
2025-04-09T20:00Z,24.9,9.9,917.0,2.8,0
2025-04-09T21:00Z,25.1,10.0,807.0,2.8,0
2025-04-09T22:00Z,25.0,10.2,638.0,2.9,0
2025-04-09T23:00Z,24.5,10.7,429.0,3.13,0
2025-04-10T00:00Z,22.5,12.7,204.0,3.2,0
2025-04-10T01:00Z,20.8,12.9,29.0,3.11,0
2025-04-10T02:00Z,19.4,12.2,0.0,3.88,0
2025-04-10T03:00Z,18.5,12.5,0.0,3.6,0
2025-04-10T04:00Z,17.7,12.7,0.0,3.1,0
2025-04-10T05:00Z,17.0,12.8,0.0,2.46,0
2025-04-10T06:00Z,16.5,12.7,0.0,2.21,0
2025-04-10T07:00Z,16.2,12.6,0.0,2.65,0
2025-04-10T08:00Z,16.1,12.5,0.0,2.85,0
2025-04-10T09:00Z,15.9,12.5,0.0,2.71,0
2025-04-10T10:00Z,15.6,12.7,0.0,2.21,0
2025-04-10T11:00Z,15.3,12.7,0.0,1.87,0
2025-04-10T12:00Z,15.2,12.7,0.0,1.99,0
2025-04-10T13:00Z,15.5,13.2,60.0,2.27,0
2025-04-10T14:00Z,18.0,14.4,259.0,1.46,0
2025-04-10T15:00Z,20.6,15.2,482.0,1.49,0
2025-04-10T16:00Z,22.9,15.6,680.0,2.06,0
2025-04-10T17:00Z,24.8,15.3,833.0,2.13,0
2025-04-10T18:00Z,26.4,14.7,925.0,2.26,0
2025-04-10T19:00Z,27.6,14.2,951.0,2.06,0
2025-04-10T20:00Z,28.3,14.2,905.0,1.71,0
2025-04-10T21:00Z,28.7,14.4,793.0,1.77,0
2025-04-10T22:00Z,28.7,15.0,625.0,2.46,0
2025-04-10T23:00Z,27.6,15.8,419.0,3.27,0
2025-04-11T00:00Z,25.2,16.4,199.0,3.72,0
2025-04-11T01:00Z,23.2,15.1,29.0,3.67,0
2025-04-11T02:00Z,21.9,14.8,0.0,3.46,0
2025-04-11T03:00Z,20.8,14.9,0.0,2.96,0
2025-04-11T04:00Z,20.0,15.4,0.0,2.78,0
2025-04-11T05:00Z,19.3,15.5,0.0,2.97,0
2025-04-11T06:00Z,18.8,15.5,0.0,2.55,0
2025-04-11T07:00Z,18.3,15.6,0.0,1.79,0
2025-04-11T08:00Z,18.0,15.7,0.0,1.76,0
2025-04-11T09:00Z,17.8,15.7,0.0,1.92,0
2025-04-11T10:00Z,17.5,15.7,0.0,1.93,0
2025-04-11T11:00Z,17.3,15.7,0.0,2.11,0
2025-04-11T12:00Z,17.1,15.7,0.0,2.4,0
2025-04-11T13:00Z,17.6,15.7,60.0,2.39,0
2025-04-11T14:00Z,19.5,15.9,254.0,2.04,0
2025-04-11T15:00Z,22.3,15.8,472.0,1.83,0
2025-04-11T16:00Z,24.9,14.9,673.0,1.73,0
2025-04-11T17:00Z,27.0,11.3,835.0,2.17,0
2025-04-11T18:00Z,28.4,8.7,938.0,2.68,0
2025-04-11T19:00Z,29.2,7.8,966.0,2.45,0
2025-04-11T20:00Z,30.0,7.0,920.0,2.2,0
2025-04-11T21:00Z,30.5,5.2,810.0,2.46,0
2025-04-11T22:00Z,30.9,2.4,643.0,2.8,0
2025-04-11T23:00Z,30.5,-0.4,436.0,3.55,0
2025-04-12T00:00Z,28.7,-0.1,212.0,3.9,0
2025-04-12T01:00Z,27.0,-0.2,32.0,2.88,0
2025-04-12T02:00Z,25.4,1.0,0.0,2.06,0
2025-04-12T03:00Z,24.2,2.4,0.0,2.39,0
2025-04-12T04:00Z,23.0,4.1,0.0,2.27,0
2025-04-12T05:00Z,21.4,5.4,0.0,1.93,0
2025-04-12T06:00Z,19.7,6.5,0.0,1.61,0
2025-04-12T07:00Z,18.6,7.3,0.0,1.32,0
2025-04-12T08:00Z,17.6,7.7,0.0,1.06,0
2025-04-12T09:00Z,16.8,7.9,0.0,1.02,0
2025-04-12T10:00Z,16.7,7.7,0.0,2.05,0
2025-04-12T11:00Z,16.2,7.4,0.0,1.71,0
2025-04-12T12:00Z,15.6,7.5,0.0,1.65,0
2025-04-12T13:00Z,15.4,9.2,66.0,2.26,0
2025-04-12T14:00Z,18.5,9.9,268.0,1.6,0
2025-04-12T15:00Z,21.7,9.5,493.0,2.01,0
2025-04-12T16:00Z,24.2,9.7,692.0,2.31,0
2025-04-12T17:00Z,26.2,9.8,844.0,2.59,0
2025-04-12T18:00Z,27.4,9.9,934.0,2.81,0
2025-04-12T19:00Z,28.3,9.3,956.0,3.11,0
2025-04-12T20:00Z,28.7,9.6,910.0,3.33,0
2025-04-12T21:00Z,28.6,10.3,799.0,3.54,0
2025-04-12T22:00Z,28.2,10.9,631.0,3.79,0
2025-04-12T23:00Z,27.1,11.6,422.0,4.11,0
2025-04-13T00:00Z,25.3,12.5,200.0,4.27,0
2025-04-13T01:00Z,23.7,14.0,30.0,3.93,0
2025-04-13T02:00Z,22.2,14.8,0.0,3.4,0
2025-04-13T03:00Z,21.3,15.7,0.0,3.04,0
2025-04-13T04:00Z,20.5,16.5,0.0,2.92,0
2025-04-13T05:00Z,19.7,17.2,0.0,2.85,0
2025-04-13T06:00Z,19.0,17.5,0.0,2.8,0
2025-04-13T07:00Z,18.6,17.5,0.0,2.86,0
2025-04-13T08:00Z,18.3,17.5,0.0,2.85,0
2025-04-13T09:00Z,18.2,17.5,0.0,3.0,1
2025-04-13T10:00Z,18.1,17.4,0.0,2.81,0
2025-04-13T11:00Z,18.1,17.3,0.0,2.65,0
2025-04-13T12:00Z,17.9,17.3,0.0,2.55,0
2025-04-13T13:00Z,18.9,18.2,60.0,2.82,64
2025-04-13T14:00Z,21.3,18.7,241.0,4.25,57
2025-04-13T15:00Z,23.8,17.9,382.0,4.03,16
2025-04-13T16:00Z,26.1,17.6,675.0,4.07,8
2025-04-13T17:00Z,28.3,16.2,824.0,4.4,1
2025-04-13T18:00Z,29.9,14.9,929.0,4.8,3
2025-04-13T19:00Z,30.6,14.1,950.0,5.1,2
2025-04-13T20:00Z,30.7,13.8,909.0,5.31,1
2025-04-13T21:00Z,30.3,13.5,800.0,5.41,2
2025-04-13T22:00Z,29.4,13.8,634.0,5.45,1
2025-04-13T23:00Z,28.0,13.9,430.0,5.35,0
2025-04-14T00:00Z,26.1,14.5,209.0,5.06,0
2025-04-14T01:00Z,24.4,16.0,31.0,4.3,12
2025-04-14T02:00Z,23.3,16.5,0.0,4.55,9
2025-04-14T03:00Z,22.3,17.0,0.0,4.45,0
2025-04-14T04:00Z,21.5,17.5,0.0,4.37,0
2025-04-14T05:00Z,21.0,17.5,0.0,4.57,0
2025-04-14T06:00Z,20.6,17.0,0.0,4.51,0
2025-04-14T07:00Z,20.4,16.7,0.0,4.26,2
2025-04-14T08:00Z,20.0,16.8,0.0,3.9,5
2025-04-14T09:00Z,19.8,16.7,0.0,3.27,17
2025-04-14T10:00Z,19.6,16.5,0.0,3.0,43
2025-04-14T11:00Z,19.6,16.4,0.0,3.22,61
2025-04-14T12:00Z,19.6,16.5,0.0,3.27,21
2025-04-14T13:00Z,21.5,16.7,49.0,3.23,100
2025-04-14T14:00Z,23.0,16.4,190.0,5.21,39
2025-04-14T15:00Z,24.8,15.4,448.0,4.86,69
2025-04-14T16:00Z,26.5,15.3,604.0,4.05,40
2025-04-14T17:00Z,28.0,15.3,790.0,3.86,13
2025-04-14T18:00Z,29.5,15.2,917.0,3.78,4
2025-04-14T19:00Z,30.5,14.9,961.0,3.49,4
2025-04-14T20:00Z,31.0,14.8,913.0,3.11,5
2025-04-14T21:00Z,30.9,14.9,798.0,3.86,5
2025-04-14T22:00Z,30.3,14.9,634.0,3.76,3
2025-04-14T23:00Z,29.3,14.6,427.0,3.85,3
2025-04-15T00:00Z,27.3,13.7,208.0,4.75,9
2025-04-15T01:00Z,25.1,15.6,33.0,4.2,15
2025-04-15T02:00Z,23.8,15.9,0.0,4.18,98
2025-04-15T03:00Z,22.7,17.0,0.0,3.41,77
2025-04-15T04:00Z,21.8,17.7,0.0,2.71,96
2025-04-15T05:00Z,21.2,17.9,0.0,2.2,1
2025-04-15T06:00Z,20.5,18.1,0.0,1.5,0
2025-04-15T07:00Z,19.9,18.2,0.0,1.4,0
2025-04-15T08:00Z,19.1,18.2,0.0,0.82,0
2025-04-15T09:00Z,18.8,18.0,0.0,0.16,4
2025-04-15T10:00Z,18.5,17.9,0.0,0.1,1
2025-04-15T11:00Z,18.1,17.8,0.0,0.66,10
2025-04-15T12:00Z,18.4,17.8,0.0,2.4,47
2025-04-15T13:00Z,19.5,17.3,60.0,1.5,60
2025-04-15T14:00Z,21.7,17.0,260.0,0.8,53
2025-04-15T15:00Z,23.9,16.3,464.0,1.5,70
2025-04-15T16:00Z,26.3,15.6,625.0,2.82,100
2025-04-15T17:00Z,26.0,16.5,448.0,3.61,100
2025-04-15T18:00Z,25.6,16.7,370.0,3.89,100
2025-04-15T19:00Z,25.9,15.7,338.0,3.82,99
2025-04-15T20:00Z,27.0,14.9,421.0,3.4,84
2025-04-15T21:00Z,28.3,14.0,661.0,3.4,95
2025-04-15T22:00Z,28.0,13.3,539.0,3.36,4
2025-04-15T23:00Z,27.2,12.7,406.0,3.33,4
2025-04-16T00:00Z,25.8,11.6,200.0,3.38,2
2025-04-16T01:00Z,24.6,13.9,28.0,2.02,11
2025-04-16T02:00Z,23.5,13.9,0.0,2.51,8
2025-04-16T03:00Z,22.5,14.8,0.0,2.53,81
2025-04-16T04:00Z,22.1,15.7,0.0,2.5,95
2025-04-16T05:00Z,21.7,14.1,0.0,2.33,9
2025-04-16T06:00Z,20.8,12.6,0.0,1.78,2
2025-04-16T07:00Z,20.1,12.2,0.0,1.36,21
2025-04-16T08:00Z,19.6,12.5,0.0,1.16,31
2025-04-16T09:00Z,19.1,13.1,0.0,0.96,35
2025-04-16T10:00Z,18.9,13.6,0.0,1.04,15
2025-04-16T11:00Z,18.3,14.2,0.0,1.24,9
2025-04-16T12:00Z,17.8,15.1,0.0,1.11,0
2025-04-16T13:00Z,18.1,15.1,73.0,1.4,93
2025-04-16T14:00Z,20.5,16.1,272.0,0.9,74
2025-04-16T15:00Z,22.9,16.4,476.0,1.27,18
2025-04-16T16:00Z,25.4,15.4,677.0,3.07,53
2025-04-16T17:00Z,26.6,14.2,710.0,3.41,25
2025-04-16T18:00Z,28.3,13.3,901.0,3.94,77
2025-04-16T19:00Z,28.0,13.1,734.0,4.34,0
2025-04-16T20:00Z,28.6,13.4,829.0,4.7,39
2025-04-16T21:00Z,28.3,13.6,735.0,5.0,58
2025-04-16T22:00Z,27.1,15.0,497.0,4.87,65
2025-04-16T23:00Z,26.5,14.6,322.0,4.54,45
2025-04-17T00:00Z,24.9,16.7,145.0,4.56,32
2025-04-17T01:00Z,23.5,16.9,23.0,4.85,43
2025-04-17T02:00Z,22.5,17.6,0.0,4.26,16
2025-04-17T03:00Z,21.7,18.3,0.0,3.51,17
2025-04-17T04:00Z,21.3,18.7,0.0,2.97,23
2025-04-17T05:00Z,21.0,18.8,0.0,3.31,7
2025-04-17T06:00Z,20.7,18.8,0.0,3.7,22
2025-04-17T07:00Z,20.5,18.6,0.0,3.9,6
2025-04-17T08:00Z,20.4,18.2,0.0,4.01,1
2025-04-17T09:00Z,20.5,17.1,0.0,3.9,0
2025-04-17T10:00Z,20.5,16.4,0.0,3.7,0
2025-04-17T11:00Z,20.0,16.7,0.0,3.18,4
2025-04-17T12:00Z,19.9,17.2,0.0,3.11,3
2025-04-17T13:00Z,21.5,18.4,65.0,3.61,77
2025-04-17T14:00Z,23.6,18.5,252.0,4.46,50
2025-04-17T15:00Z,25.4,17.3,447.0,4.85,61
2025-04-17T16:00Z,27.0,16.7,655.0,4.51,37
2025-04-17T17:00Z,28.5,16.7,816.0,4.7,24
2025-04-17T18:00Z,29.5,16.1,916.0,5.31,100
2025-04-17T19:00Z,29.9,15.5,902.0,5.64,100
2025-04-17T20:00Z,29.7,15.8,790.0,5.88,100
2025-04-17T21:00Z,29.1,16.1,675.0,6.15,100
2025-04-17T22:00Z,27.9,16.5,501.0,6.19,100
2025-04-17T23:00Z,26.6,16.6,289.0,5.89,100
2025-04-18T00:00Z,25.4,17.0,113.0,6.52,100
2025-04-18T01:00Z,24.1,18.4,18.0,5.65,78
2025-04-18T02:00Z,23.1,19.4,0.0,4.58,34
2025-04-18T03:00Z,22.6,20.1,0.0,4.12,82
2025-04-18T04:00Z,22.4,20.2,0.0,4.51,100
2025-04-18T05:00Z,22.3,20.2,0.0,4.61,28
2025-04-18T06:00Z,22.1,20.1,0.0,4.67,33
2025-04-18T07:00Z,22.0,20.2,0.0,4.95,41
2025-04-18T08:00Z,21.9,20.2,0.0,4.96,100
2025-04-18T09:00Z,22.0,20.4,0.0,4.89,100
2025-04-18T10:00Z,22.0,20.5,0.0,4.9,100
2025-04-18T11:00Z,22.5,20.6,0.0,4.71,100
2025-04-18T12:00Z,22.7,20.6,0.0,4.36,100
2025-04-18T13:00Z,23.3,21.0,26.0,3.2,97
2025-04-18T14:00Z,24.5,20.7,150.0,5.62,34
2025-04-18T15:00Z,26.6,19.9,411.0,6.05,87
2025-04-18T16:00Z,28.2,19.3,567.0,5.84,26
2025-04-18T17:00Z,29.6,18.8,790.0,5.35,7
2025-04-18T18:00Z,30.5,18.6,903.0,5.51,33
2025-04-18T19:00Z,30.9,18.4,912.0,5.81,50
2025-04-18T20:00Z,31.1,18.3,855.0,5.95,63
2025-04-18T21:00Z,30.4,18.3,713.0,5.86,31
2025-04-18T22:00Z,30.7,17.6,603.0,6.71,18
2025-04-18T23:00Z,29.2,18.2,415.0,7.41,73
2025-04-19T00:00Z,26.9,20.4,139.0,6.28,67
2025-04-19T01:00Z,25.2,21.6,27.0,5.75,98
2025-04-19T02:00Z,24.4,21.8,0.0,4.4,98
2025-04-19T03:00Z,24.1,21.7,0.0,4.11,97
2025-04-19T04:00Z,23.6,21.7,0.0,3.87,78
2025-04-19T05:00Z,23.1,21.5,0.0,3.87,99
2025-04-19T06:00Z,22.8,21.2,0.0,3.95,100
2025-04-19T07:00Z,22.5,20.8,0.0,4.31,100
2025-04-19T08:00Z,22.2,20.5,0.0,4.74,96
2025-04-19T09:00Z,22.2,20.2,0.0,4.9,67
2025-04-19T10:00Z,22.1,20.4,0.0,4.67,83
2025-04-19T11:00Z,22.0,20.5,0.0,3.54,100
2025-04-19T12:00Z,22.1,20.6,0.0,2.31,100
2025-04-19T13:00Z,23.2,20.9,30.0,2.83,100
2025-04-19T14:00Z,24.2,20.8,128.0,3.47,100
2025-04-19T15:00Z,25.6,20.3,281.0,3.62,100
2025-04-19T16:00Z,26.5,19.6,395.0,4.53,100
2025-04-19T17:00Z,27.1,19.3,426.0,4.91,99
2025-04-19T18:00Z,28.7,18.8,725.0,5.55,100
2025-04-19T19:00Z,28.6,19.2,616.0,6.2,100
2025-04-19T20:00Z,28.5,19.9,553.0,6.57,100
2025-04-19T21:00Z,28.2,20.2,541.0,6.44,100
2025-04-19T22:00Z,27.2,20.1,400.0,6.6,100
2025-04-19T23:00Z,26.2,20.4,229.0,6.33,100
2025-04-20T00:00Z,25.4,20.0,144.0,5.77,100
2025-04-20T01:00Z,24.0,21.2,19.0,5.14,100
2025-04-20T02:00Z,23.6,21.0,0.0,5.06,100
2025-04-20T03:00Z,23.4,20.8,0.0,5.52,100
2025-04-20T04:00Z,23.3,20.7,0.0,5.26,100
2025-04-20T05:00Z,23.3,20.6,0.0,5.62,87
2025-04-20T06:00Z,23.1,20.6,0.0,6.37,94
2025-04-20T07:00Z,23.0,20.4,0.0,6.37,66
2025-04-20T08:00Z,22.9,20.3,0.0,6.19,30
2025-04-20T09:00Z,22.9,20.2,0.0,6.02,35
2025-04-20T10:00Z,23.0,20.2,0.0,6.02,42
2025-04-20T11:00Z,22.9,20.2,0.0,5.44,33
2025-04-20T12:00Z,22.8,20.3,1.0,4.13,36
2025-04-20T13:00Z,23.3,19.1,56.0,2.33,66
2025-04-20T14:00Z,23.4,19.7,182.0,1.41,68
2025-04-20T15:00Z,25.2,20.4,359.0,3.01,67
2025-04-20T16:00Z,26.1,19.6,613.0,4.16,57
2025-04-20T17:00Z,26.8,19.2,743.0,3.72,2
2025-04-20T18:00Z,27.9,19.2,906.0,5.32,44
2025-04-20T19:00Z,28.2,20.7,781.0,5.36,46
2025-04-20T20:00Z,28.0,20.2,663.0,5.53,77
2025-04-20T21:00Z,27.5,21.1,568.0,5.4,71
2025-04-20T22:00Z,27.6,20.9,527.0,5.43,26
2025-04-20T23:00Z,26.5,20.9,379.0,5.43,42
2025-04-21T00:00Z,25.1,21.3,168.0,4.5,44
2025-04-21T01:00Z,22.2,20.3,13.0,3.1,100
2025-04-21T02:00Z,21.7,20.4,0.0,3.64,95
2025-04-21T03:00Z,20.9,19.5,0.0,2.69,98
2025-04-21T04:00Z,20.3,19.4,0.0,0.6,100
2025-04-21T05:00Z,20.2,19.4,0.0,3.41,91
2025-04-21T06:00Z,20.1,19.5,0.0,0.89,100
2025-04-21T07:00Z,20.5,19.6,0.0,1.95,100
2025-04-21T08:00Z,20.6,19.6,0.0,2.8,100
2025-04-21T09:00Z,20.5,19.6,0.0,0.11,99
2025-04-21T10:00Z,20.2,19.7,0.0,1.08,100
2025-04-21T11:00Z,20.4,19.6,0.0,1.59,100
2025-04-21T12:00Z,20.4,19.8,0.0,2.41,100
2025-04-21T13:00Z,20.8,19.6,53.0,3.44,39
2025-04-21T14:00Z,22.1,20.0,240.0,2.02,99
2025-04-21T15:00Z,23.4,19.9,382.0,2.73,100
2025-04-21T16:00Z,24.5,20.3,406.0,2.26,100
2025-04-21T17:00Z,25.5,20.8,401.0,1.28,100
2025-04-21T18:00Z,26.0,21.1,480.0,1.4,100
2025-04-21T19:00Z,26.3,21.2,477.0,1.27,100
2025-04-21T20:00Z,27.0,20.9,388.0,1.1,100
2025-04-21T21:00Z,23.8,20.4,391.0,3.11,94
2025-04-21T22:00Z,24.6,20.6,380.0,1.41,55
2025-04-21T23:00Z,25.3,20.3,311.0,2.62,62
2025-04-22T00:00Z,23.7,20.6,149.0,1.9,38
2025-04-22T01:00Z,24.1,20.6,38.0,2.03,15
2025-04-22T02:00Z,23.3,20.8,0.0,2.86,20
2025-04-22T03:00Z,22.5,21.3,0.0,2.79,6
2025-04-22T04:00Z,22.1,21.4,0.0,2.53,4
2025-04-22T05:00Z,21.8,21.3,0.0,1.95,3
2025-04-22T06:00Z,21.4,21.0,0.0,1.49,0
2025-04-22T07:00Z,21.1,20.7,0.0,1.42,0
2025-04-22T08:00Z,20.9,20.6,0.0,1.63,100
2025-04-22T09:00Z,21.4,21.1,0.0,1.23,100
2025-04-22T10:00Z,21.8,21.4,0.0,1.26,100
2025-04-22T11:00Z,21.9,21.5,0.0,1.25,100
2025-04-22T12:00Z,22.0,21.6,1.0,1.27,100
2025-04-22T13:00Z,22.0,21.8,22.0,1.19,100
2025-04-22T14:00Z,22.4,22.0,83.0,1.93,62
2025-04-22T15:00Z,24.6,21.8,347.0,2.33,27
2025-04-22T16:00Z,26.2,21.2,617.0,2.66,23
2025-04-22T17:00Z,26.7,21.9,704.0,3.02,46
2025-04-22T18:00Z,23.1,20.5,759.0,3.92,87
2025-04-22T19:00Z,25.3,20.5,553.0,2.51,67
2025-04-22T20:00Z,25.9,21.5,643.0,3.39,100
2025-04-22T21:00Z,24.7,20.3,327.0,2.2,53
2025-04-22T22:00Z,25.3,21.1,440.0,2.8,46
2025-04-22T23:00Z,25.6,20.7,368.0,3.13,70
2025-04-23T00:00Z,24.5,21.2,144.0,3.05,68
2025-04-23T01:00Z,22.2,20.5,36.0,2.1,51
2025-04-23T02:00Z,21.6,20.4,0.0,1.24,94
2025-04-23T03:00Z,21.8,20.4,0.0,1.46,98
2025-04-23T04:00Z,22.0,20.7,0.0,2.32,67
2025-04-23T05:00Z,22.2,21.2,0.0,2.44,58
2025-04-23T06:00Z,22.3,21.5,0.0,2.42,82
2025-04-23T07:00Z,22.2,21.6,0.0,2.27,85
2025-04-23T08:00Z,22.2,21.6,0.0,2.57,100
2025-04-23T09:00Z,22.2,21.7,0.0,2.73,88
2025-04-23T10:00Z,22.1,21.6,0.0,2.75,90
2025-04-23T11:00Z,21.9,21.4,0.0,2.54,99
2025-04-23T12:00Z,22.0,21.4,1.0,2.26,84
2025-04-23T13:00Z,22.1,21.3,31.0,1.24,99
2025-04-23T14:00Z,21.2,20.5,75.0,3.15,100
2025-04-23T15:00Z,20.2,19.8,24.0,2.59,100
2025-04-23T16:00Z,20.9,20.2,91.0,3.67,92
2025-04-23T17:00Z,22.5,20.5,513.0,4.67,37
2025-04-23T18:00Z,23.4,20.1,747.0,5.23,100
2025-04-23T19:00Z,23.4,20.2,375.0,4.83,100
2025-04-23T20:00Z,24.4,20.4,452.0,4.27,51
2025-04-23T21:00Z,25.9,21.0,675.0,4.06,46
2025-04-23T22:00Z,23.0,20.5,504.0,2.92,73
2025-04-23T23:00Z,22.9,20.9,275.0,1.95,96
2025-04-24T00:00Z,23.0,20.8,67.0,1.58,63
2025-04-24T01:00Z,22.3,21.6,30.0,1.41,42
2025-04-24T02:00Z,21.0,20.5,0.0,3.4,95
2025-04-24T03:00Z,20.6,19.8,0.0,2.91,60
2025-04-24T04:00Z,20.3,19.5,0.0,2.37,52
2025-04-24T05:00Z,20.3,19.7,0.0,2.91,84
2025-04-24T06:00Z,20.7,20.1,0.0,2.6,99
2025-04-24T07:00Z,20.7,20.1,0.0,2.27,76
2025-04-24T08:00Z,20.8,20.3,0.0,2.47,80
2025-04-24T09:00Z,20.9,20.4,0.0,2.35,74
2025-04-24T10:00Z,21.0,20.5,0.0,2.3,68
2025-04-24T11:00Z,21.2,20.7,0.0,2.09,60
2025-04-24T12:00Z,21.3,20.5,1.0,2.16,61
2025-04-24T13:00Z,21.9,21.3,76.0,2.23,69
2025-04-24T14:00Z,23.5,21.6,196.0,2.78,54
2025-04-24T15:00Z,24.7,21.7,315.0,2.64,33
2025-04-24T16:00Z,26.3,21.3,594.0,3.69,29
2025-04-24T17:00Z,27.0,21.2,739.0,3.76,33
2025-04-24T18:00Z,27.5,20.6,815.0,4.1,29
2025-04-24T19:00Z,27.9,19.7,814.0,4.26,14
2025-04-24T20:00Z,28.0,19.7,858.0,4.45,34
2025-04-24T21:00Z,27.4,19.7,714.0,4.63,74
2025-04-24T22:00Z,26.8,20.1,482.0,4.17,97
2025-04-24T23:00Z,25.8,20.8,258.0,3.65,93
2025-04-25T00:00Z,25.1,21.2,132.0,2.53,100
2025-04-25T01:00Z,20.4,20.2,12.0,4.31,100
2025-04-25T02:00Z,21.1,20.3,0.0,2.5,100
2025-04-25T03:00Z,21.1,20.4,0.0,1.19,93
2025-04-25T04:00Z,20.4,20.0,0.0,0.9,40
2025-04-25T05:00Z,20.5,20.0,0.0,1.18,44
2025-04-25T06:00Z,20.6,20.0,0.0,1.98,68
2025-04-25T07:00Z,20.8,20.3,0.0,1.9,2
2025-04-25T08:00Z,20.8,20.6,0.0,2.06,84
2025-04-25T09:00Z,21.1,20.9,0.0,2.17,100
2025-04-25T10:00Z,21.6,21.2,0.0,2.03,100
2025-04-25T11:00Z,21.7,21.3,0.0,1.46,100
2025-04-25T12:00Z,21.7,21.3,1.0,1.54,100
2025-04-25T13:00Z,22.3,21.3,54.0,2.58,50
2025-04-25T14:00Z,23.2,21.9,226.0,1.41,100
2025-04-25T15:00Z,22.9,21.7,166.0,2.12,99
2025-04-25T16:00Z,23.6,21.2,280.0,2.01,62
2025-04-25T17:00Z,22.9,20.8,509.0,1.61,99
2025-04-25T18:00Z,23.4,20.7,364.0,2.05,70
2025-04-25T19:00Z,26.7,21.7,798.0,2.87,24
2025-04-25T20:00Z,27.5,21.7,816.0,3.74,28
2025-04-25T21:00Z,27.8,20.1,700.0,3.7,44
2025-04-25T22:00Z,27.5,19.3,556.0,3.38,54
2025-04-25T23:00Z,26.8,19.8,367.0,3.08,70
2025-04-26T00:00Z,25.7,20.9,179.0,2.91,86
2025-04-26T01:00Z,24.6,21.2,37.0,2.41,100
2025-04-26T02:00Z,23.8,21.7,0.0,2.4,99
2025-04-26T03:00Z,23.3,22.0,0.0,2.39,99
2025-04-26T04:00Z,23.0,22.0,0.0,2.45,97
2025-04-26T05:00Z,22.6,21.7,0.0,2.23,26
2025-04-26T06:00Z,22.2,21.3,0.0,2.16,3
2025-04-26T07:00Z,21.9,21.1,0.0,2.04,1
2025-04-26T08:00Z,21.5,20.9,0.0,1.98,9
2025-04-26T09:00Z,21.2,20.8,0.0,2.0,4
2025-04-26T10:00Z,21.0,20.5,0.0,1.82,3
2025-04-26T11:00Z,19.9,19.6,0.0,1.21,0
2025-04-26T12:00Z,19.7,19.4,2.0,1.22,1
2025-04-26T13:00Z,21.5,21.0,93.0,1.74,42
2025-04-26T14:00Z,23.1,21.1,264.0,2.46,55
2025-04-26T15:00Z,24.6,20.4,439.0,2.73,33
2025-04-26T16:00Z,25.9,19.6,650.0,3.22,43
2025-04-26T17:00Z,27.0,18.8,754.0,3.8,47
2025-04-26T18:00Z,27.4,18.3,779.0,4.14,58
2025-04-26T19:00Z,27.7,17.8,815.0,4.23,54
2025-04-26T20:00Z,27.8,17.9,799.0,4.07,21
2025-04-26T21:00Z,27.6,17.7,758.0,4.09,38
2025-04-26T22:00Z,27.2,18.0,582.0,4.4,47
2025-04-26T23:00Z,26.0,19.1,423.0,4.32,47
2025-04-27T00:00Z,24.9,19.7,220.0,3.23,15
2025-04-27T01:00Z,24.3,20.9,31.0,3.29,93
2025-04-27T02:00Z,23.5,21.3,0.0,3.19,32
2025-04-27T03:00Z,22.9,21.2,0.0,3.19,51
2025-04-27T04:00Z,22.6,21.0,0.0,2.61,48
2025-04-27T05:00Z,22.2,21.0,0.0,2.53,2
2025-04-27T06:00Z,22.0,21.0,0.0,2.69,12
2025-04-27T07:00Z,21.9,21.1,0.0,2.41,20
2025-04-27T08:00Z,21.8,21.2,0.0,2.51,96
2025-04-27T09:00Z,21.8,21.2,0.0,2.76,45
2025-04-27T10:00Z,21.7,21.1,0.0,2.53,14
2025-04-27T11:00Z,21.5,21.0,0.0,1.93,41
2025-04-27T12:00Z,21.4,20.9,2.0,1.45,27
2025-04-27T13:00Z,22.8,21.8,87.0,2.26,31
2025-04-27T14:00Z,24.0,22.0,274.0,3.0,34
2025-04-27T15:00Z,25.6,21.4,437.0,3.09,35
2025-04-27T16:00Z,26.6,20.8,592.0,3.61,35
2025-04-27T17:00Z,27.6,20.5,765.0,3.96,35
2025-04-27T18:00Z,28.1,20.3,795.0,4.45,28
2025-04-27T19:00Z,28.6,20.2,847.0,4.64,12
2025-04-27T20:00Z,29.1,20.0,874.0,4.47,9
2025-04-27T21:00Z,28.8,19.7,764.0,4.7,23
2025-04-27T22:00Z,28.1,19.9,589.0,4.78,33
2025-04-27T23:00Z,27.3,19.8,358.0,4.44,52
2025-04-28T00:00Z,26.1,20.7,186.0,3.85,7
2025-04-28T01:00Z,24.8,21.5,40.0,3.17,6
2025-04-28T02:00Z,23.8,22.0,0.0,2.98,18
2025-04-28T03:00Z,23.2,22.1,0.0,3.24,100
2025-04-28T04:00Z,23.1,22.2,0.0,2.93,100
2025-04-28T05:00Z,23.1,22.1,0.0,3.36,92
2025-04-28T06:00Z,22.9,22.0,0.0,3.18,56
2025-04-28T07:00Z,22.6,21.9,0.0,3.25,56
2025-04-28T08:00Z,22.5,21.7,0.0,3.04,48
2025-04-28T09:00Z,22.5,21.6,0.0,2.91,33
2025-04-28T10:00Z,22.3,21.5,0.0,2.71,46
2025-04-28T11:00Z,22.2,21.5,0.0,2.46,65
2025-04-28T12:00Z,22.2,21.5,2.0,2.77,98
2025-04-28T13:00Z,23.4,22.0,83.0,3.12,100
2025-04-28T14:00Z,24.7,21.9,221.0,4.63,100
2025-04-28T15:00Z,26.1,21.5,346.0,4.89,100
2025-04-28T16:00Z,27.1,21.1,477.0,4.9,98
2025-04-28T17:00Z,28.0,20.6,623.0,4.93,100
2025-04-28T18:00Z,28.4,20.4,649.0,5.03,100
2025-04-28T19:00Z,28.5,20.5,617.0,5.11,100
2025-04-28T20:00Z,28.6,20.2,649.0,5.11,100
2025-04-28T21:00Z,27.9,19.9,498.0,5.38,100
2025-04-28T22:00Z,27.6,19.8,428.0,5.33,100
2025-04-28T23:00Z,26.7,19.9,295.0,5.37,45
2025-04-29T00:00Z,25.7,20.1,197.0,4.76,57
2025-04-29T01:00Z,24.6,21.7,36.0,4.69,54
2025-04-29T02:00Z,23.9,22.0,0.0,4.07,97
2025-04-29T03:00Z,23.6,21.8,0.0,3.67,100
2025-04-29T04:00Z,23.3,21.6,0.0,3.59,47
2025-04-29T05:00Z,23.0,21.2,0.0,3.33,93
2025-04-29T06:00Z,22.6,20.9,0.0,2.62,23
2025-04-29T07:00Z,22.3,21.0,0.0,1.96,76
2025-04-29T08:00Z,22.0,20.9,0.0,1.88,96
2025-04-29T09:00Z,21.9,21.0,0.0,2.27,99
2025-04-29T10:00Z,21.7,20.9,0.0,2.3,100
2025-04-29T11:00Z,21.9,21.1,0.0,2.9,100
2025-04-29T12:00Z,22.2,21.3,2.0,3.22,100
2025-04-29T13:00Z,23.2,21.5,63.0,3.78,100
2025-04-29T14:00Z,24.1,21.7,131.0,3.43,100
2025-04-29T15:00Z,26.2,20.6,442.0,5.21,100
2025-04-29T16:00Z,27.0,19.7,544.0,5.63,100
2025-04-29T17:00Z,27.2,19.1,413.0,5.39,100
2025-04-29T18:00Z,27.4,19.1,406.0,5.38,100
2025-04-29T19:00Z,26.8,19.9,327.0,5.68,100
2025-04-29T20:00Z,26.8,19.5,307.0,5.55,100
2025-04-29T21:00Z,27.4,19.4,437.0,5.66,88
2025-04-29T22:00Z,27.6,19.8,477.0,5.48,97
2025-04-29T23:00Z,26.6,20.1,265.0,5.19,94
2025-04-30T00:00Z,25.7,20.4,162.0,4.67,97
2025-04-30T01:00Z,24.6,20.9,37.0,3.65,32
2025-04-30T02:00Z,23.8,21.0,0.0,2.87,64
2025-04-30T03:00Z,23.2,21.0,0.0,2.57,75
2025-04-30T04:00Z,23.3,20.8,0.0,2.83,95
2025-04-30T05:00Z,23.1,21.6,0.0,3.26,52
2025-04-30T06:00Z,23.0,21.5,0.0,3.62,100
2025-04-30T07:00Z,23.0,21.3,0.0,4.0,90
2025-04-30T08:00Z,23.0,21.3,0.0,3.92,99
2025-04-30T09:00Z,22.9,21.4,0.0,3.68,100
2025-04-30T10:00Z,22.8,21.4,0.0,3.68,99
2025-04-30T11:00Z,22.9,21.4,0.0,4.23,97
2025-04-30T12:00Z,23.0,21.3,3.0,4.14,100
2025-04-30T13:00Z,24.2,21.0,83.0,3.87,83
2025-04-30T14:00Z,24.9,21.0,217.0,4.56,99
2025-04-30T15:00Z,25.4,21.3,350.0,4.56,100
2025-04-30T16:00Z,26.0,21.5,364.0,4.25,100
2025-04-30T17:00Z,27.4,20.6,722.0,5.87,71
2025-04-30T18:00Z,28.3,21.2,665.0,6.81,94
2025-04-30T19:00Z,28.5,19.4,679.0,7.88,38
2025-04-30T20:00Z,29.1,18.7,787.0,8.46,52
2025-04-30T21:00Z,28.7,18.0,692.0,7.57,79
2025-04-30T22:00Z,28.4,18.7,490.0,6.67,100
2025-04-30T23:00Z,27.6,19.3,339.0,6.55,100
2025-05-01T00:00Z,26.4,20.8,138.0,4.54,100
2025-05-01T01:00Z,24.0,20.5,19.0,3.27,100
2025-05-01T02:00Z,23.7,21.6,0.0,4.47,100
2025-05-01T03:00Z,23.5,22.0,0.0,3.28,98
2025-05-01T04:00Z,24.0,22.3,0.0,4.11,54
2025-05-01T05:00Z,23.9,22.3,0.0,3.95,22
2025-05-01T06:00Z,23.8,22.3,0.0,3.86,15
2025-05-01T07:00Z,23.7,22.3,0.0,3.65,19
2025-05-01T08:00Z,23.6,22.3,0.0,2.52,100
2025-05-01T09:00Z,21.8,20.2,0.0,1.55,100
2025-05-01T10:00Z,22.3,21.3,0.0,2.3,100
2025-05-01T11:00Z,21.9,21.3,0.0,1.06,36
2025-05-01T12:00Z,21.2,20.9,3.0,0.61,56
2025-05-01T13:00Z,21.9,20.4,77.0,3.15,81
2025-05-01T14:00Z,23.2,20.8,187.0,3.18,20
2025-05-01T15:00Z,25.6,21.4,489.0,4.6,80
2025-05-01T16:00Z,26.8,20.9,471.0,4.51,82
2025-05-01T17:00Z,27.1,20.1,578.0,5.27,100
2025-05-01T18:00Z,25.9,20.4,482.0,3.72,100
2025-05-01T19:00Z,24.1,20.9,202.0,1.31,93
2025-05-01T20:00Z,27.7,20.8,699.0,3.35,93
2025-05-01T21:00Z,28.1,20.5,589.0,3.71,47
2025-05-01T22:00Z,28.1,19.8,551.0,3.65,78
2025-05-01T23:00Z,27.2,20.6,371.0,3.74,97
2025-05-02T00:00Z,26.3,20.9,200.0,3.06,100
2025-05-02T01:00Z,25.0,20.4,47.0,2.19,100
2025-05-02T02:00Z,24.5,20.9,0.0,2.46,100
2025-05-02T03:00Z,24.3,21.2,0.0,2.01,100
2025-05-02T04:00Z,23.8,21.9,0.0,1.95,100
2025-05-02T05:00Z,23.3,22.0,0.0,1.93,100
2025-05-02T06:00Z,23.0,21.8,0.0,2.09,100
2025-05-02T07:00Z,22.6,21.7,0.0,2.42,100
2025-05-02T08:00Z,22.4,21.8,0.0,2.59,100
2025-05-02T09:00Z,22.5,21.9,0.0,3.37,100
2025-05-02T10:00Z,22.8,22.0,0.0,3.33,86
2025-05-02T11:00Z,22.8,22.0,0.0,3.56,34
2025-05-02T12:00Z,22.8,22.0,4.0,3.3,44
2025-05-02T13:00Z,23.7,21.1,103.0,2.58,9
2025-05-02T14:00Z,24.8,21.3,307.0,3.1,46
2025-05-02T15:00Z,26.2,21.2,489.0,4.03,100
2025-05-02T16:00Z,26.3,20.9,430.0,3.59,69
2025-05-02T17:00Z,28.0,20.5,577.0,3.95,100
2025-05-02T18:00Z,23.4,19.7,298.0,3.74,90
2025-05-02T19:00Z,21.7,18.8,501.0,1.66,100
2025-05-02T20:00Z,21.6,18.8,372.0,2.39,100
2025-05-02T21:00Z,21.7,18.6,146.0,1.74,100
2025-05-02T22:00Z,21.6,18.8,127.0,0.49,100
2025-05-02T23:00Z,21.5,19.1,65.0,1.46,100
2025-05-03T00:00Z,21.2,19.6,36.0,1.88,100
2025-05-03T01:00Z,20.3,19.6,9.0,0.89,100
2025-05-03T02:00Z,20.0,19.5,0.0,0.78,100
2025-05-03T03:00Z,20.0,19.6,0.0,2.46,100
2025-05-03T04:00Z,19.8,19.5,0.0,2.52,100
2025-05-03T05:00Z,19.1,18.7,0.0,2.0,100
2025-05-03T06:00Z,18.8,18.6,0.0,2.64,100
2025-05-03T07:00Z,18.8,18.2,0.0,3.57,100
2025-05-03T08:00Z,18.9,18.1,0.0,2.55,100
2025-05-03T09:00Z,18.9,18.1,0.0,2.53,100
2025-05-03T10:00Z,18.9,18.0,0.0,1.8,96
2025-05-03T11:00Z,18.6,17.8,0.0,2.6,60
2025-05-03T12:00Z,18.2,17.3,4.0,3.43,11
2025-05-03T13:00Z,18.9,17.6,61.0,3.51,79
2025-05-03T14:00Z,19.9,17.5,239.0,3.45,47
2025-05-03T15:00Z,21.5,16.7,494.0,2.9,35
2025-05-03T16:00Z,23.3,15.3,706.0,2.93,25
2025-05-03T17:00Z,24.7,13.6,859.0,3.31,7
2025-05-03T18:00Z,25.5,11.9,957.0,3.5,63
2025-05-03T19:00Z,25.8,10.2,975.0,3.4,67
2025-05-03T20:00Z,26.1,8.9,938.0,3.08,97
2025-05-03T21:00Z,26.1,9.2,822.0,2.85,95
2025-05-03T22:00Z,25.9,9.1,662.0,3.07,72
2025-05-03T23:00Z,25.2,9.3,465.0,2.89,0
2025-05-04T00:00Z,24.1,11.2,246.0,1.94,0
2025-05-04T01:00Z,21.7,11.8,56.0,1.77,0
2025-05-04T02:00Z,20.7,12.0,0.0,2.2,1
2025-05-04T03:00Z,19.5,12.0,0.0,2.25,0
2025-05-04T04:00Z,18.5,11.7,0.0,2.19,0
2025-05-04T05:00Z,17.7,11.6,0.0,2.67,0
2025-05-04T06:00Z,17.1,11.6,0.0,2.91,0
2025-05-04T07:00Z,16.6,11.7,0.0,2.63,0
2025-05-04T08:00Z,16.2,11.9,0.0,2.56,0
2025-05-04T09:00Z,15.8,11.8,0.0,2.3,0
2025-05-04T10:00Z,15.4,11.5,0.0,1.95,24
2025-05-04T11:00Z,15.1,11.3,0.0,2.02,28
2025-05-04T12:00Z,14.9,11.4,5.0,1.68,23
2025-05-04T13:00Z,16.4,12.6,119.0,1.73,2
2025-05-04T14:00Z,18.4,12.8,332.0,1.66,1
2025-05-04T15:00Z,20.5,12.9,551.0,1.91,0
2025-05-04T16:00Z,22.4,11.8,742.0,2.2,0
2025-05-04T17:00Z,23.7,11.0,886.0,2.0,0
2025-05-04T18:00Z,24.7,10.8,972.0,1.86,0
2025-05-04T19:00Z,25.5,10.8,991.0,1.88,0
2025-05-04T20:00Z,26.1,10.7,943.0,1.88,0
2025-05-04T21:00Z,26.5,10.3,832.0,1.88,0
2025-05-04T22:00Z,26.6,10.4,667.0,2.02,0
2025-05-04T23:00Z,26.1,10.8,462.0,2.08,0
2025-05-05T00:00Z,25.3,11.7,242.0,1.76,2
2025-05-05T01:00Z,23.1,13.7,55.0,1.19,2
2025-05-05T02:00Z,21.5,14.0,0.0,2.58,1
2025-05-05T03:00Z,20.3,14.2,0.0,1.91,2
2025-05-05T04:00Z,19.7,14.7,0.0,1.5,2
2025-05-05T05:00Z,19.1,15.2,0.0,1.03,1
2025-05-05T06:00Z,19.0,14.7,0.0,1.58,0
2025-05-05T07:00Z,18.6,14.9,0.0,2.12,8
2025-05-05T08:00Z,18.2,15.1,0.0,2.21,0
2025-05-05T09:00Z,17.8,14.1,0.0,2.5,11
2025-05-05T10:00Z,17.2,13.0,0.0,2.17,2
2025-05-05T11:00Z,16.6,12.2,0.0,2.26,92
2025-05-05T12:00Z,16.8,11.9,4.0,2.85,98
2025-05-05T13:00Z,17.8,13.4,97.0,3.02,31
2025-05-05T14:00Z,20.4,14.5,284.0,3.21,21
2025-05-05T15:00Z,23.2,15.6,495.0,3.53,26
2025-05-05T16:00Z,25.4,15.9,638.0,4.78,91
2025-05-05T17:00Z,24.7,17.3,465.0,3.65,100
2025-05-05T18:00Z,23.3,18.3,298.0,4.54,100
2025-05-05T19:00Z,24.0,17.3,453.0,5.48,92
2025-05-05T20:00Z,24.2,17.9,688.0,6.05,100
2025-05-05T21:00Z,23.3,18.0,333.0,5.28,100
2025-05-05T22:00Z,23.0,19.2,207.0,3.57,100
2025-05-05T23:00Z,21.5,20.3,103.0,3.94,100
2025-05-06T00:00Z,21.4,20.1,39.0,4.97,99
2025-05-06T01:00Z,20.2,19.7,9.0,3.83,100
2025-05-06T02:00Z,19.9,19.4,0.0,3.59,100
2025-05-06T03:00Z,20.2,19.4,0.0,2.8,100
2025-05-06T04:00Z,19.9,19.1,0.0,3.28,100
2025-05-06T05:00Z,19.5,18.8,0.0,3.68,100
2025-05-06T06:00Z,19.2,18.7,0.0,2.9,100
2025-05-06T07:00Z,19.9,19.3,0.0,2.45,100
2025-05-06T08:00Z,21.7,20.8,0.0,4.43,100
2025-05-06T09:00Z,22.4,21.1,0.0,4.6,95
2025-05-06T10:00Z,22.5,21.5,0.0,3.87,100
2025-05-06T11:00Z,22.7,21.7,0.0,4.34,100
2025-05-06T12:00Z,22.9,21.8,1.0,3.91,100
2025-05-06T13:00Z,24.0,22.7,44.0,5.09,98
2025-05-06T14:00Z,23.7,22.4,74.0,4.88,97
2025-05-06T15:00Z,24.6,22.6,176.0,6.55,100
2025-05-06T16:00Z,25.5,23.0,279.0,5.73,100
2025-05-06T17:00Z,26.0,22.7,261.0,5.2,100
2025-05-06T18:00Z,23.3,21.6,139.0,1.91,100
2025-05-06T19:00Z,23.1,22.0,138.0,2.46,100
2025-05-06T20:00Z,23.2,21.9,93.0,4.35,100
2025-05-06T21:00Z,22.9,21.3,171.0,4.31,100
2025-05-06T22:00Z,21.9,21.6,118.0,2.71,100
2025-05-06T23:00Z,21.9,21.6,60.0,3.69,100
2025-05-07T00:00Z,22.2,21.2,154.0,4.0,69
2025-05-07T01:00Z,21.8,21.3,11.0,2.26,100
2025-05-07T02:00Z,21.7,21.2,0.0,1.45,88
2025-05-07T03:00Z,21.0,20.6,0.0,0.82,21
2025-05-07T04:00Z,20.6,20.1,0.0,0.42,19
2025-05-07T05:00Z,20.7,20.4,0.0,2.16,42
2025-05-07T06:00Z,20.6,20.3,0.0,1.5,2
2025-05-07T07:00Z,20.3,20.1,0.0,1.94,16
2025-05-07T08:00Z,20.3,20.0,0.0,1.84,100
2025-05-07T09:00Z,20.9,20.3,0.0,1.57,100
2025-05-07T10:00Z,21.1,20.5,0.0,1.74,100
2025-05-07T11:00Z,21.0,20.6,0.0,0.57,100
2025-05-07T12:00Z,21.2,20.8,3.0,1.84,100
2025-05-07T13:00Z,20.7,20.2,12.0,1.84,100
2025-05-07T14:00Z,20.5,20.2,10.0,3.29,100
2025-05-07T15:00Z,21.9,20.4,192.0,3.2,26
2025-05-07T16:00Z,24.8,20.7,686.0,1.72,9
2025-05-07T17:00Z,26.7,20.3,842.0,1.45,4
2025-05-07T18:00Z,27.9,20.9,949.0,1.58,2
2025-05-07T19:00Z,28.6,20.9,958.0,1.62,16
2025-05-07T20:00Z,28.6,20.4,854.0,2.51,26
2025-05-07T21:00Z,27.5,21.0,713.0,2.97,30
2025-05-07T22:00Z,27.1,18.9,519.0,3.2,27
2025-05-07T23:00Z,26.1,19.8,384.0,3.24,24
2025-05-08T00:00Z,25.3,20.7,211.0,2.3,10
2025-05-08T01:00Z,24.1,20.3,55.0,1.79,2
2025-05-08T02:00Z,23.2,20.0,0.0,2.34,3
2025-05-08T03:00Z,22.5,20.1,0.0,2.3,3
2025-05-08T04:00Z,22.1,20.7,0.0,2.25,4
2025-05-08T05:00Z,21.6,20.6,0.0,1.74,4
2025-05-08T06:00Z,21.1,20.3,0.0,1.15,1
2025-05-08T07:00Z,20.3,19.8,0.0,0.4,1
2025-05-08T08:00Z,20.0,19.8,0.0,1.23,30
2025-05-08T09:00Z,19.3,19.2,0.0,0.85,54
2025-05-08T10:00Z,19.1,19.1,0.0,1.4,100
2025-05-08T11:00Z,19.0,18.9,0.0,1.5,100
2025-05-08T12:00Z,19.1,19.1,5.0,1.7,100
2025-05-08T13:00Z,20.5,20.0,109.0,1.94,48
2025-05-08T14:00Z,22.3,20.8,308.0,1.87,21
2025-05-08T15:00Z,24.3,20.8,520.0,1.84,6
2025-05-08T16:00Z,25.9,20.4,708.0,2.24,0
2025-05-08T17:00Z,27.0,20.4,859.0,3.24,29
2025-05-08T18:00Z,26.1,20.1,798.0,2.9,62
2025-05-08T19:00Z,26.1,20.5,677.0,2.4,53
2025-05-08T20:00Z,26.9,20.7,783.0,2.58,18
2025-05-08T21:00Z,27.3,20.5,777.0,2.83,62
2025-05-08T22:00Z,27.3,20.4,530.0,2.28,85
2025-05-08T23:00Z,22.2,19.7,228.0,1.17,100
2025-05-09T00:00Z,22.1,19.9,26.0,1.33,100
2025-05-09T01:00Z,22.3,20.0,17.0,1.42,100
2025-05-09T02:00Z,22.1,20.4,0.0,0.35,100
2025-05-09T03:00Z,21.7,20.2,0.0,2.27,100
2025-05-09T04:00Z,20.2,18.6,0.0,2.19,100
2025-05-09T05:00Z,20.3,19.1,0.0,1.91,100
2025-05-09T06:00Z,19.9,19.2,0.0,1.84,100
2025-05-09T07:00Z,19.9,19.3,0.0,3.8,100
2025-05-09T08:00Z,19.7,18.5,0.0,4.46,100
2025-05-09T09:00Z,19.4,17.6,0.0,3.8,100
2025-05-09T10:00Z,18.9,17.3,0.0,3.63,29
2025-05-09T11:00Z,18.4,16.8,0.0,3.06,40
2025-05-09T12:00Z,18.4,16.6,6.0,2.4,40
2025-05-09T13:00Z,19.6,17.7,54.0,1.45,93
2025-05-09T14:00Z,20.0,17.9,123.0,2.72,73
2025-05-09T15:00Z,21.9,17.1,435.0,2.95,2
2025-05-09T16:00Z,23.6,16.4,713.0,3.0,9
2025-05-09T17:00Z,24.8,15.8,839.0,3.27,18
2025-05-09T18:00Z,25.7,15.3,886.0,2.95,19
2025-05-09T19:00Z,26.4,14.5,898.0,2.82,18
2025-05-09T20:00Z,26.7,13.8,869.0,3.63,24
2025-05-09T21:00Z,26.7,14.4,751.0,3.41,14
2025-05-09T22:00Z,26.6,14.0,612.0,3.58,7
2025-05-09T23:00Z,25.8,14.6,438.0,3.51,9
2025-05-10T00:00Z,24.7,15.5,230.0,2.69,12
2025-05-10T01:00Z,23.2,15.5,55.0,2.41,25
2025-05-10T02:00Z,22.4,15.4,0.0,2.5,47
2025-05-10T03:00Z,21.4,16.4,0.0,2.4,41
2025-05-10T04:00Z,20.8,17.6,0.0,2.33,21
2025-05-10T05:00Z,20.1,17.6,0.0,1.77,0
2025-05-10T06:00Z,19.5,17.5,0.0,2.1,0
2025-05-10T07:00Z,18.9,17.4,0.0,2.07,0
2025-05-10T08:00Z,18.5,17.2,0.0,2.22,0
2025-05-10T09:00Z,18.1,16.9,0.0,2.5,0
2025-05-10T10:00Z,17.8,16.8,0.0,2.43,1
2025-05-10T11:00Z,17.6,16.5,0.0,2.29,0
2025-05-10T12:00Z,17.5,16.3,7.0,2.49,0
2025-05-10T13:00Z,18.7,16.9,123.0,2.04,0
2025-05-10T14:00Z,20.2,17.3,325.0,2.64,0
2025-05-10T15:00Z,22.0,17.1,536.0,2.8,8
2025-05-10T16:00Z,23.3,15.9,696.0,3.36,12
2025-05-10T17:00Z,24.5,16.2,819.0,3.42,18
2025-05-10T18:00Z,25.3,16.0,853.0,3.43,22
2025-05-10T19:00Z,25.6,15.4,832.0,3.73,34
2025-05-10T20:00Z,26.3,15.1,818.0,3.91,100
2025-05-10T21:00Z,24.4,13.1,396.0,4.6,96
2025-05-10T22:00Z,24.3,13.7,322.0,3.46,68
2025-05-10T23:00Z,25.1,14.1,347.0,3.35,29
2025-05-11T00:00Z,23.7,14.8,222.0,2.64,49
2025-05-11T01:00Z,22.3,14.1,45.0,2.6,73
2025-05-11T02:00Z,21.3,14.4,0.0,2.77,42
2025-05-11T03:00Z,20.2,15.4,0.0,1.32,56
2025-05-11T04:00Z,20.0,15.2,0.0,1.83,30
2025-05-11T05:00Z,19.4,14.8,0.0,2.64,7
2025-05-11T06:00Z,18.6,14.7,0.0,2.95,0
2025-05-11T07:00Z,17.4,13.7,0.0,1.55,6
2025-05-11T08:00Z,16.6,13.2,0.0,0.54,16
2025-05-11T09:00Z,16.3,13.2,0.0,1.44,100
2025-05-11T10:00Z,16.8,12.7,0.0,1.68,100
2025-05-11T11:00Z,16.7,12.6,0.0,1.54,98
2025-05-11T12:00Z,16.7,12.7,3.0,1.71,100
2025-05-11T13:00Z,17.3,13.8,81.0,1.59,99
2025-05-11T14:00Z,18.8,13.6,233.0,2.11,96
2025-05-11T15:00Z,20.6,13.4,422.0,2.61,65
2025-05-11T16:00Z,22.6,14.0,698.0,3.35,100
2025-05-11T17:00Z,23.2,12.3,576.0,4.04,100
2025-05-11T18:00Z,22.3,11.4,310.0,3.99,94
2025-05-11T19:00Z,23.8,9.9,702.0,4.26,100
2025-05-11T20:00Z,23.5,10.1,436.0,3.97,100
2025-05-11T21:00Z,23.1,9.4,289.0,3.81,89
2025-05-11T22:00Z,24.3,9.4,488.0,3.9,7
2025-05-11T23:00Z,25.2,10.0,449.0,4.0,62
2025-05-12T00:00Z,23.5,13.2,148.0,1.26,100
2025-05-12T01:00Z,22.0,12.9,22.0,3.82,90
2025-05-12T02:00Z,18.7,14.3,0.0,1.98,96
2025-05-12T03:00Z,18.3,14.9,0.0,0.96,98
2025-05-12T04:00Z,18.4,15.1,0.0,0.9,12
2025-05-12T05:00Z,17.3,14.7,0.0,0.92,9
2025-05-12T06:00Z,16.9,14.5,0.0,0.85,0
2025-05-12T07:00Z,16.4,14.3,0.0,0.93,0
2025-05-12T08:00Z,16.0,14.1,0.0,1.1,0
2025-05-12T09:00Z,15.5,13.9,0.0,0.81,1
2025-05-12T10:00Z,15.3,13.8,0.0,1.1,0
2025-05-12T11:00Z,15.0,13.7,0.0,0.97,0
2025-05-12T12:00Z,15.3,13.9,8.0,0.92,0
2025-05-12T13:00Z,17.2,14.9,128.0,1.25,0
2025-05-12T14:00Z,19.2,15.3,330.0,1.36,0
2025-05-12T15:00Z,21.2,15.2,541.0,1.93,0
2025-05-12T16:00Z,23.0,15.4,727.0,2.02,0
2025-05-12T17:00Z,24.6,15.1,869.0,2.52,10
2025-05-12T18:00Z,26.2,14.2,923.0,3.58,25
2025-05-12T19:00Z,27.2,13.5,892.0,3.56,10
2025-05-12T20:00Z,28.1,13.1,913.0,3.38,4
2025-05-12T21:00Z,28.4,13.1,811.0,3.11,0
2025-05-12T22:00Z,28.5,13.1,665.0,2.07,73
2025-05-12T23:00Z,28.4,12.9,464.0,1.16,33
2025-05-13T00:00Z,27.9,17.3,250.0,0.21,6
2025-05-13T01:00Z,25.2,18.1,65.0,0.55,23
2025-05-13T02:00Z,23.4,17.5,0.0,2.14,100
2025-05-13T03:00Z,21.8,18.2,0.0,2.37,100
2025-05-13T04:00Z,21.4,18.2,0.0,2.53,99
2025-05-13T05:00Z,21.2,18.6,0.0,2.53,68
2025-05-13T06:00Z,20.8,18.9,0.0,2.66,39
2025-05-13T07:00Z,20.7,19.1,0.0,2.68,2
2025-05-13T08:00Z,20.6,19.4,0.0,2.68,0
2025-05-13T09:00Z,20.7,19.8,0.0,2.72,0
2025-05-13T10:00Z,20.7,20.0,0.0,2.96,0
2025-05-13T11:00Z,20.8,20.2,0.0,2.86,0
2025-05-13T12:00Z,20.9,20.4,9.0,2.92,0
2025-05-13T13:00Z,22.9,22.4,57.0,3.1,100
2025-05-13T14:00Z,24.8,22.1,202.0,3.88,53
2025-05-13T15:00Z,27.0,22.2,460.0,3.56,3
2025-05-13T16:00Z,29.0,22.3,719.0,3.8,3
2025-05-13T17:00Z,30.9,21.4,861.0,4.17,0
2025-05-13T18:00Z,32.2,20.6,951.0,4.79,0
2025-05-13T19:00Z,33.1,19.2,971.0,5.09,1
2025-05-13T20:00Z,33.3,18.2,925.0,5.11,1
2025-05-13T21:00Z,33.0,18.0,818.0,5.29,1
2025-05-13T22:00Z,32.1,18.2,660.0,5.31,0
2025-05-13T23:00Z,30.8,18.3,465.0,5.35,5
2025-05-14T00:00Z,28.9,19.0,252.0,5.1,0
2025-05-14T01:00Z,27.2,20.1,65.0,4.6,47
2025-05-14T02:00Z,25.9,20.7,0.0,4.5,93
2025-05-14T03:00Z,25.1,20.5,0.0,4.72,96
2025-05-14T04:00Z,24.6,20.1,0.0,4.7,97
2025-05-14T05:00Z,24.4,19.4,0.0,4.54,75
2025-05-14T06:00Z,24.1,19.0,0.0,4.69,98
2025-05-14T07:00Z,23.9,18.9,0.0,4.94,100
2025-05-14T08:00Z,23.8,18.9,0.0,4.93,100
2025-05-14T09:00Z,23.7,18.9,0.0,4.85,97
2025-05-14T10:00Z,23.6,19.0,0.0,4.7,100
2025-05-14T11:00Z,23.6,19.1,0.0,4.71,79
2025-05-14T12:00Z,23.7,19.2,9.0,4.77,97
2025-05-14T13:00Z,24.7,22.1,115.0,3.87,95
2025-05-14T14:00Z,26.0,22.2,201.0,4.19,99
2025-05-14T15:00Z,27.9,22.0,384.0,4.58,49
2025-05-14T16:00Z,30.0,21.8,713.0,4.54,40
2025-05-14T17:00Z,31.7,20.4,860.0,4.62,70
2025-05-14T18:00Z,33.1,18.7,944.0,4.73,46
2025-05-14T19:00Z,34.0,17.6,969.0,5.17,0
2025-05-14T20:00Z,34.0,17.4,926.0,5.65,23
2025-05-14T21:00Z,33.3,18.0,819.0,5.83,25
2025-05-14T22:00Z,32.5,18.0,659.0,5.66,39
2025-05-14T23:00Z,31.2,18.9,462.0,5.5,90
2025-05-15T00:00Z,29.5,19.9,232.0,4.9,96
2025-05-15T01:00Z,27.6,21.1,65.0,4.12,71
2025-05-15T02:00Z,26.3,21.4,0.0,3.96,4
2025-05-15T03:00Z,25.3,21.8,0.0,4.06,64
2025-05-15T04:00Z,24.8,21.8,0.0,3.98,16
2025-05-15T05:00Z,24.5,21.8,0.0,4.12,91
2025-05-15T06:00Z,24.3,21.8,0.0,4.45,39
2025-05-15T07:00Z,24.2,22.1,0.0,4.56,63
2025-05-15T08:00Z,24.2,22.0,0.0,4.36,16
2025-05-15T09:00Z,24.1,21.8,0.0,4.25,15
2025-05-15T10:00Z,24.1,22.0,0.0,4.1,5
2025-05-15T11:00Z,24.1,22.1,0.0,4.16,26
2025-05-15T12:00Z,24.5,22.1,10.0,4.11,88
2025-05-15T13:00Z,25.7,23.4,98.0,3.41,100
2025-05-15T14:00Z,26.7,23.5,195.0,4.67,100
2025-05-15T15:00Z,29.1,23.0,396.0,5.86,91
2025-05-15T16:00Z,30.8,22.4,522.0,5.57,43
2025-05-15T17:00Z,32.5,21.6,740.0,5.47,13
2025-05-15T18:00Z,33.8,21.1,891.0,5.11,29
2025-05-15T19:00Z,34.1,21.2,895.0,5.3,42
2025-05-15T20:00Z,34.3,21.2,906.0,5.93,53
2025-05-15T21:00Z,33.9,21.5,816.0,5.78,97
2025-05-15T22:00Z,32.6,22.2,635.0,5.13,98
2025-05-15T23:00Z,30.9,22.6,433.0,4.96,100
2025-05-16T00:00Z,29.4,23.1,175.0,3.69,85
2025-05-16T01:00Z,29.2,23.4,57.0,3.66,100
2025-05-16T02:00Z,27.4,24.3,0.0,3.66,26
2025-05-16T03:00Z,26.8,24.4,0.0,3.55,100
2025-05-16T04:00Z,26.9,24.4,0.0,4.17,100
2025-05-16T05:00Z,26.6,24.5,0.0,3.46,100
2025-05-16T06:00Z,26.5,24.4,0.0,4.52,100
2025-05-16T07:00Z,26.4,24.2,0.0,4.52,100
2025-05-16T08:00Z,26.2,24.3,0.0,3.97,100
2025-05-16T09:00Z,26.2,24.2,0.0,3.5,100
2025-05-16T10:00Z,26.0,24.1,0.0,3.71,100
2025-05-16T11:00Z,25.9,24.1,0.0,3.48,100
2025-05-16T12:00Z,25.9,24.0,4.0,3.53,100
2025-05-16T13:00Z,26.7,23.6,60.0,4.19,76
2025-05-16T14:00Z,28.1,23.5,286.0,5.16,54
2025-05-16T15:00Z,29.5,23.2,495.0,5.25,39
2025-05-16T16:00Z,31.1,22.3,665.0,5.35,54
2025-05-16T17:00Z,32.2,21.4,715.0,5.76,75
2025-05-16T18:00Z,33.2,20.7,709.0,5.56,45
2025-05-16T19:00Z,34.0,20.5,781.0,5.3,39
2025-05-16T20:00Z,34.9,19.9,787.0,5.16,83
2025-05-16T21:00Z,34.1,20.5,571.0,5.28,91
2025-05-16T22:00Z,33.9,20.6,555.0,5.48,99
2025-05-16T23:00Z,32.9,20.6,292.0,4.86,100
2025-05-17T00:00Z,31.7,22.1,217.0,4.52,99
2025-05-17T01:00Z,28.6,24.1,52.0,4.16,99
2025-05-17T02:00Z,27.7,24.4,0.0,4.11,92
2025-05-17T03:00Z,26.9,24.7,0.0,3.05,35
2025-05-17T04:00Z,26.5,24.7,0.0,2.67,47
2025-05-17T05:00Z,26.2,24.7,0.0,1.84,100
2025-05-17T06:00Z,26.1,24.7,0.0,2.13,100
2025-05-17T07:00Z,25.8,24.6,0.0,3.51,27
2025-05-17T08:00Z,25.2,24.3,0.0,3.94,16
2025-05-17T09:00Z,25.0,24.2,0.0,4.09,100
2025-05-17T10:00Z,25.1,24.1,0.0,3.5,100
2025-05-17T11:00Z,25.0,24.0,0.0,2.63,100
2025-05-17T12:00Z,25.2,24.0,7.0,2.36,100
2025-05-17T13:00Z,26.6,24.0,69.0,3.0,49
2025-05-17T14:00Z,28.1,23.5,283.0,2.72,31
2025-05-17T15:00Z,29.7,23.1,479.0,2.12,35
2025-05-17T16:00Z,31.3,22.6,635.0,2.31,53
2025-05-17T17:00Z,32.7,21.9,727.0,2.71,55
2025-05-17T18:00Z,34.1,21.2,796.0,3.24,77
2025-05-17T19:00Z,34.4,20.7,771.0,3.63,81
2025-05-17T20:00Z,34.1,20.2,653.0,3.85,79
2025-05-17T21:00Z,34.9,20.0,636.0,3.91,70
2025-05-17T22:00Z,32.8,21.4,474.0,5.3,54
2025-05-17T23:00Z,30.9,22.1,350.0,4.97,82
2025-05-18T00:00Z,29.5,22.4,219.0,4.72,95
2025-05-18T01:00Z,28.2,22.9,53.0,4.92,92
2025-05-18T02:00Z,27.3,23.6,0.0,4.72,79
2025-05-18T03:00Z,26.8,23.9,0.0,3.92,96
2025-05-18T04:00Z,26.3,24.4,0.0,4.14,100
2025-05-18T05:00Z,26.4,24.4,0.0,4.89,100
2025-05-18T06:00Z,26.2,24.7,0.0,4.73,100
2025-05-18T07:00Z,26.1,24.6,0.0,4.64,100
2025-05-18T08:00Z,26.0,24.4,0.0,4.67,100
2025-05-18T09:00Z,25.9,24.3,0.0,3.34,100
2025-05-18T10:00Z,25.9,24.2,0.0,3.03,100
2025-05-18T11:00Z,25.8,24.1,0.0,3.06,100
2025-05-18T12:00Z,25.6,23.9,6.0,3.28,100
2025-05-18T13:00Z,26.9,23.8,120.0,3.64,65
2025-05-18T14:00Z,28.5,23.2,274.0,4.43,62
2025-05-18T15:00Z,30.0,22.5,457.0,4.65,57
2025-05-18T16:00Z,31.6,21.6,628.0,4.78,85
2025-05-18T17:00Z,32.9,21.0,823.0,4.61,75
2025-05-18T18:00Z,33.5,21.0,870.0,5.07,36
2025-05-18T19:00Z,33.9,20.7,933.0,5.23,98
2025-05-18T20:00Z,33.0,20.4,701.0,5.36,95
2025-05-18T21:00Z,32.3,20.1,545.0,5.42,29
2025-05-18T22:00Z,31.6,21.3,592.0,5.79,15
2025-05-18T23:00Z,30.8,21.1,447.0,5.71,56
2025-05-19T00:00Z,29.4,21.4,222.0,5.57,40
2025-05-19T01:00Z,28.1,21.9,56.0,4.4,76
2025-05-19T02:00Z,27.5,22.7,0.0,5.36,86
2025-05-19T03:00Z,26.7,24.0,0.0,5.54,89
2025-05-19T04:00Z,26.4,24.7,0.0,5.34,78
2025-05-19T05:00Z,26.5,24.7,0.0,4.7,100
2025-05-19T06:00Z,26.7,24.4,0.0,4.46,100
2025-05-19T07:00Z,26.4,24.4,0.0,4.31,98
2025-05-19T08:00Z,26.1,24.3,0.0,4.46,100
2025-05-19T09:00Z,26.0,24.1,0.0,4.16,100
2025-05-19T10:00Z,25.7,23.8,0.0,4.55,99
2025-05-19T11:00Z,25.3,23.5,0.0,4.63,49
2025-05-19T12:00Z,25.4,23.2,10.0,5.06,35
2025-05-19T13:00Z,26.4,23.5,132.0,3.97,31
2025-05-19T14:00Z,27.9,22.8,318.0,5.79,66
2025-05-19T15:00Z,29.4,22.4,517.0,5.9,100
2025-05-19T16:00Z,30.4,22.5,689.0,5.63,73
2025-05-19T17:00Z,31.3,22.4,822.0,5.23,47
2025-05-19T18:00Z,31.8,22.1,874.0,5.94,89
2025-05-19T19:00Z,31.4,21.0,686.0,6.02,44
2025-05-19T20:00Z,32.4,20.7,771.0,6.41,80
2025-05-19T21:00Z,32.2,21.3,773.0,7.36,60
2025-05-19T22:00Z,31.8,21.5,484.0,6.68,75
2025-05-19T23:00Z,31.0,21.7,358.0,5.89,64
2025-05-20T00:00Z,30.1,22.4,218.0,5.32,80
2025-05-20T01:00Z,28.0,23.7,46.0,5.22,100
2025-05-20T02:00Z,27.2,24.2,0.0,5.39,90
2025-05-20T03:00Z,26.8,24.1,0.0,4.42,31
2025-05-20T04:00Z,26.6,24.1,0.0,3.97,22
2025-05-20T05:00Z,26.3,24.1,0.0,3.78,33
2025-05-20T06:00Z,26.1,24.0,0.0,4.23,15
2025-05-20T07:00Z,25.8,24.0,0.0,3.61,42
2025-05-20T08:00Z,25.6,24.0,0.0,3.71,97
2025-05-20T09:00Z,25.7,24.1,0.0,4.16,100
2025-05-20T10:00Z,25.9,24.1,0.0,3.61,100
2025-05-20T11:00Z,26.0,24.2,0.0,2.07,100
2025-05-20T12:00Z,26.1,24.2,4.0,2.17,100
2025-05-20T13:00Z,26.6,24.5,32.0,2.56,91
2025-05-20T14:00Z,28.1,24.3,183.0,3.79,57
2025-05-20T15:00Z,29.9,24.0,423.0,3.74,55
2025-05-20T16:00Z,31.2,23.7,553.0,3.84,70
2025-05-20T17:00Z,32.3,23.4,675.0,3.31,80
2025-05-20T18:00Z,33.2,23.5,740.0,2.62,100
2025-05-20T19:00Z,29.8,23.0,397.0,3.72,90
2025-05-20T20:00Z,31.0,22.7,495.0,2.79,47
2025-05-20T21:00Z,30.9,22.6,646.0,1.77,80
2025-05-20T22:00Z,30.0,23.1,442.0,1.17,62
2025-05-20T23:00Z,30.0,23.3,331.0,0.82,37
2025-05-21T00:00Z,30.0,23.5,218.0,0.87,23
2025-05-21T01:00Z,29.9,23.9,64.0,2.66,13
2025-05-21T02:00Z,28.8,24.4,0.0,1.1,2
2025-05-21T03:00Z,28.0,24.5,0.0,1.83,14
2025-05-21T04:00Z,27.6,24.0,0.0,1.79,28
2025-05-21T05:00Z,27.0,23.8,0.0,2.42,27
2025-05-21T06:00Z,26.5,19.1,0.0,3.1,19
2025-05-21T07:00Z,25.3,17.3,0.0,3.23,37
2025-05-21T08:00Z,24.8,17.9,0.0,3.38,61
2025-05-21T09:00Z,24.5,17.6,0.0,3.36,42
2025-05-21T10:00Z,24.0,17.1,0.0,3.07,35
2025-05-21T11:00Z,23.1,17.0,0.0,3.15,40
2025-05-21T12:00Z,22.3,17.8,10.0,3.05,28
2025-05-21T13:00Z,22.0,19.2,28.0,3.58,69
2025-05-21T14:00Z,22.7,17.8,212.0,2.73,26
2025-05-21T15:00Z,24.9,17.9,487.0,3.31,44
2025-05-21T16:00Z,27.1,16.9,682.0,3.2,57
2025-05-21T17:00Z,28.4,17.3,774.0,2.86,16
2025-05-21T18:00Z,29.1,19.1,916.0,2.81,5
2025-05-21T19:00Z,29.7,20.9,963.0,3.03,79
2025-05-21T20:00Z,29.8,21.2,877.0,2.84,88
2025-05-21T21:00Z,29.7,21.2,678.0,2.42,47
2025-05-21T22:00Z,29.7,21.5,587.0,2.67,45
2025-05-21T23:00Z,28.8,21.9,393.0,3.38,36
2025-05-22T00:00Z,27.3,22.2,240.0,2.83,71
2025-05-22T01:00Z,26.0,23.2,30.0,1.66,86
2025-05-22T02:00Z,25.3,23.3,0.0,1.47,97
2025-05-22T03:00Z,25.1,23.5,0.0,1.27,100
2025-05-22T04:00Z,24.9,23.5,0.0,1.35,34
2025-05-22T05:00Z,24.5,23.3,0.0,1.98,78
2025-05-22T06:00Z,24.2,23.2,0.0,2.28,30
2025-05-22T07:00Z,23.9,23.0,0.0,2.25,64
2025-05-22T08:00Z,23.5,22.7,0.0,2.16,100
2025-05-22T09:00Z,23.5,22.7,0.0,1.96,100
2025-05-22T10:00Z,23.8,22.9,0.0,1.76,100
2025-05-22T11:00Z,24.0,23.1,0.0,1.46,90
2025-05-22T12:00Z,23.8,23.1,10.0,1.53,12
2025-05-22T13:00Z,24.5,23.0,93.0,1.57,21
2025-05-22T14:00Z,25.7,23.6,275.0,1.74,19
2025-05-22T15:00Z,27.5,23.4,474.0,2.77,61
2025-05-22T16:00Z,28.5,23.2,571.0,2.44,58
2025-05-22T17:00Z,29.5,23.3,699.0,2.36,33
2025-05-22T18:00Z,30.6,23.2,865.0,2.37,25
2025-05-22T19:00Z,31.2,22.6,885.0,2.57,19
2025-05-22T20:00Z,31.6,22.2,889.0,3.06,19
2025-05-22T21:00Z,30.8,22.5,765.0,3.86,38
2025-05-22T22:00Z,29.3,23.4,545.0,4.21,41
2025-05-22T23:00Z,28.2,23.3,359.0,3.86,16
2025-05-23T00:00Z,27.5,23.2,237.0,3.04,12
2025-05-23T01:00Z,27.4,24.4,66.0,2.48,42
2025-05-23T02:00Z,26.6,24.8,1.0,2.16,18
2025-05-23T03:00Z,25.9,24.9,0.0,2.06,20
2025-05-23T04:00Z,25.5,24.9,0.0,1.59,91
2025-05-23T05:00Z,25.2,24.8,0.0,1.11,100
2025-05-23T06:00Z,25.3,24.9,0.0,1.84,100
2025-05-23T07:00Z,25.2,24.9,0.0,1.25,100
2025-05-23T08:00Z,25.0,24.7,0.0,0.74,100
2025-05-23T09:00Z,25.1,24.7,0.0,0.81,100
2025-05-23T10:00Z,25.1,24.7,0.0,1.83,100
2025-05-23T11:00Z,24.9,24.5,0.0,2.35,100
2025-05-23T12:00Z,25.0,24.4,8.0,2.44,100
2025-05-23T13:00Z,24.7,23.5,81.0,1.6,100
2025-05-23T14:00Z,25.6,24.4,133.0,0.99,100
2025-05-23T15:00Z,27.5,24.2,484.0,1.68,23
2025-05-23T16:00Z,29.0,24.3,651.0,2.49,92
2025-05-23T17:00Z,30.5,23.9,838.0,2.9,29
2025-05-23T18:00Z,31.3,23.7,902.0,2.93,17
2025-05-23T19:00Z,31.5,23.5,906.0,3.27,28
2025-05-23T20:00Z,30.3,23.6,794.0,3.72,73
2025-05-23T21:00Z,28.1,23.6,535.0,4.54,85
2025-05-23T22:00Z,27.9,23.7,406.0,4.49,88
2025-05-23T23:00Z,27.8,23.9,208.0,3.31,76
2025-05-24T00:00Z,27.3,24.1,157.0,3.07,58
2025-05-24T01:00Z,26.7,24.1,66.0,2.3,51
2025-05-24T02:00Z,26.2,24.5,1.0,2.46,68
2025-05-24T03:00Z,25.7,24.2,0.0,2.44,48
2025-05-24T04:00Z,25.4,24.1,0.0,2.44,5
2025-05-24T05:00Z,25.1,24.2,0.0,2.45,10
2025-05-24T06:00Z,25.0,24.1,0.0,2.79,30
2025-05-24T07:00Z,25.0,24.1,0.0,3.19,12
2025-05-24T08:00Z,25.0,24.1,0.0,3.06,19
2025-05-24T09:00Z,24.9,24.1,0.0,2.87,67
2025-05-24T10:00Z,24.9,24.3,0.0,2.76,100
2025-05-24T11:00Z,25.2,24.6,0.0,2.51,100
2025-05-24T12:00Z,25.5,24.7,9.0,2.4,100
2025-05-24T13:00Z,26.7,25.0,132.0,2.81,39
2025-05-24T14:00Z,27.8,24.8,310.0,3.48,21
2025-05-24T15:00Z,29.2,24.4,496.0,3.87,18
2025-05-24T16:00Z,30.1,23.9,661.0,4.67,47
2025-05-24T17:00Z,29.4,24.5,665.0,3.97,13
2025-05-24T18:00Z,30.7,25.4,819.0,4.01,100
2025-05-24T19:00Z,29.3,23.5,592.0,4.79,71
2025-05-24T20:00Z,29.6,24.1,624.0,3.65,48
2025-05-24T21:00Z,30.4,23.8,671.0,5.15,62
2025-05-24T22:00Z,29.7,24.0,543.0,4.73,35
2025-05-24T23:00Z,29.8,23.8,421.0,4.94,48
2025-05-25T00:00Z,28.6,24.2,230.0,4.37,67
2025-05-25T01:00Z,27.7,23.7,66.0,3.85,54
2025-05-25T02:00Z,26.5,24.4,1.0,3.4,40
2025-05-25T03:00Z,26.2,24.7,0.0,3.54,56
2025-05-25T04:00Z,26.0,24.7,0.0,3.42,63
2025-05-25T05:00Z,25.7,24.7,0.0,3.37,100
2025-05-25T06:00Z,25.9,24.8,0.0,3.67,100
2025-05-25T07:00Z,26.1,24.9,0.0,3.46,100
2025-05-25T08:00Z,26.1,24.9,0.0,3.26,100
2025-05-25T09:00Z,26.1,24.9,0.0,3.83,100
2025-05-25T10:00Z,26.0,24.7,0.0,3.77,62
2025-05-25T11:00Z,25.9,24.5,0.0,3.36,79
2025-05-25T12:00Z,25.9,24.5,8.0,2.48,53
2025-05-25T13:00Z,25.7,24.2,103.0,2.24,90
2025-05-25T14:00Z,27.3,24.5,219.0,3.51,53
2025-05-25T15:00Z,28.9,24.4,403.0,3.97,28
2025-05-25T16:00Z,30.7,23.6,658.0,4.7,11
2025-05-25T17:00Z,31.4,23.2,825.0,5.09,13
2025-05-25T18:00Z,32.0,23.2,886.0,5.22,16
2025-05-25T19:00Z,31.6,22.8,894.0,5.07,39
2025-05-25T20:00Z,31.4,22.6,786.0,4.88,56
2025-05-25T21:00Z,30.5,23.3,662.0,4.94,50
2025-05-25T22:00Z,29.9,23.6,532.0,5.05,40
2025-05-25T23:00Z,28.9,24.0,362.0,4.92,65
2025-05-26T00:00Z,27.7,24.1,214.0,3.71,82
2025-05-26T01:00Z,25.3,22.8,65.0,3.4,79
2025-05-26T02:00Z,24.7,22.7,1.0,3.78,76
2025-05-26T03:00Z,24.6,22.5,0.0,3.21,84
2025-05-26T04:00Z,24.4,22.4,0.0,3.12,89
2025-05-26T05:00Z,24.5,22.9,0.0,2.42,100
2025-05-26T06:00Z,25.2,23.6,0.0,3.07,85
2025-05-26T07:00Z,25.8,24.5,0.0,3.89,100
2025-05-26T08:00Z,25.9,24.7,0.0,3.58,50
2025-05-26T09:00Z,26.0,24.7,0.0,4.1,7
2025-05-26T10:00Z,25.9,24.5,0.0,4.44,20
2025-05-26T11:00Z,25.8,24.4,0.0,4.26,18
2025-05-26T12:00Z,26.0,24.1,13.0,3.61,10
2025-05-26T13:00Z,26.9,24.7,137.0,2.97,6
2025-05-26T14:00Z,28.4,24.1,334.0,4.41,25
2025-05-26T15:00Z,29.6,23.6,502.0,4.31,33
2025-05-26T16:00Z,29.8,23.3,620.0,3.36,82
2025-05-26T17:00Z,30.8,23.7,604.0,0.75,100
2025-05-26T18:00Z,25.8,22.1,387.0,4.64,100
2025-05-26T19:00Z,24.7,23.0,179.0,3.94,97
2025-05-26T20:00Z,26.1,23.4,304.0,2.57,100
2025-05-26T21:00Z,25.8,23.3,116.0,2.75,100
2025-05-26T22:00Z,25.8,23.5,207.0,3.29,100
2025-05-26T23:00Z,25.7,23.5,112.0,3.38,100
2025-05-27T00:00Z,25.1,23.4,62.0,3.95,100
2025-05-27T01:00Z,25.0,22.9,14.0,2.13,100
2025-05-27T02:00Z,24.0,22.6,0.0,0.25,100
2025-05-27T03:00Z,23.4,22.6,0.0,3.57,100
2025-05-27T04:00Z,22.4,21.4,0.0,4.36,100
2025-05-27T05:00Z,22.9,21.8,0.0,2.31,100
2025-05-27T06:00Z,22.4,21.5,0.0,4.81,100
2025-05-27T07:00Z,22.2,21.3,0.0,3.32,5
2025-05-27T08:00Z,22.1,21.0,0.0,3.54,100
2025-05-27T09:00Z,22.2,21.3,0.0,5.42,100
2025-05-27T10:00Z,23.2,22.2,0.0,4.22,70
2025-05-27T11:00Z,22.7,22.1,0.0,1.15,98
2025-05-27T12:00Z,23.2,22.7,8.0,0.78,100
2025-05-27T13:00Z,20.1,19.1,56.0,3.6,93
2025-05-27T14:00Z,21.7,20.3,178.0,2.0,78
2025-05-27T15:00Z,24.8,21.7,525.0,0.96,26
2025-05-27T16:00Z,26.8,22.0,728.0,0.49,0
2025-05-27T17:00Z,28.2,22.1,868.0,1.32,0
2025-05-27T18:00Z,29.1,22.4,947.0,1.81,0
2025-05-27T19:00Z,30.0,22.4,965.0,1.95,4
2025-05-27T20:00Z,30.6,22.2,905.0,2.1,17
2025-05-27T21:00Z,30.5,21.6,728.0,2.02,30
2025-05-27T22:00Z,30.3,21.7,563.0,1.77,41
2025-05-27T23:00Z,29.6,21.5,363.0,1.72,65
2025-05-28T00:00Z,29.1,22.0,184.0,1.1,64
2025-05-28T01:00Z,25.3,23.3,61.0,0.82,31
2025-05-28T02:00Z,24.8,23.7,1.0,0.89,24
2025-05-28T03:00Z,24.5,23.8,0.0,0.07,59
2025-05-28T04:00Z,24.3,23.6,0.0,0.64,51
2025-05-28T05:00Z,24.2,23.4,0.0,0.89,61
2025-05-28T06:00Z,24.3,23.1,0.0,1.36,11
2025-05-28T07:00Z,24.0,22.8,0.0,1.19,7
2025-05-28T08:00Z,23.8,22.7,0.0,1.26,53
2025-05-28T09:00Z,23.5,22.6,0.0,1.5,97
2025-05-28T10:00Z,23.2,22.4,0.0,1.52,100
2025-05-28T11:00Z,23.2,22.3,0.0,2.64,100
2025-05-28T12:00Z,23.2,22.5,6.0,0.81,100
2025-05-28T13:00Z,22.8,22.1,16.0,2.71,100
2025-05-28T14:00Z,23.2,22.1,80.0,2.55,100
2025-05-28T15:00Z,22.4,22.0,42.0,1.54,100
2025-05-28T16:00Z,22.4,21.9,38.0,0.2,100
2025-05-28T17:00Z,22.1,21.3,64.0,3.82,100
2025-05-28T18:00Z,22.7,21.4,165.0,4.62,100
2025-05-28T19:00Z,23.8,22.0,295.0,2.75,28
2025-05-28T20:00Z,26.9,22.5,871.0,0.96,100
2025-05-28T21:00Z,25.3,21.7,489.0,2.02,70
2025-05-28T22:00Z,26.0,22.2,452.0,1.83,44
2025-05-28T23:00Z,26.7,22.0,362.0,3.02,35
2025-05-29T00:00Z,26.5,22.5,245.0,2.35,10
2025-05-29T01:00Z,24.9,21.4,77.0,2.09,21
2025-05-29T02:00Z,24.0,21.6,1.0,2.17,10
2025-05-29T03:00Z,23.5,21.8,0.0,1.85,8
2025-05-29T04:00Z,23.0,21.9,0.0,1.96,31
2025-05-29T05:00Z,22.9,21.9,0.0,2.15,56
2025-05-29T06:00Z,22.7,21.9,0.0,1.85,17
2025-05-29T07:00Z,22.4,21.7,0.0,1.52,6
2025-05-29T08:00Z,22.1,21.4,0.0,1.19,1
2025-05-29T09:00Z,21.7,21.2,0.0,1.11,0
2025-05-29T10:00Z,21.6,21.1,0.0,1.38,9
2025-05-29T11:00Z,21.4,20.9,0.0,1.59,1
2025-05-29T12:00Z,21.5,20.9,15.0,1.85,0
2025-05-29T13:00Z,23.1,21.8,144.0,1.35,1
2025-05-29T14:00Z,25.0,22.8,343.0,1.45,3
2025-05-29T15:00Z,26.9,23.4,546.0,1.15,48
2025-05-29T16:00Z,28.4,23.1,614.0,0.9,56
2025-05-29T17:00Z,29.6,22.9,731.0,0.86,37
2025-05-29T18:00Z,30.3,22.5,823.0,1.05,22
2025-05-29T19:00Z,30.6,22.8,870.0,1.17,23
2025-05-29T20:00Z,30.9,22.5,793.0,1.25,26
2025-05-29T21:00Z,31.2,22.7,738.0,1.57,34
2025-05-29T22:00Z,30.2,22.8,581.0,1.88,43
2025-05-29T23:00Z,30.2,23.0,391.0,1.66,34
2025-05-30T00:00Z,29.5,23.1,240.0,1.76,45
2025-05-30T01:00Z,28.7,23.4,73.0,1.3,36
2025-05-30T02:00Z,27.4,23.2,1.0,1.69,8
2025-05-30T03:00Z,26.6,23.4,0.0,1.79,22
2025-05-30T04:00Z,26.0,23.7,0.0,1.31,4
2025-05-30T05:00Z,25.5,23.7,0.0,0.95,1
2025-05-30T06:00Z,24.9,23.6,0.0,0.91,37
2025-05-30T07:00Z,24.8,23.7,0.0,1.29,65
2025-05-30T08:00Z,24.6,23.7,0.0,1.17,86
2025-05-30T09:00Z,24.0,23.4,0.0,0.66,100
2025-05-30T10:00Z,24.0,23.6,0.0,1.6,100
2025-05-30T11:00Z,23.9,23.4,0.0,0.71,100
2025-05-30T12:00Z,24.0,23.5,4.0,1.12,100
2025-05-30T13:00Z,24.4,24.0,62.0,1.89,100
2025-05-30T14:00Z,24.8,24.3,89.0,2.17,100
2025-05-30T15:00Z,24.7,23.5,125.0,2.75,100
2025-05-30T16:00Z,25.0,23.6,116.0,2.97,100
2025-05-30T17:00Z,26.4,23.7,323.0,3.2,100
2025-05-30T18:00Z,27.9,23.9,538.0,1.76,100
2025-05-30T19:00Z,26.6,22.5,328.0,1.13,100
2025-05-30T20:00Z,25.9,21.5,332.0,1.1,100
2025-05-30T21:00Z,25.0,22.4,213.0,1.77,100
2025-05-30T22:00Z,27.3,22.4,530.0,3.15,100
2025-05-30T23:00Z,27.4,22.4,297.0,2.85,100
2025-05-31T00:00Z,27.0,22.8,128.0,1.57,100
2025-05-31T01:00Z,27.0,23.2,52.0,2.35,100
2025-05-31T02:00Z,25.8,22.9,1.0,1.81,100
2025-05-31T03:00Z,25.2,22.8,0.0,1.71,100
2025-05-31T04:00Z,24.8,22.8,0.0,1.76,24
2025-05-31T05:00Z,24.4,22.9,0.0,1.83,21
2025-05-31T06:00Z,24.1,22.9,0.0,1.75,17
2025-05-31T07:00Z,23.7,22.7,0.0,1.54,41
2025-05-31T08:00Z,23.5,22.6,0.0,1.38,27
2025-05-31T09:00Z,23.2,22.4,0.0,1.61,50
2025-05-31T10:00Z,23.0,22.2,0.0,1.79,99
2025-05-31T11:00Z,23.0,21.9,0.0,1.7,100
2025-05-31T12:00Z,23.2,21.8,11.0,1.72,100
2025-05-31T13:00Z,23.9,22.2,132.0,1.7,94
2025-05-31T14:00Z,25.1,22.0,310.0,2.01,92
2025-05-31T15:00Z,26.5,21.4,517.0,2.25,96
2025-05-31T16:00Z,27.8,20.6,715.0,2.15,75
2025-05-31T17:00Z,28.8,20.3,844.0,1.73,94
2025-05-31T18:00Z,29.6,19.9,919.0,1.38,70
2025-05-31T19:00Z,30.5,19.1,959.0,0.71,99
2025-05-31T20:00Z,31.0,18.9,849.0,0.4,100
2025-05-31T21:00Z,31.2,18.5,709.0,1.17,76
2025-05-31T22:00Z,31.2,18.4,634.0,1.69,30
2025-05-31T23:00Z,31.0,17.6,461.0,2.21,82
2025-06-01T00:00Z,30.3,19.5,267.0,1.03,52
2025-06-01T01:00Z,25.2,22.0,72.0,2.91,100
2025-06-01T02:00Z,24.8,22.3,1.0,3.07,69
2025-06-01T03:00Z,24.1,22.0,0.0,2.31,86
2025-06-01T04:00Z,23.8,21.9,0.0,1.25,82
2025-06-01T05:00Z,23.5,22.0,0.0,0.87,92
2025-06-01T06:00Z,23.3,22.0,0.0,1.55,90
2025-06-01T07:00Z,23.0,21.9,0.0,2.09,86
2025-06-01T08:00Z,22.7,21.8,0.0,1.97,2
2025-06-01T09:00Z,22.5,21.9,0.0,1.82,0
2025-06-01T10:00Z,22.5,21.9,0.0,1.48,10
2025-06-01T11:00Z,22.4,21.8,0.0,1.45,10
2025-06-01T12:00Z,22.7,22.0,15.0,1.52,0
2025-06-01T13:00Z,24.5,23.4,129.0,1.84,97
2025-06-01T14:00Z,25.7,23.4,219.0,1.89,50
2025-06-01T15:00Z,27.4,23.6,490.0,1.19,19
2025-06-01T16:00Z,28.6,23.5,679.0,1.08,19
2025-06-01T17:00Z,29.5,23.2,757.0,0.86,18
2025-06-01T18:00Z,30.3,22.8,831.0,0.67,26
2025-06-01T19:00Z,30.9,22.7,814.0,0.25,30
2025-06-01T20:00Z,31.4,22.1,810.0,0.43,25
2025-06-01T21:00Z,31.3,21.7,714.0,0.46,20
2025-06-01T22:00Z,29.9,22.1,582.0,3.54,39
2025-06-01T23:00Z,29.1,22.7,390.0,2.99,24
2025-06-02T00:00Z,29.1,22.8,250.0,3.04,23
2025-06-02T01:00Z,27.2,23.8,76.0,2.12,35
2025-06-02T02:00Z,26.7,23.9,1.0,1.92,13
2025-06-02T03:00Z,26.4,23.8,0.0,2.3,0
2025-06-02T04:00Z,26.1,23.4,0.0,2.55,0
2025-06-02T05:00Z,25.4,23.1,0.0,2.36,0
2025-06-02T06:00Z,24.9,22.9,0.0,2.01,0
2025-06-02T07:00Z,24.3,22.9,0.0,1.2,0
2025-06-02T08:00Z,23.9,22.8,0.0,1.08,1
2025-06-02T09:00Z,23.8,22.6,0.0,1.55,1
2025-06-02T10:00Z,23.5,22.5,0.0,1.33,1
2025-06-02T11:00Z,23.3,22.5,0.0,1.11,2
2025-06-02T12:00Z,23.6,22.7,15.0,1.61,4
2025-06-02T13:00Z,25.6,23.9,125.0,1.06,25
2025-06-02T14:00Z,27.7,24.5,324.0,1.42,6
2025-06-02T15:00Z,29.5,24.1,530.0,2.42,16
2025-06-02T16:00Z,30.7,23.4,689.0,2.44,21
2025-06-02T17:00Z,31.8,23.0,818.0,2.83,11
2025-06-02T18:00Z,32.5,22.5,896.0,3.29,14
2025-06-02T19:00Z,31.9,22.0,903.0,4.03,61
2025-06-02T20:00Z,31.1,21.5,583.0,4.08,35
2025-06-02T21:00Z,31.5,21.7,682.0,4.7,20
2025-06-02T22:00Z,30.8,21.0,607.0,4.52,21
2025-06-02T23:00Z,30.0,20.8,447.0,4.25,25
2025-06-03T00:00Z,29.0,21.1,260.0,4.01,25
2025-06-03T01:00Z,28.2,21.4,84.0,3.39,84
2025-06-03T02:00Z,27.2,21.8,2.0,2.59,24
2025-06-03T03:00Z,26.7,21.9,0.0,3.05,6
2025-06-03T04:00Z,26.3,21.9,0.0,3.15,83
2025-06-03T05:00Z,26.0,21.9,0.0,2.69,100
2025-06-03T06:00Z,25.7,22.0,0.0,2.57,81
2025-06-03T07:00Z,25.4,22.2,0.0,2.79,50
2025-06-03T08:00Z,25.3,22.5,0.0,3.07,1
2025-06-03T09:00Z,25.2,22.6,0.0,2.85,5
2025-06-03T10:00Z,25.0,22.7,0.0,2.38,29
2025-06-03T11:00Z,24.9,22.8,0.0,2.32,31
2025-06-03T12:00Z,25.2,22.9,15.0,2.23,24
2025-06-03T13:00Z,26.7,23.6,132.0,2.91,19
2025-06-03T14:00Z,28.3,23.2,318.0,3.62,21
2025-06-03T15:00Z,29.7,22.4,506.0,3.86,100
2025-06-03T16:00Z,30.9,21.7,683.0,4.34,99
2025-06-03T17:00Z,31.7,21.1,797.0,4.5,98
2025-06-03T18:00Z,31.0,20.9,664.0,4.4,100
2025-06-03T19:00Z,30.3,21.9,632.0,3.99,100
2025-06-03T20:00Z,30.9,21.3,692.0,4.23,100
2025-06-03T21:00Z,31.1,20.9,631.0,5.06,100
2025-06-03T22:00Z,30.8,21.0,535.0,5.42,79
2025-06-03T23:00Z,29.6,21.4,316.0,5.41,64
2025-06-04T00:00Z,29.1,21.4,237.0,5.1,42
2025-06-04T01:00Z,27.7,22.8,76.0,4.37,49
2025-06-04T02:00Z,27.1,22.8,2.0,3.72,33
2025-06-04T03:00Z,26.8,22.8,0.0,2.82,96
2025-06-04T04:00Z,26.5,22.7,0.0,3.62,96
2025-06-04T05:00Z,26.2,22.7,0.0,3.36,100
2025-06-04T06:00Z,26.0,22.7,0.0,3.03,98
2025-06-04T07:00Z,25.9,22.8,0.0,3.22,57
2025-06-04T08:00Z,25.7,22.9,0.0,2.07,99
2025-06-04T09:00Z,25.6,23.0,0.0,1.99,62
2025-06-04T10:00Z,25.3,22.9,0.0,2.26,28
2025-06-04T11:00Z,25.1,22.9,0.0,1.84,98
2025-06-04T12:00Z,25.2,23.0,15.0,1.57,99
2025-06-04T13:00Z,26.6,23.8,88.0,1.1,100
2025-06-04T14:00Z,27.4,23.1,237.0,2.46,99
2025-06-04T15:00Z,28.8,23.3,454.0,2.28,94
2025-06-04T16:00Z,30.5,22.7,650.0,2.51,82
2025-06-04T17:00Z,31.4,22.6,744.0,2.25,79
2025-06-04T18:00Z,32.3,22.8,797.0,2.42,98
2025-06-04T19:00Z,32.4,23.2,862.0,2.66,100
2025-06-04T20:00Z,29.8,22.6,298.0,3.52,100
2025-06-04T21:00Z,30.6,22.5,413.0,3.34,100
2025-06-04T22:00Z,29.7,22.5,309.0,2.94,98
2025-06-04T23:00Z,28.6,22.9,248.0,1.71,100
2025-06-05T00:00Z,27.8,23.0,94.0,2.34,100
2025-06-05T01:00Z,27.3,23.6,50.0,1.73,90
2025-06-05T02:00Z,26.9,23.8,2.0,1.64,100
2025-06-05T03:00Z,26.7,24.0,0.0,1.56,87
2025-06-05T04:00Z,26.4,24.1,0.0,1.45,6
2025-06-05T05:00Z,26.2,24.2,0.0,1.82,13
2025-06-05T06:00Z,26.0,24.2,0.0,1.77,18
2025-06-05T07:00Z,25.7,23.9,0.0,1.54,7
2025-06-05T08:00Z,25.4,23.7,0.0,1.46,26
2025-06-05T09:00Z,25.1,23.4,0.0,1.52,100
2025-06-05T10:00Z,24.9,23.3,0.0,1.38,25
2025-06-05T11:00Z,24.5,23.1,0.0,1.03,0
2025-06-05T12:00Z,24.9,23.3,16.0,0.97,0
2025-06-05T13:00Z,26.5,24.4,145.0,0.65,4
2025-06-05T14:00Z,28.3,24.3,340.0,1.37,9
2025-06-05T15:00Z,29.8,23.0,516.0,1.86,8
2025-06-05T16:00Z,31.1,22.0,698.0,1.95,16
2025-06-05T17:00Z,32.0,21.4,783.0,2.09,15
2025-06-05T18:00Z,32.4,21.6,855.0,2.21,18
2025-06-05T19:00Z,32.8,22.5,882.0,2.67,14
2025-06-05T20:00Z,33.1,22.8,863.0,3.02,3
2025-06-05T21:00Z,32.9,22.9,784.0,3.26,23
2025-06-05T22:00Z,32.4,22.7,588.0,3.21,10
2025-06-05T23:00Z,31.8,22.5,436.0,3.62,22
2025-06-06T00:00Z,30.4,22.8,250.0,3.89,31
2025-06-06T01:00Z,29.0,23.7,87.0,2.93,16
2025-06-06T02:00Z,28.4,23.8,2.0,2.68,12
2025-06-06T03:00Z,27.8,24.3,0.0,2.26,49
2025-06-06T04:00Z,27.3,24.5,0.0,2.04,57
2025-06-06T05:00Z,26.8,24.5,0.0,2.21,100
2025-06-06T06:00Z,26.4,24.4,0.0,2.26,100
2025-06-06T07:00Z,26.0,24.2,0.0,1.98,100
2025-06-06T08:00Z,25.6,24.1,0.0,2.18,100
2025-06-06T09:00Z,25.4,24.1,0.0,2.25,100
2025-06-06T10:00Z,25.4,24.1,0.0,2.53,75
2025-06-06T11:00Z,25.2,24.1,0.0,1.66,36
2025-06-06T12:00Z,25.3,24.1,16.0,1.32,8
2025-06-06T13:00Z,26.6,25.0,137.0,1.09,16
2025-06-06T14:00Z,28.3,24.8,333.0,2.36,23
2025-06-06T15:00Z,29.7,23.7,498.0,2.62,28
2025-06-06T16:00Z,31.0,23.1,662.0,2.41,20
2025-06-06T17:00Z,32.2,22.5,808.0,2.56,30
2025-06-06T18:00Z,32.6,22.2,835.0,3.01,42
2025-06-06T19:00Z,32.3,22.7,795.0,3.43,49
2025-06-06T20:00Z,32.4,24.0,687.0,3.32,31
2025-06-06T21:00Z,32.8,23.8,666.0,3.27,30
2025-06-06T22:00Z,32.6,23.5,607.0,3.61,49
2025-06-06T23:00Z,31.8,23.4,428.0,4.31,31
2025-06-07T00:00Z,30.4,23.5,243.0,4.39,9
2025-06-07T01:00Z,29.9,23.6,85.0,3.84,3
2025-06-07T02:00Z,28.6,24.6,3.0,3.67,13
2025-06-07T03:00Z,27.9,25.0,0.0,3.3,39
2025-06-07T04:00Z,27.5,24.9,0.0,3.11,100
2025-06-07T05:00Z,27.1,24.9,0.0,3.05,15
2025-06-07T06:00Z,26.8,24.9,0.0,3.11,8
2025-06-07T07:00Z,26.5,25.0,0.0,2.59,1
2025-06-07T08:00Z,26.2,24.9,0.0,2.24,9
2025-06-07T09:00Z,25.9,24.8,0.0,2.2,17
2025-06-07T10:00Z,25.8,24.8,0.0,2.5,34
2025-06-07T11:00Z,25.8,24.8,0.0,2.21,6
2025-06-07T12:00Z,26.0,24.8,16.0,2.46,25
2025-06-07T13:00Z,27.2,25.5,99.0,2.54,19
2025-06-07T14:00Z,29.1,24.9,315.0,3.57,17
2025-06-07T15:00Z,30.8,24.0,515.0,4.11,25
2025-06-07T16:00Z,32.1,23.0,675.0,3.76,26
2025-06-07T17:00Z,33.0,22.3,798.0,3.97,32
2025-06-07T18:00Z,34.0,21.8,824.0,3.7,22
2025-06-07T19:00Z,34.6,21.4,869.0,4.0,18
2025-06-07T20:00Z,34.7,21.1,817.0,4.4,17
2025-06-07T21:00Z,34.7,21.0,772.0,4.37,16
2025-06-07T22:00Z,34.1,20.8,637.0,4.63,37
2025-06-07T23:00Z,33.1,20.7,437.0,4.9,5
2025-06-08T00:00Z,31.4,21.7,280.0,5.15,2
2025-06-08T01:00Z,29.8,22.9,82.0,4.41,10
2025-06-08T02:00Z,28.8,23.1,3.0,3.91,36
2025-06-08T03:00Z,28.1,23.6,0.0,3.41,39
2025-06-08T04:00Z,27.7,23.8,0.0,3.21,66
2025-06-08T05:00Z,27.2,24.3,0.0,3.07,9
2025-06-08T06:00Z,26.8,24.6,0.0,2.52,20
2025-06-08T07:00Z,26.6,24.6,0.0,2.45,8
2025-06-08T08:00Z,26.4,24.6,0.0,2.01,65
2025-06-08T09:00Z,26.2,24.7,0.0,1.19,48
2025-06-08T10:00Z,25.8,24.8,0.0,0.78,4
2025-06-08T11:00Z,25.7,24.7,0.0,0.86,9
2025-06-08T12:00Z,26.1,24.8,15.0,1.72,4
2025-06-08T13:00Z,27.6,25.2,136.0,3.24,32
2025-06-08T14:00Z,29.3,24.7,304.0,3.43,18
2025-06-08T15:00Z,31.0,23.9,511.0,3.42,18
2025-06-08T16:00Z,32.6,23.2,686.0,3.42,18
2025-06-08T17:00Z,34.0,22.5,806.0,3.03,25
2025-06-08T18:00Z,35.0,21.9,839.0,2.67,19
2025-06-08T19:00Z,35.9,21.3,894.0,3.46,14
2025-06-08T20:00Z,35.7,21.3,872.0,4.61,19
2025-06-08T21:00Z,35.4,21.5,749.0,4.5,55
2025-06-08T22:00Z,34.9,21.3,549.0,4.47,44
2025-06-08T23:00Z,33.0,22.4,384.0,5.15,2
2025-06-09T00:00Z,31.9,22.3,270.0,4.8,7
2025-06-09T01:00Z,29.8,23.2,92.0,4.35,64
2025-06-09T02:00Z,28.7,23.5,3.0,3.91,98
2025-06-09T03:00Z,27.9,23.7,0.0,3.93,38
2025-06-09T04:00Z,27.4,23.9,0.0,2.77,0
2025-06-09T05:00Z,27.0,23.7,0.0,2.31,0
2025-06-09T06:00Z,26.7,23.5,0.0,1.81,19
2025-06-09T07:00Z,26.6,23.4,0.0,1.8,16
2025-06-09T08:00Z,26.4,23.5,0.0,2.65,7
2025-06-09T09:00Z,26.4,23.9,0.0,2.77,3
2025-06-09T10:00Z,26.2,24.3,0.0,1.73,6
2025-06-09T11:00Z,26.0,24.5,0.0,1.82,13
2025-06-09T12:00Z,26.2,24.7,15.0,0.96,22
2025-06-09T13:00Z,22.4,21.8,39.0,1.72,100
2025-06-09T14:00Z,23.7,22.5,114.0,2.52,11
2025-06-09T15:00Z,26.3,23.0,541.0,4.33,80
2025-06-09T16:00Z,27.6,23.5,566.0,4.37,100
2025-06-09T17:00Z,28.5,24.2,410.0,1.64,48
2025-06-09T18:00Z,31.1,24.5,905.0,2.12,32
2025-06-09T19:00Z,31.6,24.4,828.0,2.56,33
2025-06-09T20:00Z,32.5,24.6,804.0,2.57,53
2025-06-09T21:00Z,31.5,23.9,614.0,2.5,62
2025-06-09T22:00Z,31.4,23.9,513.0,1.4,50
2025-06-09T23:00Z,30.0,24.0,382.0,0.78,68
2025-06-10T00:00Z,30.1,24.2,180.0,1.22,56
2025-06-10T01:00Z,30.2,24.3,63.0,1.4,64
2025-06-10T02:00Z,29.4,24.8,2.0,1.55,46
2025-06-10T03:00Z,28.7,25.0,0.0,2.4,40
2025-06-10T04:00Z,27.9,24.9,0.0,2.52,45
2025-06-10T05:00Z,27.4,24.9,0.0,2.19,57
2025-06-10T06:00Z,27.0,24.9,0.0,1.94,93
2025-06-10T07:00Z,26.6,24.9,0.0,1.69,96
2025-06-10T08:00Z,26.2,24.9,0.0,1.78,100
2025-06-10T09:00Z,25.9,24.8,0.0,1.57,100
2025-06-10T10:00Z,25.7,24.7,0.0,1.69,84
2025-06-10T11:00Z,25.5,24.6,0.0,1.64,47
2025-06-10T12:00Z,25.5,24.6,16.0,1.5,98
2025-06-10T13:00Z,26.6,24.9,100.0,0.68,39
2025-06-10T14:00Z,28.3,24.7,305.0,1.95,32
2025-06-10T15:00Z,29.9,24.1,506.0,1.61,100
2025-06-10T16:00Z,30.9,23.4,541.0,2.18,100
2025-06-10T17:00Z,30.9,23.5,536.0,2.21,100
2025-06-10T18:00Z,27.2,21.6,516.0,5.02,100
2025-06-10T19:00Z,25.3,22.1,110.0,1.77,100
2025-06-10T20:00Z,26.8,22.5,361.0,1.22,100
2025-06-10T21:00Z,27.8,22.5,488.0,3.93,100
2025-06-10T22:00Z,28.3,22.4,434.0,4.78,100
2025-06-10T23:00Z,27.4,22.9,207.0,2.93,100
2025-06-11T00:00Z,27.4,22.9,181.0,1.84,100
2025-06-11T01:00Z,27.8,23.5,79.0,3.69,67
2025-06-11T02:00Z,27.2,23.0,3.0,3.05,96
2025-06-11T03:00Z,27.0,23.0,0.0,3.79,67
2025-06-11T04:00Z,26.6,23.6,0.0,3.73,100
2025-06-11T05:00Z,26.2,23.9,0.0,3.21,100
2025-06-11T06:00Z,26.2,24.3,0.0,2.85,100
2025-06-11T07:00Z,26.4,24.3,0.0,2.44,100
2025-06-11T08:00Z,26.7,24.1,0.0,3.25,100
2025-06-11T09:00Z,26.7,24.4,0.0,2.28,99
2025-06-11T10:00Z,26.4,24.8,0.0,2.06,100
2025-06-11T11:00Z,24.5,23.8,0.0,1.59,100
2025-06-11T12:00Z,22.8,22.5,5.0,1.96,100
2025-06-11T13:00Z,24.9,23.1,108.0,3.18,100
2025-06-11T14:00Z,25.6,23.3,194.0,2.55,100
2025-06-11T15:00Z,27.6,23.8,463.0,3.51,100
2025-06-11T16:00Z,25.8,23.0,329.0,3.36,100
2025-06-11T17:00Z,25.6,23.2,295.0,1.01,100
2025-06-11T18:00Z,27.1,23.6,432.0,3.32,100
2025-06-11T19:00Z,29.2,23.5,616.0,3.92,100
2025-06-11T20:00Z,29.6,23.6,555.0,4.41,100
2025-06-11T21:00Z,28.8,23.2,457.0,3.86,100
2025-06-11T22:00Z,28.5,23.4,245.0,3.07,100
2025-06-11T23:00Z,28.1,23.1,205.0,2.33,100
2025-06-12T00:00Z,24.1,22.6,92.0,2.23,100
2025-06-12T01:00Z,24.4,22.8,38.0,2.85,37
2025-06-12T02:00Z,24.0,23.2,3.0,2.35,71
2025-06-12T03:00Z,23.2,22.5,0.0,3.45,94
2025-06-12T04:00Z,23.0,22.2,0.0,2.46,18
2025-06-12T05:00Z,22.9,22.2,0.0,2.28,100
2025-06-12T06:00Z,23.3,22.5,0.0,2.44,100
2025-06-12T07:00Z,22.1,21.8,0.0,0.45,100
2025-06-12T08:00Z,21.8,21.6,0.0,2.61,100
2025-06-12T09:00Z,22.3,21.7,0.0,4.67,100
2025-06-12T10:00Z,22.5,21.6,0.0,5.12,100
2025-06-12T11:00Z,22.7,21.8,0.0,3.65,100
2025-06-12T12:00Z,23.2,22.3,1.0,3.09,100
2025-06-12T13:00Z,23.8,23.0,22.0,1.87,100
2025-06-12T14:00Z,23.4,22.1,74.0,2.18,100
2025-06-12T15:00Z,23.1,22.2,32.0,2.0,100
2025-06-12T16:00Z,23.5,22.5,103.0,1.13,100
2025-06-12T17:00Z,23.8,22.7,94.0,1.57,100
2025-06-12T18:00Z,25.4,22.7,423.0,1.76,100
2025-06-12T19:00Z,28.1,22.5,717.0,4.17,97
2025-06-12T20:00Z,28.3,23.2,590.0,3.6,99
2025-06-12T21:00Z,26.8,22.9,386.0,3.18,99
2025-06-12T22:00Z,26.8,23.7,419.0,2.9,100
2025-06-12T23:00Z,27.4,23.6,353.0,3.07,100
2025-06-13T00:00Z,27.6,23.6,224.0,2.6,100
2025-06-13T01:00Z,25.4,21.6,88.0,0.92,100
2025-06-13T02:00Z,24.8,22.0,3.0,1.87,97
2025-06-13T03:00Z,24.6,22.4,0.0,2.58,43
2025-06-13T04:00Z,24.4,22.1,0.0,2.41,100
2025-06-13T05:00Z,24.3,22.1,0.0,1.87,59
2025-06-13T06:00Z,24.3,22.4,0.0,1.35,26
2025-06-13T07:00Z,24.5,22.9,0.0,1.3,23
2025-06-13T08:00Z,24.7,23.2,0.0,1.49,9
2025-06-13T09:00Z,24.7,23.4,0.0,1.81,11
2025-06-13T10:00Z,24.4,23.3,0.0,1.31,30
2025-06-13T11:00Z,24.3,23.3,0.0,1.26,16
2025-06-13T12:00Z,24.6,23.6,15.0,2.24,73
2025-06-13T13:00Z,23.6,21.9,98.0,1.5,92
2025-06-13T14:00Z,25.6,23.2,329.0,0.56,39
2025-06-13T15:00Z,27.4,24.0,538.0,1.85,58
2025-06-13T16:00Z,29.0,24.8,596.0,2.46,93
2025-06-13T17:00Z,26.4,22.5,604.0,2.91,100
2025-06-13T18:00Z,25.2,21.6,346.0,0.67,78
2025-06-13T19:00Z,28.8,24.0,786.0,2.66,84
2025-06-13T20:00Z,29.8,24.6,821.0,2.99,80
2025-06-13T21:00Z,29.0,24.4,677.0,2.83,71
2025-06-13T22:00Z,29.0,24.5,488.0,3.35,81
2025-06-13T23:00Z,28.7,23.9,289.0,2.8,89
2025-06-14T00:00Z,28.2,24.2,145.0,2.11,100
2025-06-14T01:00Z,25.0,23.6,41.0,1.33,100
2025-06-14T02:00Z,25.0,23.3,1.0,2.16,100
2025-06-14T03:00Z,25.7,24.0,0.0,3.67,100
2025-06-14T04:00Z,25.8,23.7,0.0,4.04,100
2025-06-14T05:00Z,25.7,23.6,0.0,2.34,95
2025-06-14T06:00Z,24.9,23.4,0.0,0.93,100
2025-06-14T07:00Z,25.0,23.7,0.0,1.35,100
2025-06-14T08:00Z,24.9,23.9,0.0,1.99,100
2025-06-14T09:00Z,25.0,24.1,0.0,2.73,81
2025-06-14T10:00Z,25.0,24.3,0.0,2.12,94
2025-06-14T11:00Z,24.6,24.0,0.0,0.68,66
2025-06-14T12:00Z,25.2,24.5,13.0,0.71,4
2025-06-14T13:00Z,22.5,21.5,48.0,4.36,100
2025-06-14T14:00Z,22.6,21.1,45.0,2.02,100
2025-06-14T15:00Z,23.5,21.7,174.0,1.41,100
2025-06-14T16:00Z,25.4,22.3,374.0,3.3,100
2025-06-14T17:00Z,26.9,23.2,537.0,2.32,93
2025-06-14T18:00Z,28.6,24.0,785.0,2.42,99
2025-06-14T19:00Z,29.2,24.5,747.0,2.22,100
2025-06-14T20:00Z,29.8,24.8,703.0,1.99,100
2025-06-14T21:00Z,30.2,24.6,708.0,2.15,85
2025-06-14T22:00Z,30.4,24.5,604.0,2.11,99
2025-06-14T23:00Z,30.2,24.2,433.0,1.88,99
2025-06-15T00:00Z,29.8,24.1,274.0,2.09,62
2025-06-15T01:00Z,28.6,24.3,97.0,1.88,14
2025-06-15T02:00Z,27.5,24.8,4.0,2.35,48
2025-06-15T03:00Z,26.9,25.2,0.0,2.15,11
2025-06-15T04:00Z,26.5,25.4,0.0,2.39,10
2025-06-15T05:00Z,26.3,25.5,0.0,2.24,96
2025-06-15T06:00Z,26.2,25.4,0.0,1.9,55
2025-06-15T07:00Z,26.1,25.2,0.0,2.21,27
2025-06-15T08:00Z,25.9,25.0,0.0,1.95,8
2025-06-15T09:00Z,25.8,24.8,0.0,2.23,19
2025-06-15T10:00Z,25.7,24.6,0.0,2.01,50
2025-06-15T11:00Z,25.6,24.6,0.0,2.02,9
2025-06-15T12:00Z,25.8,24.8,15.0,2.02,10
2025-06-15T13:00Z,26.3,25.2,128.0,0.86,72
2025-06-15T14:00Z,27.3,24.9,243.0,1.85,85
2025-06-15T15:00Z,26.6,24.1,351.0,2.4,93
2025-06-15T16:00Z,27.8,24.6,304.0,2.11,71
2025-06-15T17:00Z,28.8,25.5,749.0,2.71,100
2025-06-15T18:00Z,27.9,24.4,542.0,1.41,100
2025-06-15T19:00Z,28.6,24.2,456.0,1.48,100
2025-06-15T20:00Z,29.5,24.4,577.0,1.92,100
2025-06-15T21:00Z,28.4,23.7,584.0,3.51,100
2025-06-15T22:00Z,26.6,23.9,260.0,0.84,100
2025-06-15T23:00Z,26.9,23.9,167.0,3.33,100
2025-06-16T00:00Z,23.4,22.1,105.0,3.05,100
2025-06-16T01:00Z,23.8,23.4,6.0,2.72,100
2025-06-16T02:00Z,23.5,23.1,0.0,3.03,100
2025-06-16T03:00Z,23.4,23.0,0.0,2.9,100
2025-06-16T04:00Z,23.1,22.7,0.0,3.29,100
2025-06-16T05:00Z,23.1,22.4,0.0,1.35,100
2025-06-16T06:00Z,23.1,22.3,0.0,1.21,100
2025-06-16T07:00Z,23.2,22.6,0.0,1.52,99
2025-06-16T08:00Z,23.2,22.6,0.0,1.59,100
2025-06-16T09:00Z,23.6,22.8,0.0,1.22,100
2025-06-16T10:00Z,23.9,23.0,0.0,1.25,100
2025-06-16T11:00Z,24.0,23.2,0.0,1.12,100
2025-06-16T12:00Z,24.1,23.3,10.0,1.21,100
2025-06-16T13:00Z,25.3,24.3,126.0,1.17,93
2025-06-16T14:00Z,27.1,25.1,308.0,1.19,100
2025-06-16T15:00Z,28.3,25.4,472.0,1.89,100
2025-06-16T16:00Z,29.4,25.5,605.0,2.72,100
2025-06-16T17:00Z,25.2,22.7,603.0,2.21,100
2025-06-16T18:00Z,26.2,23.3,217.0,1.33,100
2025-06-16T19:00Z,28.9,24.0,561.0,1.97,100
2025-06-16T20:00Z,29.2,24.4,513.0,1.67,93
2025-06-16T21:00Z,25.1,23.0,727.0,3.07,100
2025-06-16T22:00Z,25.2,23.0,161.0,1.9,93
2025-06-16T23:00Z,25.9,23.3,229.0,0.41,100
2025-06-17T00:00Z,26.1,23.7,195.0,1.03,100
2025-06-17T01:00Z,27.2,23.5,74.0,1.74,78
2025-06-17T02:00Z,26.3,23.4,4.0,2.25,35
2025-06-17T03:00Z,26.2,23.9,0.0,2.35,6
2025-06-17T04:00Z,25.8,24.1,0.0,2.47,0
2025-06-17T05:00Z,25.2,23.9,0.0,2.81,0
2025-06-17T06:00Z,24.7,23.6,0.0,2.45,0
2025-06-17T07:00Z,24.3,23.4,0.0,1.98,1
2025-06-17T08:00Z,24.1,23.1,0.0,2.11,0
2025-06-17T09:00Z,24.0,23.0,0.0,2.45,0
2025-06-17T10:00Z,24.1,23.3,0.0,2.4,4
2025-06-17T11:00Z,24.3,23.7,0.0,2.06,25
2025-06-17T12:00Z,24.8,24.1,15.0,1.85,9
2025-06-17T13:00Z,26.5,25.0,139.0,2.11,19
2025-06-17T14:00Z,28.1,25.2,327.0,2.99,22
2025-06-17T15:00Z,29.2,25.8,527.0,3.2,15
2025-06-17T16:00Z,30.3,25.6,687.0,3.42,20
2025-06-17T17:00Z,30.4,25.2,806.0,3.01,20
2025-06-17T18:00Z,30.9,25.5,870.0,3.13,26
2025-06-17T19:00Z,30.0,24.6,909.0,4.56,92
2025-06-17T20:00Z,30.0,25.0,737.0,3.41,38
2025-06-17T21:00Z,30.9,24.5,717.0,3.45,29
2025-06-17T22:00Z,30.6,23.0,614.0,3.58,51
2025-06-17T23:00Z,29.8,24.3,368.0,3.63,56
2025-06-18T00:00Z,28.8,24.7,225.0,3.42,45
2025-06-18T01:00Z,27.7,24.6,91.0,2.8,18
2025-06-18T02:00Z,27.2,24.6,4.0,2.78,12
2025-06-18T03:00Z,27.0,24.4,0.0,2.85,4
2025-06-18T04:00Z,26.5,23.5,0.0,3.42,2
2025-06-18T05:00Z,26.1,23.0,0.0,3.15,0
2025-06-18T06:00Z,25.9,22.6,0.0,3.61,0
2025-06-18T07:00Z,25.8,22.6,0.0,3.66,0
2025-06-18T08:00Z,25.8,23.0,0.0,3.67,4
2025-06-18T09:00Z,25.9,23.5,0.0,3.59,14
2025-06-18T10:00Z,25.9,23.8,0.0,3.01,11
2025-06-18T11:00Z,25.8,23.9,0.0,2.92,14
2025-06-18T12:00Z,26.0,23.9,15.0,3.08,8
2025-06-18T13:00Z,27.6,24.9,138.0,3.42,23
2025-06-18T14:00Z,28.1,24.1,325.0,4.57,56
2025-06-18T15:00Z,28.4,24.7,374.0,2.51,17
2025-06-18T16:00Z,28.1,24.4,637.0,4.0,62
2025-06-18T17:00Z,29.6,24.9,558.0,2.92,50
2025-06-18T18:00Z,29.7,24.3,753.0,2.23,71
2025-06-18T19:00Z,29.4,25.2,777.0,3.66,59
2025-06-18T20:00Z,30.1,23.7,724.0,3.43,31
2025-06-18T21:00Z,30.7,24.5,729.0,2.87,19
2025-06-18T22:00Z,30.7,24.3,633.0,3.47,29
2025-06-18T23:00Z,30.4,23.3,439.0,4.11,11
2025-06-19T00:00Z,29.5,23.8,278.0,3.78,11
2025-06-19T01:00Z,28.7,24.5,100.0,2.51,4
2025-06-19T02:00Z,27.6,24.7,4.0,2.89,17
2025-06-19T03:00Z,27.1,24.9,0.0,2.82,6
2025-06-19T04:00Z,26.7,24.9,0.0,2.32,5
2025-06-19T05:00Z,26.5,24.9,0.0,2.42,12
2025-06-19T06:00Z,26.3,24.9,0.0,2.51,13
2025-06-19T07:00Z,26.1,24.8,0.0,1.71,11
2025-06-19T08:00Z,25.8,24.7,0.0,1.3,13
2025-06-19T09:00Z,25.8,24.7,0.0,2.48,0
2025-06-19T10:00Z,25.6,24.4,0.0,1.9,2
2025-06-19T11:00Z,25.3,24.2,0.0,1.08,2
2025-06-19T12:00Z,25.5,24.3,15.0,1.79,1
2025-06-19T13:00Z,27.0,25.5,135.0,0.61,23
2025-06-19T14:00Z,28.6,25.7,306.0,0.97,11
2025-06-19T15:00Z,29.9,24.9,516.0,2.47,26
2025-06-19T16:00Z,30.7,24.5,641.0,2.36,14
2025-06-19T17:00Z,31.5,24.2,782.0,2.3,20
2025-06-19T18:00Z,32.2,24.6,847.0,2.45,17
2025-06-19T19:00Z,30.8,24.2,895.0,2.69,19
2025-06-19T20:00Z,31.7,24.0,796.0,2.06,29
2025-06-19T21:00Z,31.4,23.5,737.0,3.27,53
2025-06-19T22:00Z,29.6,23.6,543.0,3.46,35
2025-06-19T23:00Z,29.8,24.0,383.0,3.13,34
2025-06-20T00:00Z,29.4,24.2,253.0,3.18,32
2025-06-20T01:00Z,28.5,25.1,97.0,1.84,22
2025-06-20T02:00Z,27.6,25.1,4.0,2.19,24
2025-06-20T03:00Z,27.2,24.7,0.0,2.29,35
2025-06-20T04:00Z,26.9,24.5,0.0,2.69,31
2025-06-20T05:00Z,26.6,24.8,0.0,2.9,6
2025-06-20T06:00Z,26.5,24.9,0.0,2.41,7
2025-06-20T07:00Z,26.2,24.9,0.0,2.0,1
2025-06-20T08:00Z,25.9,24.6,0.0,1.25,4
2025-06-20T09:00Z,25.4,24.3,0.0,0.51,0
2025-06-20T10:00Z,25.0,24.2,0.0,0.73,5
2025-06-20T11:00Z,24.9,24.2,0.0,0.87,7
2025-06-20T12:00Z,25.4,24.4,15.0,1.37,1
2025-06-20T13:00Z,27.1,25.0,133.0,0.79,30
2025-06-20T14:00Z,28.5,25.2,298.0,0.47,27
2025-06-20T15:00Z,29.8,25.1,482.0,1.59,9
2025-06-20T16:00Z,30.9,24.8,691.0,2.53,25
2025-06-20T17:00Z,30.8,24.2,792.0,3.48,46
2025-06-20T18:00Z,30.4,23.9,756.0,3.13,37
2025-06-20T19:00Z,31.3,23.8,906.0,3.42,35
2025-06-20T20:00Z,31.8,23.6,839.0,3.61,25
2025-06-20T21:00Z,31.8,23.6,756.0,3.72,18
2025-06-20T22:00Z,31.4,23.5,632.0,3.86,13
2025-06-20T23:00Z,30.7,23.7,468.0,4.02,7
2025-06-21T00:00Z,29.8,24.2,282.0,3.91,8
2025-06-21T01:00Z,29.4,23.6,100.0,3.11,46
2025-06-21T02:00Z,28.3,24.3,4.0,3.18,23
2025-06-21T03:00Z,27.6,24.8,0.0,3.29,12
2025-06-21T04:00Z,27.2,24.9,0.0,2.8,9
2025-06-21T05:00Z,26.9,24.6,0.0,2.55,4
2025-06-21T06:00Z,26.6,24.1,0.0,2.56,4
2025-06-21T07:00Z,26.4,23.5,0.0,2.62,2
2025-06-21T08:00Z,26.0,23.2,0.0,2.37,3
2025-06-21T09:00Z,25.7,23.2,0.0,2.46,3
2025-06-21T10:00Z,25.5,23.3,0.0,2.1,10
2025-06-21T11:00Z,25.3,23.4,0.0,1.7,9
2025-06-21T12:00Z,25.4,23.6,15.0,1.56,5
2025-06-21T13:00Z,26.8,24.6,138.0,1.48,26
2025-06-21T14:00Z,28.4,24.7,314.0,1.61,28
2025-06-21T15:00Z,30.0,24.1,498.0,3.61,19
2025-06-21T16:00Z,31.3,23.5,670.0,3.82,7
2025-06-21T17:00Z,32.3,22.6,823.0,4.11,12
2025-06-21T18:00Z,33.1,21.4,909.0,4.54,17
2025-06-21T19:00Z,33.4,20.8,914.0,4.8,29
2025-06-21T20:00Z,32.8,20.2,805.0,4.59,71
2025-06-21T21:00Z,31.9,21.4,489.0,4.14,44
2025-06-21T22:00Z,32.0,21.9,545.0,4.41,30
2025-06-21T23:00Z,31.3,22.7,416.0,4.14,17
2025-06-22T00:00Z,30.4,23.6,279.0,3.87,13
2025-06-22T01:00Z,29.4,23.8,105.0,3.07,7
2025-06-22T02:00Z,28.3,24.0,5.0,2.68,7
2025-06-22T03:00Z,27.8,24.2,0.0,2.76,3
2025-06-22T04:00Z,27.5,24.1,0.0,2.75,4
2025-06-22T05:00Z,27.2,23.9,0.0,2.84,4
2025-06-22T06:00Z,27.0,23.7,0.0,2.78,3
2025-06-22T07:00Z,26.7,23.6,0.0,2.57,12
2025-06-22T08:00Z,26.5,23.6,0.0,2.52,9
2025-06-22T09:00Z,26.2,23.6,0.0,2.17,12
2025-06-22T10:00Z,25.9,23.7,0.0,1.81,20
2025-06-22T11:00Z,25.8,23.7,0.0,1.7,28
2025-06-22T12:00Z,26.0,23.6,13.0,1.96,17
2025-06-22T13:00Z,26.1,23.0,118.0,1.91,24
2025-06-22T14:00Z,27.9,23.8,280.0,0.97,27
2025-06-22T15:00Z,29.5,24.1,489.0,1.59,48
2025-06-22T16:00Z,30.6,23.3,544.0,2.97,40
2025-06-22T17:00Z,30.9,23.0,662.0,3.02,17
2025-06-22T18:00Z,29.9,23.1,847.0,4.21,71
2025-06-22T19:00Z,28.0,23.6,699.0,4.39,81
2025-06-22T20:00Z,30.0,24.2,696.0,4.06,55
2025-06-22T21:00Z,30.0,24.2,741.0,3.65,28
2025-06-22T22:00Z,30.3,24.0,647.0,3.57,40
2025-06-22T23:00Z,29.2,23.2,386.0,3.27,22
2025-06-23T00:00Z,29.0,23.4,262.0,4.25,31
2025-06-23T01:00Z,28.8,23.5,90.0,2.69,10
2025-06-23T02:00Z,28.1,24.1,5.0,2.58,16
2025-06-23T03:00Z,27.7,24.2,0.0,2.97,24
2025-06-23T04:00Z,27.4,24.3,0.0,2.87,23
2025-06-23T05:00Z,27.0,24.4,0.0,2.87,9
2025-06-23T06:00Z,26.8,24.2,0.0,2.84,7
2025-06-23T07:00Z,26.6,23.9,0.0,2.64,12
2025-06-23T08:00Z,26.3,23.8,0.0,2.09,13
2025-06-23T09:00Z,26.0,23.8,0.0,1.74,11
2025-06-23T10:00Z,25.7,23.8,0.0,1.63,14
2025-06-23T11:00Z,25.6,23.6,0.0,1.38,13
2025-06-23T12:00Z,25.8,23.7,13.0,1.36,11
2025-06-23T13:00Z,26.1,23.9,136.0,1.0,14
2025-06-23T14:00Z,28.0,23.8,317.0,1.19,1
2025-06-23T15:00Z,29.7,23.9,528.0,1.18,15
2025-06-23T16:00Z,30.9,24.0,670.0,1.39,13
2025-06-23T17:00Z,32.0,23.7,815.0,1.57,20
2025-06-23T18:00Z,33.0,22.8,847.0,1.87,34
2025-06-23T19:00Z,32.9,22.2,820.0,3.07,91
2025-06-23T20:00Z,32.3,22.5,687.0,3.26,36
2025-06-23T21:00Z,32.6,22.6,724.0,2.98,48
2025-06-23T22:00Z,30.7,22.1,510.0,3.39,53
2025-06-23T23:00Z,31.1,22.6,413.0,3.54,9
2025-06-24T00:00Z,30.4,22.5,282.0,4.14,31
2025-06-24T01:00Z,28.7,22.5,97.0,3.56,48
2025-06-24T02:00Z,27.4,22.2,4.0,2.16,19
2025-06-24T03:00Z,27.2,22.6,0.0,2.23,8
2025-06-24T04:00Z,27.0,23.5,0.0,1.91,8
2025-06-24T05:00Z,26.6,24.2,0.0,0.96,8
2025-06-24T06:00Z,26.3,24.3,0.0,1.23,19
2025-06-24T07:00Z,25.9,24.5,0.0,0.74,22
2025-06-24T08:00Z,25.6,24.5,0.0,0.55,13
2025-06-24T09:00Z,25.4,24.3,0.0,0.97,26
2025-06-24T10:00Z,25.1,24.1,0.0,1.35,20
2025-06-24T11:00Z,25.1,23.9,0.0,1.53,3
2025-06-24T12:00Z,25.1,24.0,14.0,1.82,13
2025-06-24T13:00Z,25.9,22.5,140.0,1.17,18
2025-06-24T14:00Z,27.6,23.0,323.0,1.95,3
2025-06-24T15:00Z,29.4,23.3,533.0,2.08,9
2025-06-24T16:00Z,30.7,22.7,682.0,2.2,2
2025-06-24T17:00Z,32.0,22.4,841.0,2.2,17
2025-06-24T18:00Z,32.9,22.2,896.0,2.41,18
2025-06-24T19:00Z,30.8,21.9,831.0,1.97,28
2025-06-24T20:00Z,31.2,21.6,858.0,3.0,68
2025-06-24T21:00Z,31.4,22.1,708.0,2.9,86
2025-06-24T22:00Z,31.2,21.4,558.0,3.47,85
2025-06-24T23:00Z,29.7,22.3,330.0,3.38,86
2025-06-25T00:00Z,29.6,22.7,255.0,3.15,82
2025-06-25T01:00Z,26.8,23.2,68.0,2.5,100
2025-06-25T02:00Z,25.9,22.9,4.0,2.25,100
2025-06-25T03:00Z,25.3,22.8,0.0,2.16,100
2025-06-25T04:00Z,25.3,23.3,0.0,1.57,100
2025-06-25T05:00Z,25.2,23.5,0.0,1.88,91
2025-06-25T06:00Z,24.9,23.6,0.0,2.02,87
2025-06-25T07:00Z,24.8,23.7,0.0,1.87,68
2025-06-25T08:00Z,24.7,23.8,0.0,1.9,95
2025-06-25T09:00Z,24.6,23.9,0.0,2.07,93
2025-06-25T10:00Z,24.3,23.0,0.0,2.0,100
2025-06-25T11:00Z,23.9,22.7,0.0,1.77,100
2025-06-25T12:00Z,23.9,22.9,12.0,1.47,99
2025-06-25T13:00Z,23.7,22.6,50.0,2.02,100
2025-06-25T14:00Z,24.2,22.7,194.0,1.68,100
2025-06-25T15:00Z,24.4,22.6,201.0,2.17,100
2025-06-25T16:00Z,25.3,22.8,242.0,2.19,100
2025-06-25T17:00Z,26.5,22.9,437.0,2.77,100
2025-06-25T18:00Z,27.2,23.0,356.0,3.0,100
2025-06-25T19:00Z,28.5,23.6,543.0,2.75,100
2025-06-25T20:00Z,29.5,23.9,650.0,3.23,100
2025-06-25T21:00Z,27.9,23.7,617.0,3.04,100
2025-06-25T22:00Z,28.1,23.4,391.0,3.59,99
2025-06-25T23:00Z,27.9,23.0,349.0,2.86,82
2025-06-26T00:00Z,27.8,22.8,254.0,3.22,87
2025-06-26T01:00Z,26.8,23.4,52.0,1.35,100
2025-06-26T02:00Z,26.1,23.4,4.0,1.52,100
2025-06-26T03:00Z,25.7,23.5,0.0,1.45,96
2025-06-26T04:00Z,25.3,23.7,0.0,1.37,84
2025-06-26T05:00Z,25.1,23.8,0.0,1.69,95
2025-06-26T06:00Z,25.0,23.7,0.0,1.5,59
2025-06-26T07:00Z,24.7,23.6,0.0,1.01,100
2025-06-26T08:00Z,24.7,23.5,0.0,0.96,100
2025-06-26T09:00Z,24.7,23.4,0.0,1.47,50
2025-06-26T10:00Z,24.5,23.2,0.0,1.55,56
2025-06-26T11:00Z,24.2,22.7,0.0,1.31,64
2025-06-26T12:00Z,24.2,22.7,12.0,1.59,11
2025-06-26T13:00Z,25.8,24.5,128.0,1.68,22
2025-06-26T14:00Z,27.5,24.7,307.0,1.2,10
2025-06-26T15:00Z,28.9,24.2,507.0,1.14,8
2025-06-26T16:00Z,30.1,24.1,685.0,1.51,12
2025-06-26T17:00Z,31.0,23.5,811.0,1.78,23
2025-06-26T18:00Z,31.5,23.0,841.0,2.02,99
2025-06-26T19:00Z,31.9,22.5,846.0,2.55,98
2025-06-26T20:00Z,28.6,23.4,611.0,3.16,100
2025-06-26T21:00Z,27.8,22.8,456.0,1.1,100
2025-06-26T22:00Z,28.5,23.2,366.0,1.57,100
2025-06-26T23:00Z,28.8,23.2,298.0,2.26,100
2025-06-27T00:00Z,28.8,22.8,183.0,2.14,100
2025-06-27T01:00Z,27.4,24.2,48.0,0.79,100
2025-06-27T02:00Z,26.7,24.6,4.0,0.32,6
2025-06-27T03:00Z,26.2,24.2,0.0,0.18,100
2025-06-27T04:00Z,25.7,24.2,0.0,0.56,96
2025-06-27T05:00Z,25.4,24.2,0.0,0.75,76
2025-06-27T06:00Z,25.3,24.1,0.0,1.01,68
2025-06-27T07:00Z,25.2,23.9,0.0,1.11,50
2025-06-27T08:00Z,24.7,23.5,0.0,1.05,8
2025-06-27T09:00Z,24.6,23.2,0.0,1.22,2
2025-06-27T10:00Z,24.1,22.8,0.0,0.93,3
2025-06-27T11:00Z,24.0,22.6,0.0,0.36,1
2025-06-27T12:00Z,24.3,22.9,13.0,0.5,2
2025-06-27T13:00Z,24.6,23.0,123.0,2.87,99
2025-06-27T14:00Z,25.3,23.4,193.0,0.27,33
2025-06-27T15:00Z,27.3,23.9,451.0,0.43,72
2025-06-27T16:00Z,28.9,24.6,693.0,0.89,44
2025-06-27T17:00Z,29.8,24.6,757.0,1.68,20
2025-06-27T18:00Z,30.7,24.2,848.0,2.05,42
2025-06-27T19:00Z,31.2,23.2,834.0,2.46,36
2025-06-27T20:00Z,31.4,23.1,782.0,2.65,33
2025-06-27T21:00Z,31.3,23.0,734.0,2.76,40
2025-06-27T22:00Z,30.5,22.8,592.0,3.11,46
2025-06-27T23:00Z,30.2,22.9,449.0,2.86,27
2025-06-28T00:00Z,29.5,23.1,266.0,3.06,33
2025-06-28T01:00Z,29.0,23.9,86.0,2.12,100
2025-06-28T02:00Z,28.0,24.2,4.0,2.02,40
2025-06-28T03:00Z,27.4,24.4,0.0,2.26,24
2025-06-28T04:00Z,27.0,24.5,0.0,1.97,17
2025-06-28T05:00Z,26.5,24.5,0.0,2.04,9
2025-06-28T06:00Z,26.1,24.3,0.0,1.82,12
2025-06-28T07:00Z,25.7,24.2,0.0,1.69,11
2025-06-28T08:00Z,25.4,24.0,0.0,1.43,5
2025-06-28T09:00Z,25.0,23.9,0.0,1.01,4
2025-06-28T10:00Z,24.6,23.7,0.0,0.78,5
2025-06-28T11:00Z,24.4,23.6,0.0,0.6,2
2025-06-28T12:00Z,24.7,23.8,13.0,0.54,1
2025-06-28T13:00Z,26.2,24.4,139.0,0.47,74
2025-06-28T14:00Z,28.0,24.6,327.0,0.43,100
2025-06-28T15:00Z,29.4,23.7,521.0,0.99,69
2025-06-28T16:00Z,30.5,22.9,693.0,1.44,8
2025-06-28T17:00Z,31.4,22.3,804.0,1.74,19
2025-06-28T18:00Z,32.0,21.8,874.0,2.25,21
2025-06-28T19:00Z,31.7,21.7,840.0,2.59,34
2025-06-28T20:00Z,31.9,22.0,800.0,2.47,33
2025-06-28T21:00Z,32.0,21.8,726.0,2.58,16
2025-06-28T22:00Z,32.2,21.3,640.0,2.88,7
2025-06-28T23:00Z,31.4,21.9,486.0,3.65,4
2025-06-29T00:00Z,30.0,22.6,290.0,3.88,11
2025-06-29T01:00Z,29.4,23.0,97.0,2.76,24
2025-06-29T02:00Z,28.2,23.5,5.0,2.36,16
2025-06-29T03:00Z,27.5,23.8,0.0,2.21,4
2025-06-29T04:00Z,26.9,24.0,0.0,1.89,4
2025-06-29T05:00Z,26.6,23.9,0.0,2.14,5
2025-06-29T06:00Z,26.2,24.2,0.0,1.35,1
2025-06-29T07:00Z,25.8,24.4,0.0,1.99,0
2025-06-29T08:00Z,25.6,24.5,0.0,1.71,5
2025-06-29T09:00Z,25.5,24.5,0.0,1.79,9
2025-06-29T10:00Z,25.3,24.4,0.0,1.35,9
2025-06-29T11:00Z,25.1,24.3,0.0,1.3,10
2025-06-29T12:00Z,25.4,24.4,12.0,1.31,9
2025-06-29T13:00Z,26.2,24.5,102.0,0.92,33
2025-06-29T14:00Z,28.0,24.2,293.0,1.01,12
2025-06-29T15:00Z,29.4,24.0,516.0,1.47,9
2025-06-29T16:00Z,30.4,23.8,663.0,1.32,19
2025-06-29T17:00Z,27.9,22.5,798.0,3.98,100
2025-06-29T18:00Z,28.7,23.9,505.0,3.76,99
2025-06-29T19:00Z,27.9,23.5,580.0,4.38,100
2025-06-29T20:00Z,28.7,23.7,550.0,3.41,100
2025-06-29T21:00Z,28.6,23.5,444.0,3.22,100
2025-06-29T22:00Z,29.1,23.6,416.0,2.76,100
2025-06-29T23:00Z,29.4,23.6,367.0,3.39,100
2025-06-30T00:00Z,28.9,23.6,200.0,2.86,100
2025-06-30T01:00Z,27.9,24.2,72.0,1.65,100
2025-06-30T02:00Z,27.1,24.0,4.0,2.11,100
2025-06-30T03:00Z,26.6,23.4,0.0,2.49,100
2025-06-30T04:00Z,25.8,23.1,0.0,2.34,78
2025-06-30T05:00Z,25.2,23.1,0.0,2.21,60
2025-06-30T06:00Z,24.9,23.1,0.0,1.65,100
2025-06-30T07:00Z,24.8,23.2,0.0,1.82,58
2025-06-30T08:00Z,24.8,23.3,0.0,1.87,97
2025-06-30T09:00Z,24.6,23.3,0.0,1.38,98
2025-06-30T10:00Z,24.3,23.1,0.0,1.19,88
2025-06-30T11:00Z,24.5,23.1,0.0,1.58,56
2025-06-30T12:00Z,24.8,23.3,12.0,1.1,93
2025-06-30T13:00Z,25.8,24.2,115.0,0.92,90
2025-06-30T14:00Z,28.0,24.8,327.0,0.42,34
2025-06-30T15:00Z,29.7,24.5,528.0,0.76,26
2025-06-30T16:00Z,30.7,23.5,653.0,2.04,28
2025-06-30T17:00Z,31.6,23.4,767.0,2.17,34
2025-06-30T18:00Z,32.5,23.4,833.0,2.69,41
2025-06-30T19:00Z,29.5,23.6,856.0,3.65,79
2025-06-30T20:00Z,30.8,23.8,564.0,2.78,95
2025-06-30T21:00Z,29.8,23.7,396.0,3.18,97
2025-06-30T22:00Z,30.2,24.0,518.0,2.69,89
2025-06-30T23:00Z,30.3,23.7,432.0,2.48,66
2025-07-01T00:00Z,29.9,23.5,262.0,2.4,8
2025-07-01T01:00Z,27.1,23.5,70.0,0.5,62
2025-07-01T02:00Z,26.6,24.2,4.0,0.76,87
2025-07-01T03:00Z,26.4,24.7,0.0,0.51,99
2025-07-01T04:00Z,26.2,24.5,0.0,0.97,98
2025-07-01T05:00Z,25.8,24.4,0.0,1.22,100
2025-07-01T06:00Z,25.4,24.1,0.0,1.44,100
2025-07-01T07:00Z,25.0,24.0,0.0,1.2,100
2025-07-01T08:00Z,24.6,23.8,0.0,0.83,100
2025-07-01T09:00Z,24.3,23.8,0.0,1.41,23
2025-07-01T10:00Z,24.1,23.7,0.0,1.41,86
2025-07-01T11:00Z,23.8,23.6,0.0,1.15,99
2025-07-01T12:00Z,23.8,23.7,11.0,1.16,100
2025-07-01T13:00Z,24.8,23.5,131.0,1.31,93
2025-07-01T14:00Z,26.8,23.8,327.0,0.95,8
2025-07-01T15:00Z,28.8,23.6,523.0,0.65,22
2025-07-01T16:00Z,30.4,23.1,714.0,0.3,8
2025-07-01T17:00Z,31.5,22.7,854.0,0.43,18
2025-07-01T18:00Z,32.2,22.2,894.0,0.92,24
2025-07-01T19:00Z,32.8,22.0,922.0,1.25,21
2025-07-01T20:00Z,33.1,22.2,867.0,1.35,56
2025-07-01T21:00Z,33.1,22.1,774.0,1.32,41
2025-07-01T22:00Z,33.0,22.0,642.0,1.36,17
2025-07-01T23:00Z,32.6,22.2,468.0,1.2,12
2025-07-02T00:00Z,32.0,22.5,280.0,1.6,24
2025-07-02T01:00Z,30.1,24.6,101.0,1.17,99
2025-07-02T02:00Z,29.1,25.0,5.0,2.52,98
2025-07-02T03:00Z,28.3,25.0,0.0,2.09,8
2025-07-02T04:00Z,27.4,25.0,0.0,2.7,68
2025-07-02T05:00Z,26.8,24.7,0.0,2.62,100
2025-07-02T06:00Z,26.5,24.6,0.0,2.27,100
2025-07-02T07:00Z,26.1,24.5,0.0,1.78,100
2025-07-02T08:00Z,25.7,24.4,0.0,1.66,100
2025-07-02T09:00Z,25.4,24.4,0.0,1.12,100
2025-07-02T10:00Z,24.9,24.1,0.0,0.89,100
2025-07-02T11:00Z,24.5,23.9,0.0,0.43,75
2025-07-02T12:00Z,24.5,24.2,12.0,0.55,100
2025-07-02T13:00Z,25.8,24.8,130.0,0.52,100
2025-07-02T14:00Z,27.4,25.1,291.0,0.67,99
2025-07-02T15:00Z,28.8,24.7,454.0,0.68,94
2025-07-02T16:00Z,30.7,22.9,701.0,0.56,71
2025-07-02T17:00Z,32.0,21.5,855.0,0.99,61
2025-07-02T18:00Z,33.1,20.3,946.0,1.42,61
2025-07-02T19:00Z,34.0,19.5,974.0,1.77,96
2025-07-02T20:00Z,34.5,19.0,929.0,2.02,100
2025-07-02T21:00Z,34.4,19.2,826.0,2.29,100
2025-07-02T22:00Z,34.0,19.5,655.0,2.93,100
2025-07-02T23:00Z,33.1,19.3,440.0,3.34,100
2025-07-03T00:00Z,31.5,20.3,259.0,3.36,99
2025-07-03T01:00Z,30.3,22.3,84.0,2.62,87
2025-07-03T02:00Z,28.7,23.4,5.0,2.4,49
2025-07-03T03:00Z,27.8,23.7,0.0,2.25,95
2025-07-03T04:00Z,27.0,24.1,0.0,2.05,100
2025-07-03T05:00Z,26.6,24.5,0.0,2.1,100
2025-07-03T06:00Z,26.4,24.7,0.0,1.79,100
2025-07-03T07:00Z,26.1,24.8,0.0,1.68,100
2025-07-03T08:00Z,25.8,24.7,0.0,1.65,100
2025-07-03T09:00Z,25.6,24.6,0.0,1.45,100
2025-07-03T10:00Z,25.4,24.5,0.0,1.22,100
2025-07-03T11:00Z,25.0,24.4,0.0,0.72,100
2025-07-03T12:00Z,25.4,24.5,10.0,0.65,93
2025-07-03T13:00Z,27.1,25.1,112.0,0.92,96
2025-07-03T14:00Z,28.7,25.1,299.0,0.51,100
2025-07-03T15:00Z,29.4,23.4,420.0,1.8,100
2025-07-03T16:00Z,30.5,23.5,579.0,1.4,100
2025-07-03T17:00Z,31.5,23.5,608.0,1.9,100
2025-07-03T18:00Z,32.5,23.7,697.0,2.47,100
2025-07-03T19:00Z,32.7,22.8,545.0,2.9,98
2025-07-03T20:00Z,32.8,22.5,630.0,3.07,96
2025-07-03T21:00Z,32.5,22.3,409.0,2.83,100
2025-07-03T22:00Z,31.9,22.5,225.0,2.65,95
2025-07-03T23:00Z,31.8,22.5,268.0,3.09,79
2025-07-04T00:00Z,31.2,22.8,203.0,3.54,97
2025-07-04T01:00Z,27.4,25.1,27.0,1.62,100
2025-07-04T02:00Z,27.1,25.6,2.0,1.47,98
2025-07-04T03:00Z,27.1,25.6,0.0,1.62,99
2025-07-04T04:00Z,27.0,25.6,0.0,1.49,87
2025-07-04T05:00Z,26.7,25.5,0.0,1.36,77
2025-07-04T06:00Z,26.3,25.5,0.0,1.54,100
2025-07-04T07:00Z,26.4,25.5,0.0,1.68,100
2025-07-04T08:00Z,26.5,25.3,0.0,1.82,100
2025-07-04T09:00Z,26.5,25.1,0.0,1.9,100
2025-07-04T10:00Z,26.4,25.0,0.0,1.65,100
2025-07-04T11:00Z,26.3,25.0,0.0,1.64,95
2025-07-04T12:00Z,26.1,24.9,8.0,1.63,75
2025-07-04T13:00Z,26.2,25.1,85.0,0.81,100
2025-07-04T14:00Z,27.4,25.5,177.0,0.6,100
2025-07-04T15:00Z,27.8,25.3,225.0,1.51,100
2025-07-04T16:00Z,28.2,24.4,381.0,2.45,100
2025-07-04T17:00Z,28.9,24.4,358.0,3.07,100
2025-07-04T18:00Z,28.9,24.3,300.0,2.8,100
2025-07-04T19:00Z,29.9,24.6,463.0,2.8,80
2025-07-04T20:00Z,31.3,24.5,577.0,3.46,99
2025-07-04T21:00Z,29.4,23.9,360.0,2.8,84
2025-07-04T22:00Z,30.4,24.2,365.0,2.8,94
2025-07-04T23:00Z,31.0,22.4,290.0,2.93,90
2025-07-05T00:00Z,30.3,22.8,222.0,3.13,74
2025-07-05T01:00Z,29.4,24.4,93.0,2.8,89
2025-07-05T02:00Z,28.4,24.6,4.0,2.82,100
2025-07-05T03:00Z,28.1,24.9,0.0,3.1,65
2025-07-05T04:00Z,27.4,24.9,0.0,2.38,69
2025-07-05T05:00Z,27.0,24.8,0.0,2.24,46
2025-07-05T06:00Z,26.8,24.6,0.0,2.28,53
2025-07-05T07:00Z,26.6,24.6,0.0,2.03,55
2025-07-05T08:00Z,26.2,24.7,0.0,2.15,33
2025-07-05T09:00Z,26.1,24.6,0.0,2.36,12
2025-07-05T10:00Z,26.0,24.5,0.0,2.28,25
2025-07-05T11:00Z,25.7,24.4,0.0,1.65,23
2025-07-05T12:00Z,25.6,24.4,10.0,1.75,30
2025-07-05T13:00Z,27.2,24.6,44.0,2.19,98
2025-07-05T14:00Z,26.2,23.2,126.0,3.02,97
2025-07-05T15:00Z,26.8,24.0,244.0,2.87,14
2025-07-05T16:00Z,29.4,24.6,493.0,3.05,29
2025-07-05T17:00Z,29.7,23.8,729.0,3.81,92
2025-07-05T18:00Z,30.4,22.5,543.0,4.32,94
2025-07-05T19:00Z,30.7,23.5,567.0,3.69,31
2025-07-05T20:00Z,32.2,22.5,873.0,4.43,32
2025-07-05T21:00Z,32.4,22.2,695.0,4.29,57
2025-07-05T22:00Z,32.1,20.8,520.0,4.02,7
2025-07-05T23:00Z,31.9,20.8,477.0,3.41,24
2025-07-06T00:00Z,30.8,22.1,256.0,2.8,22
2025-07-06T01:00Z,29.7,22.9,97.0,1.96,32
2025-07-06T02:00Z,28.4,22.7,5.0,2.5,35
2025-07-06T03:00Z,27.6,23.2,0.0,1.99,3
2025-07-06T04:00Z,27.0,23.9,0.0,1.96,3
2025-07-06T05:00Z,26.6,24.3,0.0,1.53,9
2025-07-06T06:00Z,26.3,24.5,0.0,1.4,3
2025-07-06T07:00Z,25.7,24.5,0.0,1.01,17
2025-07-06T08:00Z,25.5,24.4,0.0,0.97,15
2025-07-06T09:00Z,25.2,24.2,0.0,0.99,7
2025-07-06T10:00Z,24.8,23.9,0.0,0.55,2
2025-07-06T11:00Z,24.7,24.0,0.0,1.05,0
2025-07-06T12:00Z,24.5,24.1,10.0,1.35,0
2025-07-06T13:00Z,26.4,25.1,119.0,1.26,32
2025-07-06T14:00Z,28.3,25.4,304.0,1.25,21
2025-07-06T15:00Z,29.9,24.3,483.0,1.9,18
2025-07-06T16:00Z,31.3,23.1,665.0,2.26,10
2025-07-06T17:00Z,32.4,22.2,822.0,2.36,27
2025-07-06T18:00Z,33.2,21.1,835.0,2.49,32
2025-07-06T19:00Z,34.0,20.3,894.0,2.87,31
2025-07-06T20:00Z,34.0,19.9,823.0,3.26,47
2025-07-06T21:00Z,33.4,20.1,695.0,3.58,9
2025-07-06T22:00Z,33.2,19.3,645.0,3.63,31
2025-07-06T23:00Z,31.9,20.3,446.0,4.27,42
2025-07-07T00:00Z,30.9,21.1,254.0,3.6,28
2025-07-07T01:00Z,30.1,22.1,92.0,2.41,40
2025-07-07T02:00Z,28.9,22.9,5.0,2.47,21
2025-07-07T03:00Z,28.1,23.5,0.0,2.45,19
2025-07-07T04:00Z,27.3,24.0,0.0,1.85,26
2025-07-07T05:00Z,26.7,24.1,0.0,1.9,16
2025-07-07T06:00Z,26.1,24.2,0.0,1.18,4
2025-07-07T07:00Z,25.7,24.3,0.0,1.03,13
2025-07-07T08:00Z,25.3,24.4,0.0,0.99,20
2025-07-07T09:00Z,25.0,24.3,0.0,0.86,41
2025-07-07T10:00Z,25.0,24.4,0.0,1.01,36
2025-07-07T11:00Z,24.8,24.2,0.0,0.76,71
2025-07-07T12:00Z,25.4,24.6,8.0,0.4,35
2025-07-07T13:00Z,26.7,25.0,86.0,1.12,22
2025-07-07T14:00Z,28.3,25.0,307.0,0.92,7
2025-07-07T15:00Z,29.8,24.5,505.0,1.49,5
2025-07-07T16:00Z,31.0,24.2,676.0,2.15,34
2025-07-07T17:00Z,31.5,23.7,717.0,2.75,60
2025-07-07T18:00Z,27.2,23.2,688.0,1.03,100
2025-07-07T19:00Z,28.2,23.9,428.0,0.9,98
2025-07-07T20:00Z,30.0,24.1,720.0,1.12,85
2025-07-07T21:00Z,27.4,23.0,721.0,4.55,83
2025-07-07T22:00Z,27.6,23.7,472.0,1.83,85
2025-07-07T23:00Z,28.1,23.8,297.0,1.83,71
2025-07-08T00:00Z,28.3,23.5,242.0,2.2,42
2025-07-08T01:00Z,26.8,23.6,104.0,0.88,100
2025-07-08T02:00Z,26.5,24.0,4.0,1.17,60
2025-07-08T03:00Z,26.2,24.2,0.0,1.5,15
2025-07-08T04:00Z,26.4,24.4,0.0,1.37,97
2025-07-08T05:00Z,26.6,24.6,0.0,1.6,31
2025-07-08T06:00Z,26.2,24.7,0.0,1.53,50
2025-07-08T07:00Z,25.8,24.7,0.0,1.05,20
2025-07-08T08:00Z,25.3,24.4,0.0,0.49,34
2025-07-08T09:00Z,25.2,24.4,0.0,1.15,51
2025-07-08T10:00Z,25.3,24.3,0.0,1.32,74
2025-07-08T11:00Z,25.3,24.2,0.0,1.3,45
2025-07-08T12:00Z,25.3,24.3,8.0,2.11,20
2025-07-08T13:00Z,24.5,22.3,66.0,0.6,26
2025-07-08T14:00Z,25.6,22.9,262.0,0.63,70
2025-07-08T15:00Z,25.9,22.9,320.0,1.61,45
2025-07-08T16:00Z,27.7,23.9,603.0,1.97,73
2025-07-08T17:00Z,28.9,24.6,652.0,1.88,45
2025-07-08T18:00Z,30.2,24.8,826.0,1.53,59
2025-07-08T19:00Z,27.4,23.1,879.0,4.67,99
2025-07-08T20:00Z,25.9,23.7,361.0,0.57,95
2025-07-08T21:00Z,27.1,24.1,363.0,1.19,77
2025-07-08T22:00Z,28.2,24.2,442.0,1.46,100
2025-07-08T23:00Z,28.6,24.3,310.0,1.87,100
2025-07-09T00:00Z,24.1,22.2,201.0,2.34,100
2025-07-09T01:00Z,23.5,22.9,32.0,1.54,78
2025-07-09T02:00Z,23.3,23.0,4.0,1.91,63
2025-07-09T03:00Z,23.4,23.1,0.0,1.7,20
2025-07-09T04:00Z,23.3,22.6,0.0,0.94,10
2025-07-09T05:00Z,23.4,22.6,0.0,1.95,16
2025-07-09T06:00Z,23.3,22.3,0.0,1.67,25
2025-07-09T07:00Z,23.0,21.9,0.0,1.14,86
2025-07-09T08:00Z,23.7,22.4,0.0,1.77,85
2025-07-09T09:00Z,24.0,23.1,0.0,2.12,31
2025-07-09T10:00Z,24.1,23.4,0.0,1.42,16
2025-07-09T11:00Z,23.5,23.0,0.0,0.75,28
2025-07-09T12:00Z,24.0,23.5,9.0,0.32,54
2025-07-09T13:00Z,25.7,24.9,111.0,2.12,65
2025-07-09T14:00Z,26.7,24.5,254.0,1.7,91
2025-07-09T15:00Z,28.1,24.7,523.0,2.29,100
2025-07-09T16:00Z,28.9,24.9,552.0,2.16,97
2025-07-09T17:00Z,30.0,25.2,760.0,1.69,95
2025-07-09T18:00Z,30.5,24.4,768.0,2.53,100
2025-07-09T19:00Z,25.9,23.0,571.0,1.98,100
2025-07-09T20:00Z,25.6,23.2,92.0,1.64,100
2025-07-09T21:00Z,27.6,24.1,408.0,0.61,100
2025-07-09T22:00Z,28.5,23.7,397.0,1.63,100
2025-07-09T23:00Z,28.7,23.5,354.0,1.57,100
2025-07-10T00:00Z,28.3,23.7,166.0,1.46,100
2025-07-10T01:00Z,27.4,24.1,28.0,0.89,100
2025-07-10T02:00Z,26.7,24.2,4.0,0.95,100
2025-07-10T03:00Z,26.2,24.2,0.0,1.05,100
2025-07-10T04:00Z,25.8,24.1,0.0,1.75,100
2025-07-10T05:00Z,25.5,24.1,0.0,1.92,100
2025-07-10T06:00Z,25.2,23.9,0.0,2.29,100
2025-07-10T07:00Z,25.0,23.7,0.0,2.39,100
2025-07-10T08:00Z,24.8,23.5,0.0,2.17,94
2025-07-10T09:00Z,24.7,23.6,0.0,1.99,16
2025-07-10T10:00Z,24.5,23.6,0.0,1.76,67
2025-07-10T11:00Z,24.5,23.7,0.0,1.87,91
2025-07-10T12:00Z,24.6,23.8,9.0,2.08,11
2025-07-10T13:00Z,25.3,24.4,111.0,1.76,100
2025-07-10T14:00Z,26.3,24.9,155.0,1.75,93
2025-07-10T15:00Z,27.5,25.1,347.0,2.36,86
2025-07-10T16:00Z,29.0,25.2,626.0,2.16,85
2025-07-10T17:00Z,30.0,25.1,750.0,1.63,78
2025-07-10T18:00Z,30.8,24.8,874.0,1.7,67
2025-07-10T19:00Z,31.4,24.7,915.0,1.74,84
2025-07-10T20:00Z,31.8,24.8,867.0,1.47,99
2025-07-10T21:00Z,27.4,24.2,599.0,2.56,99
2025-07-10T22:00Z,28.9,24.6,380.0,1.98,98
2025-07-10T23:00Z,28.9,24.9,399.0,1.99,100
2025-07-11T00:00Z,28.6,24.8,228.0,1.94,91
2025-07-11T01:00Z,27.9,25.3,98.0,1.93,18
2025-07-11T02:00Z,27.5,24.8,4.0,2.31,9
2025-07-11T03:00Z,27.1,23.9,0.0,2.75,4
2025-07-11T04:00Z,26.6,24.0,0.0,2.55,3
2025-07-11T05:00Z,26.2,24.1,0.0,2.35,2
2025-07-11T06:00Z,25.8,24.1,0.0,2.11,3
2025-07-11T07:00Z,25.6,24.0,0.0,2.1,3
2025-07-11T08:00Z,25.3,23.8,0.0,1.75,3
2025-07-11T09:00Z,25.2,23.8,0.0,1.61,21
2025-07-11T10:00Z,25.1,23.8,0.0,1.84,72
2025-07-11T11:00Z,25.2,23.8,0.0,1.9,75
2025-07-11T12:00Z,25.5,23.9,6.0,2.07,34
2025-07-11T13:00Z,26.5,24.9,89.0,2.03,38
2025-07-11T14:00Z,28.1,25.4,291.0,1.89,31
2025-07-11T15:00Z,28.9,24.2,493.0,2.96,79
2025-07-11T16:00Z,29.0,24.1,402.0,2.8,47
2025-07-11T17:00Z,29.7,24.0,724.0,4.27,61
2025-07-11T18:00Z,29.9,24.0,782.0,3.37,73
2025-07-11T19:00Z,28.1,23.8,824.0,5.0,95
2025-07-11T20:00Z,28.3,24.1,348.0,2.35,100
2025-07-11T21:00Z,29.2,23.8,550.0,3.54,100
2025-07-11T22:00Z,29.8,23.7,551.0,3.76,100
2025-07-11T23:00Z,29.6,23.5,368.0,3.92,97
2025-07-12T00:00Z,29.2,23.7,254.0,3.32,66
2025-07-12T01:00Z,27.6,24.4,85.0,2.25,97
2025-07-12T02:00Z,27.1,24.5,4.0,2.36,98
2025-07-12T03:00Z,26.7,24.2,0.0,2.84,100
2025-07-12T04:00Z,26.3,24.2,0.0,2.61,99
2025-07-12T05:00Z,25.7,24.0,0.0,2.36,98
2025-07-12T06:00Z,25.6,24.1,0.0,2.65,98
2025-07-12T07:00Z,25.7,24.2,0.0,2.42,37
2025-07-12T08:00Z,24.6,23.6,0.0,1.71,93
2025-07-12T09:00Z,24.4,23.3,0.0,2.52,93
2025-07-12T10:00Z,24.1,23.0,0.0,2.44,95
2025-07-12T11:00Z,24.0,23.0,0.0,2.39,98
2025-07-12T12:00Z,24.2,23.2,8.0,2.43,94
2025-07-12T13:00Z,24.9,23.3,56.0,2.42,100
2025-07-12T14:00Z,26.1,23.6,199.0,2.06,100
2025-07-12T15:00Z,27.8,24.7,442.0,2.07,28
2025-07-12T16:00Z,29.9,24.9,698.0,2.61,41
2025-07-12T17:00Z,30.8,24.2,788.0,3.06,32
2025-07-12T18:00Z,31.1,24.2,824.0,3.15,40
2025-07-12T19:00Z,27.2,24.2,894.0,4.11,98
2025-07-12T20:00Z,28.3,23.9,445.0,2.53,99
2025-07-12T21:00Z,28.6,24.2,490.0,2.84,100
2025-07-12T22:00Z,29.0,23.9,420.0,3.26,100
2025-07-12T23:00Z,28.3,23.9,340.0,3.4,100
2025-07-13T00:00Z,27.8,24.3,171.0,2.05,100
2025-07-13T01:00Z,28.0,23.8,85.0,2.14,99
2025-07-13T02:00Z,27.1,23.9,4.0,1.88,100
2025-07-13T03:00Z,26.7,23.9,0.0,2.18,100
2025-07-13T04:00Z,26.4,23.9,0.0,2.32,100
2025-07-13T05:00Z,26.1,23.8,0.0,2.37,2
2025-07-13T06:00Z,25.9,23.7,0.0,2.64,1
2025-07-13T07:00Z,25.8,23.6,0.0,2.63,0
2025-07-13T08:00Z,25.6,23.6,0.0,2.01,8
2025-07-13T09:00Z,25.3,23.7,0.0,1.39,29
2025-07-13T10:00Z,25.2,23.6,0.0,1.35,2
2025-07-13T11:00Z,25.1,23.6,0.0,1.75,1
2025-07-13T12:00Z,24.9,23.6,8.0,1.01,67
2025-07-13T13:00Z,26.3,24.5,106.0,1.08,6
2025-07-13T14:00Z,27.3,24.9,306.0,0.69,13
2025-07-13T15:00Z,28.7,25.3,502.0,0.96,25
2025-07-13T16:00Z,29.9,24.9,647.0,2.4,24
2025-07-13T17:00Z,29.7,24.5,795.0,2.7,38
2025-07-13T18:00Z,30.8,24.4,745.0,2.7,35
2025-07-13T19:00Z,31.4,24.4,860.0,2.66,75
2025-07-13T20:00Z,31.6,24.6,733.0,2.71,84
2025-07-13T21:00Z,29.6,24.4,674.0,2.53,96
2025-07-13T22:00Z,29.8,24.0,503.0,1.39,69
2025-07-13T23:00Z,30.5,23.4,436.0,2.15,41
2025-07-14T00:00Z,29.9,23.7,258.0,2.74,49
2025-07-14T01:00Z,28.2,25.1,86.0,1.74,18
2025-07-14T02:00Z,27.4,24.5,4.0,2.48,81
2025-07-14T03:00Z,26.6,24.0,0.0,1.72,98
2025-07-14T04:00Z,26.2,23.9,0.0,1.79,100
2025-07-14T05:00Z,26.0,24.2,0.0,1.66,100
2025-07-14T06:00Z,25.9,24.7,0.0,1.57,100
2025-07-14T07:00Z,25.8,24.8,0.0,1.36,100
2025-07-14T08:00Z,25.7,24.9,0.0,1.7,84
2025-07-14T09:00Z,25.5,24.7,0.0,1.2,60
2025-07-14T10:00Z,25.3,24.6,0.0,1.05,85
2025-07-14T11:00Z,24.9,24.3,0.0,0.6,69
2025-07-14T12:00Z,25.0,24.5,7.0,0.65,55
2025-07-14T13:00Z,26.3,24.9,114.0,1.15,29
2025-07-14T14:00Z,27.7,25.4,280.0,1.03,17
2025-07-14T15:00Z,29.0,25.4,481.0,1.45,11
2025-07-14T16:00Z,30.2,25.5,662.0,1.66,37
2025-07-14T17:00Z,31.2,25.6,812.0,1.8,34
2025-07-14T18:00Z,30.4,24.0,893.0,3.81,98
2025-07-14T19:00Z,28.6,24.4,634.0,1.85,77
2025-07-14T20:00Z,29.5,25.1,652.0,1.42,63
2025-07-14T21:00Z,30.8,24.8,740.0,1.52,54
2025-07-14T22:00Z,29.2,24.3,581.0,4.02,73
2025-07-14T23:00Z,28.2,24.3,373.0,1.78,40
2025-07-15T00:00Z,28.7,24.7,279.0,1.49,63
2025-07-15T01:00Z,29.0,25.6,88.0,1.68,38
2025-07-15T02:00Z,28.2,24.7,4.0,2.74,26
2025-07-15T03:00Z,27.4,24.5,0.0,2.55,12
2025-07-15T04:00Z,26.8,24.6,0.0,1.95,2
2025-07-15T05:00Z,26.3,24.7,0.0,1.73,0
2025-07-15T06:00Z,26.0,24.6,0.0,1.9,0
2025-07-15T07:00Z,25.8,24.5,0.0,1.65,0
2025-07-15T08:00Z,25.6,24.4,0.0,1.35,0
2025-07-15T09:00Z,25.5,24.3,0.0,1.3,0
2025-07-15T10:00Z,25.3,24.1,0.0,1.1,5
2025-07-15T11:00Z,25.1,24.0,0.0,1.08,8
2025-07-15T12:00Z,25.4,24.2,7.0,1.25,10
2025-07-15T13:00Z,26.4,25.0,110.0,1.14,0
2025-07-15T14:00Z,27.8,25.4,312.0,0.61,3
2025-07-15T15:00Z,29.2,25.4,512.0,1.62,33
2025-07-15T16:00Z,30.2,25.1,628.0,1.5,22
2025-07-15T17:00Z,31.0,25.3,770.0,1.44,27
2025-07-15T18:00Z,31.5,25.5,861.0,1.93,20
2025-07-15T19:00Z,32.2,25.2,900.0,2.41,37
2025-07-15T20:00Z,30.4,25.0,792.0,2.46,34
2025-07-15T21:00Z,31.3,25.4,751.0,3.39,20
2025-07-15T22:00Z,31.0,24.9,614.0,3.52,22
2025-07-15T23:00Z,30.9,23.4,453.0,3.58,13
2025-07-16T00:00Z,30.2,23.3,285.0,3.56,8
2025-07-16T01:00Z,28.9,23.8,107.0,3.48,27
2025-07-16T02:00Z,27.7,24.2,4.0,2.92,29
2025-07-16T03:00Z,27.0,24.5,0.0,2.38,10
2025-07-16T04:00Z,26.5,24.7,0.0,2.51,0
2025-07-16T05:00Z,26.2,24.8,0.0,2.45,0
2025-07-16T06:00Z,26.0,24.8,0.0,2.36,1
2025-07-16T07:00Z,25.9,24.8,0.0,2.25,1
2025-07-16T08:00Z,25.8,24.6,0.0,2.1,0
2025-07-16T09:00Z,25.7,24.5,0.0,1.96,3
2025-07-16T10:00Z,25.6,24.4,0.0,1.6,2
2025-07-16T11:00Z,25.3,24.2,0.0,1.3,3
2025-07-16T12:00Z,25.4,24.3,7.0,1.35,1
2025-07-16T13:00Z,26.6,25.2,118.0,0.91,7
2025-07-16T14:00Z,28.1,25.6,306.0,1.71,23
2025-07-16T15:00Z,29.4,25.3,493.0,2.2,44
2025-07-16T16:00Z,30.8,24.2,689.0,2.52,20
2025-07-16T17:00Z,31.9,23.6,789.0,2.36,19
2025-07-16T18:00Z,32.6,23.3,868.0,2.2,20
2025-07-16T19:00Z,33.1,22.9,899.0,2.26,22
2025-07-16T20:00Z,33.4,22.6,855.0,2.35,13
2025-07-16T21:00Z,33.6,22.3,776.0,2.52,8
2025-07-16T22:00Z,33.1,22.6,651.0,3.34,21
2025-07-16T23:00Z,32.1,22.9,470.0,3.57,12
2025-07-17T00:00Z,31.3,23.6,290.0,2.97,2
2025-07-17T01:00Z,29.6,23.6,104.0,2.55,6
2025-07-17T02:00Z,28.2,23.8,4.0,2.89,4
2025-07-17T03:00Z,27.3,23.7,0.0,2.85,24
2025-07-17T04:00Z,26.5,23.9,0.0,2.4,100
2025-07-17T05:00Z,26.0,24.3,0.0,1.9,100
2025-07-17T06:00Z,25.5,24.4,0.0,1.35,100
2025-07-17T07:00Z,25.3,24.3,0.0,1.35,77
2025-07-17T08:00Z,25.0,24.1,0.0,1.19,72
2025-07-17T09:00Z,24.5,23.8,0.0,0.63,92
2025-07-17T10:00Z,24.0,23.7,0.0,0.45,87
2025-07-17T11:00Z,23.4,23.4,0.0,0.5,14
2025-07-17T12:00Z,23.6,23.6,6.0,0.81,99
2025-07-17T13:00Z,25.1,24.4,118.0,0.6,0
2025-07-17T14:00Z,27.1,24.5,316.0,1.19,68
2025-07-17T15:00Z,28.5,24.4,464.0,1.9,100
2025-07-17T16:00Z,29.3,24.2,483.0,1.41,100
2025-07-17T17:00Z,29.5,23.8,388.0,1.01,100
2025-07-17T18:00Z,30.2,23.6,482.0,0.8,100
2025-07-17T19:00Z,30.7,23.4,502.0,0.83,100
2025-07-17T20:00Z,30.7,23.4,403.0,0.86,100
2025-07-17T21:00Z,30.3,23.6,195.0,1.19,100
2025-07-17T22:00Z,30.4,23.6,244.0,0.99,100
2025-07-17T23:00Z,30.9,23.3,327.0,0.97,100
2025-07-18T00:00Z,30.0,24.1,117.0,1.63,100
2025-07-18T01:00Z,29.0,25.5,77.0,0.39,100
2025-07-18T02:00Z,28.5,25.1,2.0,1.1,100
2025-07-18T03:00Z,28.0,24.9,0.0,1.71,100
2025-07-18T04:00Z,27.0,24.3,0.0,2.05,100
2025-07-18T05:00Z,26.4,23.7,0.0,2.16,100
2025-07-18T06:00Z,26.0,23.8,0.0,1.82,100
2025-07-18T07:00Z,26.0,24.1,0.0,1.92,100
2025-07-18T08:00Z,25.9,24.3,0.0,1.64,100
2025-07-18T09:00Z,25.9,24.5,0.0,1.71,100
2025-07-18T10:00Z,25.8,24.6,0.0,1.5,100
2025-07-18T11:00Z,25.8,24.7,0.0,1.51,100
2025-07-18T12:00Z,25.7,24.8,1.0,0.74,100
2025-07-18T13:00Z,26.4,25.3,21.0,0.81,100
2025-07-18T14:00Z,26.6,25.5,36.0,1.27,100
2025-07-18T15:00Z,27.0,25.5,85.0,1.49,100
2025-07-18T16:00Z,28.1,25.3,246.0,0.9,100
2025-07-18T17:00Z,29.9,24.9,648.0,0.72,100
2025-07-18T18:00Z,30.6,25.2,686.0,0.89,100
2025-07-18T19:00Z,31.1,24.9,677.0,1.52,100
2025-07-18T20:00Z,31.2,24.1,586.0,1.81,100
2025-07-18T21:00Z,31.7,23.9,662.0,2.21,100
2025-07-18T22:00Z,31.6,23.5,436.0,1.67,100
2025-07-18T23:00Z,29.2,23.4,224.0,3.18,100
2025-07-19T00:00Z,28.6,23.8,100.0,2.02,99
2025-07-19T01:00Z,27.0,24.7,47.0,1.7,100
2025-07-19T02:00Z,26.7,25.0,2.0,1.83,100
2025-07-19T03:00Z,26.7,24.9,0.0,1.78,100
2025-07-19T04:00Z,26.5,24.8,0.0,1.34,72
2025-07-19T05:00Z,26.4,24.7,0.0,1.46,100
2025-07-19T06:00Z,26.4,24.7,0.0,1.52,100
2025-07-19T07:00Z,26.2,24.7,0.0,2.23,100
2025-07-19T08:00Z,26.0,24.8,0.0,2.11,100
2025-07-19T09:00Z,25.9,24.9,0.0,1.84,100
2025-07-19T10:00Z,25.8,24.9,0.0,1.41,97
2025-07-19T11:00Z,25.5,24.8,0.0,1.15,95
2025-07-19T12:00Z,25.4,24.7,6.0,1.35,82
2025-07-19T13:00Z,26.7,25.4,107.0,0.95,41
2025-07-19T14:00Z,28.0,25.7,263.0,0.74,12
2025-07-19T15:00Z,29.4,25.8,487.0,1.05,25
2025-07-19T16:00Z,30.5,25.4,645.0,1.55,17
2025-07-19T17:00Z,31.8,24.9,792.0,2.05,11
2025-07-19T18:00Z,32.8,24.2,872.0,2.82,19
2025-07-19T19:00Z,33.4,23.5,904.0,3.8,100
2025-07-19T20:00Z,30.1,23.9,561.0,3.57,77
2025-07-19T21:00Z,32.0,24.5,620.0,3.69,67
2025-07-19T22:00Z,31.2,23.5,624.0,4.04,87
2025-07-19T23:00Z,31.3,23.5,371.0,3.28,71
2025-07-20T00:00Z,30.8,23.5,251.0,3.27,96
2025-07-20T01:00Z,30.1,23.8,96.0,3.4,84
2025-07-20T02:00Z,28.7,24.3,3.0,3.32,99
2025-07-20T03:00Z,27.9,24.6,0.0,2.8,98
2025-07-20T04:00Z,27.2,24.7,0.0,2.88,16
2025-07-20T05:00Z,26.9,24.9,0.0,3.0,68
2025-07-20T06:00Z,26.7,25.0,0.0,2.9,97
2025-07-20T07:00Z,26.6,25.0,0.0,2.6,97
2025-07-20T08:00Z,26.5,25.0,0.0,2.0,99
2025-07-20T09:00Z,26.2,24.9,0.0,1.65,33
2025-07-20T10:00Z,25.9,24.8,0.0,1.39,27
2025-07-20T11:00Z,25.8,24.7,0.0,1.24,91
2025-07-20T12:00Z,25.9,24.8,5.0,1.77,100
2025-07-20T13:00Z,26.5,25.6,71.0,1.61,100
2025-07-20T14:00Z,27.9,25.3,234.0,2.54,94
2025-07-20T15:00Z,29.0,24.8,342.0,3.11,76
2025-07-20T16:00Z,30.4,24.7,510.0,2.74,35
2025-07-20T17:00Z,32.0,24.0,787.0,2.88,61
2025-07-20T18:00Z,32.7,23.7,838.0,3.16,47
2025-07-20T19:00Z,32.5,24.3,826.0,3.06,57
2025-07-20T20:00Z,32.7,23.8,738.0,2.8,73
2025-07-20T21:00Z,33.3,23.5,640.0,2.95,99
2025-07-20T22:00Z,32.5,22.9,449.0,3.29,100
2025-07-20T23:00Z,31.3,23.6,248.0,3.96,97
2025-07-21T00:00Z,30.5,24.3,173.0,3.52,27
2025-07-21T01:00Z,30.3,24.1,91.0,3.17,93
2025-07-21T02:00Z,29.2,24.6,3.0,3.11,100
2025-07-21T03:00Z,28.4,25.1,0.0,2.72,93
2025-07-21T04:00Z,27.8,25.4,0.0,2.56,15
2025-07-21T05:00Z,27.3,25.4,0.0,2.74,8
2025-07-21T06:00Z,27.0,25.3,0.0,2.8,6
2025-07-21T07:00Z,26.7,25.1,0.0,2.81,92
2025-07-21T08:00Z,26.4,25.0,0.0,2.62,100
2025-07-21T09:00Z,26.2,24.8,0.0,2.72,13
2025-07-21T10:00Z,26.0,24.7,0.0,2.42,11
2025-07-21T11:00Z,25.7,24.6,0.0,1.88,20
2025-07-21T12:00Z,25.6,24.5,5.0,1.49,19
2025-07-21T13:00Z,26.2,24.6,108.0,0.96,31
2025-07-21T14:00Z,28.1,25.0,297.0,0.78,100
2025-07-21T15:00Z,30.2,24.6,498.0,2.61,100
2025-07-21T16:00Z,31.7,23.8,619.0,2.67,78
2025-07-21T17:00Z,33.1,23.2,766.0,2.45,20
2025-07-21T18:00Z,34.1,22.6,894.0,2.51,16
2025-07-21T19:00Z,34.7,22.1,921.0,2.73,11
2025-07-21T20:00Z,35.1,21.7,860.0,2.67,13
2025-07-21T21:00Z,35.1,21.3,759.0,3.04,17
2025-07-21T22:00Z,34.6,21.3,601.0,3.17,33
2025-07-21T23:00Z,33.6,21.9,377.0,3.72,41
2025-07-22T00:00Z,32.2,22.2,249.0,3.99,86
2025-07-22T01:00Z,31.3,23.3,89.0,3.27,3
2025-07-22T02:00Z,30.1,23.6,3.0,3.07,0
2025-07-22T03:00Z,28.9,24.5,0.0,3.15,0
2025-07-22T04:00Z,28.0,25.3,0.0,2.87,0
2025-07-22T05:00Z,27.4,25.5,0.0,2.61,21
2025-07-22T06:00Z,27.1,25.5,0.0,2.17,69
2025-07-22T07:00Z,26.9,25.5,0.0,1.98,20
2025-07-22T08:00Z,26.6,25.4,0.0,1.69,53
2025-07-22T09:00Z,26.3,25.4,0.0,1.5,23
2025-07-22T10:00Z,25.9,25.2,0.0,1.12,8
2025-07-22T11:00Z,25.5,25.0,0.0,0.79,33
2025-07-22T12:00Z,25.7,25.1,5.0,1.38,16
2025-07-22T13:00Z,26.6,25.0,108.0,0.16,6
2025-07-22T14:00Z,28.4,25.0,301.0,0.47,5
2025-07-22T15:00Z,30.2,24.7,508.0,1.77,14
2025-07-22T16:00Z,31.8,23.5,676.0,2.03,24
2025-07-22T17:00Z,33.1,22.5,762.0,2.66,33
2025-07-22T18:00Z,34.0,22.1,843.0,2.8,36
2025-07-22T19:00Z,34.6,21.9,836.0,2.93,37
2025-07-22T20:00Z,35.0,21.9,818.0,3.08,23
2025-07-22T21:00Z,35.4,21.0,724.0,3.32,15
2025-07-22T22:00Z,35.6,20.6,629.0,3.85,32
2025-07-22T23:00Z,33.9,20.7,411.0,4.35,6
2025-07-23T00:00Z,32.6,20.1,278.0,4.21,0
2025-07-23T01:00Z,31.0,21.3,101.0,3.35,0
2025-07-23T02:00Z,29.4,23.3,3.0,3.18,0
2025-07-23T03:00Z,28.6,24.0,0.0,2.7,0
2025-07-23T04:00Z,28.1,24.3,0.0,2.71,0
2025-07-23T05:00Z,27.7,24.4,0.0,2.71,0
2025-07-23T06:00Z,27.3,24.6,0.0,2.4,17
2025-07-23T07:00Z,26.8,24.7,0.0,2.23,4
2025-07-23T08:00Z,26.5,24.7,0.0,2.15,1
2025-07-23T09:00Z,26.1,24.7,0.0,1.77,2
2025-07-23T10:00Z,25.8,24.6,0.0,1.19,4
2025-07-23T11:00Z,25.4,24.5,0.0,0.99,6
2025-07-23T12:00Z,25.4,24.4,5.0,0.95,6
2025-07-23T13:00Z,26.1,24.3,112.0,0.27,4
2025-07-23T14:00Z,28.1,24.3,307.0,0.29,1
2025-07-23T15:00Z,30.0,24.1,514.0,1.33,29
2025-07-23T16:00Z,31.6,23.4,621.0,1.57,36
2025-07-23T17:00Z,32.9,22.8,762.0,1.17,20
2025-07-23T18:00Z,34.2,21.7,890.0,1.29,13
2025-07-23T19:00Z,35.1,20.7,912.0,1.3,27
2025-07-23T20:00Z,35.6,20.1,844.0,1.2,14
2025-07-23T21:00Z,36.4,19.9,798.0,1.44,9
2025-07-23T22:00Z,36.3,20.0,662.0,2.51,7
2025-07-23T23:00Z,35.3,21.0,477.0,3.0,9
2025-07-24T00:00Z,33.7,22.1,271.0,3.59,2
2025-07-24T01:00Z,31.5,23.8,90.0,3.15,1
2025-07-24T02:00Z,30.6,24.0,3.0,2.89,3
2025-07-24T03:00Z,29.8,24.1,0.0,2.66,0
2025-07-24T04:00Z,29.1,24.3,0.0,2.52,0
2025-07-24T05:00Z,28.4,24.6,0.0,2.16,0
2025-07-24T06:00Z,27.8,24.7,0.0,2.17,0
2025-07-24T07:00Z,27.2,24.8,0.0,2.1,86
2025-07-24T08:00Z,26.7,24.9,0.0,1.8,20
2025-07-24T09:00Z,26.3,24.9,0.0,1.69,16
2025-07-24T10:00Z,25.8,24.8,0.0,1.34,19
2025-07-24T11:00Z,25.5,24.7,0.0,1.09,5
2025-07-24T12:00Z,25.4,24.8,5.0,1.5,0
2025-07-24T13:00Z,26.2,24.5,79.0,1.94,34
2025-07-24T14:00Z,27.5,24.1,275.0,1.69,15
2025-07-24T15:00Z,29.1,23.8,501.0,0.76,12
2025-07-24T16:00Z,30.8,23.4,688.0,0.56,5
2025-07-24T17:00Z,32.7,22.0,842.0,0.46,31
2025-07-24T18:00Z,34.4,19.9,939.0,0.34,53
2025-07-24T19:00Z,35.6,17.9,971.0,0.52,100
2025-07-24T20:00Z,36.4,16.5,929.0,1.17,100
2025-07-24T21:00Z,36.8,15.4,806.0,1.3,7
2025-07-24T22:00Z,37.1,14.7,687.0,1.01,5
2025-07-24T23:00Z,37.0,15.2,491.0,1.08,7
2025-07-25T00:00Z,36.2,16.8,282.0,1.98,3
2025-07-25T01:00Z,32.3,22.1,85.0,3.21,86
2025-07-25T02:00Z,30.7,23.6,2.0,3.03,100
2025-07-25T03:00Z,30.1,24.1,0.0,2.9,100
2025-07-25T04:00Z,29.5,24.6,0.0,2.17,100
2025-07-25T05:00Z,28.9,24.7,0.0,1.68,100
2025-07-25T06:00Z,28.5,24.6,0.0,1.52,100
2025-07-25T07:00Z,28.2,24.7,0.0,1.2,100
2025-07-25T08:00Z,28.2,24.8,0.0,0.99,100
2025-07-25T09:00Z,27.9,24.9,0.0,0.36,51
2025-07-25T10:00Z,27.6,25.0,0.0,1.05,100
2025-07-25T11:00Z,27.4,25.1,0.0,1.25,100
2025-07-25T12:00Z,27.2,25.0,1.0,1.42,100
2025-07-25T13:00Z,25.1,24.4,12.0,0.53,100
2025-07-25T14:00Z,24.8,24.4,25.0,0.49,100
2025-07-25T15:00Z,24.5,24.3,57.0,1.5,100
2025-07-25T16:00Z,25.0,23.8,143.0,1.92,100
2025-07-25T17:00Z,26.0,24.0,441.0,2.71,100
2025-07-25T18:00Z,28.2,23.8,492.0,2.82,87
2025-07-25T19:00Z,29.9,24.8,841.0,2.17,72
2025-07-25T20:00Z,30.6,25.1,861.0,1.77,66
2025-07-25T21:00Z,31.0,25.1,664.0,1.08,100
2025-07-25T22:00Z,27.4,24.4,153.0,2.33,100
2025-07-25T23:00Z,27.5,24.5,193.0,1.0,94
2025-07-26T00:00Z,27.0,24.0,182.0,0.91,100
2025-07-26T01:00Z,26.6,24.5,15.0,2.0,98
2025-07-26T02:00Z,26.0,24.3,2.0,2.0,100
2025-07-26T03:00Z,25.4,24.3,0.0,1.47,100
2025-07-26T04:00Z,25.2,24.1,0.0,1.24,100
2025-07-26T05:00Z,25.2,24.0,0.0,0.64,100
2025-07-26T06:00Z,25.1,24.0,0.0,0.18,100
2025-07-26T07:00Z,25.1,24.1,0.0,1.36,100
2025-07-26T08:00Z,25.0,23.9,0.0,1.97,99
2025-07-26T09:00Z,24.8,23.9,0.0,2.18,100
2025-07-26T10:00Z,24.6,23.6,0.0,1.55,99
2025-07-26T11:00Z,24.5,23.6,0.0,1.1,100
2025-07-26T12:00Z,24.7,23.6,3.0,1.4,95
2025-07-26T13:00Z,24.6,23.5,43.0,2.03,100
2025-07-26T14:00Z,25.9,24.0,184.0,1.24,100
2025-07-26T15:00Z,27.4,24.3,349.0,0.9,100
2025-07-26T16:00Z,28.8,24.6,576.0,1.17,98
2025-07-26T17:00Z,30.0,24.6,739.0,1.88,81
2025-07-26T18:00Z,30.9,23.9,790.0,3.64,97
2025-07-26T19:00Z,29.3,23.8,803.0,2.53,72
2025-07-26T20:00Z,29.7,23.7,610.0,3.01,70
2025-07-26T21:00Z,30.7,24.4,649.0,2.82,95
2025-07-26T22:00Z,30.7,23.6,509.0,3.06,100
2025-07-26T23:00Z,30.3,23.7,259.0,3.17,100
2025-07-27T00:00Z,29.9,23.3,189.0,3.13,100
2025-07-27T01:00Z,29.0,23.2,54.0,2.56,100
2025-07-27T02:00Z,28.0,24.2,2.0,2.83,100
2025-07-27T03:00Z,27.4,24.8,0.0,2.87,100
2025-07-27T04:00Z,27.2,24.7,0.0,2.59,100
2025-07-27T05:00Z,27.1,24.4,0.0,2.62,100
2025-07-27T06:00Z,26.9,24.3,0.0,2.46,99
2025-07-27T07:00Z,26.6,24.4,0.0,2.2,87
2025-07-27T08:00Z,26.5,24.3,0.0,2.09,66
2025-07-27T09:00Z,26.4,24.1,0.0,1.85,13
2025-07-27T10:00Z,26.2,23.9,0.0,1.8,10
2025-07-27T11:00Z,26.0,23.8,0.0,1.71,8
2025-07-27T12:00Z,25.9,23.9,4.0,1.27,19
2025-07-27T13:00Z,26.8,24.8,98.0,1.15,23
2025-07-27T14:00Z,28.6,25.1,267.0,1.21,30
2025-07-27T15:00Z,30.2,24.8,465.0,1.95,41
2025-07-27T16:00Z,30.0,24.2,613.0,3.61,92
2025-07-27T17:00Z,29.1,24.0,451.0,1.79,93
2025-07-27T18:00Z,31.6,24.8,800.0,2.19,100
2025-07-27T19:00Z,28.5,24.0,758.0,2.83,100
2025-07-27T20:00Z,29.5,24.4,473.0,2.58,98
2025-07-27T21:00Z,30.6,24.3,554.0,2.77,97
2025-07-27T22:00Z,30.9,24.3,579.0,2.8,85
2025-07-27T23:00Z,30.6,24.0,442.0,3.12,43
2025-07-28T00:00Z,29.9,24.4,249.0,2.94,74
2025-07-28T01:00Z,29.6,24.6,57.0,0.81,99
2025-07-28T02:00Z,29.0,25.0,2.0,2.0,100
2025-07-28T03:00Z,28.5,24.8,0.0,2.33,100
2025-07-28T04:00Z,27.8,24.5,0.0,1.88,100
2025-07-28T05:00Z,27.3,24.1,0.0,1.88,97
2025-07-28T06:00Z,27.0,23.8,0.0,1.55,23
2025-07-28T07:00Z,26.6,23.8,0.0,1.68,21
2025-07-28T08:00Z,26.2,23.9,0.0,1.35,1
2025-07-28T09:00Z,25.7,24.1,0.0,0.92,0
2025-07-28T10:00Z,25.3,24.1,0.0,0.5,2
2025-07-28T11:00Z,24.9,24.1,0.0,0.21,3
2025-07-28T12:00Z,24.7,24.1,3.0,0.87,6
2025-07-28T13:00Z,26.2,24.2,98.0,1.0,4
2025-07-28T14:00Z,28.0,24.4,291.0,0.79,0
2025-07-28T15:00Z,29.8,24.2,504.0,0.54,3
2025-07-28T16:00Z,31.4,22.7,678.0,0.8,8
2025-07-28T17:00Z,32.7,21.4,806.0,0.92,13
2025-07-28T18:00Z,33.7,20.4,876.0,0.87,7
2025-07-28T19:00Z,34.5,19.8,913.0,0.85,3
2025-07-28T20:00Z,35.1,19.5,896.0,1.3,5
2025-07-28T21:00Z,35.2,19.4,796.0,1.76,6
2025-07-28T22:00Z,34.9,19.8,653.0,2.13,6
2025-07-28T23:00Z,34.3,20.1,474.0,2.45,6
2025-07-29T00:00Z,33.1,20.9,274.0,2.68,1
2025-07-29T01:00Z,31.3,22.8,78.0,2.07,22
2025-07-29T02:00Z,30.6,23.5,2.0,2.45,2
2025-07-29T03:00Z,29.7,23.8,0.0,2.3,0
2025-07-29T04:00Z,28.9,24.0,0.0,2.25,0
2025-07-29T05:00Z,28.3,24.1,0.0,2.52,0
2025-07-29T06:00Z,27.7,24.2,0.0,2.51,0
2025-07-29T07:00Z,27.2,24.2,0.0,2.39,0
2025-07-29T08:00Z,26.8,24.1,0.0,2.12,0
2025-07-29T09:00Z,26.3,24.1,0.0,1.89,13
2025-07-29T10:00Z,25.8,24.0,0.0,1.82,0
2025-07-29T11:00Z,25.4,23.9,0.0,1.5,0
2025-07-29T12:00Z,25.1,23.8,3.0,1.39,0
2025-07-29T13:00Z,25.7,23.7,104.0,1.24,0
2025-07-29T14:00Z,27.5,23.7,299.0,1.78,24
2025-07-29T15:00Z,29.2,23.3,494.0,1.28,6
2025-07-29T16:00Z,31.3,22.3,691.0,1.03,0
2025-07-29T17:00Z,33.3,20.6,844.0,0.76,0
2025-07-29T18:00Z,34.9,19.4,936.0,0.53,0
2025-07-29T19:00Z,36.3,18.4,969.0,0.18,0
2025-07-29T20:00Z,37.0,17.6,936.0,0.36,0
2025-07-29T21:00Z,37.4,17.0,840.0,0.38,0
2025-07-29T22:00Z,37.5,16.7,689.0,0.25,0
2025-07-29T23:00Z,37.1,16.5,496.0,0.95,3
2025-07-30T00:00Z,36.1,16.9,280.0,1.36,29
2025-07-30T01:00Z,34.6,17.9,76.0,1.3,47
2025-07-30T02:00Z,32.4,21.3,1.0,2.48,7
2025-07-30T03:00Z,30.2,24.3,0.0,2.97,5
2025-07-30T04:00Z,29.5,24.9,0.0,2.89,8
2025-07-30T05:00Z,28.8,24.6,0.0,2.61,4
2025-07-30T06:00Z,28.2,24.1,0.0,2.18,2
2025-07-30T07:00Z,27.7,23.7,0.0,2.37,8
2025-07-30T08:00Z,27.3,23.3,0.0,2.24,15
2025-07-30T09:00Z,27.0,22.8,0.0,2.48,83
2025-07-30T10:00Z,26.7,22.1,0.0,2.16,94
2025-07-30T11:00Z,26.4,21.6,0.0,2.11,90
2025-07-30T12:00Z,26.1,21.4,3.0,2.14,87
2025-07-30T13:00Z,25.9,22.1,100.0,1.88,83
2025-07-30T14:00Z,27.5,22.0,290.0,1.47,100
2025-07-30T15:00Z,29.5,21.8,472.0,1.63,100
2025-07-30T16:00Z,31.9,21.5,669.0,1.77,99
2025-07-30T17:00Z,33.9,20.6,780.0,1.52,100
2025-07-30T18:00Z,35.5,19.7,881.0,1.15,100
2025-07-30T19:00Z,36.6,19.2,912.0,0.47,100
2025-07-30T20:00Z,37.0,18.9,791.0,0.21,100
2025-07-30T21:00Z,37.1,18.6,692.0,0.3,100
2025-07-30T22:00Z,37.2,18.2,582.0,0.5,100
2025-07-30T23:00Z,36.8,18.3,419.0,0.35,100
2025-07-31T00:00Z,35.9,18.2,200.0,0.5,100
2025-07-31T01:00Z,33.5,21.0,66.0,1.22,100
2025-07-31T02:00Z,32.7,21.2,1.0,1.66,100
2025-07-31T03:00Z,31.9,21.7,0.0,2.05,100
2025-07-31T04:00Z,30.8,22.7,0.0,2.25,100
2025-07-31T05:00Z,30.1,23.0,0.0,2.98,100
2025-07-31T06:00Z,29.7,23.1,0.0,1.6,100
2025-07-31T07:00Z,29.3,22.8,0.0,1.1,100
2025-07-31T08:00Z,28.9,22.2,0.0,1.54,96
2025-07-31T09:00Z,28.4,20.7,0.0,2.09,97
2025-07-31T10:00Z,27.7,20.0,0.0,2.26,92
2025-07-31T11:00Z,27.3,20.3,0.0,1.85,99
2025-07-31T12:00Z,25.6,21.2,1.0,2.26,100
2025-07-31T13:00Z,25.6,23.2,13.0,2.06,100
2025-07-31T14:00Z,26.3,23.9,55.0,2.59,100
2025-07-31T15:00Z,27.0,24.0,132.0,2.57,99
2025-07-31T16:00Z,28.5,24.0,358.0,2.34,89
2025-07-31T17:00Z,30.9,23.3,766.0,1.68,99
2025-07-31T18:00Z,32.2,22.5,824.0,1.15,100
2025-07-31T19:00Z,31.2,22.5,375.0,0.97,100
2025-07-31T20:00Z,31.5,23.0,521.0,2.2,100
2025-07-31T21:00Z,28.7,23.2,160.0,1.57,100
2025-07-31T22:00Z,28.8,23.7,196.0,1.64,100
2025-07-31T23:00Z,28.7,23.9,150.0,1.94,100
2025-08-01T00:00Z,28.6,24.1,95.0,2.31,100
2025-08-01T01:00Z,31.0,22.9,47.0,1.5,93
2025-08-01T02:00Z,29.7,23.4,1.0,1.62,99
2025-08-01T03:00Z,29.3,24.8,0.0,0.81,91
2025-08-01T04:00Z,29.2,24.3,0.0,1.45,88
2025-08-01T05:00Z,28.4,24.1,0.0,2.32,22
2025-08-01T06:00Z,27.5,24.4,0.0,2.25,53
2025-08-01T07:00Z,26.9,24.5,0.0,2.15,99
2025-08-01T08:00Z,26.7,24.4,0.0,1.91,100
2025-08-01T09:00Z,26.6,24.5,0.0,2.16,100
2025-08-01T10:00Z,26.5,24.7,0.0,2.03,100
2025-08-01T11:00Z,26.4,24.8,0.0,2.0,100
2025-08-01T12:00Z,26.4,24.9,1.0,1.88,99
2025-08-01T13:00Z,26.0,25.0,61.0,2.15,73
2025-08-01T14:00Z,26.8,24.3,216.0,2.65,100
2025-08-01T15:00Z,26.7,24.1,132.0,1.54,100
2025-08-01T16:00Z,26.8,22.6,316.0,3.51,100
2025-08-01T17:00Z,25.3,21.7,232.0,3.5,100
2025-08-01T18:00Z,25.8,22.2,244.0,0.97,100
2025-08-01T19:00Z,26.9,22.2,260.0,0.64,100
2025-08-01T20:00Z,27.3,22.2,189.0,0.57,100
2025-08-01T21:00Z,27.8,22.0,235.0,0.54,97
2025-08-01T22:00Z,29.3,21.5,416.0,0.43,12
2025-08-01T23:00Z,30.4,21.9,474.0,0.36,9
2025-08-02T00:00Z,30.0,22.2,271.0,1.15,18
2025-08-02T01:00Z,29.7,23.7,66.0,1.57,57
2025-08-02T02:00Z,28.8,23.8,1.0,1.2,51
2025-08-02T03:00Z,28.2,24.1,0.0,1.48,24
2025-08-02T04:00Z,27.8,24.0,0.0,1.45,8
2025-08-02T05:00Z,27.3,24.2,0.0,1.88,0
2025-08-02T06:00Z,27.1,24.5,0.0,1.6,1
2025-08-02T07:00Z,26.9,24.7,0.0,1.81,0
2025-08-02T08:00Z,26.7,24.9,0.0,1.67,0
2025-08-02T09:00Z,26.6,25.0,0.0,1.78,0
2025-08-02T10:00Z,26.5,24.9,0.0,1.61,0
2025-08-02T11:00Z,26.3,24.6,0.0,1.42,0
2025-08-02T12:00Z,26.2,24.5,2.0,1.38,1
2025-08-02T13:00Z,26.8,25.0,85.0,1.98,67
2025-08-02T14:00Z,28.2,24.8,236.0,1.46,94
2025-08-02T15:00Z,28.2,24.3,235.0,1.41,100
2025-08-02T16:00Z,28.8,24.3,378.0,1.56,100
2025-08-02T17:00Z,29.6,24.2,511.0,0.93,100
2025-08-02T18:00Z,31.0,23.7,653.0,1.32,100
2025-08-02T19:00Z,31.9,23.7,703.0,1.06,100
2025-08-02T20:00Z,32.4,23.8,744.0,1.46,100
2025-08-02T21:00Z,32.4,23.4,598.0,0.67,100
2025-08-02T22:00Z,32.6,23.1,542.0,0.53,100
2025-08-02T23:00Z,32.3,23.1,327.0,0.68,100
2025-08-03T00:00Z,31.8,23.2,191.0,0.75,100
2025-08-03T01:00Z,27.5,24.9,10.0,0.56,100
2025-08-03T02:00Z,27.2,25.0,0.0,1.17,100
2025-08-03T03:00Z,27.0,25.0,0.0,0.56,100
2025-08-03T04:00Z,26.9,25.2,0.0,0.22,94
2025-08-03T05:00Z,26.7,25.3,0.0,0.4,100
2025-08-03T06:00Z,26.4,25.3,0.0,1.38,44
2025-08-03T07:00Z,25.9,25.1,0.0,1.27,7
2025-08-03T08:00Z,25.4,24.7,0.0,1.67,57
2025-08-03T09:00Z,25.1,24.4,0.0,1.31,29
2025-08-03T10:00Z,25.2,24.4,0.0,1.0,17
2025-08-03T11:00Z,24.6,23.8,0.0,0.86,67
2025-08-03T12:00Z,24.6,23.9,2.0,1.0,17
2025-08-03T13:00Z,23.2,22.1,70.0,0.41,67
2025-08-03T14:00Z,25.0,22.7,218.0,0.67,54
2025-08-03T15:00Z,27.2,22.9,397.0,0.9,72
2025-08-03T16:00Z,28.4,23.2,521.0,0.47,90
2025-08-03T17:00Z,29.5,23.6,643.0,1.37,87
2025-08-03T18:00Z,30.8,23.9,839.0,1.56,14
2025-08-03T19:00Z,31.8,24.2,888.0,0.85,22
2025-08-03T20:00Z,32.3,23.8,819.0,0.61,100
2025-08-03T21:00Z,32.3,23.3,582.0,0.16,15
2025-08-03T22:00Z,32.4,23.3,617.0,0.72,15
2025-08-03T23:00Z,32.0,23.0,439.0,1.23,21
2025-08-04T00:00Z,31.6,23.0,234.0,1.28,20
2025-08-04T01:00Z,27.8,23.5,31.0,2.02,90
2025-08-04T02:00Z,27.9,23.4,1.0,0.83,49
2025-08-04T03:00Z,27.7,23.7,0.0,0.74,30
2025-08-04T04:00Z,27.4,24.2,0.0,0.78,58
2025-08-04T05:00Z,27.0,24.5,0.0,0.57,19
2025-08-04T06:00Z,26.8,24.7,0.0,0.51,9
2025-08-04T07:00Z,26.5,24.7,0.0,0.67,1
2025-08-04T08:00Z,26.3,24.6,0.0,1.01,1
2025-08-04T09:00Z,25.8,24.6,0.0,0.6,0
2025-08-04T10:00Z,25.7,24.6,0.0,0.3,3
2025-08-04T11:00Z,25.5,24.5,0.0,0.11,10
2025-08-04T12:00Z,25.3,24.4,2.0,1.49,13
2025-08-04T13:00Z,26.6,24.8,90.0,0.79,0
2025-08-04T14:00Z,28.3,24.7,284.0,0.79,1
2025-08-04T15:00Z,29.9,24.1,492.0,0.45,59
2025-08-04T16:00Z,27.5,23.7,359.0,0.47,100
2025-08-04T17:00Z,28.7,23.1,455.0,2.07,83
2025-08-04T18:00Z,30.8,22.9,824.0,1.53,69
2025-08-04T19:00Z,32.0,22.7,858.0,0.49,88
2025-08-04T20:00Z,32.5,22.5,772.0,0.22,53
2025-08-04T21:00Z,33.1,22.6,751.0,0.89,82
2025-08-04T22:00Z,32.8,22.6,632.0,0.96,99
2025-08-04T23:00Z,32.7,22.2,409.0,0.9,99
2025-08-05T00:00Z,25.0,23.3,129.0,2.56,98
2025-08-05T01:00Z,27.3,22.4,68.0,1.7,75
2025-08-05T02:00Z,26.6,22.8,0.0,1.12,88
2025-08-05T03:00Z,26.5,23.0,0.0,1.59,77
2025-08-05T04:00Z,26.2,23.1,0.0,1.86,55
2025-08-05T05:00Z,25.9,23.3,0.0,1.49,98
2025-08-05T06:00Z,25.8,23.5,0.0,1.1,86
2025-08-05T07:00Z,25.7,23.7,0.0,1.13,100
2025-08-05T08:00Z,25.6,24.0,0.0,0.52,98
2025-08-05T09:00Z,25.4,23.9,0.0,1.1,86
2025-08-05T10:00Z,25.2,23.8,0.0,1.82,48
2025-08-05T11:00Z,25.0,23.9,0.0,2.23,1
2025-08-05T12:00Z,24.9,23.9,2.0,2.32,1
2025-08-05T13:00Z,24.1,22.8,55.0,1.06,72
2025-08-05T14:00Z,26.3,22.9,279.0,1.14,72
2025-08-05T15:00Z,28.6,23.3,488.0,1.14,5
2025-08-05T16:00Z,30.5,23.0,669.0,1.97,19
2025-08-05T17:00Z,31.6,22.6,742.0,2.46,21
2025-08-05T18:00Z,32.6,22.7,822.0,2.67,32
2025-08-05T19:00Z,33.1,22.2,896.0,3.27,48
2025-08-05T20:00Z,31.1,22.8,810.0,2.75,69
2025-08-05T21:00Z,32.0,22.4,579.0,2.56,38
2025-08-05T22:00Z,31.0,22.3,594.0,3.45,60
2025-08-05T23:00Z,31.1,22.9,320.0,2.82,18
2025-08-06T00:00Z,30.8,22.4,236.0,2.91,13
2025-08-06T01:00Z,28.2,24.2,61.0,1.32,89
2025-08-06T02:00Z,27.8,24.3,0.0,0.81,60
2025-08-06T03:00Z,27.5,24.5,0.0,1.46,4
2025-08-06T04:00Z,27.1,24.5,0.0,1.17,0
2025-08-06T05:00Z,26.8,24.6,0.0,1.6,10
2025-08-06T06:00Z,26.4,24.5,0.0,1.66,91
2025-08-06T07:00Z,26.1,24.5,0.0,1.27,92
2025-08-06T08:00Z,25.8,24.6,0.0,1.05,33
2025-08-06T09:00Z,25.5,24.7,0.0,0.75,31
2025-08-06T10:00Z,25.5,24.7,0.0,0.16,14
2025-08-06T11:00Z,24.6,24.2,0.0,1.37,53
2025-08-06T12:00Z,24.0,23.3,1.0,1.94,73
2025-08-06T13:00Z,25.3,23.1,80.0,0.79,42
2025-08-06T14:00Z,26.8,23.4,276.0,0.36,27
2025-08-06T15:00Z,28.6,24.0,489.0,0.3,1
2025-08-06T16:00Z,30.4,24.2,669.0,0.92,16
2025-08-06T17:00Z,31.7,24.0,799.0,0.98,9
2025-08-06T18:00Z,32.9,23.5,888.0,0.96,5
2025-08-06T19:00Z,33.9,23.0,918.0,1.2,6
2025-08-06T20:00Z,34.4,22.7,873.0,1.42,8
2025-08-06T21:00Z,34.7,22.6,782.0,1.77,5
2025-08-06T22:00Z,33.4,22.8,634.0,2.82,28
2025-08-06T23:00Z,31.6,23.6,317.0,2.57,18
2025-08-07T00:00Z,30.8,24.0,228.0,2.39,44
2025-08-07T01:00Z,27.8,23.7,43.0,0.56,100
2025-08-07T02:00Z,27.6,23.8,0.0,0.25,100
2025-08-07T03:00Z,27.4,24.0,0.0,1.11,99
2025-08-07T04:00Z,27.3,24.2,0.0,1.79,97
2025-08-07T05:00Z,27.1,24.4,0.0,1.66,100
2025-08-07T06:00Z,26.8,24.6,0.0,1.63,96
2025-08-07T07:00Z,26.5,24.8,0.0,1.7,50
2025-08-07T08:00Z,26.4,25.1,0.0,1.0,0
2025-08-07T09:00Z,26.1,25.2,0.0,0.72,0
2025-08-07T10:00Z,26.0,25.1,0.0,0.25,0
2025-08-07T11:00Z,25.7,25.0,0.0,0.16,0
2025-08-07T12:00Z,25.4,25.0,1.0,0.05,0
2025-08-07T13:00Z,26.4,25.2,87.0,0.41,6
2025-08-07T14:00Z,28.2,25.2,276.0,0.56,29
2025-08-07T15:00Z,29.8,24.9,467.0,0.97,17
2025-08-07T16:00Z,31.3,23.9,636.0,1.14,10
2025-08-07T17:00Z,32.8,22.7,788.0,1.05,6
2025-08-07T18:00Z,33.9,22.2,884.0,0.78,7
2025-08-07T19:00Z,34.6,21.3,908.0,0.81,34
2025-08-07T20:00Z,34.9,21.0,810.0,0.45,31
2025-08-07T21:00Z,35.1,20.6,707.0,0.22,17
2025-08-07T22:00Z,34.3,21.0,607.0,2.11,17
2025-08-07T23:00Z,30.9,23.9,374.0,3.47,27
2025-08-08T00:00Z,31.3,23.7,227.0,2.79,25
2025-08-08T01:00Z,28.4,24.1,60.0,2.4,59
2025-08-08T02:00Z,27.1,22.8,0.0,2.65,24
2025-08-08T03:00Z,26.7,22.5,0.0,1.43,7
2025-08-08T04:00Z,26.6,22.7,0.0,0.69,3
2025-08-08T05:00Z,26.5,23.1,0.0,1.1,0
2025-08-08T06:00Z,26.3,23.5,0.0,1.06,0
2025-08-08T07:00Z,26.1,23.8,0.0,1.25,0
2025-08-08T08:00Z,26.0,24.0,0.0,1.44,0
2025-08-08T09:00Z,25.8,24.3,0.0,1.43,0
2025-08-08T10:00Z,25.7,24.6,0.0,1.43,0
2025-08-08T11:00Z,25.5,24.8,0.0,1.35,0
2025-08-08T12:00Z,25.4,24.9,1.0,1.36,0
2025-08-08T13:00Z,26.5,24.9,85.0,1.5,90
2025-08-08T14:00Z,27.9,24.9,224.0,2.02,42
2025-08-08T15:00Z,29.7,24.5,425.0,1.84,16
2025-08-08T16:00Z,31.3,23.9,651.0,1.49,20
2025-08-08T17:00Z,32.6,22.7,727.0,0.89,17
2025-08-08T18:00Z,33.6,22.1,827.0,1.14,20
2025-08-08T19:00Z,34.2,21.5,851.0,1.21,13
2025-08-08T20:00Z,34.9,21.2,855.0,1.31,18
2025-08-08T21:00Z,34.9,21.1,739.0,1.49,28
2025-08-08T22:00Z,33.9,21.5,592.0,2.2,89
2025-08-08T23:00Z,32.8,21.4,212.0,2.25,62
2025-08-09T00:00Z,32.4,21.5,188.0,2.9,74
2025-08-09T01:00Z,30.2,23.4,37.0,1.11,100
2025-08-09T02:00Z,29.7,23.6,0.0,0.92,20
2025-08-09T03:00Z,29.2,23.9,0.0,1.35,1
2025-08-09T04:00Z,28.9,24.3,0.0,1.35,0
2025-08-09T05:00Z,28.4,24.5,0.0,1.78,0
2025-08-09T06:00Z,27.8,24.1,0.0,2.14,0
2025-08-09T07:00Z,27.2,23.4,0.0,2.07,0
2025-08-09T08:00Z,26.8,23.5,0.0,1.65,1
2025-08-09T09:00Z,26.6,23.8,0.0,1.21,2
2025-08-09T10:00Z,26.3,24.1,0.0,0.65,13
2025-08-09T11:00Z,26.2,24.2,0.0,0.64,9
2025-08-09T12:00Z,26.1,24.1,1.0,0.46,13
2025-08-09T13:00Z,26.1,24.1,52.0,0.58,43
2025-08-09T14:00Z,27.8,23.9,223.0,0.36,34
2025-08-09T15:00Z,29.5,23.6,449.0,1.23,49
2025-08-09T16:00Z,30.5,23.6,573.0,1.36,33
2025-08-09T17:00Z,31.8,23.2,746.0,1.36,30
2025-08-09T18:00Z,32.8,22.7,823.0,1.57,39
2025-08-09T19:00Z,33.4,22.5,826.0,1.96,40
2025-08-09T20:00Z,33.7,22.2,796.0,2.51,50
2025-08-09T21:00Z,33.4,20.7,696.0,2.41,73
2025-08-09T22:00Z,32.6,20.2,495.0,3.26,66
2025-08-09T23:00Z,31.7,20.7,374.0,2.76,84
2025-08-10T00:00Z,31.0,21.5,176.0,2.17,98
2025-08-10T01:00Z,28.7,21.9,58.0,1.08,49
2025-08-10T02:00Z,28.5,22.2,0.0,1.52,27
2025-08-10T03:00Z,28.3,22.6,0.0,1.71,3
2025-08-10T04:00Z,28.2,23.1,0.0,1.9,1
2025-08-10T05:00Z,28.0,23.2,0.0,2.16,0
2025-08-10T06:00Z,27.7,22.9,0.0,1.84,0
2025-08-10T07:00Z,27.3,23.1,0.0,1.51,5
2025-08-10T08:00Z,26.9,23.3,0.0,1.41,7
2025-08-10T09:00Z,26.6,23.5,0.0,0.81,9
2025-08-10T10:00Z,26.3,23.6,0.0,0.46,16
2025-08-10T11:00Z,25.8,23.6,0.0,0.93,10
2025-08-10T12:00Z,25.2,23.5,1.0,2.44,70
2025-08-10T13:00Z,25.8,23.3,64.0,0.89,39
2025-08-10T14:00Z,27.3,23.0,224.0,0.18,88
2025-08-10T15:00Z,28.4,22.7,331.0,0.68,78
2025-08-10T16:00Z,30.1,22.7,603.0,0.81,32
2025-08-10T17:00Z,31.5,22.1,766.0,1.69,39
2025-08-10T18:00Z,32.3,21.9,806.0,1.68,73
2025-08-10T19:00Z,33.0,22.3,853.0,1.95,73
2025-08-10T20:00Z,33.3,22.5,764.0,2.24,54
2025-08-10T21:00Z,33.6,21.9,699.0,2.35,26
2025-08-10T22:00Z,32.3,20.8,591.0,3.47,55
2025-08-10T23:00Z,31.6,21.4,336.0,2.88,71
2025-08-11T00:00Z,30.5,22.4,208.0,2.79,14
2025-08-11T01:00Z,29.4,23.0,38.0,1.84,84
2025-08-11T02:00Z,29.1,22.7,0.0,1.11,88
2025-08-11T03:00Z,28.8,22.8,0.0,0.76,78
2025-08-11T04:00Z,28.4,23.1,0.0,2.02,97
2025-08-11T05:00Z,28.0,23.3,0.0,2.19,1
2025-08-11T06:00Z,27.6,23.3,0.0,1.35,17
2025-08-11T07:00Z,27.3,23.3,0.0,0.92,10
2025-08-11T08:00Z,27.2,23.3,0.0,0.05,20
2025-08-11T09:00Z,26.2,23.1,0.0,2.39,52
2025-08-11T10:00Z,25.2,23.1,0.0,1.45,20
2025-08-11T11:00Z,23.8,22.8,0.0,0.81,21
2025-08-11T12:00Z,23.8,22.8,1.0,0.89,23
2025-08-11T13:00Z,23.1,23.0,14.0,1.14,100
2025-08-11T14:00Z,23.4,22.8,52.0,1.99,100
2025-08-11T15:00Z,24.2,21.9,300.0,0.93,95
2025-08-11T16:00Z,24.7,22.5,238.0,0.92,8
2025-08-11T17:00Z,28.1,24.0,809.0,1.71,2
2025-08-11T18:00Z,29.8,24.0,896.0,1.66,5
2025-08-11T19:00Z,30.9,23.6,923.0,1.77,7
2025-08-11T20:00Z,31.4,23.3,884.0,1.71,9
2025-08-11T21:00Z,31.8,23.0,773.0,1.76,11
2025-08-11T22:00Z,31.6,23.0,627.0,1.99,14
2025-08-11T23:00Z,30.7,23.1,436.0,2.71,8
2025-08-12T00:00Z,29.9,23.6,233.0,2.24,7
2025-08-12T01:00Z,29.1,23.3,61.0,1.33,23
2025-08-12T02:00Z,28.8,23.6,0.0,1.28,4
2025-08-12T03:00Z,28.3,24.2,0.0,1.57,2
2025-08-12T04:00Z,27.8,24.5,0.0,1.51,3
2025-08-12T05:00Z,27.4,24.5,0.0,1.45,0
2025-08-12T06:00Z,27.0,24.6,0.0,0.97,6
2025-08-12T07:00Z,26.6,24.6,0.0,1.03,9
2025-08-12T08:00Z,26.3,24.5,0.0,1.16,6
2025-08-12T09:00Z,26.0,24.5,0.0,1.28,3
2025-08-12T10:00Z,25.7,24.5,0.0,1.08,8
2025-08-12T11:00Z,25.5,24.5,0.0,0.83,6
2025-08-12T12:00Z,25.4,24.5,1.0,0.49,18
2025-08-12T13:00Z,24.4,21.8,75.0,1.77,41
2025-08-12T14:00Z,25.6,22.1,222.0,0.43,88
2025-08-12T15:00Z,27.3,22.5,347.0,1.27,23
2025-08-12T16:00Z,29.7,23.3,624.0,2.31,18
2025-08-12T17:00Z,31.3,23.2,772.0,1.82,19
2025-08-12T18:00Z,32.3,23.4,853.0,1.75,10
2025-08-12T19:00Z,33.0,23.3,897.0,1.7,9
2025-08-12T20:00Z,33.5,22.9,856.0,1.68,25
2025-08-12T21:00Z,33.9,22.4,755.0,1.82,47
2025-08-12T22:00Z,32.8,22.4,521.0,1.59,68
2025-08-12T23:00Z,31.5,22.9,315.0,1.5,43
2025-08-13T00:00Z,31.2,23.3,211.0,1.54,25
2025-08-13T01:00Z,29.6,23.6,59.0,1.38,48
2025-08-13T02:00Z,29.3,23.9,0.0,0.36,32
2025-08-13T03:00Z,29.0,24.2,0.0,0.64,30
2025-08-13T04:00Z,28.7,24.6,0.0,0.55,4
2025-08-13T05:00Z,28.2,25.0,0.0,0.6,3
2025-08-13T06:00Z,27.8,25.3,0.0,0.83,2
2025-08-13T07:00Z,27.5,25.2,0.0,1.4,12
2025-08-13T08:00Z,27.2,24.7,0.0,1.44,1
2025-08-13T09:00Z,27.0,24.2,0.0,1.55,5
2025-08-13T10:00Z,26.8,24.2,0.0,1.0,11
2025-08-13T11:00Z,26.5,24.6,0.0,0.63,5
2025-08-13T12:00Z,26.5,24.3,1.0,1.35,1
2025-08-13T13:00Z,24.8,22.8,34.0,1.25,100
2025-08-13T14:00Z,25.4,23.0,160.0,1.86,100
2025-08-13T15:00Z,27.0,23.9,301.0,0.9,100
2025-08-13T16:00Z,29.7,23.6,505.0,1.36,100
2025-08-13T17:00Z,31.4,23.5,671.0,0.98,100
2025-08-13T18:00Z,33.0,23.5,840.0,0.25,100
2025-08-13T19:00Z,33.9,22.8,861.0,0.52,74
2025-08-13T20:00Z,34.7,21.8,827.0,0.82,96
2025-08-13T21:00Z,34.1,21.7,541.0,1.93,51
2025-08-13T22:00Z,33.8,22.3,508.0,1.81,30
2025-08-13T23:00Z,32.5,22.5,389.0,2.4,82
2025-08-14T00:00Z,31.1,23.2,148.0,2.4,60
2025-08-14T01:00Z,29.6,24.3,30.0,1.2,99
2025-08-14T02:00Z,29.3,24.9,0.0,1.1,99
2025-08-14T03:00Z,29.2,25.3,0.0,1.63,77
2025-08-14T04:00Z,28.9,25.1,0.0,2.01,58
2025-08-14T05:00Z,28.5,24.7,0.0,2.18,100
2025-08-14T06:00Z,28.1,24.6,0.0,2.23,100
2025-08-14T07:00Z,27.7,24.6,0.0,2.21,100
2025-08-14T08:00Z,27.3,24.7,0.0,1.98,80
2025-08-14T09:00Z,27.0,24.8,0.0,1.66,37
2025-08-14T10:00Z,26.8,24.9,0.0,1.48,8
2025-08-14T11:00Z,26.7,25.0,0.0,1.35,13
2025-08-14T12:00Z,26.6,25.1,1.0,1.3,3
2025-08-14T13:00Z,25.3,23.7,27.0,2.19,70
2025-08-14T14:00Z,26.4,23.0,205.0,1.17,80
2025-08-14T15:00Z,28.5,23.4,447.0,0.81,73
2025-08-14T16:00Z,30.3,23.8,627.0,1.15,56
2025-08-14T17:00Z,32.0,23.5,775.0,1.1,57
2025-08-14T18:00Z,33.3,22.9,844.0,0.83,90
2025-08-14T19:00Z,34.3,22.6,888.0,1.23,39
2025-08-14T20:00Z,35.0,22.4,859.0,1.63,46
2025-08-14T21:00Z,34.9,22.1,707.0,2.62,100
2025-08-14T22:00Z,31.9,22.8,385.0,3.04,41
2025-08-14T23:00Z,31.9,23.4,356.0,3.36,42
2025-08-15T00:00Z,31.5,23.4,186.0,3.36,32
2025-08-15T01:00Z,31.1,23.3,50.0,3.46,40
2025-08-15T02:00Z,30.3,23.8,0.0,3.29,42
2025-08-15T03:00Z,29.5,24.2,0.0,2.86,9
2025-08-15T04:00Z,29.0,24.6,0.0,2.46,9
2025-08-15T05:00Z,28.5,24.8,0.0,2.22,6
2025-08-15T06:00Z,28.1,24.9,0.0,2.3,4
2025-08-15T07:00Z,27.8,24.9,0.0,2.4,3
2025-08-15T08:00Z,27.6,24.7,0.0,2.29,2
2025-08-15T09:00Z,27.5,24.7,0.0,1.8,4
2025-08-15T10:00Z,27.3,24.7,0.0,1.59,2
2025-08-15T11:00Z,27.1,24.7,0.0,1.66,2
2025-08-15T12:00Z,27.0,24.6,0.0,1.54,5
2025-08-15T13:00Z,27.5,25.3,73.0,1.19,14
2025-08-15T14:00Z,29.2,25.3,246.0,1.06,20
2025-08-15T15:00Z,29.0,24.3,433.0,2.52,76
2025-08-15T16:00Z,30.0,24.5,438.0,1.25,67
2025-08-15T17:00Z,31.9,25.0,680.0,2.2,52
2025-08-15T18:00Z,29.4,24.2,798.0,2.23,96
2025-08-15T19:00Z,29.7,24.6,604.0,2.62,87
2025-08-15T20:00Z,31.1,24.6,773.0,3.41,94
2025-08-15T21:00Z,31.2,24.4,717.0,3.87,95
2025-08-15T22:00Z,31.1,24.0,588.0,4.21,57
2025-08-15T23:00Z,30.1,24.1,382.0,4.29,44
2025-08-16T00:00Z,28.9,24.4,215.0,3.73,72
2025-08-16T01:00Z,29.5,23.9,40.0,2.38,74
2025-08-16T02:00Z,28.8,24.1,0.0,2.11,85
2025-08-16T03:00Z,28.2,24.3,0.0,2.28,89
2025-08-16T04:00Z,27.9,24.6,0.0,2.0,99
2025-08-16T05:00Z,27.4,24.8,0.0,2.15,86
2025-08-16T06:00Z,27.3,25.0,0.0,1.87,28
2025-08-16T07:00Z,27.1,25.0,0.0,1.73,9
2025-08-16T08:00Z,27.0,24.9,0.0,1.45,12
2025-08-16T09:00Z,26.9,24.9,0.0,1.28,23
2025-08-16T10:00Z,26.8,25.0,0.0,0.83,20
2025-08-16T11:00Z,26.6,25.1,0.0,0.63,14
2025-08-16T12:00Z,26.3,24.4,0.0,1.26,43
2025-08-16T13:00Z,26.7,24.9,61.0,1.03,48
2025-08-16T14:00Z,28.6,24.4,240.0,1.06,21
2025-08-16T15:00Z,30.0,24.4,449.0,1.37,11
2025-08-16T16:00Z,31.4,24.2,625.0,1.77,35
2025-08-16T17:00Z,32.2,24.1,697.0,2.25,50
2025-08-16T18:00Z,32.7,24.6,694.0,2.09,59
2025-08-16T19:00Z,33.8,23.9,736.0,1.95,100
2025-08-16T20:00Z,32.2,23.7,389.0,1.98,100
2025-08-16T21:00Z,29.6,23.5,258.0,2.32,66
2025-08-16T22:00Z,31.2,24.1,517.0,1.94,58
2025-08-16T23:00Z,31.8,24.2,386.0,2.35,63
2025-08-17T00:00Z,31.2,23.8,193.0,2.77,40
2025-08-17T01:00Z,29.2,25.5,44.0,1.11,61
2025-08-17T02:00Z,29.0,25.8,0.0,2.2,61
2025-08-17T03:00Z,28.4,25.7,0.0,2.28,83
2025-08-17T04:00Z,27.9,25.7,0.0,2.17,31
2025-08-17T05:00Z,27.5,25.7,0.0,1.69,52
2025-08-17T06:00Z,27.2,25.7,0.0,1.46,12
2025-08-17T07:00Z,26.9,25.5,0.0,1.57,0
2025-08-17T08:00Z,26.6,25.4,0.0,1.21,0
2025-08-17T09:00Z,26.3,25.3,0.0,1.12,0
2025-08-17T10:00Z,26.1,25.2,0.0,0.93,0
2025-08-17T11:00Z,25.7,25.1,0.0,0.35,2
2025-08-17T12:00Z,25.5,25.1,0.0,0.4,5
2025-08-17T13:00Z,26.3,25.2,75.0,0.85,0
2025-08-17T14:00Z,28.2,25.2,265.0,0.5,0
2025-08-17T15:00Z,29.9,25.0,474.0,0.8,0
2025-08-17T16:00Z,31.4,24.2,663.0,0.45,4
2025-08-17T17:00Z,32.8,23.2,796.0,0.25,12
2025-08-17T18:00Z,33.7,22.5,833.0,0.49,14
2025-08-17T19:00Z,34.7,21.8,890.0,0.65,31
2025-08-17T20:00Z,35.1,21.3,797.0,0.99,37
2025-08-17T21:00Z,35.3,21.1,738.0,1.56,39
2025-08-17T22:00Z,34.9,20.1,553.0,2.04,64
2025-08-17T23:00Z,34.1,20.2,290.0,2.42,75
2025-08-18T00:00Z,32.6,22.2,192.0,2.82,61
2025-08-18T01:00Z,29.9,24.2,40.0,2.38,89
2025-08-18T02:00Z,29.8,23.9,0.0,1.93,82
2025-08-18T03:00Z,29.5,24.0,0.0,2.21,100
2025-08-18T04:00Z,29.2,24.1,0.0,2.3,73
2025-08-18T05:00Z,28.8,24.0,0.0,1.93,95
2025-08-18T06:00Z,28.6,23.5,0.0,1.88,90
2025-08-18T07:00Z,28.2,23.3,0.0,1.37,2
2025-08-18T08:00Z,27.8,23.3,0.0,1.39,7
2025-08-18T09:00Z,27.5,23.3,0.0,1.41,0
2025-08-18T10:00Z,27.3,23.3,0.0,1.57,0
2025-08-18T11:00Z,27.1,23.3,0.0,1.08,15
2025-08-18T12:00Z,26.9,23.4,0.0,1.23,0
2025-08-18T13:00Z,27.3,23.7,74.0,1.19,0
2025-08-18T14:00Z,29.2,23.6,263.0,1.34,1
2025-08-18T15:00Z,31.6,22.7,473.0,1.19,1
2025-08-18T16:00Z,33.8,22.0,661.0,0.74,25
2025-08-18T17:00Z,35.3,21.2,793.0,0.89,36
2025-08-18T18:00Z,36.3,20.3,852.0,1.15,50
2025-08-18T19:00Z,37.2,19.6,905.0,1.41,54
2025-08-18T20:00Z,37.3,19.7,774.0,2.02,40
2025-08-18T21:00Z,37.0,19.0,709.0,2.03,30
2025-08-18T22:00Z,37.1,18.1,581.0,2.28,32
2025-08-18T23:00Z,35.6,17.8,377.0,3.48,55
2025-08-19T00:00Z,33.4,20.1,165.0,2.15,6
2025-08-19T01:00Z,29.7,22.6,43.0,1.35,16
2025-08-19T02:00Z,29.1,22.8,0.0,1.46,36
2025-08-19T03:00Z,28.4,23.3,0.0,1.16,89
2025-08-19T04:00Z,28.0,23.8,0.0,1.35,86
2025-08-19T05:00Z,27.7,24.1,0.0,1.26,78
2025-08-19T06:00Z,27.2,24.4,0.0,1.07,84
2025-08-19T07:00Z,26.9,24.7,0.0,0.79,96
2025-08-19T08:00Z,26.6,24.8,0.0,0.45,95
2025-08-19T09:00Z,26.4,24.8,0.0,0.52,23
2025-08-19T10:00Z,25.9,25.0,0.0,0.85,55
2025-08-19T11:00Z,25.7,24.9,0.0,1.11,19
2025-08-19T12:00Z,25.6,24.6,0.0,1.23,38
2025-08-19T13:00Z,24.3,23.2,43.0,2.73,100
2025-08-19T14:00Z,24.1,23.6,41.0,1.72,49
2025-08-19T15:00Z,26.4,23.8,372.0,1.1,98
2025-08-19T16:00Z,28.7,23.9,609.0,0.96,82
2025-08-19T17:00Z,30.4,23.8,713.0,0.4,93
2025-08-19T18:00Z,31.2,23.8,816.0,0.67,68
2025-08-19T19:00Z,31.6,23.8,715.0,0.98,43
2025-08-19T20:00Z,32.4,23.7,814.0,1.48,32
2025-08-19T21:00Z,32.7,23.0,707.0,1.61,68
2025-08-19T22:00Z,31.8,22.1,506.0,2.61,68
2025-08-19T23:00Z,31.2,23.2,291.0,1.63,27
2025-08-20T00:00Z,30.9,23.8,201.0,1.45,22
2025-08-20T01:00Z,27.1,23.5,18.0,0.52,94
2025-08-20T02:00Z,26.9,23.8,0.0,0.2,58
2025-08-20T03:00Z,26.6,24.4,0.0,0.85,8
2025-08-20T04:00Z,26.4,24.9,0.0,0.96,2
2025-08-20T05:00Z,26.2,25.0,0.0,0.22,0
2025-08-20T06:00Z,26.0,25.0,0.0,0.32,0
2025-08-20T07:00Z,25.7,25.0,0.0,0.45,0
2025-08-20T08:00Z,25.4,24.8,0.0,0.88,0
2025-08-20T09:00Z,25.3,24.6,0.0,0.85,2
2025-08-20T10:00Z,25.2,24.5,0.0,1.0,6
2025-08-20T11:00Z,25.1,24.6,0.0,1.23,10
2025-08-20T12:00Z,25.1,24.7,0.0,1.39,0
2025-08-20T13:00Z,25.4,24.2,72.0,1.64,3
2025-08-20T14:00Z,27.2,24.1,261.0,1.22,13
2025-08-20T15:00Z,29.3,23.7,471.0,1.35,12
2025-08-20T16:00Z,31.1,23.3,660.0,1.46,11
2025-08-20T17:00Z,32.6,22.3,807.0,0.86,33
2025-08-20T18:00Z,33.6,21.8,886.0,0.69,62
2025-08-20T19:00Z,34.3,21.7,899.0,0.57,9
2025-08-20T20:00Z,34.8,21.9,874.0,0.25,19
2025-08-20T21:00Z,34.8,21.9,738.0,0.25,22
2025-08-20T22:00Z,32.6,22.1,546.0,1.87,76
2025-08-20T23:00Z,30.7,22.5,290.0,2.73,90
2025-08-21T00:00Z,30.0,23.2,166.0,1.88,36
2025-08-21T01:00Z,27.1,23.6,40.0,1.05,48
2025-08-21T02:00Z,26.9,23.7,0.0,0.54,37
2025-08-21T03:00Z,26.8,24.2,0.0,1.23,8
2025-08-21T04:00Z,26.6,24.7,0.0,1.35,18
2025-08-21T05:00Z,26.4,24.3,0.0,0.76,6
2025-08-21T06:00Z,26.0,24.1,0.0,1.37,9
2025-08-21T07:00Z,25.6,23.8,0.0,1.92,32
2025-08-21T08:00Z,25.3,23.3,0.0,1.68,100
2025-08-21T09:00Z,25.2,23.3,0.0,1.33,99
2025-08-21T10:00Z,25.1,23.5,0.0,1.48,87
2025-08-21T11:00Z,25.0,23.6,0.0,1.34,73
2025-08-21T12:00Z,24.9,23.3,0.0,1.66,4
2025-08-21T13:00Z,24.6,23.3,40.0,1.38,2
2025-08-21T14:00Z,26.4,23.8,255.0,1.4,4
2025-08-21T15:00Z,28.4,24.0,463.0,1.12,23
2025-08-21T16:00Z,30.0,24.1,635.0,0.82,97
2025-08-21T17:00Z,30.5,24.0,572.0,0.18,92
2025-08-21T18:00Z,31.2,24.2,749.0,0.81,30
2025-08-21T19:00Z,32.1,24.0,838.0,1.35,29
2025-08-21T20:00Z,31.6,22.9,810.0,2.93,63
2025-08-21T21:00Z,30.0,23.8,519.0,1.03,77
2025-08-21T22:00Z,29.6,23.0,442.0,2.61,95
2025-08-21T23:00Z,28.5,23.7,223.0,1.65,100
2025-08-22T00:00Z,28.2,24.0,143.0,1.07,100
2025-08-22T01:00Z,25.1,23.5,6.0,2.12,100
2025-08-22T02:00Z,25.0,23.8,0.0,2.34,100
2025-08-22T03:00Z,24.9,24.0,0.0,0.59,100
2025-08-22T04:00Z,24.9,24.3,0.0,0.65,100
2025-08-22T05:00Z,24.9,24.2,0.0,0.85,100
2025-08-22T06:00Z,24.8,24.1,0.0,1.55,100
2025-08-22T07:00Z,24.5,24.0,0.0,1.04,100
2025-08-22T08:00Z,24.4,24.0,0.0,0.86,51
2025-08-22T09:00Z,24.3,24.1,0.0,1.21,86
2025-08-22T10:00Z,24.2,24.0,0.0,1.56,28
2025-08-22T11:00Z,24.1,23.8,0.0,1.1,97
2025-08-22T12:00Z,24.0,23.7,0.0,0.61,100
2025-08-22T13:00Z,23.8,23.3,5.0,1.18,100
2025-08-22T14:00Z,23.4,23.0,60.0,2.37,100
2025-08-22T15:00Z,23.7,23.0,60.0,1.04,100
2025-08-22T16:00Z,24.5,22.6,196.0,0.72,100
2025-08-22T17:00Z,25.3,23.0,225.0,0.75,99
2025-08-22T18:00Z,26.3,22.8,350.0,0.96,96
2025-08-22T19:00Z,28.9,23.2,730.0,1.19,100
2025-08-22T20:00Z,29.9,23.3,774.0,0.93,89
2025-08-22T21:00Z,30.0,23.6,734.0,1.12,100
2025-08-22T22:00Z,29.9,23.3,552.0,1.7,100
2025-08-22T23:00Z,29.7,23.2,376.0,1.59,100
2025-08-23T00:00Z,29.1,23.5,191.0,1.85,94
2025-08-23T01:00Z,26.3,22.9,16.0,1.27,100
2025-08-23T02:00Z,26.0,23.1,0.0,1.22,99
2025-08-23T03:00Z,25.7,23.3,0.0,1.23,100
2025-08-23T04:00Z,25.5,23.3,0.0,1.24,100
2025-08-23T05:00Z,25.2,23.3,0.0,1.17,100
2025-08-23T06:00Z,24.9,23.3,0.0,1.03,100
2025-08-23T07:00Z,24.6,23.4,0.0,1.15,72
2025-08-23T08:00Z,24.4,23.3,0.0,1.41,49
2025-08-23T09:00Z,24.0,23.1,0.0,1.85,59
2025-08-23T10:00Z,23.8,22.9,0.0,1.5,41
2025-08-23T11:00Z,23.5,22.7,0.0,1.53,87
2025-08-23T12:00Z,23.4,22.6,0.0,1.41,97
2025-08-23T13:00Z,23.4,22.6,41.0,0.68,70
2025-08-23T14:00Z,25.1,22.7,206.0,1.82,53
2025-08-23T15:00Z,27.1,22.9,430.0,2.06,72
2025-08-23T16:00Z,28.5,23.2,541.0,1.95,51
2025-08-23T17:00Z,29.4,23.7,680.0,1.77,72
2025-08-23T18:00Z,30.5,23.9,834.0,1.5,26
2025-08-23T19:00Z,31.3,23.5,844.0,1.83,30
2025-08-23T20:00Z,31.7,22.8,802.0,2.46,60
2025-08-23T21:00Z,28.8,23.3,677.0,1.7,94
2025-08-23T22:00Z,29.4,23.4,473.0,1.02,79
2025-08-23T23:00Z,29.7,23.1,354.0,1.01,74
2025-08-24T00:00Z,29.6,23.0,199.0,0.35,94
2025-08-24T01:00Z,26.6,24.1,38.0,0.47,32
2025-08-24T02:00Z,26.4,24.2,0.0,0.85,93
2025-08-24T03:00Z,26.3,24.0,0.0,1.08,100
2025-08-24T04:00Z,26.1,24.1,0.0,0.3,100
2025-08-24T05:00Z,25.7,24.1,0.0,0.54,100
2025-08-24T06:00Z,25.3,23.9,0.0,0.5,100
2025-08-24T07:00Z,25.1,23.8,0.0,0.61,21
2025-08-24T08:00Z,24.6,23.7,0.0,1.01,82
2025-08-24T09:00Z,24.5,23.4,0.0,1.35,93
2025-08-24T10:00Z,24.3,23.2,0.0,1.21,100
2025-08-24T11:00Z,24.1,23.0,0.0,1.53,59
2025-08-24T12:00Z,23.8,22.8,0.0,1.15,0
2025-08-24T13:00Z,24.5,23.2,67.0,1.47,0
2025-08-24T14:00Z,26.4,23.8,256.0,1.13,0
2025-08-24T15:00Z,28.5,23.8,468.0,1.32,0
2025-08-24T16:00Z,30.5,23.4,659.0,1.42,0
2025-08-24T17:00Z,31.9,22.0,807.0,1.37,18
2025-08-24T18:00Z,32.3,20.9,795.0,1.1,17
2025-08-24T19:00Z,32.9,21.1,877.0,0.85,6
2025-08-24T20:00Z,33.3,20.8,856.0,1.19,13
2025-08-24T21:00Z,33.2,19.9,747.0,1.63,15
2025-08-24T22:00Z,33.1,19.2,581.0,1.38,8
2025-08-24T23:00Z,32.8,19.2,401.0,1.25,6
2025-08-25T00:00Z,31.7,21.4,210.0,1.39,8
2025-08-25T01:00Z,30.1,22.9,36.0,1.13,23
2025-08-25T02:00Z,29.1,23.5,0.0,0.81,16
2025-08-25T03:00Z,28.3,22.5,0.0,1.67,2
2025-08-25T04:00Z,27.3,22.6,0.0,1.1,0
2025-08-25T05:00Z,26.8,22.4,0.0,1.07,9
2025-08-25T06:00Z,26.3,22.4,0.0,1.05,0
2025-08-25T07:00Z,25.8,22.5,0.0,0.97,1
2025-08-25T08:00Z,25.4,22.4,0.0,1.24,0
2025-08-25T09:00Z,25.0,22.3,0.0,1.65,0
2025-08-25T10:00Z,24.6,22.2,0.0,1.62,0
2025-08-25T11:00Z,24.2,22.3,0.0,1.17,0
2025-08-25T12:00Z,24.0,22.3,0.0,1.4,0
2025-08-25T13:00Z,24.1,22.6,67.0,1.41,0
2025-08-25T14:00Z,26.3,23.2,259.0,1.0,0
2025-08-25T15:00Z,28.8,23.4,473.0,0.87,0
2025-08-25T16:00Z,30.6,22.0,664.0,1.33,20
2025-08-25T17:00Z,31.7,19.7,724.0,1.34,42
2025-08-25T18:00Z,32.8,18.9,834.0,1.91,5
2025-08-25T19:00Z,33.6,18.6,919.0,2.75,16
2025-08-25T20:00Z,33.5,18.7,813.0,3.05,10
2025-08-25T21:00Z,33.2,18.7,739.0,2.97,7
2025-08-25T22:00Z,33.0,18.4,594.0,2.51,8
2025-08-25T23:00Z,32.3,18.7,407.0,2.12,5
2025-08-26T00:00Z,31.5,19.4,206.0,1.86,5
2025-08-26T01:00Z,30.3,20.2,36.0,2.09,7
2025-08-26T02:00Z,29.3,21.3,0.0,2.27,3
2025-08-26T03:00Z,28.3,22.0,0.0,2.38,3
2025-08-26T04:00Z,27.5,22.1,0.0,2.0,2
2025-08-26T05:00Z,26.8,22.3,0.0,1.77,0
2025-08-26T06:00Z,26.4,22.4,0.0,1.37,0
2025-08-26T07:00Z,26.0,22.5,0.0,1.21,0
2025-08-26T08:00Z,25.7,22.5,0.0,1.2,0
2025-08-26T09:00Z,25.4,22.6,0.0,1.02,1
2025-08-26T10:00Z,25.3,22.7,0.0,0.11,5
2025-08-26T11:00Z,24.7,22.7,0.0,0.35,5
2025-08-26T12:00Z,24.4,22.6,0.0,1.22,2
2025-08-26T13:00Z,25.0,22.7,65.0,1.88,11
2025-08-26T14:00Z,27.5,23.4,244.0,1.28,13
2025-08-26T15:00Z,29.5,23.1,431.0,1.52,10
2025-08-26T16:00Z,31.1,22.5,625.0,1.57,32
2025-08-26T17:00Z,32.2,22.2,693.0,1.66,15
2025-08-26T18:00Z,33.1,22.3,823.0,1.84,19
2025-08-26T19:00Z,33.7,21.9,831.0,2.17,96
2025-08-26T20:00Z,30.8,22.1,651.0,3.13,54
2025-08-26T21:00Z,32.5,21.1,646.0,2.41,38
2025-08-26T22:00Z,31.7,21.1,434.0,2.92,42
2025-08-26T23:00Z,30.6,22.1,329.0,2.51,44
2025-08-27T00:00Z,29.0,22.3,156.0,2.16,51
2025-08-27T01:00Z,28.2,24.1,18.0,1.05,28
2025-08-27T02:00Z,27.7,24.4,0.0,0.93,41
2025-08-27T03:00Z,27.3,24.7,0.0,0.92,38
2025-08-27T04:00Z,26.9,24.8,0.0,1.36,84
2025-08-27T05:00Z,26.5,24.8,0.0,0.86,99
2025-08-27T06:00Z,26.3,24.7,0.0,0.85,100
2025-08-27T07:00Z,26.0,24.8,0.0,0.85,88
2025-08-27T08:00Z,25.8,24.8,0.0,1.56,80
2025-08-27T09:00Z,25.5,24.8,0.0,1.63,1
2025-08-27T10:00Z,25.3,24.7,0.0,1.51,4
2025-08-27T11:00Z,24.5,23.4,0.0,2.29,98
2025-08-27T12:00Z,24.4,23.1,0.0,2.23,46
2025-08-27T13:00Z,24.8,24.0,50.0,1.56,86
2025-08-27T14:00Z,25.8,24.3,159.0,2.04,73
2025-08-27T15:00Z,27.5,23.9,376.0,2.44,66
2025-08-27T16:00Z,28.8,24.4,556.0,1.93,46
2025-08-27T17:00Z,29.9,24.5,702.0,1.93,31
2025-08-27T18:00Z,30.7,24.5,805.0,1.77,30
2025-08-27T19:00Z,31.1,24.3,830.0,1.91,49
2025-08-27T20:00Z,31.5,23.9,724.0,1.8,29
2025-08-27T21:00Z,31.6,23.6,690.0,1.68,27
2025-08-27T22:00Z,30.7,23.2,506.0,2.44,50
2025-08-27T23:00Z,30.1,23.5,308.0,2.44,51
2025-08-28T00:00Z,29.1,23.7,151.0,2.72,44
2025-08-28T01:00Z,28.3,24.2,26.0,1.61,79
2025-08-28T02:00Z,27.7,24.1,0.0,1.74,30
2025-08-28T03:00Z,27.2,24.2,0.0,1.97,3
2025-08-28T04:00Z,26.8,24.2,0.0,1.38,80
2025-08-28T05:00Z,26.4,24.3,0.0,1.1,99
2025-08-28T06:00Z,26.1,24.3,0.0,1.1,100
2025-08-28T07:00Z,25.8,24.3,0.0,0.93,49
2025-08-28T08:00Z,25.6,24.2,0.0,0.86,6
2025-08-28T09:00Z,25.4,24.1,0.0,0.91,17
2025-08-28T10:00Z,25.2,24.0,0.0,0.92,3
2025-08-28T11:00Z,25.1,23.9,0.0,0.89,7
2025-08-28T12:00Z,25.0,23.9,0.0,1.96,26
2025-08-28T13:00Z,25.6,24.3,58.0,0.97,8
2025-08-28T14:00Z,27.3,24.7,240.0,0.81,0
2025-08-28T15:00Z,29.0,24.6,454.0,1.52,15
2025-08-28T16:00Z,30.3,23.6,606.0,2.44,11
2025-08-28T17:00Z,31.5,22.9,757.0,2.26,12
2025-08-28T18:00Z,32.6,22.2,825.0,1.92,24
2025-08-28T19:00Z,32.7,22.5,795.0,1.96,34
2025-08-28T20:00Z,32.5,23.2,733.0,1.96,15
2025-08-28T21:00Z,32.9,23.5,637.0,2.0,10
2025-08-28T22:00Z,32.6,23.5,564.0,2.47,34
2025-08-28T23:00Z,31.5,23.6,351.0,3.23,36
2025-08-29T00:00Z,29.9,24.3,165.0,2.68,63
2025-08-29T01:00Z,28.6,24.9,30.0,2.07,44
2025-08-29T02:00Z,28.5,24.9,0.0,2.09,32
2025-08-29T03:00Z,28.4,24.3,0.0,3.1,3
2025-08-29T04:00Z,27.8,24.1,0.0,2.79,63
2025-08-29T05:00Z,27.5,24.1,0.0,2.8,92
2025-08-29T06:00Z,27.2,24.1,0.0,2.83,94
2025-08-29T07:00Z,27.0,24.0,0.0,3.07,94
2025-08-29T08:00Z,26.9,23.9,0.0,3.07,100
2025-08-29T09:00Z,26.7,23.9,0.0,2.44,100
2025-08-29T10:00Z,26.3,24.0,0.0,1.49,100
2025-08-29T11:00Z,26.1,24.0,0.0,1.72,12
2025-08-29T12:00Z,25.9,24.0,0.0,1.81,1
2025-08-29T13:00Z,26.4,24.6,60.0,1.79,2
2025-08-29T14:00Z,28.0,25.0,244.0,1.3,84
2025-08-29T15:00Z,29.5,25.1,420.0,2.6,88
2025-08-29T16:00Z,30.9,24.4,599.0,2.43,97
2025-08-29T17:00Z,32.1,23.9,748.0,2.1,100
2025-08-29T18:00Z,32.9,23.4,792.0,1.56,100
2025-08-29T19:00Z,33.3,23.0,802.0,1.14,76
2025-08-29T20:00Z,33.9,22.7,794.0,0.54,70
2025-08-29T21:00Z,34.1,22.3,680.0,0.4,94
2025-08-29T22:00Z,33.9,22.0,538.0,1.13,62
2025-08-29T23:00Z,33.1,22.2,387.0,2.32,87
2025-08-30T00:00Z,31.1,24.1,144.0,2.23,100
2025-08-30T01:00Z,27.7,25.0,7.0,0.79,71
2025-08-30T02:00Z,27.5,25.1,0.0,1.75,78
2025-08-30T03:00Z,27.4,25.3,0.0,1.36,38
2025-08-30T04:00Z,27.2,25.3,0.0,1.51,2
2025-08-30T05:00Z,27.1,25.2,0.0,1.24,15
2025-08-30T06:00Z,26.9,25.2,0.0,1.05,4
2025-08-30T07:00Z,26.7,25.3,0.0,0.72,10
2025-08-30T08:00Z,26.2,24.3,0.0,1.08,61
2025-08-30T09:00Z,25.9,24.2,0.0,0.66,19
2025-08-30T10:00Z,25.6,24.5,0.0,1.39,12
2025-08-30T11:00Z,25.2,24.5,0.0,1.7,57
2025-08-30T12:00Z,24.7,24.2,0.0,2.1,67
2025-08-30T13:00Z,25.4,22.6,44.0,0.71,96
2025-08-30T14:00Z,26.8,23.2,193.0,0.25,98
2025-08-30T15:00Z,28.9,23.9,440.0,0.32,90
2025-08-30T16:00Z,30.3,24.3,599.0,1.12,99
2025-08-30T17:00Z,31.1,24.3,653.0,0.81,82
2025-08-30T18:00Z,32.2,24.5,809.0,0.71,44
2025-08-30T19:00Z,32.8,24.4,797.0,0.42,100
2025-08-30T20:00Z,33.1,24.1,685.0,0.21,100
2025-08-30T21:00Z,32.5,23.2,677.0,1.71,100
2025-08-30T22:00Z,30.5,24.2,376.0,2.48,100
2025-08-30T23:00Z,28.5,24.2,256.0,2.77,95
2025-08-31T00:00Z,28.3,24.5,140.0,1.47,95
2025-08-31T01:00Z,27.1,24.3,8.0,2.26,100
2025-08-31T02:00Z,26.8,24.3,0.0,2.16,100
2025-08-31T03:00Z,26.6,24.6,0.0,1.77,98
2025-08-31T04:00Z,26.5,24.8,0.0,1.19,100
2025-08-31T05:00Z,26.3,24.9,0.0,1.46,100
2025-08-31T06:00Z,26.0,24.8,0.0,1.84,100
2025-08-31T07:00Z,25.8,24.5,0.0,1.9,100
2025-08-31T08:00Z,25.4,24.2,0.0,1.81,100
2025-08-31T09:00Z,25.2,24.0,0.0,1.81,46
2025-08-31T10:00Z,25.0,23.8,0.0,1.85,98
2025-08-31T11:00Z,24.9,23.7,0.0,2.16,24
2025-08-31T12:00Z,24.0,23.6,0.0,0.93,100
2025-08-31T13:00Z,23.3,22.1,15.0,1.53,100
2025-08-31T14:00Z,23.6,22.3,82.0,1.11,100
2025-08-31T15:00Z,24.4,22.7,195.0,1.55,100
2025-08-31T16:00Z,26.6,23.6,491.0,0.96,100
2025-08-31T17:00Z,27.0,23.5,582.0,0.57,100
2025-08-31T18:00Z,29.0,23.6,674.0,2.34,100
2025-08-31T19:00Z,30.4,23.7,724.0,1.74,100
2025-08-31T20:00Z,30.6,23.8,545.0,1.4,100
2025-08-31T21:00Z,31.0,24.1,612.0,1.18,100
2025-08-31T22:00Z,30.2,24.1,483.0,1.61,100
2025-08-31T23:00Z,29.1,24.3,290.0,2.36,100
2025-09-01T00:00Z,28.7,24.5,125.0,1.51,100
2025-09-01T01:00Z,26.3,24.4,10.0,2.27,100
2025-09-01T02:00Z,25.6,24.3,0.0,2.15,100
2025-09-01T03:00Z,25.1,24.2,0.0,1.87,100
2025-09-01T04:00Z,25.1,24.1,0.0,1.64,100
2025-09-01T05:00Z,25.0,24.1,0.0,1.77,99
2025-09-01T06:00Z,24.9,24.0,0.0,1.35,92
2025-09-01T07:00Z,24.7,23.9,0.0,0.78,98
2025-09-01T08:00Z,24.6,23.9,0.0,1.55,85
2025-09-01T09:00Z,24.5,23.6,0.0,1.57,40
2025-09-01T10:00Z,24.2,23.3,0.0,1.8,95
2025-09-01T11:00Z,23.9,23.0,0.0,1.42,100
2025-09-01T12:00Z,24.1,23.0,0.0,0.79,50
2025-09-01T13:00Z,23.5,23.0,18.0,2.31,99
2025-09-01T14:00Z,23.9,22.9,103.0,0.4,97
2025-09-01T15:00Z,24.7,22.9,262.0,2.2,100
2025-09-01T16:00Z,26.2,22.0,357.0,0.89,100
2025-09-01T17:00Z,28.6,21.8,625.0,0.94,100
2025-09-01T18:00Z,30.3,21.9,793.0,0.92,100
2025-09-01T19:00Z,31.0,22.3,712.0,0.91,100
2025-09-01T20:00Z,30.9,22.3,565.0,0.76,100
2025-09-01T21:00Z,30.3,22.3,453.0,1.07,100
2025-09-01T22:00Z,29.5,22.6,325.0,1.39,100
2025-09-01T23:00Z,27.7,22.5,246.0,1.53,100
2025-09-02T00:00Z,27.4,22.3,148.0,1.76,28
2025-09-02T01:00Z,26.0,23.2,13.0,0.97,43
2025-09-02T02:00Z,25.7,23.2,0.0,1.65,22
2025-09-02T03:00Z,25.5,23.2,0.0,1.9,93
2025-09-02T04:00Z,25.3,23.2,0.0,1.72,56
2025-09-02T05:00Z,25.0,23.3,0.0,1.46,67
2025-09-02T06:00Z,24.7,23.3,0.0,1.26,91
2025-09-02T07:00Z,24.4,23.4,0.0,1.28,96
2025-09-02T08:00Z,24.2,23.5,0.0,1.5,39
2025-09-02T09:00Z,24.0,23.5,0.0,1.59,28
2025-09-02T10:00Z,23.9,23.4,0.0,1.24,15
2025-09-02T11:00Z,23.7,23.3,0.0,1.01,31
2025-09-02T12:00Z,23.7,23.3,0.0,1.5,13
2025-09-02T13:00Z,23.2,22.4,48.0,2.51,60
2025-09-02T14:00Z,24.0,21.7,181.0,0.99,45
2025-09-02T15:00Z,26.2,21.1,341.0,0.79,33
2025-09-02T16:00Z,29.2,21.0,623.0,0.97,18
2025-09-02T17:00Z,30.8,21.2,784.0,1.17,4
2025-09-02T18:00Z,32.1,20.8,856.0,0.99,20
2025-09-02T19:00Z,32.7,20.2,841.0,1.21,27
2025-09-02T20:00Z,33.1,19.7,793.0,1.22,31
2025-09-02T21:00Z,33.3,19.2,689.0,1.22,48
2025-09-02T22:00Z,32.2,19.2,544.0,1.63,90
2025-09-02T23:00Z,31.5,19.9,320.0,0.43,67
2025-09-03T00:00Z,30.7,20.3,157.0,1.68,27
2025-09-03T01:00Z,29.5,20.9,21.0,1.67,58
2025-09-03T02:00Z,28.0,21.1,0.0,2.44,16
2025-09-03T03:00Z,27.3,21.2,0.0,1.59,24
2025-09-03T04:00Z,26.7,21.4,0.0,1.74,2
2025-09-03T05:00Z,26.5,21.1,0.0,1.95,0
2025-09-03T06:00Z,26.2,21.1,0.0,1.95,0
2025-09-03T07:00Z,25.9,21.2,0.0,1.93,2
2025-09-03T08:00Z,25.6,21.4,0.0,1.86,3
2025-09-03T09:00Z,25.4,21.5,0.0,1.72,0
2025-09-03T10:00Z,25.1,21.6,0.0,1.92,0
2025-09-03T11:00Z,24.7,21.5,0.0,2.1,0
2025-09-03T12:00Z,24.4,21.4,0.0,2.04,0
2025-09-03T13:00Z,25.2,22.4,56.0,1.8,3
2025-09-03T14:00Z,27.1,22.4,241.0,1.0,1
2025-09-03T15:00Z,29.3,22.5,457.0,1.48,0
2025-09-03T16:00Z,31.2,21.6,651.0,1.8,14
2025-09-03T17:00Z,32.6,20.3,754.0,1.93,12
2025-09-03T18:00Z,33.5,19.5,821.0,1.77,16
2025-09-03T19:00Z,34.2,19.0,825.0,2.02,36
2025-09-03T20:00Z,34.2,18.5,766.0,1.48,14
2025-09-03T21:00Z,34.8,17.6,706.0,0.99,27
2025-09-03T22:00Z,34.4,17.4,529.0,0.82,34
2025-09-03T23:00Z,34.0,17.0,342.0,0.61,34
2025-09-04T00:00Z,33.4,16.6,154.0,0.46,47
2025-09-04T01:00Z,30.4,21.9,21.0,2.39,21
2025-09-04T02:00Z,29.1,22.2,0.0,2.0,20
2025-09-04T03:00Z,27.7,22.5,0.0,2.55,11
2025-09-04T04:00Z,26.7,22.9,0.0,1.97,57
2025-09-04T05:00Z,26.2,22.9,0.0,1.92,7
2025-09-04T06:00Z,26.0,22.9,0.0,1.77,8
2025-09-04T07:00Z,25.8,22.9,0.0,1.61,50
2025-09-04T08:00Z,25.4,22.8,0.0,2.23,4
2025-09-04T09:00Z,25.2,22.9,0.0,2.31,42
2025-09-04T10:00Z,24.9,22.9,0.0,1.93,3
2025-09-04T11:00Z,24.6,22.8,0.0,1.74,4
2025-09-04T12:00Z,24.2,22.7,0.0,1.46,3
2025-09-04T13:00Z,23.9,22.7,57.0,1.45,18
2025-09-04T14:00Z,26.1,22.1,251.0,1.01,15
2025-09-04T15:00Z,28.5,21.5,469.0,1.13,1
2025-09-04T16:00Z,30.6,21.3,662.0,1.6,0
2025-09-04T17:00Z,32.4,19.7,811.0,1.86,0
2025-09-04T18:00Z,33.9,17.5,901.0,1.67,0
2025-09-04T19:00Z,34.8,16.4,923.0,1.12,0
2025-09-04T20:00Z,35.5,15.8,877.0,1.03,0
2025-09-04T21:00Z,35.6,15.6,766.0,1.1,0
2025-09-04T22:00Z,35.4,15.6,600.0,1.48,0
2025-09-04T23:00Z,34.7,15.8,397.0,2.22,0
2025-09-05T00:00Z,32.9,17.8,181.0,3.08,0
2025-09-05T01:00Z,30.9,20.9,21.0,3.75,0
2025-09-05T02:00Z,28.9,24.1,0.0,3.72,7
2025-09-05T03:00Z,28.2,24.2,0.0,3.15,0
2025-09-05T04:00Z,27.6,24.1,0.0,2.82,1
2025-09-05T05:00Z,27.2,24.1,0.0,2.85,0
2025-09-05T06:00Z,26.8,24.2,0.0,2.86,8
2025-09-05T07:00Z,26.6,24.3,0.0,2.9,70
2025-09-05T08:00Z,26.4,24.3,0.0,2.73,43
2025-09-05T09:00Z,26.1,24.2,0.0,2.61,2
2025-09-05T10:00Z,25.8,24.0,0.0,2.66,92
2025-09-05T11:00Z,25.6,23.9,0.0,2.64,13
2025-09-05T12:00Z,25.4,23.9,0.0,2.3,41
2025-09-05T13:00Z,25.8,24.1,54.0,1.77,29
2025-09-05T14:00Z,27.8,24.2,240.0,1.19,85
2025-09-05T15:00Z,30.0,24.1,455.0,2.12,83
2025-09-05T16:00Z,31.8,22.9,622.0,3.17,69
2025-09-05T17:00Z,33.1,21.8,720.0,2.78,94
2025-09-05T18:00Z,34.2,21.0,843.0,2.45,96
2025-09-05T19:00Z,34.4,20.8,765.0,2.48,100
2025-09-05T20:00Z,34.6,20.9,780.0,2.79,100
2025-09-05T21:00Z,34.3,21.1,718.0,3.34,21
2025-09-05T22:00Z,33.8,21.0,561.0,3.59,22
2025-09-05T23:00Z,32.9,21.0,363.0,3.87,21
2025-09-06T00:00Z,30.8,22.6,161.0,3.87,56
2025-09-06T01:00Z,29.8,22.1,18.0,3.14,97
2025-09-06T02:00Z,28.7,22.5,0.0,2.73,97
2025-09-06T03:00Z,27.9,22.7,0.0,2.22,97
2025-09-06T04:00Z,27.5,22.8,0.0,2.09,97
2025-09-06T05:00Z,27.0,22.8,0.0,2.53,100
2025-09-06T06:00Z,26.8,22.9,0.0,2.53,92
2025-09-06T07:00Z,26.6,23.0,0.0,2.12,78
2025-09-06T08:00Z,26.3,23.1,0.0,2.17,100
2025-09-06T09:00Z,26.3,23.2,0.0,2.2,100
2025-09-06T10:00Z,26.3,23.2,0.0,1.66,100
2025-09-06T11:00Z,26.2,23.2,0.0,0.82,99
2025-09-06T12:00Z,26.0,23.2,0.0,0.21,100
2025-09-06T13:00Z,25.7,23.6,15.0,1.61,100
2025-09-06T14:00Z,26.5,23.7,72.0,1.46,56
2025-09-06T15:00Z,29.1,23.5,381.0,1.78,83
2025-09-06T16:00Z,29.7,22.5,401.0,0.35,100
2025-09-06T17:00Z,28.0,21.4,419.0,1.8,95
2025-09-06T18:00Z,28.4,21.4,284.0,0.78,99
2025-09-06T19:00Z,29.5,21.9,397.0,1.14,100
2025-09-06T20:00Z,30.2,21.9,345.0,1.58,100
2025-09-06T21:00Z,30.6,21.8,335.0,1.46,99
2025-09-06T22:00Z,30.9,21.7,297.0,1.32,40
2025-09-06T23:00Z,31.1,21.7,332.0,1.32,6
2025-09-07T00:00Z,30.4,21.8,159.0,1.18,11
2025-09-07T01:00Z,27.2,21.3,6.0,0.81,91
2025-09-07T02:00Z,27.1,22.1,0.0,0.35,100
2025-09-07T03:00Z,27.1,22.6,0.0,0.91,99
2025-09-07T04:00Z,27.0,23.1,0.0,0.62,41
2025-09-07T05:00Z,26.7,24.0,0.0,0.29,73
2025-09-07T06:00Z,26.4,23.5,0.0,1.88,26
2025-09-07T07:00Z,25.7,22.9,0.0,2.97,20
2025-09-07T08:00Z,25.0,22.1,0.0,3.05,13
2025-09-07T09:00Z,24.6,21.7,0.0,2.88,72
2025-09-07T10:00Z,24.3,22.0,0.0,3.04,80
2025-09-07T11:00Z,23.9,22.0,0.0,3.08,91
2025-09-07T12:00Z,23.4,21.2,0.0,3.04,100
2025-09-07T13:00Z,22.9,21.6,17.0,3.11,73
2025-09-07T14:00Z,23.2,21.9,162.0,2.48,99
2025-09-07T15:00Z,23.2,22.4,186.0,1.82,100
2025-09-07T16:00Z,23.8,22.2,273.0,2.27,100
2025-09-07T17:00Z,23.5,21.6,238.0,3.62,99
2025-09-07T18:00Z,25.9,21.9,572.0,3.27,100
2025-09-07T19:00Z,27.0,22.2,543.0,3.18,100
2025-09-07T20:00Z,27.5,21.9,423.0,2.93,100
2025-09-07T21:00Z,28.0,22.1,446.0,2.46,100
2025-09-07T22:00Z,27.9,22.1,306.0,2.29,100
2025-09-07T23:00Z,27.6,22.2,239.0,1.95,100
2025-09-08T00:00Z,27.1,22.8,105.0,1.21,100
2025-09-08T01:00Z,25.3,23.4,6.0,1.5,100
2025-09-08T02:00Z,25.4,22.6,0.0,2.21,97
2025-09-08T03:00Z,25.1,21.8,0.0,2.7,100
2025-09-08T04:00Z,24.8,21.3,0.0,2.78,33
2025-09-08T05:00Z,24.3,21.0,0.0,2.52,24
2025-09-08T06:00Z,23.9,20.7,0.0,2.52,21
2025-09-08T07:00Z,23.6,20.2,0.0,2.75,10
2025-09-08T08:00Z,23.3,19.4,0.0,3.16,2
2025-09-08T09:00Z,22.8,18.2,0.0,3.01,14
2025-09-08T10:00Z,22.2,17.0,0.0,3.08,23
2025-09-08T11:00Z,21.8,16.2,0.0,3.01,0
2025-09-08T12:00Z,21.2,15.6,0.0,3.09,1
2025-09-08T13:00Z,21.1,15.4,49.0,3.15,4
2025-09-08T14:00Z,22.2,15.5,231.0,2.84,0
2025-09-08T15:00Z,23.6,15.4,453.0,3.05,0
2025-09-08T16:00Z,25.1,15.6,645.0,2.98,0
2025-09-08T17:00Z,26.6,15.6,794.0,3.02,0
2025-09-08T18:00Z,27.8,15.5,886.0,2.82,0
2025-09-08T19:00Z,28.6,15.4,911.0,2.51,0
2025-09-08T20:00Z,29.1,14.8,867.0,2.32,0
2025-09-08T21:00Z,29.3,14.1,759.0,2.25,0
2025-09-08T22:00Z,29.2,14.1,593.0,2.23,0
2025-09-08T23:00Z,28.9,14.6,386.0,1.83,0
2025-09-09T00:00Z,27.3,18.0,168.0,1.15,0
2025-09-09T01:00Z,25.5,17.7,15.0,1.3,0
2025-09-09T02:00Z,24.5,17.7,0.0,1.39,0
2025-09-09T03:00Z,23.7,17.3,0.0,2.15,0
2025-09-09T04:00Z,22.9,16.3,0.0,2.52,0
2025-09-09T05:00Z,22.3,15.4,0.0,2.42,0
2025-09-09T06:00Z,21.7,15.1,0.0,2.19,0
2025-09-09T07:00Z,21.2,15.0,0.0,2.38,0
2025-09-09T08:00Z,20.7,15.0,0.0,2.38,0
2025-09-09T09:00Z,20.2,14.9,0.0,2.23,0
2025-09-09T10:00Z,19.7,14.8,0.0,2.25,0
2025-09-09T11:00Z,19.3,14.8,0.0,2.23,0
2025-09-09T12:00Z,19.1,14.8,0.0,2.34,0
2025-09-09T13:00Z,18.8,15.6,53.0,2.29,0
2025-09-09T14:00Z,20.8,16.5,247.0,1.63,0
2025-09-09T15:00Z,23.2,17.2,466.0,1.39,0
2025-09-09T16:00Z,25.7,16.9,662.0,1.67,0
2025-09-09T17:00Z,27.3,15.7,811.0,1.77,0
2025-09-09T18:00Z,28.5,15.3,900.0,1.52,0
2025-09-09T19:00Z,29.3,15.3,921.0,1.31,0
2025-09-09T20:00Z,29.9,14.9,874.0,1.1,0
2025-09-09T21:00Z,30.2,14.9,762.0,0.93,0
2025-09-09T22:00Z,30.2,14.9,592.0,0.87,0
2025-09-09T23:00Z,29.7,15.0,384.0,1.08,0
2025-09-10T00:00Z,28.1,17.6,165.0,1.17,0
2025-09-10T01:00Z,26.4,16.8,14.0,1.95,0
2025-09-10T02:00Z,25.2,16.5,0.0,2.19,0
2025-09-10T03:00Z,24.5,15.7,0.0,1.72,0
2025-09-10T04:00Z,24.1,15.6,0.0,1.52,0
2025-09-10T05:00Z,23.4,16.4,0.0,0.76,0
2025-09-10T06:00Z,22.9,16.2,0.0,0.25,0
2025-09-10T07:00Z,21.7,16.1,0.0,0.79,0
2025-09-10T08:00Z,21.0,16.0,0.0,1.18,0
2025-09-10T09:00Z,20.9,15.9,0.0,1.79,0
2025-09-10T10:00Z,20.4,16.3,0.0,1.42,0
2025-09-10T11:00Z,20.2,16.3,0.0,1.35,0
2025-09-10T12:00Z,20.2,16.2,0.0,1.5,0
2025-09-10T13:00Z,20.2,16.2,52.0,1.86,0
2025-09-10T14:00Z,22.8,16.9,244.0,1.37,0
2025-09-10T15:00Z,25.7,17.1,460.0,1.22,0
2025-09-10T16:00Z,28.3,16.9,654.0,1.27,0
2025-09-10T17:00Z,30.2,17.6,801.0,1.21,0
2025-09-10T18:00Z,31.3,17.8,890.0,1.17,0
2025-09-10T19:00Z,32.2,17.1,912.0,1.28,0
2025-09-10T20:00Z,32.9,16.4,865.0,1.35,3
2025-09-10T21:00Z,33.1,16.3,735.0,1.63,5
2025-09-10T22:00Z,32.7,17.0,565.0,2.12,5
2025-09-10T23:00Z,31.9,18.2,360.0,2.5,5
2025-09-11T00:00Z,30.4,19.5,151.0,2.66,1
2025-09-11T01:00Z,29.1,21.2,12.0,2.85,6
2025-09-11T02:00Z,27.9,23.1,0.0,2.75,3
2025-09-11T03:00Z,27.3,23.7,0.0,2.24,1
2025-09-11T04:00Z,26.9,23.9,0.0,1.77,0
2025-09-11T05:00Z,26.4,24.0,0.0,1.69,0
2025-09-11T06:00Z,26.0,24.1,0.0,1.46,0
2025-09-11T07:00Z,25.7,24.2,0.0,1.51,0
2025-09-11T08:00Z,25.4,24.1,0.0,1.42,0
2025-09-11T09:00Z,24.9,24.1,0.0,0.85,0
2025-09-11T10:00Z,24.7,24.0,0.0,1.43,1
2025-09-11T11:00Z,24.4,23.9,0.0,1.8,4
2025-09-11T12:00Z,24.4,23.7,0.0,2.08,4
2025-09-11T13:00Z,24.3,23.2,45.0,1.8,14
2025-09-11T14:00Z,26.1,23.5,208.0,1.5,21
2025-09-11T15:00Z,28.0,23.4,406.0,2.12,15
2025-09-11T16:00Z,29.9,23.2,594.0,2.2,8
2025-09-11T17:00Z,31.3,22.8,749.0,2.56,21
2025-09-11T18:00Z,32.0,22.2,785.0,2.91,44
2025-09-11T19:00Z,31.1,21.6,720.0,2.31,58
2025-09-11T20:00Z,30.7,22.0,567.0,3.15,27
2025-09-11T21:00Z,31.8,21.3,664.0,3.16,11
2025-09-11T22:00Z,31.7,20.6,514.0,3.0,14
2025-09-11T23:00Z,30.9,20.7,330.0,2.88,8
2025-09-12T00:00Z,29.7,20.8,142.0,2.55,5
2025-09-12T01:00Z,28.2,22.0,10.0,2.64,4
2025-09-12T02:00Z,27.2,22.6,0.0,2.35,2
2025-09-12T03:00Z,26.5,22.9,0.0,2.06,4
2025-09-12T04:00Z,26.0,22.6,0.0,1.85,2
2025-09-12T05:00Z,25.6,21.9,0.0,1.55,1
2025-09-12T06:00Z,25.0,21.9,0.0,1.12,0
2025-09-12T07:00Z,24.9,21.8,0.0,0.43,0
2025-09-12T08:00Z,24.6,21.7,0.0,0.0,0
2025-09-12T09:00Z,24.1,21.7,0.0,0.36,0
2025-09-12T10:00Z,23.4,21.9,0.0,0.8,0
2025-09-12T11:00Z,23.3,21.9,0.0,1.44,0
2025-09-12T12:00Z,23.0,21.8,0.0,1.58,0
2025-09-12T13:00Z,23.4,21.8,47.0,1.78,0
2025-09-12T14:00Z,25.8,22.8,230.0,0.97,0
2025-09-12T15:00Z,28.2,23.2,440.0,1.22,0
2025-09-12T16:00Z,29.7,22.4,629.0,1.66,11
2025-09-12T17:00Z,30.9,21.5,742.0,2.28,12
2025-09-12T18:00Z,31.9,20.5,825.0,2.44,11
2025-09-12T19:00Z,32.5,19.8,840.0,2.62,10
2025-09-12T20:00Z,32.6,19.8,799.0,2.89,9
2025-09-12T21:00Z,32.4,19.6,694.0,2.87,7
2025-09-12T22:00Z,31.8,19.9,542.0,3.04,5
2025-09-12T23:00Z,30.9,19.9,345.0,2.94,9
2025-09-13T00:00Z,29.7,19.6,137.0,2.62,8
2025-09-13T01:00Z,28.3,20.8,9.0,2.48,13
2025-09-13T02:00Z,27.3,22.0,0.0,1.9,1
2025-09-13T03:00Z,26.6,22.5,0.0,1.64,0
2025-09-13T04:00Z,26.2,22.6,0.0,1.23,0
2025-09-13T05:00Z,25.6,23.0,0.0,0.63,0
2025-09-13T06:00Z,25.0,22.7,0.0,0.3,0
2025-09-13T07:00Z,24.4,22.5,0.0,0.29,0
2025-09-13T08:00Z,23.9,22.3,0.0,0.07,0
2025-09-13T09:00Z,23.2,22.2,0.0,0.45,0
2025-09-13T10:00Z,22.7,22.0,0.0,0.76,0
2025-09-13T11:00Z,22.7,21.9,0.0,0.99,0
2025-09-13T12:00Z,22.5,21.8,0.0,1.04,0
2025-09-13T13:00Z,22.3,21.3,47.0,1.56,1
2025-09-13T14:00Z,24.9,22.2,232.0,0.91,0
2025-09-13T15:00Z,27.3,22.2,444.0,0.91,0
2025-09-13T16:00Z,29.2,22.1,634.0,0.57,0
2025-09-13T17:00Z,30.5,21.5,777.0,1.3,6
2025-09-13T18:00Z,31.6,20.6,844.0,2.13,9
2025-09-13T19:00Z,32.4,18.9,836.0,2.45,27
2025-09-13T20:00Z,32.8,18.0,746.0,2.58,17
2025-09-13T21:00Z,32.8,17.9,683.0,2.8,13
2025-09-13T22:00Z,32.3,17.9,505.0,2.66,28
2025-09-13T23:00Z,31.5,18.3,346.0,2.71,29
2025-09-14T00:00Z,30.0,19.3,135.0,2.27,5
2025-09-14T01:00Z,28.9,20.8,8.0,2.35,78
2025-09-14T02:00Z,27.7,21.8,0.0,1.89,58
2025-09-14T03:00Z,26.8,22.0,0.0,1.92,13
2025-09-14T04:00Z,26.2,21.9,0.0,1.82,98
2025-09-14T05:00Z,25.8,21.8,0.0,1.82,97
2025-09-14T06:00Z,25.2,21.7,0.0,1.52,98
2025-09-14T07:00Z,24.6,21.7,0.0,1.29,100
2025-09-14T08:00Z,24.3,21.7,0.0,1.3,100
2025-09-14T09:00Z,23.8,21.9,0.0,0.9,100
2025-09-14T10:00Z,23.5,21.8,0.0,0.81,100
2025-09-14T11:00Z,23.1,21.6,0.0,0.74,30
2025-09-14T12:00Z,22.7,21.5,0.0,0.6,24
2025-09-14T13:00Z,23.0,21.6,44.0,1.75,84
2025-09-14T14:00Z,25.2,22.3,226.0,1.38,46
2025-09-14T15:00Z,27.4,22.6,441.0,1.45,36
2025-09-14T16:00Z,29.2,22.3,630.0,0.67,94
2025-09-14T17:00Z,30.6,21.3,751.0,0.45,98
2025-09-14T18:00Z,31.2,20.2,810.0,1.21,90
2025-09-14T19:00Z,32.4,18.5,757.0,0.38,65
2025-09-14T20:00Z,32.9,17.7,771.0,0.98,22
2025-09-14T21:00Z,32.8,17.4,645.0,0.99,3
2025-09-14T22:00Z,32.6,17.3,537.0,1.48,16
2025-09-14T23:00Z,32.0,17.1,338.0,2.13,25
2025-09-15T00:00Z,30.9,17.3,129.0,1.84,57
2025-09-15T01:00Z,27.9,21.4,7.0,2.4,5
2025-09-15T02:00Z,27.4,21.9,0.0,2.0,37
2025-09-15T03:00Z,26.8,22.3,0.0,2.2,97
2025-09-15T04:00Z,26.4,22.6,0.0,2.06,100
2025-09-15T05:00Z,26.0,22.6,0.0,1.44,100
2025-09-15T06:00Z,25.7,22.6,0.0,1.41,100
2025-09-15T07:00Z,25.6,22.7,0.0,0.96,100
2025-09-15T08:00Z,25.1,22.8,0.0,0.49,100
2025-09-15T09:00Z,24.8,22.7,0.0,0.45,100
2025-09-15T10:00Z,24.6,22.6,0.0,0.15,100
2025-09-15T11:00Z,24.3,22.5,0.0,0.35,100
2025-09-15T12:00Z,24.1,22.5,0.0,1.17,100
2025-09-15T13:00Z,23.6,22.5,27.0,1.64,100
2025-09-15T14:00Z,25.2,23.0,152.0,1.28,100
2025-09-15T15:00Z,27.5,22.9,356.0,1.21,100
2025-09-15T16:00Z,29.3,22.0,575.0,1.31,95
2025-09-15T17:00Z,30.4,20.9,712.0,1.3,91
2025-09-15T18:00Z,31.6,19.0,834.0,1.73,33
2025-09-15T19:00Z,31.9,18.4,823.0,2.45,12
2025-09-15T20:00Z,32.0,18.0,753.0,2.8,9
2025-09-15T21:00Z,31.3,17.7,627.0,3.48,3
2025-09-15T22:00Z,31.3,16.9,506.0,2.85,6
2025-09-15T23:00Z,30.1,18.4,317.0,3.29,11
2025-09-16T00:00Z,28.8,19.1,122.0,2.62,11
2025-09-16T01:00Z,28.8,18.0,7.0,2.89,4
2025-09-16T02:00Z,27.8,18.6,0.0,2.53,0
2025-09-16T03:00Z,27.2,19.0,0.0,1.93,0
2025-09-16T04:00Z,26.7,19.1,0.0,1.66,0
2025-09-16T05:00Z,26.3,19.0,0.0,1.63,3
2025-09-16T06:00Z,25.7,19.1,0.0,0.51,1
2025-09-16T07:00Z,25.2,19.0,0.0,0.7,0
2025-09-16T08:00Z,24.7,19.2,0.0,0.69,1
2025-09-16T09:00Z,24.1,19.3,0.0,0.72,1
2025-09-16T10:00Z,23.6,19.3,0.0,1.33,0
2025-09-16T11:00Z,23.4,19.0,0.0,1.61,0
2025-09-16T12:00Z,23.3,18.8,0.0,1.74,0
2025-09-16T13:00Z,22.8,19.3,42.0,2.09,0
2025-09-16T14:00Z,25.2,19.6,223.0,1.41,0
2025-09-16T15:00Z,28.2,19.2,435.0,2.04,0
2025-09-16T16:00Z,30.5,19.0,626.0,2.17,0
2025-09-16T17:00Z,31.9,18.1,771.0,1.97,6
2025-09-16T18:00Z,32.9,17.3,829.0,2.34,17
2025-09-16T19:00Z,33.6,16.6,826.0,2.6,24
2025-09-16T20:00Z,33.7,16.5,740.0,2.47,29
2025-09-16T21:00Z,33.8,16.7,640.0,2.16,19
2025-09-16T22:00Z,33.7,16.3,518.0,2.34,22
2025-09-16T23:00Z,32.8,15.7,320.0,2.65,33
2025-09-17T00:00Z,31.2,16.7,110.0,2.69,24
2025-09-17T01:00Z,29.7,19.3,5.0,2.21,10
2025-09-17T02:00Z,28.4,20.8,0.0,2.45,14
2025-09-17T03:00Z,27.7,21.2,0.0,1.95,22
2025-09-17T04:00Z,27.3,21.3,0.0,1.7,9
2025-09-17T05:00Z,26.8,21.3,0.0,1.77,1
2025-09-17T06:00Z,26.3,21.2,0.0,1.62,0
2025-09-17T07:00Z,25.7,21.3,0.0,1.22,2
2025-09-17T08:00Z,25.3,21.3,0.0,1.15,0
2025-09-17T09:00Z,24.9,21.3,0.0,1.16,0
2025-09-17T10:00Z,24.5,21.4,0.0,1.01,0
2025-09-17T11:00Z,24.2,21.4,0.0,1.18,0
2025-09-17T12:00Z,23.8,21.4,0.0,1.63,0
2025-09-17T13:00Z,23.4,21.0,41.0,1.6,0
2025-09-17T14:00Z,25.5,21.0,221.0,1.06,0
2025-09-17T15:00Z,28.1,20.9,432.0,1.19,0
2025-09-17T16:00Z,30.3,19.9,622.0,0.63,0
2025-09-17T17:00Z,31.9,18.7,767.0,0.25,1
2025-09-17T18:00Z,32.9,17.7,848.0,0.46,3
2025-09-17T19:00Z,33.6,17.4,859.0,0.74,6
2025-09-17T20:00Z,34.0,17.4,807.0,1.14,4
2025-09-17T21:00Z,33.8,17.5,687.0,1.43,18
2025-09-17T22:00Z,33.4,17.5,500.0,1.21,99
2025-09-17T23:00Z,30.1,18.7,265.0,3.36,100
2025-09-18T00:00Z,29.3,19.1,69.0,2.04,79
2025-09-18T01:00Z,28.7,20.6,5.0,2.2,94
2025-09-18T02:00Z,28.1,21.4,0.0,2.55,100
2025-09-18T03:00Z,27.5,21.7,0.0,2.05,100
2025-09-18T04:00Z,27.1,21.9,0.0,1.68,80
2025-09-18T05:00Z,26.6,21.9,0.0,1.2,94
2025-09-18T06:00Z,26.1,22.0,0.0,1.27,100
2025-09-18T07:00Z,25.8,22.0,0.0,1.31,100
2025-09-18T08:00Z,25.6,22.0,0.0,1.12,100
2025-09-18T09:00Z,25.3,22.1,0.0,1.24,97
2025-09-18T10:00Z,25.1,22.1,0.0,1.2,86
2025-09-18T11:00Z,24.7,22.2,0.0,0.99,0
2025-09-18T12:00Z,24.3,22.2,0.0,0.67,0
2025-09-18T13:00Z,23.8,21.4,40.0,1.51,0
2025-09-18T14:00Z,25.9,21.4,217.0,1.05,0
2025-09-18T15:00Z,28.1,21.1,426.0,0.92,0
2025-09-18T16:00Z,29.7,20.8,614.0,0.97,3
2025-09-18T17:00Z,31.0,20.6,742.0,1.44,9
2025-09-18T18:00Z,31.9,20.5,783.0,1.83,15
2025-09-18T19:00Z,32.5,20.2,776.0,1.94,31
2025-09-18T20:00Z,32.7,19.7,678.0,1.92,70
2025-09-18T21:00Z,32.0,19.3,539.0,2.54,61
2025-09-18T22:00Z,30.2,19.8,360.0,3.51,52
2025-09-18T23:00Z,29.5,20.4,205.0,3.17,90
2025-09-19T00:00Z,28.5,20.7,86.0,2.8,61
2025-09-19T01:00Z,28.3,19.9,4.0,2.35,48
2025-09-19T02:00Z,27.5,20.4,0.0,2.12,100
2025-09-19T03:00Z,27.1,20.8,0.0,1.23,100
2025-09-19T04:00Z,26.9,21.0,0.0,1.3,100
2025-09-19T05:00Z,26.5,21.2,0.0,1.49,100
2025-09-19T06:00Z,26.2,21.4,0.0,1.3,100
2025-09-19T07:00Z,25.7,21.5,0.0,0.64,100
2025-09-19T08:00Z,25.2,21.6,0.0,0.82,100
2025-09-19T09:00Z,24.8,21.5,0.0,1.33,100
2025-09-19T10:00Z,24.4,21.3,0.0,1.63,4
2025-09-19T11:00Z,23.9,21.0,0.0,1.59,0
2025-09-19T12:00Z,23.5,20.7,0.0,1.91,0
2025-09-19T13:00Z,23.2,20.9,40.0,1.9,6
2025-09-19T14:00Z,25.5,20.7,219.0,1.51,30
2025-09-19T15:00Z,28.1,20.4,414.0,1.59,20
2025-09-19T16:00Z,29.5,19.9,588.0,1.51,27
2025-09-19T17:00Z,30.6,19.4,705.0,2.15,26
2025-09-19T18:00Z,31.1,19.3,735.0,2.51,32
2025-09-19T19:00Z,31.5,19.5,785.0,2.26,71
2025-09-19T20:00Z,31.5,19.5,713.0,2.19,94
2025-09-19T21:00Z,31.6,19.6,646.0,2.14,66
2025-09-19T22:00Z,31.4,19.5,495.0,2.39,5
2025-09-19T23:00Z,30.5,19.8,313.0,2.67,10
2025-09-20T00:00Z,29.2,20.5,112.0,2.62,9
2025-09-20T01:00Z,28.4,21.7,4.0,2.26,6
2025-09-20T02:00Z,27.7,22.2,0.0,2.58,3
2025-09-20T03:00Z,26.9,22.8,0.0,2.33,1
2025-09-20T04:00Z,26.3,23.2,0.0,2.09,1
2025-09-20T05:00Z,25.8,23.4,0.0,1.84,1
2025-09-20T06:00Z,25.4,23.3,0.0,1.06,1
2025-09-20T07:00Z,24.8,23.4,0.0,0.65,1
2025-09-20T08:00Z,24.4,23.3,0.0,0.36,1
2025-09-20T09:00Z,24.1,23.2,0.0,0.2,2
2025-09-20T10:00Z,23.6,23.1,0.0,0.22,2
2025-09-20T11:00Z,23.4,23.1,0.0,1.13,4
2025-09-20T12:00Z,23.3,23.0,0.0,1.64,9
2025-09-20T13:00Z,23.2,22.7,38.0,1.71,31
2025-09-20T14:00Z,25.0,23.3,202.0,1.47,20
2025-09-20T15:00Z,26.8,23.1,379.0,1.6,23
2025-09-20T16:00Z,28.6,22.8,577.0,1.4,5
2025-09-20T17:00Z,29.9,22.2,731.0,1.82,16
2025-09-20T18:00Z,30.7,21.6,767.0,1.93,43
2025-09-20T19:00Z,31.3,21.4,811.0,2.1,100
2025-09-20T20:00Z,31.6,21.2,749.0,2.02,88
2025-09-20T21:00Z,31.7,21.1,592.0,2.37,99
2025-09-20T22:00Z,30.5,20.7,409.0,3.11,87
2025-09-20T23:00Z,29.5,21.2,197.0,2.79,99
2025-09-21T00:00Z,28.5,21.6,62.0,2.57,96
2025-09-21T01:00Z,28.0,22.6,3.0,1.86,99
2025-09-21T02:00Z,27.5,23.0,0.0,2.23,100
2025-09-21T03:00Z,26.9,23.3,0.0,2.11,100
2025-09-21T04:00Z,26.5,23.3,0.0,1.88,45
2025-09-21T05:00Z,26.0,23.3,0.0,1.56,100
2025-09-21T06:00Z,25.8,23.4,0.0,1.64,100
2025-09-21T07:00Z,25.6,23.4,0.0,1.64,99
2025-09-21T08:00Z,25.3,23.5,0.0,1.12,1
2025-09-21T09:00Z,24.8,23.5,0.0,0.78,2
2025-09-21T10:00Z,24.5,23.4,0.0,0.49,1
2025-09-21T11:00Z,24.2,23.4,0.0,1.13,2
2025-09-21T12:00Z,23.6,22.9,0.0,2.48,26
2025-09-21T13:00Z,23.6,21.3,32.0,1.98,24
2025-09-21T14:00Z,24.8,21.6,175.0,1.75,43
2025-09-21T15:00Z,26.8,21.9,352.0,0.72,4
2025-09-21T16:00Z,29.0,22.1,599.0,1.05,3
2025-09-21T17:00Z,30.4,22.0,738.0,1.58,8
2025-09-21T18:00Z,30.6,21.4,797.0,3.96,100
2025-09-21T19:00Z,27.0,21.9,390.0,2.52,50
2025-09-21T20:00Z,29.1,21.9,673.0,3.21,39
2025-09-21T21:00Z,29.4,22.3,581.0,3.72,33
2025-09-21T22:00Z,28.4,22.0,446.0,4.21,35
2025-09-21T23:00Z,27.2,21.8,229.0,3.67,67
2025-09-22T00:00Z,26.9,22.5,75.0,2.9,17
2025-09-22T01:00Z,26.4,23.9,2.0,1.2,25
2025-09-22T02:00Z,26.7,23.3,0.0,3.05,41
2025-09-22T03:00Z,26.6,22.7,0.0,2.77,100
2025-09-22T04:00Z,26.2,22.5,0.0,2.66,6
2025-09-22T05:00Z,25.8,22.3,0.0,2.25,1
2025-09-22T06:00Z,25.4,22.4,0.0,1.32,5
2025-09-22T07:00Z,25.2,22.6,0.0,1.08,7
2025-09-22T08:00Z,24.9,22.5,0.0,1.25,8
2025-09-22T09:00Z,24.6,22.5,0.0,1.03,29
2025-09-22T10:00Z,24.4,22.5,0.0,0.94,3
2025-09-22T11:00Z,24.4,22.5,0.0,0.54,4
2025-09-22T12:00Z,24.1,22.5,0.0,0.78,4
2025-09-22T13:00Z,25.4,23.2,35.0,1.68,11
2025-09-22T14:00Z,26.6,23.5,198.0,1.43,5
2025-09-22T15:00Z,28.3,23.8,415.0,1.77,3
2025-09-22T16:00Z,29.8,23.6,602.0,2.72,14
2025-09-22T17:00Z,30.5,23.7,698.0,3.25,100
2025-09-22T18:00Z,28.6,22.9,476.0,3.38,44
2025-09-22T19:00Z,29.0,23.3,674.0,2.69,38
2025-09-22T20:00Z,30.3,23.9,691.0,3.19,70
2025-09-22T21:00Z,29.4,22.9,518.0,3.81,21
2025-09-22T22:00Z,29.6,23.2,446.0,3.44,46
2025-09-22T23:00Z,29.0,23.2,258.0,3.62,59
2025-09-23T00:00Z,28.0,23.4,76.0,2.77,25
2025-09-23T01:00Z,25.9,23.5,2.0,2.26,4
2025-09-23T02:00Z,25.7,23.7,0.0,1.7,3
2025-09-23T03:00Z,25.6,23.9,0.0,2.44,2
2025-09-23T04:00Z,25.5,24.1,0.0,2.38,2
2025-09-23T05:00Z,25.6,24.2,0.0,2.17,2
2025-09-23T06:00Z,25.5,24.3,0.0,2.12,4
2025-09-23T07:00Z,25.4,24.3,0.0,2.23,20
2025-09-23T08:00Z,25.4,24.3,0.0,2.26,3
2025-09-23T09:00Z,25.3,24.1,0.0,2.46,7
2025-09-23T10:00Z,25.1,23.9,0.0,2.37,6
2025-09-23T11:00Z,24.9,23.6,0.0,2.24,8
2025-09-23T12:00Z,24.6,23.5,0.0,1.48,3
2025-09-23T13:00Z,24.1,22.6,30.0,1.26,25
2025-09-23T14:00Z,25.6,23.1,182.0,1.06,10
2025-09-23T15:00Z,27.1,23.7,384.0,1.1,46
2025-09-23T16:00Z,28.9,24.7,459.0,2.25,89
2025-09-23T17:00Z,29.8,24.2,560.0,2.76,24
2025-09-23T18:00Z,30.6,24.6,746.0,2.44,10
2025-09-23T19:00Z,31.5,24.5,759.0,2.56,100
2025-09-23T20:00Z,32.0,23.4,415.0,2.77,76
2025-09-23T21:00Z,30.7,23.0,373.0,3.15,47
2025-09-23T22:00Z,30.8,23.0,420.0,3.61,52
2025-09-23T23:00Z,29.6,24.1,225.0,3.15,42
2025-09-24T00:00Z,28.8,24.3,77.0,2.89,37
2025-09-24T01:00Z,28.0,24.9,2.0,2.63,2
2025-09-24T02:00Z,27.7,25.1,0.0,2.85,1
2025-09-24T03:00Z,27.5,25.2,0.0,2.98,0
2025-09-24T04:00Z,27.4,25.1,0.0,2.65,0
2025-09-24T05:00Z,27.1,24.9,0.0,2.59,0
2025-09-24T06:00Z,26.9,24.7,0.0,2.89,0
2025-09-24T07:00Z,26.7,24.5,0.0,2.84,0
2025-09-24T08:00Z,26.5,24.5,0.0,2.58,1
2025-09-24T09:00Z,26.3,24.4,0.0,2.32,3
2025-09-24T10:00Z,26.1,24.4,0.0,2.22,2
2025-09-24T11:00Z,26.0,24.4,0.0,1.92,1
2025-09-24T12:00Z,25.7,24.4,0.0,1.23,2
2025-09-24T13:00Z,26.4,25.3,31.0,1.91,24
2025-09-24T14:00Z,27.9,25.6,186.0,2.52,34
2025-09-24T15:00Z,29.5,25.4,366.0,3.23,28
2025-09-24T16:00Z,30.6,25.5,518.0,2.33,14
2025-09-24T17:00Z,31.7,25.1,710.0,2.74,100
2025-09-24T18:00Z,28.7,23.1,365.0,3.34,100
2025-09-24T19:00Z,26.1,23.3,334.0,1.25,100
2025-09-24T20:00Z,26.3,23.7,264.0,1.91,100
2025-09-24T21:00Z,27.5,24.1,390.0,1.13,96
2025-09-24T22:00Z,28.0,24.5,409.0,1.79,59
2025-09-24T23:00Z,28.1,24.6,282.0,1.61,84
2025-09-25T00:00Z,27.4,25.0,82.0,0.74,61
2025-09-25T01:00Z,24.3,23.1,1.0,2.23,99
2025-09-25T02:00Z,24.1,23.0,0.0,2.09,99
2025-09-25T03:00Z,24.0,23.2,0.0,1.15,79
2025-09-25T04:00Z,24.1,23.6,0.0,2.05,18
2025-09-25T05:00Z,24.0,23.5,0.0,1.47,22
2025-09-25T06:00Z,23.9,23.2,0.0,1.39,35
2025-09-25T07:00Z,23.8,22.9,0.0,1.77,27
2025-09-25T08:00Z,23.5,22.8,0.0,1.35,91
2025-09-25T09:00Z,23.6,23.1,0.0,1.68,4
2025-09-25T10:00Z,23.3,22.8,0.0,1.12,10
2025-09-25T11:00Z,23.0,22.5,0.0,0.64,10
2025-09-25T12:00Z,22.5,22.2,0.0,0.11,6
2025-09-25T13:00Z,23.8,23.3,25.0,2.3,79
2025-09-25T14:00Z,24.6,23.1,133.0,2.41,26
2025-09-25T15:00Z,26.3,22.1,377.0,1.58,32
2025-09-25T16:00Z,27.7,21.1,540.0,2.65,12
2025-09-25T17:00Z,29.2,19.9,697.0,2.93,38
2025-09-25T18:00Z,29.8,18.4,646.0,3.16,3
2025-09-25T19:00Z,30.9,17.9,841.0,3.18,8
2025-09-25T20:00Z,31.4,17.5,758.0,2.73,15
2025-09-25T21:00Z,31.5,17.4,636.0,2.8,19
2025-09-25T22:00Z,31.0,16.9,456.0,2.79,18
2025-09-25T23:00Z,30.0,18.1,276.0,2.05,10
2025-09-26T00:00Z,28.0,18.3,93.0,2.1,6
2025-09-26T01:00Z,27.3,18.6,1.0,2.15,41
2025-09-26T02:00Z,26.0,18.5,0.0,1.99,10
2025-09-26T03:00Z,25.2,19.0,0.0,1.35,19
2025-09-26T04:00Z,25.1,19.0,0.0,0.11,25
2025-09-26T05:00Z,23.9,19.7,0.0,0.81,31
2025-09-26T06:00Z,23.2,20.8,0.0,0.58,22
2025-09-26T07:00Z,22.7,20.7,0.0,0.81,5
2025-09-26T08:00Z,22.5,19.9,0.0,0.98,0
2025-09-26T09:00Z,22.1,18.9,0.0,1.23,0
2025-09-26T10:00Z,21.7,18.1,0.0,1.46,0
2025-09-26T11:00Z,21.1,17.8,0.0,1.39,0
2025-09-26T12:00Z,20.5,17.6,0.0,1.35,0
2025-09-26T13:00Z,20.6,18.1,35.0,2.06,0
2025-09-26T14:00Z,22.5,19.0,214.0,1.25,0
2025-09-26T15:00Z,24.8,19.0,431.0,1.15,0
2025-09-26T16:00Z,26.9,18.0,625.0,1.0,0
2025-09-26T17:00Z,28.4,16.3,770.0,1.15,0
2025-09-26T18:00Z,29.6,14.2,853.0,1.46,18
2025-09-26T19:00Z,30.2,13.4,791.0,1.72,69
2025-09-26T20:00Z,30.5,12.7,631.0,1.62,100
2025-09-26T21:00Z,30.1,12.6,424.0,1.96,64
2025-09-26T22:00Z,30.2,12.4,401.0,1.82,100
2025-09-26T23:00Z,29.2,14.3,190.0,1.4,27
2025-09-27T00:00Z,27.1,16.9,83.0,1.19,16
2025-09-27T01:00Z,26.2,13.9,1.0,1.62,5
2025-09-27T02:00Z,25.2,13.9,0.0,1.9,4
2025-09-27T03:00Z,23.9,17.2,0.0,1.79,1
2025-09-27T04:00Z,23.0,18.3,0.0,1.05,0
2025-09-27T05:00Z,22.5,18.1,0.0,1.74,0
2025-09-27T06:00Z,21.6,18.5,0.0,0.96,0
2025-09-27T07:00Z,21.3,18.2,0.0,0.35,0
2025-09-27T08:00Z,20.9,18.2,0.0,0.53,0
2025-09-27T09:00Z,20.5,17.9,0.0,1.08,0
2025-09-27T10:00Z,20.5,17.6,0.0,1.32,0
2025-09-27T11:00Z,20.1,17.6,0.0,1.17,1
2025-09-27T12:00Z,19.8,17.4,0.0,1.08,10
2025-09-27T13:00Z,19.1,16.4,34.0,1.74,6
2025-09-27T14:00Z,21.5,16.9,213.0,1.18,1
2025-09-27T15:00Z,24.3,16.9,429.0,1.0,7
2025-09-27T16:00Z,26.7,16.6,620.0,1.0,25
2025-09-27T17:00Z,28.5,16.0,766.0,0.98,13
2025-09-27T18:00Z,29.9,14.4,836.0,1.24,51
2025-09-27T19:00Z,30.3,13.6,731.0,1.66,100
2025-09-27T20:00Z,30.1,14.3,543.0,2.27,81
2025-09-27T21:00Z,29.6,15.2,473.0,2.71,100
2025-09-27T22:00Z,28.9,15.4,293.0,2.66,33
2025-09-27T23:00Z,28.4,15.4,236.0,2.53,19
2025-09-28T00:00Z,26.9,16.4,85.0,2.01,5
2025-09-28T01:00Z,26.6,16.6,1.0,0.86,20
2025-09-28T02:00Z,25.9,16.7,0.0,0.84,33
2025-09-28T03:00Z,25.4,16.8,0.0,0.14,3
2025-09-28T04:00Z,24.5,16.5,0.0,0.74,3
2025-09-28T05:00Z,23.7,16.9,0.0,0.4,2
2025-09-28T06:00Z,23.5,16.8,0.0,1.81,20
2025-09-28T07:00Z,23.2,16.3,0.0,2.12,51
2025-09-28T08:00Z,22.6,15.3,0.0,2.37,10
2025-09-28T09:00Z,22.1,14.9,0.0,2.51,8
2025-09-28T10:00Z,21.5,15.0,0.0,2.14,1
2025-09-28T11:00Z,21.0,15.3,0.0,2.2,0
2025-09-28T12:00Z,20.6,15.5,0.0,2.12,27
2025-09-28T13:00Z,19.4,15.9,33.0,2.23,0
2025-09-28T14:00Z,21.7,16.6,213.0,1.3,9
2025-09-28T15:00Z,24.6,16.9,430.0,1.31,88
2025-09-28T16:00Z,27.1,16.2,614.0,1.86,43
2025-09-28T17:00Z,28.8,14.8,762.0,2.3,9
2025-09-28T18:00Z,29.9,13.8,850.0,2.04,27
2025-09-28T19:00Z,30.7,13.3,863.0,1.88,21
2025-09-28T20:00Z,31.2,12.8,806.0,1.76,37
2025-09-28T21:00Z,31.6,12.5,684.0,1.71,95
2025-09-28T22:00Z,31.5,12.1,504.0,1.65,90
2025-09-28T23:00Z,31.0,12.0,296.0,1.83,32
2025-09-29T00:00Z,28.8,14.7,90.0,1.4,5
2025-09-29T01:00Z,27.7,13.9,0.0,1.5,0
2025-09-29T02:00Z,26.3,14.9,0.0,0.72,14
2025-09-29T03:00Z,25.5,15.3,0.0,0.43,1
2025-09-29T04:00Z,24.6,15.0,0.0,0.79,2
2025-09-29T05:00Z,24.1,14.8,0.0,1.22,11
2025-09-29T06:00Z,23.4,14.7,0.0,1.22,57
2025-09-29T07:00Z,23.1,14.3,0.0,1.35,86
2025-09-29T08:00Z,22.8,13.8,0.0,1.43,75
2025-09-29T09:00Z,22.1,13.9,0.0,1.75,0
2025-09-29T10:00Z,21.7,14.2,0.0,2.04,0
2025-09-29T11:00Z,21.2,14.5,0.0,2.22,0
2025-09-29T12:00Z,20.7,14.7,0.0,2.2,0
2025-09-29T13:00Z,19.2,15.3,33.0,2.24,0
2025-09-29T14:00Z,21.4,15.9,211.0,1.6,0
2025-09-29T15:00Z,24.6,16.1,426.0,1.5,1
2025-09-29T16:00Z,27.9,16.0,616.0,1.64,13
2025-09-29T17:00Z,30.2,13.7,757.0,2.0,46
2025-09-29T18:00Z,31.5,12.8,829.0,1.39,93
2025-09-29T19:00Z,32.1,12.7,825.0,0.92,58
2025-09-29T20:00Z,32.5,12.6,790.0,1.11,16
2025-09-29T21:00Z,32.5,12.5,677.0,1.78,100
2025-09-29T22:00Z,32.0,12.5,426.0,2.15,100
2025-09-29T23:00Z,31.1,12.4,184.0,1.96,100
2025-09-30T00:00Z,29.6,13.7,79.0,2.11,44
2025-09-30T01:00Z,28.5,17.0,0.0,1.01,100
2025-09-30T02:00Z,28.2,17.2,0.0,1.13,78
2025-09-30T03:00Z,27.1,17.4,0.0,1.28,100
2025-09-30T04:00Z,26.0,18.9,0.0,0.7,23
2025-09-30T05:00Z,25.4,19.6,0.0,0.57,13
2025-09-30T06:00Z,25.1,18.9,0.0,0.84,98
2025-09-30T07:00Z,25.3,19.0,0.0,0.5,100
2025-09-30T08:00Z,25.1,18.8,0.0,0.55,100
2025-09-30T09:00Z,24.4,17.8,0.0,1.03,100
2025-09-30T10:00Z,24.2,17.0,0.0,1.48,100
2025-09-30T11:00Z,23.8,16.5,0.0,1.56,98
2025-09-30T12:00Z,23.2,16.5,0.0,1.65,95
2025-09-30T13:00Z,23.3,16.6,28.0,2.05,100
2025-09-30T14:00Z,24.7,17.2,140.0,1.55,99
2025-09-30T15:00Z,26.0,17.9,215.0,0.97,100
2025-09-30T16:00Z,28.2,17.7,390.0,0.85,31
2025-09-30T17:00Z,31.3,16.7,731.0,0.96,13
2025-09-30T18:00Z,32.7,15.5,814.0,1.23,21
2025-09-30T19:00Z,33.4,14.9,764.0,1.45,44
2025-09-30T20:00Z,33.7,14.3,658.0,1.51,100
2025-09-30T21:00Z,33.5,14.1,446.0,1.45,88
2025-09-30T22:00Z,33.2,14.0,340.0,1.74,81
2025-09-30T23:00Z,32.6,14.0,180.0,2.38,100
2025-10-01T00:00Z,31.4,13.8,56.0,2.4,24
2025-10-01T01:00Z,29.7,15.2,0.0,1.5,30
2025-10-01T02:00Z,28.5,16.5,0.0,2.2,27
2025-10-01T03:00Z,27.7,17.1,0.0,2.34,28
2025-10-01T04:00Z,26.6,17.8,0.0,1.3,20
2025-10-01T05:00Z,25.7,19.4,0.0,0.73,3
2025-10-01T06:00Z,24.2,18.4,0.0,0.36,0
2025-10-01T07:00Z,23.3,19.1,0.0,0.3,0
2025-10-01T08:00Z,22.9,18.8,0.0,0.96,0
2025-10-01T09:00Z,22.3,19.2,0.0,0.75,0
2025-10-01T10:00Z,21.9,19.3,0.0,0.59,0
2025-10-01T11:00Z,21.5,19.3,0.0,0.7,0
2025-10-01T12:00Z,21.8,19.0,0.0,0.94,2
2025-10-01T13:00Z,21.6,19.1,29.0,1.35,0
2025-10-01T14:00Z,24.0,19.3,200.0,0.67,0
2025-10-01T15:00Z,27.2,18.9,410.0,0.76,0
2025-10-01T16:00Z,29.9,17.9,597.0,1.07,0
2025-10-01T17:00Z,31.4,16.3,736.0,1.13,23
2025-10-01T18:00Z,32.2,16.3,737.0,1.2,16
2025-10-01T19:00Z,33.3,15.6,765.0,1.17,23
2025-10-01T20:00Z,33.6,15.2,733.0,1.19,34
2025-10-01T21:00Z,33.1,15.2,577.0,1.23,33
2025-10-01T22:00Z,32.5,15.2,423.0,1.53,28
2025-10-01T23:00Z,31.9,15.0,239.0,1.34,20
2025-10-02T00:00Z,30.9,16.0,74.0,2.15,27
2025-10-02T01:00Z,29.0,18.3,0.0,2.71,7
2025-10-02T02:00Z,28.0,20.0,0.0,2.07,12
2025-10-02T03:00Z,27.3,20.0,0.0,1.75,16
2025-10-02T04:00Z,26.7,20.2,0.0,1.33,2
2025-10-02T05:00Z,26.1,21.0,0.0,1.19,1
2025-10-02T06:00Z,24.1,21.1,0.0,0.15,0
2025-10-02T07:00Z,23.5,21.5,0.0,0.1,0
2025-10-02T08:00Z,23.1,21.5,0.0,0.16,0
2025-10-02T09:00Z,22.8,21.3,0.0,1.03,0
2025-10-02T10:00Z,22.7,21.2,0.0,1.17,0
2025-10-02T11:00Z,22.5,21.0,0.0,1.71,0
2025-10-02T12:00Z,22.5,20.6,0.0,1.69,0
2025-10-02T13:00Z,22.5,20.8,29.0,1.97,0
2025-10-02T14:00Z,24.4,21.1,198.0,1.46,0
2025-10-02T15:00Z,27.1,21.1,408.0,1.37,0
2025-10-02T16:00Z,29.6,19.9,595.0,1.43,0
2025-10-02T17:00Z,31.4,17.5,735.0,1.47,14
2025-10-02T18:00Z,32.5,16.9,768.0,1.79,28
2025-10-02T19:00Z,33.4,16.1,752.0,1.8,16
2025-10-02T20:00Z,33.8,15.1,701.0,1.42,27
2025-10-02T21:00Z,33.7,14.5,583.0,1.57,16
2025-10-02T22:00Z,33.6,14.3,432.0,1.8,8
2025-10-02T23:00Z,33.1,14.1,261.0,1.89,16
2025-10-03T00:00Z,31.8,14.4,68.0,1.75,8
2025-10-03T01:00Z,30.4,17.7,0.0,0.78,6
2025-10-03T02:00Z,29.6,18.3,0.0,0.71,7
2025-10-03T03:00Z,28.5,17.6,0.0,0.82,7
2025-10-03T04:00Z,27.6,17.9,0.0,1.75,29
2025-10-03T05:00Z,26.7,19.5,0.0,2.05,29
2025-10-03T06:00Z,25.3,19.8,0.0,1.61,5
2025-10-03T07:00Z,24.7,21.0,0.0,1.2,9
2025-10-03T08:00Z,24.2,22.1,0.0,1.43,6
2025-10-03T09:00Z,23.7,22.7,0.0,1.68,21
2025-10-03T10:00Z,23.3,22.7,0.0,1.92,35
2025-10-03T11:00Z,22.8,22.2,0.0,2.05,12
2025-10-03T12:00Z,22.9,21.9,0.0,2.06,9
2025-10-03T13:00Z,23.0,21.4,26.0,1.79,8
2025-10-03T14:00Z,24.7,21.1,189.0,1.52,0
2025-10-03T15:00Z,27.1,20.4,400.0,1.67,0
2025-10-03T16:00Z,29.2,18.5,589.0,2.47,0
2025-10-03T17:00Z,30.6,17.5,728.0,3.11,1
2025-10-03T18:00Z,31.8,17.5,804.0,3.21,29
2025-10-03T19:00Z,30.5,17.4,703.0,3.41,64
2025-10-03T20:00Z,31.5,18.3,625.0,2.6,24
2025-10-03T21:00Z,31.3,17.4,542.0,3.45,58
2025-10-03T22:00Z,30.6,17.4,357.0,3.45,33
2025-10-03T23:00Z,28.3,19.3,199.0,3.11,37
2025-10-04T00:00Z,27.7,18.9,59.0,2.95,41
2025-10-04T01:00Z,27.2,18.9,0.0,1.5,3
2025-10-04T02:00Z,26.8,19.4,0.0,1.52,10
2025-10-04T03:00Z,26.6,19.5,0.0,1.3,5
2025-10-04T04:00Z,26.0,19.5,0.0,1.3,0
2025-10-04T05:00Z,25.3,19.6,0.0,1.64,0
2025-10-04T06:00Z,23.4,19.1,0.0,2.16,0
2025-10-04T07:00Z,22.7,18.8,0.0,1.99,0
2025-10-04T08:00Z,22.1,18.4,0.0,2.19,0
2025-10-04T09:00Z,21.5,17.6,0.0,2.23,0
2025-10-04T10:00Z,21.2,16.7,0.0,2.23,0
2025-10-04T11:00Z,20.7,15.6,0.0,2.26,0
2025-10-04T12:00Z,21.1,17.5,0.0,2.55,0
2025-10-04T13:00Z,20.9,17.0,27.0,2.57,0
2025-10-04T14:00Z,22.6,16.9,193.0,2.25,1
2025-10-04T15:00Z,25.0,17.4,401.0,2.48,0
2025-10-04T16:00Z,26.9,18.0,588.0,2.55,3
2025-10-04T17:00Z,28.5,18.0,724.0,2.93,0
2025-10-04T18:00Z,29.8,17.4,805.0,3.05,0
2025-10-04T19:00Z,30.6,16.8,816.0,2.99,5
2025-10-04T20:00Z,31.1,16.5,744.0,3.07,6
2025-10-04T21:00Z,31.3,16.4,622.0,3.16,6
2025-10-04T22:00Z,30.9,16.0,454.0,3.15,9
2025-10-04T23:00Z,30.1,16.3,253.0,3.16,9
2025-10-05T00:00Z,29.0,17.3,67.0,2.18,56
2025-10-05T01:00Z,28.6,17.5,0.0,1.41,42
2025-10-05T02:00Z,27.9,18.0,0.0,1.42,16
2025-10-05T03:00Z,27.2,18.6,0.0,2.0,5
2025-10-05T04:00Z,26.5,19.0,0.0,3.0,0
2025-10-05T05:00Z,25.7,18.9,0.0,3.35,0
2025-10-05T06:00Z,24.1,19.3,0.0,3.15,0
2025-10-05T07:00Z,23.5,19.2,0.0,2.91,0
2025-10-05T08:00Z,23.0,19.1,0.0,2.57,1
2025-10-05T09:00Z,22.4,19.2,0.0,2.41,1
2025-10-05T10:00Z,21.9,19.3,0.0,2.48,0
2025-10-05T11:00Z,21.5,19.2,0.0,2.72,0
2025-10-05T12:00Z,21.4,18.9,0.0,2.73,0
2025-10-05T13:00Z,21.4,18.7,26.0,2.5,0
2025-10-05T14:00Z,23.1,18.5,194.0,2.27,0
2025-10-05T15:00Z,25.2,18.4,404.0,2.37,0
2025-10-05T16:00Z,27.4,18.6,591.0,2.34,0
2025-10-05T17:00Z,29.1,18.7,731.0,2.64,0
2025-10-05T18:00Z,30.7,19.0,809.0,2.21,0
2025-10-05T19:00Z,31.8,18.3,817.0,2.62,35
2025-10-05T20:00Z,32.1,17.6,638.0,2.84,26
2025-10-05T21:00Z,32.5,17.6,567.0,3.04,19
2025-10-05T22:00Z,32.2,17.5,433.0,3.12,10
2025-10-05T23:00Z,31.4,17.5,242.0,3.42,21
2025-10-06T00:00Z,30.1,18.5,55.0,3.03,32
2025-10-06T01:00Z,28.1,21.0,0.0,2.35,14
2025-10-06T02:00Z,27.3,21.4,0.0,1.03,19
2025-10-06T03:00Z,27.1,21.4,0.0,0.54,3
2025-10-06T04:00Z,26.6,22.0,0.0,0.32,2
2025-10-06T05:00Z,26.1,21.8,0.0,0.75,1
2025-10-06T06:00Z,24.8,21.3,0.0,1.29,0
2025-10-06T07:00Z,24.3,21.0,0.0,1.44,0
2025-10-06T08:00Z,23.8,20.8,0.0,1.35,1
2025-10-06T09:00Z,23.3,20.8,0.0,1.26,3
2025-10-06T10:00Z,22.9,20.7,0.0,1.35,3
2025-10-06T11:00Z,22.6,20.6,0.0,1.08,4
2025-10-06T12:00Z,22.4,20.6,0.0,1.52,0
2025-10-06T13:00Z,22.6,20.6,24.0,1.77,3
2025-10-06T14:00Z,24.4,20.5,185.0,1.77,2
2025-10-06T15:00Z,26.5,20.4,392.0,1.79,0
2025-10-06T16:00Z,28.3,20.2,578.0,1.66,2
2025-10-06T17:00Z,30.0,19.8,711.0,1.48,17
2025-10-06T18:00Z,30.2,20.9,761.0,1.27,27
2025-10-06T19:00Z,31.8,20.4,676.0,1.12,21
2025-10-06T20:00Z,32.3,19.7,652.0,1.12,94
2025-10-06T21:00Z,29.6,21.0,457.0,2.83,92
2025-10-06T22:00Z,29.3,20.9,211.0,1.87,55
2025-10-06T23:00Z,29.3,21.1,172.0,2.23,30
2025-10-07T00:00Z,28.4,21.7,50.0,2.11,77
2025-10-07T01:00Z,27.8,22.3,0.0,1.89,37
2025-10-07T02:00Z,27.1,22.9,0.0,1.91,1
2025-10-07T03:00Z,26.3,23.1,0.0,1.78,1
2025-10-07T04:00Z,25.8,23.4,0.0,1.92,2
2025-10-07T05:00Z,25.4,23.7,0.0,1.5,1
2025-10-07T06:00Z,25.5,23.5,0.0,1.07,100
2025-10-07T07:00Z,24.7,23.7,0.0,0.56,98
2025-10-07T08:00Z,24.3,23.6,0.0,0.81,54
2025-10-07T09:00Z,24.0,23.5,0.0,0.22,34
2025-10-07T10:00Z,23.7,23.4,0.0,0.38,97
2025-10-07T11:00Z,23.4,23.3,0.0,0.96,24
2025-10-07T12:00Z,23.1,23.1,0.0,1.35,100
2025-10-07T13:00Z,23.4,23.2,19.0,1.42,100
2025-10-07T14:00Z,24.8,23.3,131.0,1.45,53
2025-10-07T15:00Z,27.2,22.8,335.0,1.05,18
2025-10-07T16:00Z,29.1,21.6,553.0,1.13,4
2025-10-07T17:00Z,30.8,20.4,699.0,1.21,2
2025-10-07T18:00Z,32.3,20.7,788.0,0.83,22
2025-10-07T19:00Z,34.0,19.5,722.0,1.28,24
2025-10-07T20:00Z,34.1,18.9,679.0,1.36,23
2025-10-07T21:00Z,33.3,18.7,561.0,1.94,63
2025-10-07T22:00Z,29.9,20.1,307.0,2.91,77
2025-10-07T23:00Z,30.0,20.0,155.0,0.59,55
2025-10-08T00:00Z,29.4,20.5,43.0,0.79,98
2025-10-08T01:00Z,28.8,20.8,0.0,1.26,44
2025-10-08T02:00Z,27.6,21.5,0.0,2.08,30
2025-10-08T03:00Z,27.0,22.2,0.0,2.07,20
2025-10-08T04:00Z,26.2,21.9,0.0,1.85,27
2025-10-08T05:00Z,25.7,21.5,0.0,0.78,20
2025-10-08T06:00Z,25.5,21.7,0.0,0.3,21
2025-10-08T07:00Z,25.0,21.8,0.0,1.5,14
2025-10-08T08:00Z,24.6,21.8,0.0,1.71,11
2025-10-08T09:00Z,24.4,21.8,0.0,1.69,11
2025-10-08T10:00Z,24.2,21.6,0.0,2.35,5
2025-10-08T11:00Z,24.0,20.9,0.0,2.55,42
2025-10-08T12:00Z,23.3,21.1,0.0,2.28,3
2025-10-08T13:00Z,23.5,21.2,22.0,2.11,0
2025-10-08T14:00Z,25.3,21.4,178.0,2.06,11
2025-10-08T15:00Z,27.4,21.5,366.0,2.08,27
2025-10-08T16:00Z,29.5,21.3,557.0,2.34,33
2025-10-08T17:00Z,31.2,20.8,695.0,2.5,12
2025-10-08T18:00Z,31.1,21.7,732.0,1.63,8
2025-10-08T19:00Z,33.2,20.3,733.0,2.53,20
2025-10-08T20:00Z,33.7,19.6,661.0,2.66,92
2025-10-08T21:00Z,33.3,19.2,462.0,3.06,86
2025-10-08T22:00Z,31.6,18.6,236.0,2.03,81
2025-10-08T23:00Z,30.2,19.5,132.0,2.86,55
2025-10-09T00:00Z,28.3,19.8,39.0,2.62,4
2025-10-09T01:00Z,27.9,19.6,0.0,1.85,12
2025-10-09T02:00Z,27.3,20.1,0.0,1.17,4
2025-10-09T03:00Z,26.9,20.5,0.0,1.6,28
2025-10-09T04:00Z,26.7,20.6,0.0,2.6,3
2025-10-09T05:00Z,26.1,20.6,0.0,2.55,5
2025-10-09T06:00Z,25.7,21.1,0.0,3.42,9
2025-10-09T07:00Z,25.4,20.7,0.0,3.58,78
2025-10-09T08:00Z,24.8,20.7,0.0,3.48,6
2025-10-09T09:00Z,24.1,20.6,0.0,3.43,0
2025-10-09T10:00Z,23.6,20.5,0.0,3.5,0
2025-10-09T11:00Z,23.2,20.3,0.0,3.39,0
2025-10-09T12:00Z,22.7,20.4,0.0,3.02,8
2025-10-09T13:00Z,22.7,20.3,22.0,2.76,0
2025-10-09T14:00Z,24.0,20.0,181.0,2.89,0
2025-10-09T15:00Z,25.7,19.9,386.0,3.04,0
2025-10-09T16:00Z,27.6,19.7,570.0,2.9,0
2025-10-09T17:00Z,29.4,19.4,708.0,2.92,0
2025-10-09T18:00Z,31.0,18.8,784.0,2.96,0
2025-10-09T19:00Z,32.4,17.9,793.0,3.24,1
2025-10-09T20:00Z,33.0,16.9,730.0,3.59,18
2025-10-09T21:00Z,32.9,16.4,563.0,3.82,3
2025-10-09T22:00Z,32.7,16.1,436.0,3.89,5
2025-10-09T23:00Z,31.9,16.1,235.0,3.78,5
2025-10-10T00:00Z,30.8,16.6,52.0,2.39,4
2025-10-10T01:00Z,29.7,17.2,0.0,1.66,2
2025-10-10T02:00Z,28.7,17.7,0.0,2.05,2
2025-10-10T03:00Z,27.8,17.4,0.0,3.11,1
2025-10-10T04:00Z,27.0,17.5,0.0,3.36,2
2025-10-10T05:00Z,26.4,17.7,0.0,3.36,0
2025-10-10T06:00Z,24.7,17.7,0.0,3.3,0
2025-10-10T07:00Z,23.9,17.4,0.0,3.22,0
2025-10-10T08:00Z,23.2,17.0,0.0,3.21,0
2025-10-10T09:00Z,22.5,16.1,0.0,3.16,0
2025-10-10T10:00Z,21.8,15.0,0.0,3.04,0
2025-10-10T11:00Z,21.2,14.1,0.0,3.08,1
2025-10-10T12:00Z,20.3,13.2,0.0,3.04,0
2025-10-10T13:00Z,19.9,12.9,22.0,2.7,0
2025-10-10T14:00Z,21.2,12.3,188.0,2.45,0
2025-10-10T15:00Z,23.1,11.9,399.0,2.27,0
2025-10-10T16:00Z,25.5,11.2,586.0,2.02,0
2025-10-10T17:00Z,27.9,9.5,725.0,2.02,0
2025-10-10T18:00Z,30.3,8.2,804.0,1.88,0
2025-10-10T19:00Z,31.8,8.8,815.0,1.82,0
2025-10-10T20:00Z,32.5,9.6,754.0,1.97,0
2025-10-10T21:00Z,32.8,10.0,628.0,2.31,0
2025-10-10T22:00Z,32.5,10.4,452.0,2.85,0
2025-10-10T23:00Z,31.5,11.0,244.0,3.54,0
2025-10-11T00:00Z,30.2,11.9,53.0,3.37,0
2025-10-11T01:00Z,28.8,12.2,0.0,3.54,3
2025-10-11T02:00Z,28.2,12.0,0.0,2.93,2
2025-10-11T03:00Z,27.5,12.0,0.0,2.95,2
2025-10-11T04:00Z,26.2,12.8,0.0,2.33,0
2025-10-11T05:00Z,24.9,13.4,0.0,2.37,0
2025-10-11T06:00Z,22.8,13.6,0.0,2.61,0
2025-10-11T07:00Z,21.8,13.0,0.0,2.65,0
2025-10-11T08:00Z,20.9,12.4,0.0,2.38,0
2025-10-11T09:00Z,20.3,12.2,0.0,2.16,0
2025-10-11T10:00Z,19.7,12.3,0.0,1.95,0
2025-10-11T11:00Z,19.2,12.4,0.0,1.51,0
2025-10-11T12:00Z,18.2,13.3,0.0,1.5,0
2025-10-11T13:00Z,18.1,13.4,22.0,1.84,0
2025-10-11T14:00Z,20.4,13.7,186.0,1.31,0
2025-10-11T15:00Z,23.4,13.7,396.0,1.23,0
2025-10-11T16:00Z,26.2,13.1,582.0,1.42,0
2025-10-11T17:00Z,28.1,11.6,720.0,1.74,0
2025-10-11T18:00Z,30.1,10.1,798.0,2.32,6
2025-10-11T19:00Z,31.1,9.3,794.0,2.33,2
2025-10-11T20:00Z,31.5,9.2,745.0,2.15,3
2025-10-11T21:00Z,31.6,9.7,624.0,2.24,2
2025-10-11T22:00Z,31.1,10.4,448.0,2.16,1
2025-10-11T23:00Z,30.1,11.1,241.0,2.0,0
2025-10-12T00:00Z,28.6,11.9,50.0,2.55,0
2025-10-12T01:00Z,26.5,14.1,0.0,3.34,0
2025-10-12T02:00Z,25.2,15.7,0.0,2.67,0
2025-10-12T03:00Z,24.4,16.2,0.0,2.27,0
2025-10-12T04:00Z,23.9,16.4,0.0,2.15,0
2025-10-12T05:00Z,23.4,16.3,0.0,1.68,1
2025-10-12T06:00Z,21.2,16.1,0.0,1.48,0
2025-10-12T07:00Z,20.2,16.1,0.0,1.12,0
2025-10-12T08:00Z,19.6,16.1,0.0,0.9,13
2025-10-12T09:00Z,19.4,16.3,0.0,0.55,17
2025-10-12T10:00Z,19.3,16.3,0.0,0.16,12
2025-10-12T11:00Z,19.0,16.2,0.0,0.07,1
2025-10-12T12:00Z,19.2,16.0,0.0,0.25,0
2025-10-12T13:00Z,19.1,15.7,21.0,0.18,0
2025-10-12T14:00Z,21.8,15.9,184.0,0.57,0
2025-10-12T15:00Z,24.7,15.7,393.0,0.66,0
2025-10-12T16:00Z,27.1,15.9,579.0,0.99,0
2025-10-12T17:00Z,28.7,15.3,717.0,1.78,0
2025-10-12T18:00Z,30.3,13.7,794.0,2.14,19
2025-10-12T19:00Z,31.2,12.9,741.0,2.26,28
2025-10-12T20:00Z,31.5,12.4,680.0,2.68,25
2025-10-12T21:00Z,31.2,12.1,567.0,3.09,65
2025-10-12T22:00Z,30.3,12.7,352.0,3.22,77
2025-10-12T23:00Z,28.7,13.1,142.0,3.58,1
2025-10-13T00:00Z,27.7,13.6,47.0,3.09,0
2025-10-13T01:00Z,26.1,15.4,0.0,3.32,0
2025-10-13T02:00Z,25.1,15.9,0.0,2.86,0
2025-10-13T03:00Z,24.4,16.1,0.0,2.32,0
2025-10-13T04:00Z,23.8,16.2,0.0,1.9,0
2025-10-13T05:00Z,23.3,16.4,0.0,1.4,0
2025-10-13T06:00Z,21.6,16.3,0.0,1.25,0
2025-10-13T07:00Z,20.3,16.6,0.0,0.86,0
2025-10-13T08:00Z,19.9,16.8,0.0,0.72,0
2025-10-13T09:00Z,19.7,16.7,0.0,0.22,0
2025-10-13T10:00Z,19.3,16.6,0.0,0.11,0
2025-10-13T11:00Z,18.9,16.6,0.0,0.57,0
2025-10-13T12:00Z,18.9,16.7,0.0,0.96,0
2025-10-13T13:00Z,19.0,16.6,20.0,1.84,0
2025-10-13T14:00Z,22.0,16.9,180.0,1.52,2
2025-10-13T15:00Z,25.2,16.9,389.0,1.58,1
2025-10-13T16:00Z,27.4,15.9,574.0,1.76,24
2025-10-13T17:00Z,29.0,14.5,702.0,2.11,59
2025-10-13T18:00Z,30.0,13.5,738.0,2.06,55
2025-10-13T19:00Z,30.8,13.3,745.0,2.43,45
2025-10-13T20:00Z,30.8,13.5,702.0,2.97,5
2025-10-13T21:00Z,30.4,13.5,608.0,3.17,2
2025-10-13T22:00Z,29.7,13.3,435.0,2.9,0
2025-10-13T23:00Z,28.6,13.5,227.0,2.93,0
2025-10-14T00:00Z,27.2,14.4,46.0,2.83,0
2025-10-14T01:00Z,26.1,15.0,0.0,2.74,0
2025-10-14T02:00Z,25.2,15.5,0.0,2.34,0
2025-10-14T03:00Z,24.6,15.9,0.0,1.91,0
2025-10-14T04:00Z,24.0,16.4,0.0,1.6,0
2025-10-14T05:00Z,23.3,16.7,0.0,1.46,0
2025-10-14T06:00Z,21.5,16.7,0.0,0.82,0
2025-10-14T07:00Z,20.6,16.9,0.0,0.27,0
2025-10-14T08:00Z,19.9,16.8,0.0,0.2,0
2025-10-14T09:00Z,19.3,16.7,0.0,0.81,0
2025-10-14T10:00Z,19.2,16.6,0.0,1.46,0
2025-10-14T11:00Z,19.0,16.7,0.0,1.7,0
2025-10-14T12:00Z,18.9,16.7,0.0,1.69,1
2025-10-14T13:00Z,18.9,16.7,19.0,2.1,2
2025-10-14T14:00Z,21.5,17.0,176.0,1.45,0
2025-10-14T15:00Z,24.7,16.7,386.0,1.33,0
2025-10-14T16:00Z,27.3,15.7,572.0,1.47,0
2025-10-14T17:00Z,29.1,14.3,709.0,1.49,0
2025-10-14T18:00Z,30.4,13.3,785.0,1.97,7
2025-10-14T19:00Z,31.4,12.9,793.0,2.24,64
2025-10-14T20:00Z,31.7,12.6,732.0,2.17,34
2025-10-14T21:00Z,31.7,13.0,608.0,1.88,86
2025-10-14T22:00Z,31.5,13.5,430.0,1.85,83
2025-10-14T23:00Z,30.8,13.4,225.0,2.0,83
2025-10-15T00:00Z,29.8,13.9,42.0,1.3,38
2025-10-15T01:00Z,28.9,14.4,0.0,1.15,0
2025-10-15T02:00Z,27.4,15.1,0.0,0.95,0
2025-10-15T03:00Z,26.4,17.0,0.0,0.25,0
2025-10-15T04:00Z,25.4,17.1,0.0,0.32,0
2025-10-15T05:00Z,24.6,17.1,0.0,0.27,0
2025-10-15T06:00Z,23.0,15.9,0.0,0.76,0
2025-10-15T07:00Z,21.8,15.9,0.0,2.1,0
2025-10-15T08:00Z,21.1,14.9,0.0,2.06,0
2025-10-15T09:00Z,20.4,14.2,0.0,1.86,0
2025-10-15T10:00Z,19.9,14.0,0.0,1.95,0
2025-10-15T11:00Z,19.4,13.9,0.0,1.73,0
2025-10-15T12:00Z,18.8,14.3,0.0,1.52,0
2025-10-15T13:00Z,18.6,14.3,18.0,2.07,0
2025-10-15T14:00Z,20.6,14.1,173.0,1.6,0
2025-10-15T15:00Z,23.3,13.5,380.0,1.66,0
2025-10-15T16:00Z,25.9,13.1,567.0,1.77,0
2025-10-15T17:00Z,28.0,12.6,707.0,1.86,0
2025-10-15T18:00Z,29.9,11.5,784.0,2.22,0
2025-10-15T19:00Z,30.8,10.9,794.0,2.52,0
2025-10-15T20:00Z,31.0,10.8,733.0,2.63,0
2025-10-15T21:00Z,30.9,11.4,608.0,2.55,0
2025-10-15T22:00Z,30.4,11.9,432.0,2.55,0
2025-10-15T23:00Z,29.4,11.3,225.0,2.93,0
2025-10-16T00:00Z,28.2,11.9,41.0,2.29,0
2025-10-16T01:00Z,26.8,13.3,0.0,2.19,0
2025-10-16T02:00Z,25.4,15.2,0.0,2.42,4
2025-10-16T03:00Z,24.6,16.3,0.0,2.07,2
2025-10-16T04:00Z,24.1,17.0,0.0,1.64,0
2025-10-16T05:00Z,23.6,17.4,0.0,1.35,0
2025-10-16T06:00Z,21.4,17.7,0.0,0.52,0
2025-10-16T07:00Z,20.1,17.3,0.0,0.57,0
2025-10-16T08:00Z,19.8,17.2,0.0,1.4,8
2025-10-16T09:00Z,19.4,17.1,0.0,2.16,30
2025-10-16T10:00Z,19.1,16.6,0.0,1.99,56
2025-10-16T11:00Z,18.9,16.1,0.0,2.08,73
2025-10-16T12:00Z,19.4,17.1,0.0,2.07,27
2025-10-16T13:00Z,19.4,16.8,16.0,2.14,11
2025-10-16T14:00Z,21.6,16.9,166.0,1.63,8
2025-10-16T15:00Z,24.6,17.5,363.0,1.87,28
2025-10-16T16:00Z,26.9,18.5,495.0,2.5,23
2025-10-16T17:00Z,28.4,18.1,620.0,3.3,39
2025-10-16T18:00Z,29.2,17.6,676.0,3.43,84
2025-10-16T19:00Z,29.3,18.0,517.0,3.61,52
2025-10-16T20:00Z,29.8,17.6,513.0,3.35,61
2025-10-16T21:00Z,30.7,16.7,453.0,3.26,100
2025-10-16T22:00Z,28.6,17.6,233.0,4.36,100
2025-10-16T23:00Z,28.3,17.6,86.0,3.61,100
2025-10-17T00:00Z,25.4,20.0,7.0,3.23,100
2025-10-17T01:00Z,25.0,19.8,0.0,2.26,33
2025-10-17T02:00Z,24.6,20.0,0.0,2.15,26
2025-10-17T03:00Z,24.4,20.7,0.0,2.6,26
2025-10-17T04:00Z,24.2,21.0,0.0,1.98,30
2025-10-17T05:00Z,24.0,21.3,0.0,1.36,27
2025-10-17T06:00Z,23.0,20.8,0.0,1.11,27
2025-10-17T07:00Z,22.9,20.9,0.0,1.19,31
2025-10-17T08:00Z,22.8,20.9,0.0,1.24,33
2025-10-17T09:00Z,23.0,20.8,0.0,1.36,15
2025-10-17T10:00Z,22.7,20.9,0.0,0.96,19
2025-10-17T11:00Z,22.5,20.9,0.0,0.72,13
2025-10-17T12:00Z,23.2,20.4,0.0,2.0,100
2025-10-17T13:00Z,23.1,20.6,11.0,2.53,81
2025-10-17T14:00Z,24.7,20.6,106.0,1.4,46
2025-10-17T15:00Z,26.9,20.4,257.0,0.96,39
2025-10-17T16:00Z,28.6,20.1,450.0,1.78,16
2025-10-17T17:00Z,30.1,19.3,596.0,3.31,41
2025-10-17T18:00Z,31.0,18.8,619.0,2.87,42
2025-10-17T19:00Z,31.2,18.8,605.0,3.69,34
2025-10-17T20:00Z,31.4,18.8,630.0,3.44,18
2025-10-17T21:00Z,31.3,18.7,542.0,3.76,19
2025-10-17T22:00Z,30.6,18.3,389.0,3.93,5
2025-10-17T23:00Z,29.4,18.7,194.0,3.97,5
2025-10-18T00:00Z,28.0,19.9,34.0,3.06,36
2025-10-18T01:00Z,27.0,20.6,0.0,2.78,5
2025-10-18T02:00Z,26.4,21.0,0.0,2.37,30
2025-10-18T03:00Z,26.0,21.3,0.0,2.16,9
2025-10-18T04:00Z,25.8,21.5,0.0,1.84,54
2025-10-18T05:00Z,25.8,21.5,0.0,2.52,23
2025-10-18T06:00Z,24.9,22.3,0.0,2.52,6
2025-10-18T07:00Z,24.6,22.5,0.0,2.05,19
2025-10-18T08:00Z,24.4,22.5,0.0,1.87,37
2025-10-18T09:00Z,24.3,22.4,0.0,1.88,19
2025-10-18T10:00Z,24.1,22.3,0.0,1.56,23
2025-10-18T11:00Z,24.0,22.3,0.0,1.59,28
2025-10-18T12:00Z,24.3,22.6,0.0,2.11,22
2025-10-18T13:00Z,24.3,22.6,13.0,1.97,23
2025-10-18T14:00Z,25.7,23.0,144.0,2.35,25
2025-10-18T15:00Z,27.4,23.2,308.0,3.21,99
2025-10-18T16:00Z,28.8,23.3,443.0,3.42,96
2025-10-18T17:00Z,29.5,22.6,482.0,3.73,16
2025-10-18T18:00Z,31.9,21.1,688.0,3.5,41
2025-10-18T19:00Z,32.8,20.1,601.0,3.88,23
2025-10-18T20:00Z,33.8,18.9,634.0,4.13,9
2025-10-18T21:00Z,33.7,16.7,550.0,4.7,2
2025-10-18T22:00Z,32.8,17.9,396.0,4.45,11
2025-10-18T23:00Z,31.6,18.6,193.0,4.5,5
2025-10-19T00:00Z,29.5,19.2,33.0,3.68,5
2025-10-19T01:00Z,28.5,20.0,0.0,3.59,6
2025-10-19T02:00Z,27.3,21.4,0.0,3.96,2
2025-10-19T03:00Z,26.7,21.8,0.0,4.04,1
2025-10-19T04:00Z,26.4,21.7,0.0,3.2,2
2025-10-19T05:00Z,26.1,21.8,0.0,2.59,1
2025-10-19T06:00Z,25.2,21.9,0.0,1.94,37
2025-10-19T07:00Z,25.1,21.9,0.0,1.75,54
2025-10-19T08:00Z,24.9,21.8,0.0,1.74,26
2025-10-19T09:00Z,24.5,22.1,0.0,0.85,0
2025-10-19T10:00Z,23.9,22.1,0.0,0.74,0
2025-10-19T11:00Z,24.0,22.0,0.0,1.48,2
2025-10-19T12:00Z,23.6,21.8,0.0,2.3,0
2025-10-19T13:00Z,23.4,21.5,15.0,3.67,0
2025-10-19T14:00Z,24.0,20.5,162.0,4.77,0
2025-10-19T15:00Z,25.5,20.1,369.0,4.31,0
2025-10-19T16:00Z,27.1,19.7,555.0,4.43,4
2025-10-19T17:00Z,28.0,19.0,691.0,4.66,0
2025-10-19T18:00Z,29.7,16.8,769.0,4.43,0
2025-10-19T19:00Z,31.2,12.8,783.0,4.35,0
2025-10-19T20:00Z,31.7,9.9,725.0,3.92,0
2025-10-19T21:00Z,31.8,7.4,602.0,3.63,0
2025-10-19T22:00Z,31.4,6.2,425.0,3.25,0
2025-10-19T23:00Z,30.4,6.0,216.0,3.0,0
2025-10-20T00:00Z,28.4,6.1,34.0,2.43,0
2025-10-20T01:00Z,26.5,7.8,0.0,2.77,0
2025-10-20T02:00Z,24.9,8.4,0.0,2.8,0
2025-10-20T03:00Z,23.6,8.6,0.0,2.9,0
2025-10-20T04:00Z,22.3,9.1,0.0,2.72,0
2025-10-20T05:00Z,21.4,8.9,0.0,2.67,0
2025-10-20T06:00Z,19.2,9.4,0.0,2.55,0
2025-10-20T07:00Z,18.3,9.1,0.0,2.28,0
2025-10-20T08:00Z,17.7,9.0,0.0,2.11,0
2025-10-20T09:00Z,17.2,9.2,0.0,1.85,0
2025-10-20T10:00Z,16.8,9.9,0.0,1.8,0
2025-10-20T11:00Z,16.6,10.9,0.0,2.0,0
2025-10-20T12:00Z,17.2,12.7,0.0,2.29,0
2025-10-20T13:00Z,17.5,13.9,15.0,2.52,0
2025-10-20T14:00Z,20.3,15.4,169.0,2.55,0
2025-10-20T15:00Z,23.8,17.0,379.0,2.11,0
2025-10-20T16:00Z,27.1,17.4,563.0,2.96,0
2025-10-20T17:00Z,28.9,16.8,695.0,3.44,0
2025-10-20T18:00Z,30.9,17.3,765.0,4.44,100
2025-10-20T19:00Z,30.4,17.6,318.0,3.89,70
2025-10-20T20:00Z,31.7,17.2,531.0,4.02,52
2025-10-20T21:00Z,31.7,17.1,442.0,4.22,91
2025-10-20T22:00Z,30.1,18.7,216.0,4.6,59
2025-10-20T23:00Z,28.7,20.0,139.0,5.17,20
2025-10-21T00:00Z,27.6,20.2,27.0,4.78,15
2025-10-21T01:00Z,26.4,20.7,0.0,4.25,0
2025-10-21T02:00Z,25.7,20.9,0.0,3.73,0
2025-10-21T03:00Z,25.4,21.2,0.0,3.36,0
2025-10-21T04:00Z,25.1,21.3,0.0,3.21,0
2025-10-21T05:00Z,24.9,21.4,0.0,3.41,0
2025-10-21T06:00Z,24.3,21.5,0.0,2.85,0
2025-10-21T07:00Z,23.8,21.5,0.0,1.75,15
2025-10-21T08:00Z,23.4,21.6,0.0,1.35,5
2025-10-21T09:00Z,23.2,21.7,0.0,1.38,14
2025-10-21T10:00Z,23.1,21.9,0.0,1.71,8
2025-10-21T11:00Z,23.2,22.0,0.0,1.99,1
2025-10-21T12:00Z,23.0,21.5,0.0,1.82,0
2025-10-21T13:00Z,23.2,21.7,13.0,1.78,1
2025-10-21T14:00Z,25.4,22.1,152.0,1.38,11
2025-10-21T15:00Z,27.6,22.4,343.0,1.88,58
2025-10-21T16:00Z,28.9,22.9,408.0,2.03,30
2025-10-21T17:00Z,30.7,21.9,587.0,3.08,88
2025-10-21T18:00Z,31.8,21.7,599.0,1.55,27
2025-10-21T19:00Z,32.5,21.2,652.0,1.08,46
2025-10-21T20:00Z,32.9,20.4,580.0,0.92,33
2025-10-21T21:00Z,28.6,20.2,465.0,4.68,79
2025-10-21T22:00Z,29.0,20.5,264.0,0.45,37
2025-10-21T23:00Z,28.8,20.8,152.0,1.14,16
2025-10-22T00:00Z,25.9,22.6,26.0,1.52,9
2025-10-22T01:00Z,26.3,21.7,0.0,1.8,26
2025-10-22T02:00Z,25.9,21.4,0.0,3.52,39
2025-10-22T03:00Z,24.7,21.1,0.0,4.1,30
2025-10-22T04:00Z,23.5,20.1,0.0,3.62,34
2025-10-22T05:00Z,22.8,18.7,0.0,3.5,5
2025-10-22T06:00Z,20.9,15.0,0.0,3.34,0
2025-10-22T07:00Z,20.5,12.5,0.0,3.46,2
2025-10-22T08:00Z,20.1,11.6,0.0,3.04,0
2025-10-22T09:00Z,19.5,11.5,0.0,2.99,0
2025-10-22T10:00Z,18.9,11.6,0.0,2.93,0
2025-10-22T11:00Z,18.3,11.5,0.0,2.78,3
2025-10-22T12:00Z,18.9,12.0,0.0,2.92,10
2025-10-22T13:00Z,18.4,12.0,12.0,2.97,0
2025-10-22T14:00Z,19.4,12.1,155.0,2.8,0
2025-10-22T15:00Z,21.2,11.9,356.0,3.1,0
2025-10-22T16:00Z,23.2,11.0,537.0,3.38,0
2025-10-22T17:00Z,24.9,10.6,673.0,3.32,0
2025-10-22T18:00Z,26.4,8.6,750.0,3.1,31
2025-10-22T19:00Z,27.6,8.3,704.0,2.85,13
2025-10-22T20:00Z,28.1,9.1,676.0,2.81,5
2025-10-22T21:00Z,28.0,9.7,568.0,2.87,0
2025-10-22T22:00Z,27.4,10.2,397.0,3.0,0
2025-10-22T23:00Z,26.4,10.5,195.0,2.93,1
2025-10-23T00:00Z,25.2,11.1,27.0,2.26,15
2025-10-23T01:00Z,24.3,11.7,0.0,1.98,45
2025-10-23T02:00Z,23.6,12.2,0.0,2.15,2
2025-10-23T03:00Z,22.9,12.0,0.0,2.24,0
2025-10-23T04:00Z,22.3,11.9,0.0,2.08,0
2025-10-23T05:00Z,21.8,11.8,0.0,1.71,0
2025-10-23T06:00Z,20.2,12.4,0.0,1.5,2
2025-10-23T07:00Z,19.5,12.7,0.0,1.45,6
2025-10-23T08:00Z,19.1,12.7,0.0,1.82,4
2025-10-23T09:00Z,18.7,12.7,0.0,1.76,0
2025-10-23T10:00Z,18.4,12.7,0.0,1.95,12
2025-10-23T11:00Z,18.2,12.8,0.0,1.96,0
2025-10-23T12:00Z,18.4,13.7,0.0,1.94,0
2025-10-23T13:00Z,18.1,13.6,11.0,2.13,2
2025-10-23T14:00Z,19.9,14.2,149.0,1.75,6
2025-10-23T15:00Z,22.5,15.0,343.0,1.81,20
2025-10-23T16:00Z,25.2,16.4,521.0,1.96,55
2025-10-23T17:00Z,26.7,18.2,617.0,2.47,99
2025-10-23T18:00Z,26.7,18.4,656.0,2.01,98
2025-10-23T19:00Z,29.2,18.4,650.0,2.39,98
2025-10-23T20:00Z,29.7,17.9,597.0,2.44,100
2025-10-23T21:00Z,28.9,17.0,480.0,4.28,98
2025-10-23T22:00Z,27.4,18.4,279.0,4.05,100
2025-10-23T23:00Z,26.3,19.3,118.0,3.54,100
2025-10-24T00:00Z,24.4,21.3,22.0,2.12,80
2025-10-24T01:00Z,23.9,21.1,0.0,3.22,20
2025-10-24T02:00Z,22.8,20.2,0.0,2.3,10
2025-10-24T03:00Z,23.2,20.9,0.0,3.13,5
2025-10-24T04:00Z,23.3,21.0,0.0,3.01,6
2025-10-24T05:00Z,23.3,21.1,0.0,2.55,19
2025-10-24T06:00Z,22.8,21.5,0.0,2.1,34
2025-10-24T07:00Z,22.3,21.3,0.0,2.45,26
2025-10-24T08:00Z,22.0,21.2,0.0,2.45,32
2025-10-24T09:00Z,22.0,21.1,0.0,2.41,26
2025-10-24T10:00Z,21.9,20.9,0.0,1.97,23
2025-10-24T11:00Z,21.6,20.7,0.0,2.06,23
2025-10-24T12:00Z,21.3,20.2,0.0,2.25,1
2025-10-24T13:00Z,21.3,20.0,11.0,2.55,0
2025-10-24T14:00Z,23.0,20.3,146.0,2.06,3
2025-10-24T15:00Z,25.0,20.5,344.0,2.4,49
2025-10-24T16:00Z,27.1,20.1,518.0,3.31,30
2025-10-24T17:00Z,28.2,19.8,600.0,3.87,50
2025-10-24T18:00Z,28.8,19.3,688.0,4.19,94
2025-10-24T19:00Z,28.8,19.3,698.0,4.5,98
2025-10-24T20:00Z,28.8,19.2,647.0,4.74,95
2025-10-24T21:00Z,28.4,19.2,510.0,5.0,75
2025-10-24T22:00Z,27.6,18.8,363.0,5.4,100
2025-10-24T23:00Z,26.2,19.5,148.0,5.59,100
2025-10-25T00:00Z,25.2,20.8,20.0,3.92,100
2025-10-25T01:00Z,24.9,20.4,0.0,3.97,98
2025-10-25T02:00Z,24.3,20.1,0.0,4.22,98
2025-10-25T03:00Z,23.9,20.3,0.0,4.54,19
2025-10-25T04:00Z,23.9,20.2,0.0,4.3,100
2025-10-25T05:00Z,23.9,20.4,0.0,3.7,41
2025-10-25T06:00Z,23.9,21.0,0.0,4.83,100
2025-10-25T07:00Z,22.2,20.4,0.0,2.25,100
2025-10-25T08:00Z,21.3,20.4,0.0,0.07,100
2025-10-25T09:00Z,21.0,20.6,0.0,2.33,100
2025-10-25T10:00Z,20.8,20.4,0.0,2.51,100
2025-10-25T11:00Z,20.9,20.1,0.0,1.14,100
2025-10-25T12:00Z,19.2,18.2,0.0,2.21,87
2025-10-25T13:00Z,19.0,18.3,8.0,0.96,52
2025-10-25T14:00Z,20.0,18.8,108.0,1.17,100
2025-10-25T15:00Z,20.4,19.0,132.0,2.7,100
2025-10-25T16:00Z,20.4,19.3,94.0,2.51,100
2025-10-25T17:00Z,21.6,19.7,274.0,1.62,100
2025-10-25T18:00Z,24.7,20.9,440.0,1.08,55
2025-10-25T19:00Z,25.8,21.2,659.0,0.78,88
2025-10-25T20:00Z,26.2,20.8,500.0,0.2,77
2025-10-25T21:00Z,24.8,20.2,349.0,2.39,100
2025-10-25T22:00Z,24.8,20.6,115.0,1.36,74
2025-10-25T23:00Z,24.7,21.0,131.0,1.0,98
2025-10-26T00:00Z,23.4,20.9,16.0,1.32,76
2025-10-26T01:00Z,22.8,21.0,0.0,1.5,68
2025-10-26T02:00Z,22.5,21.0,0.0,2.08,88
2025-10-26T03:00Z,21.6,19.9,0.0,3.12,99
2025-10-26T04:00Z,20.7,19.7,0.0,3.58,84
2025-10-26T05:00Z,20.1,19.4,0.0,1.62,66
2025-10-26T06:00Z,19.9,19.3,0.0,1.1,28
2025-10-26T07:00Z,19.6,19.3,0.0,1.69,20
2025-10-26T08:00Z,19.1,18.8,0.0,0.74,9
2025-10-26T09:00Z,18.9,18.8,0.0,0.22,34
2025-10-26T10:00Z,18.4,18.4,0.0,0.38,100
2025-10-26T11:00Z,19.2,19.1,0.0,1.48,100
2025-10-26T12:00Z,18.3,18.1,0.0,0.65,71
2025-10-26T13:00Z,18.7,18.3,6.0,1.5,77
2025-10-26T14:00Z,19.6,18.3,68.0,1.86,100
2025-10-26T15:00Z,20.2,18.6,134.0,1.75,100
2025-10-26T16:00Z,21.2,18.9,235.0,0.65,32
2025-10-26T17:00Z,23.5,20.0,637.0,0.39,2
2025-10-26T18:00Z,24.7,19.8,726.0,1.92,100
2025-10-26T19:00Z,24.9,19.4,393.0,2.06,35
2025-10-26T20:00Z,25.9,19.4,610.0,1.84,6
2025-10-26T21:00Z,26.2,19.0,545.0,1.64,1
2025-10-26T22:00Z,26.0,18.8,381.0,1.63,2
2025-10-26T23:00Z,25.1,20.0,180.0,0.87,0
2025-10-27T00:00Z,23.4,19.6,21.0,0.93,0
2025-10-27T01:00Z,22.7,19.6,0.0,1.22,0
2025-10-27T02:00Z,21.8,19.4,0.0,1.1,0
2025-10-27T03:00Z,21.0,19.1,0.0,0.83,0
2025-10-27T04:00Z,20.2,18.8,0.0,0.87,0
2025-10-27T05:00Z,20.0,18.6,0.0,1.25,0
2025-10-27T06:00Z,18.9,16.8,0.0,1.19,0
2025-10-27T07:00Z,18.1,16.5,0.0,1.13,0
2025-10-27T08:00Z,17.8,16.3,0.0,0.96,0
2025-10-27T09:00Z,17.5,16.2,0.0,1.16,0
2025-10-27T10:00Z,17.4,16.1,0.0,1.2,0
2025-10-27T11:00Z,17.5,16.3,0.0,1.33,0
2025-10-27T12:00Z,17.4,16.5,0.0,1.04,0
2025-10-27T13:00Z,17.4,16.8,9.0,0.28,0
2025-10-27T14:00Z,19.4,18.2,146.0,2.1,2
2025-10-27T15:00Z,21.6,19.0,343.0,1.27,13
2025-10-27T16:00Z,23.4,19.6,513.0,1.18,25
2025-10-27T17:00Z,24.8,20.3,611.0,1.03,51
2025-10-27T18:00Z,26.2,21.1,675.0,1.11,9
2025-10-27T19:00Z,27.1,21.1,721.0,1.46,3
2025-10-27T20:00Z,27.7,20.3,671.0,1.45,3
2025-10-27T21:00Z,27.8,20.1,546.0,1.35,1
2025-10-27T22:00Z,27.3,20.2,371.0,1.8,7
2025-10-27T23:00Z,26.0,21.3,172.0,1.88,1
2025-10-28T00:00Z,24.3,21.6,20.0,3.13,0
2025-10-28T01:00Z,23.2,21.1,0.0,2.83,0
2025-10-28T02:00Z,22.6,20.8,0.0,2.87,0
2025-10-28T03:00Z,22.2,20.7,0.0,2.91,0
2025-10-28T04:00Z,21.9,20.5,0.0,2.91,0
2025-10-28T05:00Z,21.7,20.4,0.0,2.83,0
2025-10-28T06:00Z,21.5,20.3,0.0,2.78,0
2025-10-28T07:00Z,21.3,20.3,0.0,2.48,1
2025-10-28T08:00Z,21.2,20.3,0.0,2.53,0
2025-10-28T09:00Z,21.1,20.2,0.0,2.13,1
2025-10-28T10:00Z,20.8,20.0,0.0,1.86,8
2025-10-28T11:00Z,20.8,20.1,0.0,2.25,0
2025-10-28T12:00Z,20.8,19.9,0.0,1.84,16
2025-10-28T13:00Z,21.0,20.1,8.0,1.78,16
2025-10-28T14:00Z,22.8,21.4,129.0,1.93,19
2025-10-28T15:00Z,24.7,22.6,317.0,1.72,23
2025-10-28T16:00Z,26.7,22.5,489.0,3.35,15
2025-10-28T17:00Z,27.8,22.0,593.0,3.41,14
2025-10-28T18:00Z,29.2,21.6,676.0,3.51,23
2025-10-28T19:00Z,28.9,22.5,625.0,3.05,29
2025-10-28T20:00Z,29.1,22.2,516.0,2.7,52
2025-10-28T21:00Z,28.9,21.3,421.0,2.12,85
2025-10-28T22:00Z,24.1,21.9,191.0,1.52,98
2025-10-28T23:00Z,23.8,22.4,57.0,1.21,38
2025-10-29T00:00Z,23.5,21.5,15.0,2.7,27
2025-10-29T01:00Z,23.0,18.5,0.0,5.58,32
2025-10-29T02:00Z,21.8,17.0,0.0,6.78,6
2025-10-29T03:00Z,20.2,14.3,0.0,6.61,0
2025-10-29T04:00Z,18.8,11.8,0.0,6.68,0
2025-10-29T05:00Z,17.4,10.2,0.0,5.99,0
2025-10-29T06:00Z,16.6,9.1,0.0,6.35,0
2025-10-29T07:00Z,15.6,7.4,0.0,5.52,0
2025-10-29T08:00Z,14.6,5.4,0.0,5.24,0
2025-10-29T09:00Z,14.0,4.6,0.0,4.94,0
2025-10-29T10:00Z,13.5,4.9,0.0,4.18,0
2025-10-29T11:00Z,13.1,5.5,0.0,3.65,0
2025-10-29T12:00Z,12.6,6.2,0.0,4.05,0
2025-10-29T13:00Z,12.3,5.7,9.0,3.86,0
2025-10-29T14:00Z,13.5,5.0,150.0,4.43,0
2025-10-29T15:00Z,14.8,4.4,362.0,4.59,0
2025-10-29T16:00Z,15.8,2.3,551.0,6.26,0
2025-10-29T17:00Z,16.7,1.7,690.0,6.47,0
2025-10-29T18:00Z,18.4,-0.3,769.0,7.11,0
2025-10-29T19:00Z,18.8,-1.2,778.0,7.19,0
2025-10-29T20:00Z,19.1,-1.0,712.0,7.16,0
2025-10-29T21:00Z,18.4,1.4,576.0,7.0,0
2025-10-29T22:00Z,17.7,2.3,391.0,6.01,0
2025-10-29T23:00Z,16.6,2.5,181.0,5.13,0
2025-10-30T00:00Z,16.2,3.3,19.0,4.21,5
2025-10-30T01:00Z,15.3,3.5,0.0,3.86,0
2025-10-30T02:00Z,14.9,3.1,0.0,4.1,0
2025-10-30T03:00Z,14.3,3.1,0.0,3.86,0
2025-10-30T04:00Z,13.8,3.1,0.0,3.75,1
2025-10-30T05:00Z,13.3,3.0,0.0,3.82,0
2025-10-30T06:00Z,11.7,3.0,0.0,3.75,0
2025-10-30T07:00Z,11.0,3.4,0.0,2.95,0
2025-10-30T08:00Z,10.5,3.8,0.0,2.58,0
2025-10-30T09:00Z,10.2,4.1,0.0,2.49,0
2025-10-30T10:00Z,9.9,4.3,0.0,2.62,0
2025-10-30T11:00Z,9.6,4.4,0.0,2.45,0
2025-10-30T12:00Z,9.2,4.5,0.0,2.12,0
2025-10-30T13:00Z,8.8,4.6,8.0,2.21,0
2025-10-30T14:00Z,10.5,5.9,143.0,2.13,0
2025-10-30T15:00Z,12.4,6.4,349.0,2.03,0
2025-10-30T16:00Z,14.2,7.3,534.0,2.12,0
2025-10-30T17:00Z,15.6,7.8,672.0,2.09,0
2025-10-30T18:00Z,18.0,6.7,747.0,2.42,0
2025-10-30T19:00Z,18.8,6.8,756.0,2.57,0
2025-10-30T20:00Z,19.3,7.0,692.0,2.51,0
2025-10-30T21:00Z,19.5,7.1,564.0,2.37,0
2025-10-30T22:00Z,19.3,7.1,384.0,2.24,0
2025-10-30T23:00Z,18.2,9.2,177.0,1.39,0
2025-10-31T00:00Z,16.9,10.1,18.0,1.18,0
2025-10-31T01:00Z,15.9,9.9,0.0,1.38,0
2025-10-31T02:00Z,15.0,9.4,0.0,1.63,0
2025-10-31T03:00Z,14.2,8.8,0.0,1.72,0
2025-10-31T04:00Z,13.4,8.6,0.0,1.46,0
2025-10-31T05:00Z,12.8,8.4,0.0,1.39,0
2025-10-31T06:00Z,11.3,7.6,0.0,1.66,0
2025-10-31T07:00Z,10.3,7.0,0.0,1.8,0
2025-10-31T08:00Z,9.8,6.7,0.0,1.7,0
2025-10-31T09:00Z,9.5,6.6,0.0,1.66,0
2025-10-31T10:00Z,9.4,6.8,0.0,1.59,0
2025-10-31T11:00Z,9.4,7.1,0.0,1.59,0
2025-10-31T12:00Z,8.5,6.9,0.0,1.72,0
2025-10-31T13:00Z,8.4,6.9,7.0,1.69,0
2025-10-31T14:00Z,10.6,8.3,141.0,1.46,0
2025-10-31T15:00Z,13.5,9.7,347.0,0.85,0
2025-10-31T16:00Z,16.1,10.2,532.0,0.88,0
2025-10-31T17:00Z,18.0,9.8,669.0,0.78,0
2025-10-31T18:00Z,19.9,6.9,744.0,0.59,0
2025-10-31T19:00Z,20.6,7.1,750.0,0.57,0
2025-10-31T20:00Z,20.9,6.9,685.0,0.46,0
2025-10-31T21:00Z,20.9,6.8,558.0,0.57,0
2025-10-31T22:00Z,20.5,6.9,379.0,0.96,0
2025-10-31T23:00Z,19.3,10.6,174.0,0.76,0
2025-11-01T00:00Z,18.1,10.0,17.0,1.63,0
2025-11-01T01:00Z,16.6,9.7,0.0,2.23,0
2025-11-01T02:00Z,15.5,9.5,0.0,1.93,0
2025-11-01T03:00Z,14.8,9.3,0.0,2.04,0
2025-11-01T04:00Z,14.4,9.0,0.0,2.01,0
2025-11-01T05:00Z,14.2,9.1,0.0,1.9,0
2025-11-01T06:00Z,12.5,9.1,0.0,1.42,0
2025-11-01T07:00Z,11.8,8.8,0.0,1.42,0
2025-11-01T08:00Z,12.1,9.3,0.0,1.57,0
2025-11-01T09:00Z,12.0,9.8,0.0,1.36,5
2025-11-01T10:00Z,12.0,10.5,0.0,2.02,5
2025-11-01T11:00Z,12.2,10.8,0.0,2.41,5
2025-11-01T12:00Z,12.6,11.0,0.0,2.33,6
2025-11-01T13:00Z,12.4,10.7,6.0,2.38,59
2025-11-01T14:00Z,14.0,11.5,121.0,2.51,7
2025-11-01T15:00Z,16.5,12.7,325.0,1.66,27
2025-11-01T16:00Z,19.0,14.0,505.0,1.71,52
2025-11-01T17:00Z,20.9,14.8,613.0,2.26,77
2025-11-01T18:00Z,22.2,14.6,583.0,1.85,95
2025-11-01T19:00Z,22.6,14.3,529.0,1.86,31
2025-11-01T20:00Z,22.8,13.9,572.0,2.62,73
2025-11-01T21:00Z,22.3,13.5,373.0,2.73,98
2025-11-01T22:00Z,21.5,13.3,175.0,3.22,92
2025-11-01T23:00Z,20.7,13.2,94.0,3.17,68
2025-11-02T00:00Z,16.9,14.4,12.0,4.01,88
2025-11-02T01:00Z,16.6,14.2,0.0,3.34,100
2025-11-02T02:00Z,16.3,13.9,0.0,2.86,95
2025-11-02T03:00Z,15.5,14.0,0.0,2.13,97
2025-11-02T04:00Z,15.1,13.9,0.0,2.01,5
2025-11-02T05:00Z,14.3,13.3,0.0,2.6,0
2025-11-02T06:00Z,13.4,12.4,0.0,2.82,1
2025-11-02T07:00Z,12.7,11.3,0.0,3.0,0
2025-11-02T08:00Z,12.2,10.5,0.0,2.36,0
2025-11-02T09:00Z,11.8,10.3,0.0,2.56,0
2025-11-02T10:00Z,11.4,10.1,0.0,2.71,0
2025-11-02T11:00Z,10.9,9.8,0.0,2.45,0
2025-11-02T12:00Z,11.1,10.2,0.0,2.19,0
2025-11-02T13:00Z,10.9,9.9,6.0,2.38,0
2025-11-02T14:00Z,12.3,10.5,133.0,2.0,0
2025-11-02T15:00Z,14.3,11.2,336.0,1.7,0
2025-11-02T16:00Z,16.5,11.5,520.0,1.55,0
2025-11-02T17:00Z,18.4,11.0,655.0,1.35,0
2025-11-02T18:00Z,20.4,9.4,728.0,1.19,0
2025-11-02T19:00Z,21.2,9.1,733.0,1.59,1
2025-11-02T20:00Z,21.7,9.1,667.0,2.23,10
2025-11-02T21:00Z,21.8,8.2,515.0,2.49,2
2025-11-02T22:00Z,21.3,8.2,353.0,2.78,0
2025-11-02T23:00Z,19.9,10.5,158.0,1.52,1
2025-11-03T00:00Z,18.5,9.3,14.0,2.75,0
2025-11-03T01:00Z,17.4,9.2,0.0,2.2,0
2025-11-03T02:00Z,16.2,10.3,0.0,2.04,0
2025-11-03T03:00Z,15.0,10.7,0.0,1.23,0
2025-11-03T04:00Z,14.7,10.1,0.0,0.49,0
2025-11-03T05:00Z,14.1,9.8,0.0,0.6,0
2025-11-03T06:00Z,12.6,9.1,0.0,1.5,0
2025-11-03T07:00Z,11.4,8.7,0.0,1.27,0
2025-11-03T08:00Z,11.0,8.6,0.0,1.37,0
2025-11-03T09:00Z,10.6,8.2,0.0,1.66,0
2025-11-03T10:00Z,10.3,7.5,0.0,1.76,0
2025-11-03T11:00Z,9.9,7.0,0.0,1.76,0
2025-11-03T12:00Z,9.7,7.7,0.0,2.02,0
2025-11-03T13:00Z,9.4,7.2,6.0,2.04,0
2025-11-03T14:00Z,11.2,8.4,132.0,1.93,0
2025-11-03T15:00Z,13.9,9.7,335.0,1.19,0
2025-11-03T16:00Z,16.7,10.7,518.0,0.98,0
2025-11-03T17:00Z,19.1,10.3,653.0,0.85,0
2025-11-03T18:00Z,21.3,9.3,727.0,0.55,0
2025-11-03T19:00Z,22.3,9.5,733.0,0.47,0
2025-11-03T20:00Z,22.6,9.6,669.0,0.7,0
2025-11-03T21:00Z,22.5,9.7,542.0,0.95,0
2025-11-03T22:00Z,22.1,9.8,366.0,1.08,0
2025-11-03T23:00Z,20.7,12.4,163.0,1.06,0
2025-11-04T00:00Z,19.1,11.6,14.0,2.4,0
2025-11-04T01:00Z,17.4,10.8,0.0,2.06,0
2025-11-04T02:00Z,16.2,10.9,0.0,2.09,0
2025-11-04T03:00Z,15.4,11.4,0.0,1.95,0
2025-11-04T04:00Z,15.1,11.8,0.0,1.55,0
2025-11-04T05:00Z,14.5,11.7,0.0,1.38,0
2025-11-04T06:00Z,12.6,11.0,0.0,0.92,0
2025-11-04T07:00Z,11.7,10.2,0.0,0.54,0
2025-11-04T08:00Z,11.1,10.0,0.0,1.11,0
2025-11-04T09:00Z,11.1,10.0,0.0,1.35,0
2025-11-04T10:00Z,11.1,9.7,0.0,1.63,0
2025-11-04T11:00Z,10.9,8.9,0.0,1.71,0
2025-11-04T12:00Z,10.8,9.2,0.0,1.71,0
2025-11-04T13:00Z,10.6,8.6,5.0,1.87,0
2025-11-04T14:00Z,12.6,9.3,132.0,1.91,0
2025-11-04T15:00Z,15.5,10.6,337.0,1.11,0
2025-11-04T16:00Z,18.2,11.4,520.0,1.16,0
2025-11-04T17:00Z,20.3,12.7,654.0,1.57,0
2025-11-04T18:00Z,22.3,12.3,724.0,1.57,0
2025-11-04T19:00Z,23.1,12.5,729.0,1.68,0
2025-11-04T20:00Z,23.4,13.1,663.0,1.77,0
2025-11-04T21:00Z,23.3,13.6,535.0,1.98,0
2025-11-04T22:00Z,22.7,13.4,358.0,2.41,1
2025-11-04T23:00Z,21.2,13.6,158.0,2.47,0
2025-11-05T00:00Z,19.4,13.8,13.0,3.08,0
2025-11-05T01:00Z,18.5,13.9,0.0,2.91,0
2025-11-05T02:00Z,18.0,13.9,0.0,2.73,0
2025-11-05T03:00Z,17.5,13.9,0.0,2.51,0
2025-11-05T04:00Z,17.1,13.8,0.0,2.52,0
2025-11-05T05:00Z,16.7,13.6,0.0,2.23,0
2025-11-05T06:00Z,15.3,12.9,0.0,2.19,0
2025-11-05T07:00Z,14.7,12.5,0.0,1.92,0
2025-11-05T08:00Z,14.5,12.4,0.0,1.96,0
2025-11-05T09:00Z,14.4,12.5,0.0,1.7,2
2025-11-05T10:00Z,13.9,12.2,0.0,1.03,0
2025-11-05T11:00Z,13.8,12.2,0.0,1.03,0
2025-11-05T12:00Z,13.4,11.9,0.0,0.67,0
2025-11-05T13:00Z,13.3,11.7,5.0,0.5,0
2025-11-05T14:00Z,15.9,13.2,126.0,1.04,0
2025-11-05T15:00Z,18.7,14.7,325.0,0.62,0
2025-11-05T16:00Z,21.3,15.4,504.0,0.34,0
2025-11-05T17:00Z,23.2,15.7,639.0,0.7,0
2025-11-05T18:00Z,25.5,14.5,712.0,1.13,0
2025-11-05T19:00Z,26.3,14.6,719.0,0.86,0
2025-11-05T20:00Z,26.6,14.8,654.0,1.12,0
2025-11-05T21:00Z,26.7,15.4,527.0,1.5,3
2025-11-05T22:00Z,26.1,15.9,347.0,2.41,52
2025-11-05T23:00Z,23.6,17.0,138.0,3.64,0
2025-11-06T00:00Z,21.6,17.1,12.0,3.16,0
2025-11-06T01:00Z,20.7,17.2,0.0,2.55,0
2025-11-06T02:00Z,19.9,17.4,0.0,2.36,0
2025-11-06T03:00Z,19.4,17.4,0.0,2.12,0
2025-11-06T04:00Z,18.9,17.4,0.0,1.9,0
2025-11-06T05:00Z,18.6,17.3,0.0,1.73,0
2025-11-06T06:00Z,17.0,16.3,0.0,1.2,0
2025-11-06T07:00Z,16.3,15.9,0.0,0.4,0
2025-11-06T08:00Z,16.0,15.8,0.0,0.07,0
2025-11-06T09:00Z,15.7,15.8,0.0,0.21,98
2025-11-06T10:00Z,15.3,15.3,0.0,0.76,100
2025-11-06T11:00Z,15.5,15.5,0.0,1.06,100
2025-11-06T12:00Z,15.3,15.3,0.0,1.01,100
2025-11-06T13:00Z,15.0,15.0,3.0,1.12,100
2025-11-06T14:00Z,16.2,15.9,63.0,0.85,100
2025-11-06T15:00Z,17.9,17.6,178.0,0.97,100
2025-11-06T16:00Z,20.5,18.2,334.0,1.23,50
2025-11-06T17:00Z,23.0,18.5,603.0,1.23,3
2025-11-06T18:00Z,24.9,17.6,683.0,1.96,74
2025-11-06T19:00Z,26.0,16.9,550.0,2.3,67
2025-11-06T20:00Z,26.5,16.4,476.0,2.25,48
2025-11-06T21:00Z,26.7,16.0,428.0,2.53,92
2025-11-06T22:00Z,25.8,17.2,253.0,2.98,20
2025-11-06T23:00Z,23.5,18.5,132.0,3.59,1
2025-11-07T00:00Z,21.7,18.1,11.0,3.5,0
2025-11-07T01:00Z,20.8,17.7,0.0,3.05,0
2025-11-07T02:00Z,20.0,18.2,0.0,2.51,0
2025-11-07T03:00Z,19.5,18.6,0.0,2.02,4
2025-11-07T04:00Z,19.3,18.8,0.0,2.33,25
2025-11-07T05:00Z,19.2,18.9,0.0,2.12,100
2025-11-07T06:00Z,19.0,18.8,0.0,2.1,100
2025-11-07T07:00Z,19.0,18.8,0.0,1.96,100
2025-11-07T08:00Z,19.1,19.0,0.0,2.2,100
2025-11-07T09:00Z,19.5,19.2,0.0,2.28,42
2025-11-07T10:00Z,19.0,18.6,0.0,2.0,6
2025-11-07T11:00Z,18.4,17.8,0.0,2.08,0
2025-11-07T12:00Z,18.1,17.2,0.0,2.44,0
2025-11-07T13:00Z,17.8,16.8,4.0,2.38,0
2025-11-07T14:00Z,19.4,17.3,116.0,2.43,0
2025-11-07T15:00Z,21.7,17.9,309.0,1.79,0
2025-11-07T16:00Z,23.8,18.7,485.0,2.24,0
2025-11-07T17:00Z,25.6,18.9,617.0,3.17,3
2025-11-07T18:00Z,27.4,19.1,686.0,3.1,5
2025-11-07T19:00Z,28.4,18.7,684.0,2.73,3
2025-11-07T20:00Z,29.0,18.7,625.0,2.66,2
2025-11-07T21:00Z,29.2,18.9,506.0,2.63,2
2025-11-07T22:00Z,28.8,18.9,337.0,2.84,2
2025-11-07T23:00Z,27.3,19.2,145.0,2.6,0
2025-11-08T00:00Z,25.4,19.2,10.0,3.05,0
2025-11-08T01:00Z,24.1,19.0,0.0,3.25,0
2025-11-08T02:00Z,23.0,19.4,0.0,3.02,0
2025-11-08T03:00Z,22.1,19.9,0.0,3.0,0
2025-11-08T04:00Z,21.5,20.1,0.0,2.89,0
2025-11-08T05:00Z,21.2,20.1,0.0,2.71,0
2025-11-08T06:00Z,20.3,19.5,0.0,2.43,0
2025-11-08T07:00Z,20.0,19.4,0.0,1.6,9
2025-11-08T08:00Z,19.9,19.3,0.0,1.41,19
2025-11-08T09:00Z,19.7,19.3,0.0,1.75,32
2025-11-08T10:00Z,19.7,19.4,0.0,1.99,100
2025-11-08T11:00Z,19.9,19.7,0.0,1.53,100
2025-11-08T12:00Z,19.6,19.3,0.0,1.68,100
2025-11-08T13:00Z,20.0,19.6,2.0,1.64,100
2025-11-08T14:00Z,21.4,20.3,46.0,2.58,100
2025-11-08T15:00Z,22.1,20.3,109.0,3.01,100
2025-11-08T16:00Z,23.8,19.4,269.0,3.22,27
2025-11-08T17:00Z,25.9,19.1,583.0,2.13,1
2025-11-08T18:00Z,27.7,19.7,679.0,2.19,8
2025-11-08T19:00Z,29.2,19.1,674.0,2.45,21
2025-11-08T20:00Z,30.0,18.3,592.0,2.3,31
2025-11-08T21:00Z,30.0,18.2,452.0,1.59,8
2025-11-08T22:00Z,29.8,18.3,329.0,1.26,7
2025-11-08T23:00Z,28.9,18.9,141.0,0.71,3
2025-11-09T00:00Z,26.6,19.8,10.0,1.48,1
2025-11-09T01:00Z,24.7,20.7,0.0,2.16,9
2025-11-09T02:00Z,23.6,21.2,0.0,2.15,18
2025-11-09T03:00Z,23.3,20.9,0.0,2.24,0
2025-11-09T04:00Z,22.7,20.9,0.0,1.64,0
2025-11-09T05:00Z,21.8,20.8,0.0,0.97,0
2025-11-09T06:00Z,20.8,20.2,0.0,1.15,0
2025-11-09T07:00Z,20.0,19.7,0.0,1.69,12
2025-11-09T08:00Z,19.2,19.2,0.0,2.38,85
2025-11-09T09:00Z,18.6,18.5,0.0,2.75,100
2025-11-09T10:00Z,18.6,17.9,0.0,3.9,34
2025-11-09T11:00Z,18.7,15.4,0.0,4.98,10
2025-11-09T12:00Z,17.7,9.8,0.0,5.49,14
2025-11-09T13:00Z,16.7,6.5,3.0,5.74,4
2025-11-09T14:00Z,17.0,4.6,109.0,5.1,6
2025-11-09T15:00Z,18.2,3.7,300.0,5.28,1
2025-11-09T16:00Z,19.4,3.4,485.0,5.55,5
2025-11-09T17:00Z,20.5,3.1,618.0,5.5,9
2025-11-09T18:00Z,22.1,1.7,694.0,5.16,0
2025-11-09T19:00Z,22.7,1.2,705.0,5.18,20
2025-11-09T20:00Z,22.7,1.3,644.0,5.41,3
2025-11-09T21:00Z,22.3,0.3,522.0,5.41,0
2025-11-09T22:00Z,21.2,0.1,348.0,5.61,0
2025-11-09T23:00Z,19.6,1.2,148.0,4.96,0
2025-11-10T00:00Z,18.2,1.0,10.0,4.64,0
2025-11-10T01:00Z,16.7,1.6,0.0,4.44,0
2025-11-10T02:00Z,15.9,0.3,0.0,4.68,0
2025-11-10T03:00Z,14.8,-1.0,0.0,4.7,0
2025-11-10T04:00Z,13.8,-1.0,0.0,4.2,0
2025-11-10T05:00Z,13.1,-1.4,0.0,4.23,0
2025-11-10T06:00Z,11.7,-1.7,0.0,5.02,0
2025-11-10T07:00Z,10.4,-2.0,0.0,5.25,0
2025-11-10T08:00Z,9.5,-2.2,0.0,4.8,0
2025-11-10T09:00Z,8.8,-2.4,0.0,4.41,0
2025-11-10T10:00Z,8.1,-2.8,0.0,4.07,0
2025-11-10T11:00Z,7.5,-2.8,0.0,3.67,0
2025-11-10T12:00Z,6.3,-2.0,0.0,3.35,0
2025-11-10T13:00Z,5.3,-1.6,3.0,2.8,0
2025-11-10T14:00Z,6.3,-1.8,118.0,2.78,0
2025-11-10T15:00Z,7.8,-2.2,323.0,2.91,0
2025-11-10T16:00Z,9.2,-2.6,509.0,2.92,0
2025-11-10T17:00Z,10.7,-3.7,646.0,2.83,0
2025-11-10T18:00Z,13.2,-6.9,722.0,2.75,0
2025-11-10T19:00Z,14.6,-8.0,729.0,2.9,0
2025-11-10T20:00Z,15.1,-8.1,664.0,3.04,0
2025-11-10T21:00Z,15.2,-7.7,535.0,2.82,0
2025-11-10T22:00Z,15.0,-7.9,355.0,2.43,0
2025-11-10T23:00Z,14.4,-8.2,150.0,2.06,0
2025-11-11T00:00Z,12.9,-4.1,9.0,1.59,0
2025-11-11T01:00Z,12.2,-4.6,0.0,1.82,0
2025-11-11T02:00Z,11.6,-4.3,0.0,1.54,0
2025-11-11T03:00Z,11.0,-3.8,0.0,1.36,0
2025-11-11T04:00Z,9.9,-2.0,0.0,1.03,0
2025-11-11T05:00Z,9.5,-0.1,0.0,0.25,0
2025-11-11T06:00Z,8.0,0.9,0.0,0.11,0
2025-11-11T07:00Z,6.5,0.4,0.0,0.55,0
2025-11-11T08:00Z,6.0,0.3,0.0,0.86,0
2025-11-11T09:00Z,5.7,1.0,0.0,0.35,0
2025-11-11T10:00Z,5.7,1.4,0.0,0.65,0
2025-11-11T11:00Z,5.5,2.0,0.0,1.1,0
2025-11-11T12:00Z,4.8,1.9,0.0,1.07,0
2025-11-11T13:00Z,4.6,2.1,2.0,1.54,1
2025-11-11T14:00Z,7.3,3.7,111.0,1.58,2
2025-11-11T15:00Z,11.0,5.3,306.0,0.78,4
2025-11-11T16:00Z,14.1,6.4,480.0,1.12,8
2025-11-11T17:00Z,16.6,7.2,603.0,2.03,2
2025-11-11T18:00Z,19.4,5.6,685.0,2.87,1
2025-11-11T19:00Z,21.0,3.7,696.0,3.37,0
2025-11-11T20:00Z,21.6,5.1,635.0,3.81,0
2025-11-11T21:00Z,21.6,7.5,510.0,4.3,0
2025-11-11T22:00Z,20.8,8.2,334.0,4.9,2
2025-11-11T23:00Z,19.5,9.0,139.0,4.15,0
2025-11-12T00:00Z,18.1,10.1,8.0,3.95,2
2025-11-12T01:00Z,17.3,10.4,0.0,3.2,1
2025-11-12T02:00Z,16.9,10.4,0.0,3.4,0
2025-11-12T03:00Z,16.8,10.5,0.0,3.22,1
2025-11-12T04:00Z,16.7,10.7,0.0,3.39,1
2025-11-12T05:00Z,16.5,11.1,0.0,2.91,8
2025-11-12T06:00Z,15.1,10.7,0.0,2.74,1
2025-11-12T07:00Z,14.8,11.0,0.0,2.47,1
2025-11-12T08:00Z,14.8,11.7,0.0,2.07,0
2025-11-12T09:00Z,14.8,12.3,0.0,1.97,17
2025-11-12T10:00Z,15.1,12.8,0.0,2.11,2
2025-11-12T11:00Z,15.1,12.8,0.0,1.95,3
2025-11-12T12:00Z,14.0,11.8,0.0,1.39,2
2025-11-12T13:00Z,13.4,11.3,2.0,0.92,2
2025-11-12T14:00Z,15.9,12.8,102.0,1.52,0
2025-11-12T15:00Z,18.8,14.4,291.0,0.53,0
2025-11-12T16:00Z,21.2,15.6,466.0,0.72,1
2025-11-12T17:00Z,23.5,16.5,597.0,1.06,1
2025-11-12T18:00Z,26.1,15.0,669.0,2.6,28
2025-11-12T19:00Z,27.4,13.9,635.0,2.87,52
2025-11-12T20:00Z,26.5,14.2,432.0,3.96,58
2025-11-12T21:00Z,26.3,14.3,341.0,3.47,100
2025-11-12T22:00Z,25.8,13.9,228.0,3.3,78
2025-11-12T23:00Z,24.4,14.6,87.0,3.13,14
2025-11-13T00:00Z,22.7,16.2,7.0,2.8,7
2025-11-13T01:00Z,21.5,16.4,0.0,2.8,1
2025-11-13T02:00Z,20.6,16.5,0.0,2.53,0
2025-11-13T03:00Z,20.1,16.4,0.0,2.47,0
2025-11-13T04:00Z,19.6,16.4,0.0,2.01,0
2025-11-13T05:00Z,19.0,16.5,0.0,1.59,0
2025-11-13T06:00Z,17.5,16.0,0.0,1.59,0
2025-11-13T07:00Z,16.9,15.7,0.0,1.19,0
2025-11-13T08:00Z,16.7,15.6,0.0,1.22,0
2025-11-13T09:00Z,16.4,15.4,0.0,0.93,4
2025-11-13T10:00Z,16.7,15.6,0.0,1.39,1
2025-11-13T11:00Z,16.3,15.3,0.0,1.16,2
2025-11-13T12:00Z,17.1,15.7,0.0,1.72,9
2025-11-13T13:00Z,17.0,15.6,2.0,1.7,0
2025-11-13T14:00Z,18.6,16.5,97.0,1.91,0
2025-11-13T15:00Z,21.3,17.5,282.0,1.34,0
2025-11-13T16:00Z,23.9,18.0,458.0,1.95,2
2025-11-13T17:00Z,25.5,16.9,585.0,3.31,44
2025-11-13T18:00Z,26.6,16.3,543.0,2.88,16
2025-11-13T19:00Z,27.4,15.6,608.0,3.06,27
2025-11-13T20:00Z,27.4,15.1,541.0,3.38,37
2025-11-13T21:00Z,27.0,14.8,422.0,3.83,59
2025-11-13T22:00Z,25.8,14.6,261.0,4.03,46
2025-11-13T23:00Z,24.5,14.2,110.0,3.55,0
2025-11-14T00:00Z,22.6,16.7,7.0,3.54,0
2025-11-14T01:00Z,21.7,17.5,0.0,3.18,2
2025-11-14T02:00Z,21.1,17.7,0.0,2.82,1
2025-11-14T03:00Z,20.4,17.7,0.0,2.53,0
2025-11-14T04:00Z,19.8,17.6,0.0,2.32,0
2025-11-14T05:00Z,19.3,17.4,0.0,2.42,0
2025-11-14T06:00Z,18.5,16.8,0.0,2.62,0
2025-11-14T07:00Z,18.4,16.6,0.0,2.36,0
2025-11-14T08:00Z,18.2,16.5,0.0,2.12,0
2025-11-14T09:00Z,18.0,16.4,0.0,1.87,0
2025-11-14T10:00Z,17.8,16.3,0.0,1.9,0
2025-11-14T11:00Z,17.6,16.2,0.0,1.9,0
2025-11-14T12:00Z,17.1,15.8,0.0,1.69,0
2025-11-14T13:00Z,16.9,15.7,1.0,2.02,0
2025-11-14T14:00Z,18.4,16.2,97.0,2.05,0
2025-11-14T15:00Z,21.1,17.2,285.0,1.54,0
2025-11-14T16:00Z,23.7,18.4,459.0,2.23,0
2025-11-14T17:00Z,25.6,17.2,588.0,3.54,38
2025-11-14T18:00Z,27.1,15.6,575.0,2.96,22
2025-11-14T19:00Z,27.9,14.9,617.0,2.91,37
2025-11-14T20:00Z,28.1,14.3,532.0,3.03,46
2025-11-14T21:00Z,27.8,14.0,409.0,3.29,82
2025-11-14T22:00Z,26.9,14.2,191.0,3.45,73
2025-11-14T23:00Z,25.2,15.3,80.0,4.18,0
2025-11-15T00:00Z,23.5,16.3,7.0,4.03,0
2025-11-15T01:00Z,22.3,16.7,0.0,3.87,0
2025-11-15T02:00Z,21.4,17.0,0.0,3.18,0
2025-11-15T03:00Z,20.6,17.5,0.0,2.77,0
2025-11-15T04:00Z,20.0,17.7,0.0,2.5,2
2025-11-15T05:00Z,19.6,17.7,0.0,2.36,6
2025-11-15T06:00Z,18.8,17.4,0.0,2.76,0
2025-11-15T07:00Z,18.4,17.0,0.0,2.52,0
2025-11-15T08:00Z,18.1,16.4,0.0,2.26,0
2025-11-15T09:00Z,17.7,16.1,0.0,1.88,0
2025-11-15T10:00Z,17.5,15.9,0.0,1.69,0
2025-11-15T11:00Z,17.3,15.7,0.0,1.59,0
2025-11-15T12:00Z,16.7,14.6,0.0,1.71,0
2025-11-15T13:00Z,16.1,14.3,1.0,1.75,0
2025-11-15T14:00Z,17.6,14.9,95.0,2.01,0
2025-11-15T15:00Z,20.3,15.7,282.0,1.26,0
2025-11-15T16:00Z,22.9,16.0,456.0,1.45,0
2025-11-15T17:00Z,24.9,16.4,587.0,2.16,0
2025-11-15T18:00Z,26.8,15.9,660.0,2.49,0
2025-11-15T19:00Z,27.8,15.6,666.0,2.35,2
2025-11-15T20:00Z,28.1,15.6,605.0,2.26,5
2025-11-15T21:00Z,28.1,15.4,481.0,2.21,15
2025-11-15T22:00Z,27.8,15.0,310.0,2.4,19
2025-11-15T23:00Z,26.7,15.5,122.0,2.11,27
2025-11-16T00:00Z,24.8,16.7,6.0,3.26,20
2025-11-16T01:00Z,23.1,17.3,0.0,3.95,0
2025-11-16T02:00Z,21.9,17.2,0.0,3.78,9
2025-11-16T03:00Z,21.3,17.3,0.0,3.4,78
2025-11-16T04:00Z,20.8,17.4,0.0,3.24,77
2025-11-16T05:00Z,20.4,17.3,0.0,3.29,6
2025-11-16T06:00Z,19.6,17.3,0.0,2.99,0
2025-11-16T07:00Z,19.2,17.3,0.0,2.5,0
2025-11-16T08:00Z,19.1,17.5,0.0,2.34,0
2025-11-16T09:00Z,19.0,17.6,0.0,2.29,0
2025-11-16T10:00Z,19.0,17.7,0.0,1.97,1
2025-11-16T11:00Z,18.9,17.8,0.0,1.48,10
2025-11-16T12:00Z,19.0,17.6,0.0,1.74,0
2025-11-16T13:00Z,18.8,17.6,1.0,1.9,0
2025-11-16T14:00Z,20.2,18.2,88.0,1.94,0
2025-11-16T15:00Z,22.5,18.9,268.0,1.41,0
2025-11-16T16:00Z,24.6,19.6,439.0,1.95,0
2025-11-16T17:00Z,26.6,18.9,554.0,3.5,55
2025-11-16T18:00Z,27.8,18.8,509.0,2.43,44
2025-11-16T19:00Z,28.7,18.1,557.0,2.02,41
2025-11-16T20:00Z,29.1,17.6,504.0,1.9,39
2025-11-16T21:00Z,29.4,17.0,422.0,2.08,91
2025-11-16T22:00Z,28.9,17.2,225.0,2.28,100
2025-11-16T23:00Z,28.0,18.2,67.0,2.34,91
2025-11-17T00:00Z,26.5,19.9,3.0,3.42,8
2025-11-17T01:00Z,25.1,20.2,0.0,3.5,3
2025-11-17T02:00Z,23.9,20.2,0.0,3.37,0
2025-11-17T03:00Z,23.0,20.3,0.0,3.13,0
2025-11-17T04:00Z,22.4,20.6,0.0,3.14,0
2025-11-17T05:00Z,22.1,20.7,0.0,3.0,20
2025-11-17T06:00Z,21.4,20.9,0.0,2.66,30
2025-11-17T07:00Z,21.1,20.7,0.0,2.55,100
2025-11-17T08:00Z,21.0,20.6,0.0,2.45,99
2025-11-17T09:00Z,20.8,20.5,0.0,2.35,32
2025-11-17T10:00Z,20.5,20.2,0.0,2.26,99
2025-11-17T11:00Z,20.4,20.0,0.0,2.1,100
2025-11-17T12:00Z,20.8,20.3,0.0,2.15,100
2025-11-17T13:00Z,21.0,20.5,1.0,2.11,100
2025-11-17T14:00Z,22.2,20.9,41.0,2.73,100
2025-11-17T15:00Z,23.5,21.4,116.0,2.69,100
2025-11-17T16:00Z,25.2,21.0,295.0,3.42,100
2025-11-17T17:00Z,26.8,20.2,458.0,4.45,100
2025-11-17T18:00Z,27.5,19.4,427.0,3.75,100
2025-11-17T19:00Z,27.5,19.2,394.0,3.87,99
2025-11-17T20:00Z,27.5,19.5,422.0,4.77,72
2025-11-17T21:00Z,27.1,19.7,310.0,4.52,29
2025-11-17T22:00Z,26.8,19.5,233.0,4.67,100
2025-11-17T23:00Z,25.6,19.6,48.0,3.99,61
2025-11-18T00:00Z,24.3,20.3,4.0,3.91,27
2025-11-18T01:00Z,23.7,20.2,0.0,3.61,41
2025-11-18T02:00Z,23.3,20.1,0.0,3.26,15
2025-11-18T03:00Z,22.9,20.1,0.0,3.12,2
2025-11-18T04:00Z,22.4,20.0,0.0,2.86,32
2025-11-18T05:00Z,22.1,19.9,0.0,2.58,60
2025-11-18T06:00Z,21.5,20.2,0.0,2.44,36
2025-11-18T07:00Z,21.3,20.1,0.0,2.15,6
2025-11-18T08:00Z,21.1,19.9,0.0,2.32,8
2025-11-18T09:00Z,21.0,19.7,0.0,2.27,16
2025-11-18T10:00Z,20.8,19.4,0.0,2.11,15
2025-11-18T11:00Z,20.6,19.1,0.0,1.87,15
2025-11-18T12:00Z,20.3,18.9,0.0,1.85,8
2025-11-18T13:00Z,19.9,18.7,1.0,1.53,6
2025-11-18T14:00Z,21.0,19.2,83.0,1.44,10
2025-11-18T15:00Z,23.1,19.8,258.0,1.04,16
2025-11-18T16:00Z,25.2,20.2,421.0,1.74,2
2025-11-18T17:00Z,26.8,19.8,557.0,2.45,22
2025-11-18T18:00Z,28.0,19.1,597.0,2.45,64
2025-11-18T19:00Z,29.0,18.7,574.0,1.97,55
2025-11-18T20:00Z,29.5,18.0,494.0,2.02,91
2025-11-18T21:00Z,29.3,17.5,397.0,2.64,77
2025-11-18T22:00Z,27.9,18.9,243.0,3.32,41
2025-11-18T23:00Z,26.1,20.5,93.0,3.75,21
2025-11-19T00:00Z,24.6,20.9,5.0,2.98,8
2025-11-19T01:00Z,23.8,21.1,0.0,2.8,2
2025-11-19T02:00Z,23.0,21.3,0.0,2.66,0
2025-11-19T03:00Z,22.4,21.3,0.0,2.33,0
2025-11-19T04:00Z,22.0,21.2,0.0,1.95,0
2025-11-19T05:00Z,21.6,21.0,0.0,1.95,0
2025-11-19T06:00Z,21.8,21.5,0.0,1.84,75
2025-11-19T07:00Z,21.6,21.3,0.0,1.81,79
2025-11-19T08:00Z,21.4,21.2,0.0,1.52,99
2025-11-19T09:00Z,21.3,21.2,0.0,1.44,100
2025-11-19T10:00Z,21.5,21.4,0.0,1.59,100
2025-11-19T11:00Z,21.7,21.7,0.0,1.61,100
2025-11-19T12:00Z,22.0,21.9,0.0,1.58,100
2025-11-19T13:00Z,21.9,21.9,0.0,1.59,100
2025-11-19T14:00Z,22.2,21.8,27.0,1.3,100
2025-11-19T15:00Z,23.3,22.6,110.0,1.5,100
2025-11-19T16:00Z,25.3,22.4,232.0,2.23,99
2025-11-19T17:00Z,26.7,21.5,354.0,2.98,95
2025-11-19T18:00Z,28.0,21.8,555.0,2.86,63
2025-11-19T19:00Z,28.4,21.2,487.0,3.07,94
2025-11-19T20:00Z,28.6,20.8,535.0,3.12,71
2025-11-19T21:00Z,28.1,20.5,426.0,3.67,73
2025-11-19T22:00Z,27.1,20.5,236.0,4.22,98
2025-11-19T23:00Z,25.9,21.1,98.0,3.87,85
2025-11-20T00:00Z,24.6,22.5,4.0,3.37,88
2025-11-20T01:00Z,23.9,22.4,0.0,3.15,57
2025-11-20T02:00Z,23.5,22.3,0.0,2.89,14
2025-11-20T03:00Z,23.1,22.2,0.0,2.7,32
2025-11-20T04:00Z,22.8,21.9,0.0,2.57,13
2025-11-20T05:00Z,22.5,21.5,0.0,2.84,46
2025-11-20T06:00Z,22.3,21.5,0.0,2.6,98
2025-11-20T07:00Z,22.1,21.3,0.0,2.96,100
2025-11-20T08:00Z,22.0,21.3,0.0,2.49,100
2025-11-20T09:00Z,21.7,21.1,0.0,1.61,100
2025-11-20T10:00Z,21.4,20.9,0.0,1.7,100
2025-11-20T11:00Z,21.2,20.8,0.0,2.33,100
2025-11-20T12:00Z,21.1,20.5,0.0,2.15,100
2025-11-20T13:00Z,20.9,20.2,0.0,2.25,77
2025-11-20T14:00Z,21.9,20.8,74.0,2.17,92
2025-11-20T15:00Z,23.7,21.6,164.0,2.75,69
2025-11-20T16:00Z,24.8,21.5,302.0,2.98,100
2025-11-20T17:00Z,24.9,21.9,172.0,2.91,59
2025-11-20T18:00Z,26.3,21.5,527.0,2.26,49
2025-11-20T19:00Z,27.5,20.6,552.0,3.2,98
2025-11-20T20:00Z,28.4,17.7,449.0,3.87,27
2025-11-20T21:00Z,27.2,18.8,437.0,5.08,52
2025-11-20T22:00Z,25.8,20.1,240.0,4.49,45
2025-11-20T23:00Z,24.4,20.9,103.0,4.02,70
2025-11-21T00:00Z,23.8,21.9,4.0,3.07,33
2025-11-21T01:00Z,23.1,21.4,0.0,3.98,67
2025-11-21T02:00Z,22.8,21.0,0.0,2.94,34
2025-11-21T03:00Z,22.6,21.0,0.0,2.78,32
2025-11-21T04:00Z,22.4,21.1,0.0,3.11,32
2025-11-21T05:00Z,22.2,21.0,0.0,3.19,26
2025-11-21T06:00Z,21.9,21.3,0.0,2.51,22
2025-11-21T07:00Z,21.8,21.2,0.0,2.42,30
2025-11-21T08:00Z,21.6,21.1,0.0,1.91,27
2025-11-21T09:00Z,21.4,21.0,0.0,2.02,25
2025-11-21T10:00Z,21.2,20.9,0.0,1.43,61
2025-11-21T11:00Z,21.2,20.9,0.0,1.48,30
2025-11-21T12:00Z,21.5,21.4,0.0,1.05,87
2025-11-21T13:00Z,21.4,21.2,0.0,2.28,84
2025-11-21T14:00Z,22.2,21.3,49.0,2.51,41
2025-11-21T15:00Z,23.7,21.3,193.0,1.99,46
2025-11-21T16:00Z,25.5,21.3,324.0,2.64,57
2025-11-21T17:00Z,27.1,21.2,411.0,3.73,100
2025-11-21T18:00Z,28.8,20.7,223.0,3.09,36
2025-11-21T19:00Z,29.2,20.3,509.0,3.0,42
2025-11-21T20:00Z,29.7,20.2,477.0,3.22,49
2025-11-21T21:00Z,29.1,19.1,361.0,2.82,1
2025-11-21T22:00Z,29.0,19.1,284.0,2.35,29
2025-11-21T23:00Z,27.7,19.8,102.0,1.8,60
2025-11-22T00:00Z,24.3,20.7,4.0,3.92,65
2025-11-22T01:00Z,23.5,20.3,0.0,0.18,9
2025-11-22T02:00Z,23.1,20.9,0.0,0.92,15
2025-11-22T03:00Z,23.3,20.9,0.0,1.55,38
2025-11-22T04:00Z,22.5,20.5,0.0,1.52,70
2025-11-22T05:00Z,22.6,20.8,0.0,1.73,21
2025-11-22T06:00Z,22.0,21.7,0.0,1.41,45
2025-11-22T07:00Z,21.7,21.3,0.0,2.12,42
2025-11-22T08:00Z,21.7,21.3,0.0,1.54,38
2025-11-22T09:00Z,21.4,21.2,0.0,1.39,27
2025-11-22T10:00Z,21.2,21.1,0.0,1.17,17
2025-11-22T11:00Z,20.9,20.9,0.0,0.71,65
2025-11-22T12:00Z,21.0,20.7,0.0,2.69,100
2025-11-22T13:00Z,20.4,20.1,0.0,1.72,65
2025-11-22T14:00Z,21.0,20.2,52.0,1.35,70
2025-11-22T15:00Z,22.0,20.3,138.0,1.35,23
2025-11-22T16:00Z,23.9,20.7,392.0,2.53,100
2025-11-22T17:00Z,24.4,20.7,356.0,2.76,100
2025-11-22T18:00Z,22.6,20.8,343.0,2.94,100
2025-11-22T19:00Z,22.8,20.3,195.0,2.53,7
2025-11-22T20:00Z,25.0,18.5,550.0,2.07,6
2025-11-22T21:00Z,25.7,16.7,445.0,2.11,1
2025-11-22T22:00Z,25.4,15.7,291.0,2.09,10
2025-11-22T23:00Z,23.9,17.7,112.0,0.96,11
2025-11-23T00:00Z,23.2,16.8,5.0,1.37,0
2025-11-23T01:00Z,21.6,16.5,0.0,1.5,1
2025-11-23T02:00Z,20.5,15.6,0.0,1.66,0
2025-11-23T03:00Z,19.5,14.5,0.0,2.25,0
2025-11-23T04:00Z,18.5,13.1,0.0,2.65,0
2025-11-23T05:00Z,17.6,12.3,0.0,2.92,0
2025-11-23T06:00Z,16.4,12.3,0.0,2.75,0
2025-11-23T07:00Z,15.8,12.4,0.0,2.58,13
2025-11-23T08:00Z,15.3,12.5,0.0,2.58,0
2025-11-23T09:00Z,14.8,12.4,0.0,2.47,5
2025-11-23T10:00Z,14.4,12.2,0.0,2.5,13
2025-11-23T11:00Z,13.9,11.9,0.0,2.44,1
2025-11-23T12:00Z,13.8,11.7,0.0,2.89,0
2025-11-23T13:00Z,13.5,11.3,0.0,2.83,52
2025-11-23T14:00Z,14.1,11.3,73.0,2.36,16
2025-11-23T15:00Z,15.7,11.9,249.0,1.98,100
2025-11-23T16:00Z,17.6,12.5,389.0,1.9,100
2025-11-23T17:00Z,19.1,12.7,419.0,1.83,100
2025-11-23T18:00Z,20.5,13.3,424.0,1.82,100
2025-11-23T19:00Z,21.4,13.4,404.0,1.58,100
2025-11-23T20:00Z,22.4,13.9,444.0,1.65,99
2025-11-23T21:00Z,22.1,13.9,232.0,1.91,100
2025-11-23T22:00Z,21.3,14.3,94.0,1.6,100
2025-11-23T23:00Z,20.5,14.9,36.0,1.46,100
2025-11-24T00:00Z,20.2,15.5,2.0,1.86,80
2025-11-24T01:00Z,19.6,15.9,0.0,1.45,100
2025-11-24T02:00Z,19.6,16.0,0.0,2.1,100
2025-11-24T03:00Z,19.6,15.9,0.0,2.06,100
2025-11-24T04:00Z,19.4,15.8,0.0,2.1,100
2025-11-24T05:00Z,19.5,15.9,0.0,2.45,100
2025-11-24T06:00Z,19.4,16.7,0.0,2.3,100
2025-11-24T07:00Z,19.7,17.2,0.0,2.25,100
2025-11-24T08:00Z,20.2,18.1,0.0,2.39,100
2025-11-24T09:00Z,20.9,19.4,0.0,2.6,100
2025-11-24T10:00Z,21.2,20.2,0.0,2.64,100
2025-11-24T11:00Z,21.3,20.6,0.0,2.77,100
2025-11-24T12:00Z,21.7,21.0,0.0,3.41,100
2025-11-24T13:00Z,21.9,21.2,0.0,3.05,73
2025-11-24T14:00Z,22.7,21.7,56.0,2.87,79
2025-11-24T15:00Z,24.1,21.4,194.0,3.3,41
2025-11-24T16:00Z,25.7,21.3,385.0,3.55,54
2025-11-24T17:00Z,24.8,20.2,443.0,4.89,58
2025-11-24T18:00Z,26.0,20.9,438.0,3.85,48
2025-11-24T19:00Z,27.3,21.2,499.0,4.34,81
2025-11-24T20:00Z,27.2,19.7,392.0,6.06,94
2025-11-24T21:00Z,26.3,19.9,263.0,5.15,30
2025-11-24T22:00Z,24.9,20.2,212.0,2.08,60
2025-11-24T23:00Z,24.0,19.9,73.0,1.81,66
2025-11-25T00:00Z,23.2,22.0,3.0,3.98,99
2025-11-25T01:00Z,21.7,21.0,0.0,3.94,99
2025-11-25T02:00Z,20.2,19.9,0.0,2.34,100
2025-11-25T03:00Z,20.1,18.9,0.0,3.8,97
2025-11-25T04:00Z,19.4,18.4,0.0,3.6,93
2025-11-25T05:00Z,18.6,17.4,0.0,3.4,88
2025-11-25T06:00Z,20.4,19.8,0.0,2.72,25
2025-11-25T07:00Z,20.6,19.4,0.0,2.06,29
2025-11-25T08:00Z,20.5,19.5,0.0,2.3,13
2025-11-25T09:00Z,20.1,19.3,0.0,1.9,57
2025-11-25T10:00Z,20.2,19.5,0.0,1.7,100
2025-11-25T11:00Z,20.4,19.8,0.0,1.47,98
2025-11-25T12:00Z,20.1,20.0,0.0,2.26,100
2025-11-25T13:00Z,19.5,18.8,0.0,1.56,39
2025-11-25T14:00Z,19.2,18.6,57.0,0.71,30
2025-11-25T15:00Z,20.3,18.9,223.0,0.85,25
2025-11-25T16:00Z,21.5,19.1,397.0,1.47,5
2025-11-25T17:00Z,23.2,18.1,553.0,1.71,2
2025-11-25T18:00Z,25.7,14.9,630.0,1.68,1
2025-11-25T19:00Z,26.3,14.1,645.0,1.7,1
2025-11-25T20:00Z,26.3,13.9,586.0,2.06,0
2025-11-25T21:00Z,26.3,14.2,469.0,1.96,9
2025-11-25T22:00Z,25.8,15.8,296.0,1.1,5
2025-11-25T23:00Z,24.3,17.3,116.0,0.57,1
2025-11-26T00:00Z,22.5,15.0,4.0,2.15,0
2025-11-26T01:00Z,21.2,13.3,0.0,2.78,0
2025-11-26T02:00Z,19.9,13.4,0.0,2.67,0
2025-11-26T03:00Z,19.2,13.7,0.0,2.85,1
2025-11-26T04:00Z,18.7,13.8,0.0,3.0,2
2025-11-26T05:00Z,18.1,14.0,0.0,2.8,0
2025-11-26T06:00Z,17.3,14.2,0.0,3.08,89
2025-11-26T07:00Z,16.7,13.6,0.0,2.91,98
2025-11-26T08:00Z,16.0,12.9,0.0,4.01,98
2025-11-26T09:00Z,15.5,12.5,0.0,4.15,80
2025-11-26T10:00Z,15.1,11.9,0.0,3.96,99
2025-11-26T11:00Z,14.8,11.3,0.0,4.06,91
2025-11-26T12:00Z,14.4,11.5,0.0,4.0,85
2025-11-26T13:00Z,14.0,11.1,0.0,4.26,100
2025-11-26T14:00Z,14.2,11.4,60.0,4.05,0
2025-11-26T15:00Z,15.0,11.5,247.0,4.14,0
2025-11-26T16:00Z,16.2,11.4,421.0,3.76,0
2025-11-26T17:00Z,17.5,11.1,555.0,3.76,0
2025-11-26T18:00Z,18.9,10.3,631.0,3.32,0
2025-11-26T19:00Z,19.4,9.8,642.0,3.15,48
2025-11-26T20:00Z,19.8,9.6,585.0,3.09,57
2025-11-26T21:00Z,19.8,9.0,462.0,3.29,96
2025-11-26T22:00Z,19.3,8.9,293.0,2.94,97
2025-11-26T23:00Z,17.8,9.0,103.0,2.09,84
2025-11-27T00:00Z,16.4,8.2,4.0,2.32,0
2025-11-27T01:00Z,15.3,7.8,0.0,2.31,0
2025-11-27T02:00Z,14.5,6.8,0.0,2.51,0
2025-11-27T03:00Z,13.9,6.0,0.0,2.98,0
2025-11-27T04:00Z,13.2,5.8,0.0,2.84,0
2025-11-27T05:00Z,12.5,6.0,0.0,2.48,0
2025-11-27T06:00Z,11.7,6.3,0.0,2.72,0
2025-11-27T07:00Z,11.1,6.1,0.0,2.62,1
2025-11-27T08:00Z,10.7,5.9,0.0,2.55,5
2025-11-27T09:00Z,10.3,5.7,0.0,2.32,2
2025-11-27T10:00Z,9.9,5.6,0.0,2.51,16
2025-11-27T11:00Z,9.6,5.3,0.0,2.7,36
2025-11-27T12:00Z,9.3,3.9,0.0,3.04,20
2025-11-27T13:00Z,9.0,3.2,0.0,2.53,45
2025-11-27T14:00Z,9.9,3.7,55.0,2.37,95
2025-11-27T15:00Z,10.9,3.5,128.0,2.55,88
2025-11-27T16:00Z,11.9,3.5,231.0,2.65,71
2025-11-27T17:00Z,12.8,3.8,310.0,2.52,72
2025-11-27T18:00Z,15.3,2.7,385.0,2.42,73
2025-11-27T19:00Z,16.0,2.6,486.0,2.27,76
2025-11-27T20:00Z,16.4,2.3,409.0,2.3,75
2025-11-27T21:00Z,16.5,2.4,307.0,2.09,16
2025-11-27T22:00Z,16.5,2.8,287.0,1.77,5
2025-11-27T23:00Z,15.1,7.1,117.0,0.94,0
2025-11-28T00:00Z,13.9,6.0,4.0,1.39,0
2025-11-28T01:00Z,13.0,5.9,0.0,1.43,0
2025-11-28T02:00Z,12.4,5.7,0.0,1.51,0
2025-11-28T03:00Z,11.9,5.6,0.0,1.54,0
2025-11-28T04:00Z,11.3,5.7,0.0,1.41,1
2025-11-28T05:00Z,11.0,5.4,0.0,1.67,0
2025-11-28T06:00Z,9.9,4.8,0.0,2.53,50
2025-11-28T07:00Z,9.2,3.7,0.0,2.57,100
2025-11-28T08:00Z,8.7,3.2,0.0,2.67,99
2025-11-28T09:00Z,8.4,3.0,0.0,2.63,98
2025-11-28T10:00Z,7.9,2.9,0.0,2.53,100
2025-11-28T11:00Z,7.6,2.8,0.0,2.6,98
2025-11-28T12:00Z,7.8,3.3,0.0,3.13,98
2025-11-28T13:00Z,7.5,3.1,0.0,2.94,96
2025-11-28T14:00Z,8.6,3.2,60.0,3.08,82
2025-11-28T15:00Z,10.3,4.4,192.0,2.55,90
2025-11-28T16:00Z,11.9,5.1,224.0,2.3,56
2025-11-28T17:00Z,14.1,6.8,372.0,2.72,16
2025-11-28T18:00Z,16.8,7.5,594.0,4.19,18
2025-11-28T19:00Z,17.8,7.7,632.0,5.06,9
2025-11-28T20:00Z,17.9,7.1,573.0,4.58,24
2025-11-28T21:00Z,17.5,8.6,457.0,4.41,92
2025-11-28T22:00Z,16.7,9.6,229.0,4.19,100
2025-11-28T23:00Z,15.9,10.1,60.0,3.75,100
2025-11-29T00:00Z,15.4,10.3,3.0,3.51,99
2025-11-29T01:00Z,15.0,10.1,0.0,3.32,100
2025-11-29T02:00Z,15.1,10.1,0.0,3.04,100
2025-11-29T03:00Z,15.3,10.3,0.0,3.5,86
2025-11-29T04:00Z,15.4,10.5,0.0,3.81,100
2025-11-29T05:00Z,16.2,10.6,0.0,4.46,100
2025-11-29T06:00Z,16.6,10.6,0.0,4.88,68
2025-11-29T07:00Z,16.4,10.8,0.0,4.49,99
2025-11-29T08:00Z,17.0,11.3,0.0,4.52,100
2025-11-29T09:00Z,17.5,11.5,0.0,4.48,70
2025-11-29T10:00Z,17.3,11.6,0.0,3.0,96
2025-11-29T11:00Z,17.3,12.1,0.0,2.93,100
2025-11-29T12:00Z,17.3,12.6,0.0,2.77,100
2025-11-29T13:00Z,17.2,13.1,0.0,3.05,99
2025-11-29T14:00Z,18.0,13.6,22.0,4.18,99
2025-11-29T15:00Z,19.7,14.3,112.0,4.74,17
2025-11-29T16:00Z,22.1,15.8,392.0,3.32,61
2025-11-29T17:00Z,22.3,15.3,328.0,4.42,93
2025-11-29T18:00Z,23.9,16.0,298.0,5.01,57
2025-11-29T19:00Z,23.7,16.2,486.0,5.04,49
2025-11-29T20:00Z,24.4,16.3,442.0,4.97,42
2025-11-29T21:00Z,22.7,17.2,341.0,4.28,43
2025-11-29T22:00Z,22.6,17.8,230.0,2.6,59
2025-11-29T23:00Z,21.8,17.8,82.0,2.97,67
2025-11-30T00:00Z,19.8,17.7,3.0,2.28,100
2025-11-30T01:00Z,19.7,17.9,0.0,0.81,77
2025-11-30T02:00Z,18.9,18.0,0.0,3.0,80
2025-11-30T03:00Z,18.5,17.4,0.0,2.1,40
2025-11-30T04:00Z,17.7,17.0,0.0,1.41,63
2025-11-30T05:00Z,17.8,16.8,0.0,1.1,100
2025-11-30T06:00Z,18.5,17.9,0.0,3.6,100
2025-11-30T07:00Z,19.1,18.1,0.0,2.45,84
2025-11-30T08:00Z,18.4,17.8,0.0,2.62,100
2025-11-30T09:00Z,18.3,17.7,0.0,0.82,83
2025-11-30T10:00Z,17.1,16.7,0.0,5.1,100
2025-11-30T11:00Z,14.4,13.3,0.0,5.12,100
2025-11-30T12:00Z,13.2,12.4,0.0,5.06,100
2025-11-30T13:00Z,12.6,11.7,0.0,5.53,100
2025-11-30T14:00Z,11.9,10.7,20.0,4.86,100
2025-11-30T15:00Z,11.4,9.8,44.0,3.95,100
2025-11-30T16:00Z,10.7,8.5,45.0,5.04,100
2025-11-30T17:00Z,10.6,7.6,106.0,4.67,100
2025-11-30T18:00Z,10.3,7.2,166.0,4.68,100
2025-11-30T19:00Z,10.8,7.0,216.0,5.06,100
2025-11-30T20:00Z,11.2,6.9,263.0,4.65,100
2025-11-30T21:00Z,11.6,6.3,265.0,3.96,100
2025-11-30T22:00Z,11.5,5.7,138.0,3.8,100
2025-11-30T23:00Z,11.3,5.5,37.0,3.69,100
2025-12-01T00:00Z,10.1,5.6,1.0,3.85,100
2025-12-01T01:00Z,9.8,5.4,0.0,3.39,100
2025-12-01T02:00Z,9.4,5.3,0.0,3.54,100
2025-12-01T03:00Z,9.3,5.4,0.0,3.24,100
2025-12-01T04:00Z,9.2,5.5,0.0,2.86,100
2025-12-01T05:00Z,9.0,5.7,0.0,2.67,100
2025-12-01T06:00Z,8.5,5.8,0.0,2.71,100
2025-12-01T07:00Z,8.4,5.8,0.0,2.49,100
2025-12-01T08:00Z,8.3,5.8,0.0,2.83,100
2025-12-01T09:00Z,8.2,5.8,0.0,2.93,100
2025-12-01T10:00Z,8.1,5.8,0.0,2.88,100
2025-12-01T11:00Z,8.1,5.8,0.0,2.49,100
2025-12-01T12:00Z,7.2,6.0,0.0,2.41,100
2025-12-01T13:00Z,7.4,6.7,0.0,1.8,100
2025-12-01T14:00Z,7.6,7.0,7.0,2.06,100
2025-12-01T15:00Z,8.0,7.4,28.0,2.2,100
2025-12-01T16:00Z,8.3,7.5,50.0,2.87,100
2025-12-01T17:00Z,9.2,7.6,100.0,2.33,100
2025-12-01T18:00Z,7.8,6.6,161.0,2.88,100
2025-12-01T19:00Z,8.1,7.0,53.0,3.15,100
2025-12-01T20:00Z,9.4,7.6,195.0,3.17,100
2025-12-01T21:00Z,9.5,7.7,118.0,3.34,100
2025-12-01T22:00Z,9.4,7.6,75.0,3.07,100
2025-12-01T23:00Z,9.2,7.5,17.0,1.96,100
2025-12-02T00:00Z,8.3,7.0,1.0,3.68,100
2025-12-02T01:00Z,8.2,7.2,0.0,3.7,100
2025-12-02T02:00Z,7.7,6.7,0.0,3.58,100
2025-12-02T03:00Z,7.5,6.0,0.0,4.18,100
2025-12-02T04:00Z,7.2,5.9,0.0,3.82,100
2025-12-02T05:00Z,7.1,5.8,0.0,3.81,100
2025-12-02T06:00Z,6.4,5.0,0.0,4.41,98
2025-12-02T07:00Z,5.8,3.8,0.0,5.36,100
2025-12-02T08:00Z,5.4,3.0,0.0,4.63,100
2025-12-02T09:00Z,5.0,2.1,0.0,4.83,97
2025-12-02T10:00Z,4.5,1.5,0.0,4.5,44
2025-12-02T11:00Z,3.9,0.9,0.0,4.22,37
2025-12-02T12:00Z,3.8,0.6,0.0,4.33,99
2025-12-02T13:00Z,3.5,0.7,0.0,3.56,100
2025-12-02T14:00Z,3.9,0.9,33.0,3.55,57
2025-12-02T15:00Z,5.0,1.0,199.0,3.41,41
2025-12-02T16:00Z,6.4,1.7,405.0,2.85,18
2025-12-02T17:00Z,7.8,2.4,540.0,2.5,13
2025-12-02T18:00Z,9.3,2.8,629.0,2.27,20
2025-12-02T19:00Z,10.4,3.4,641.0,1.87,67
2025-12-02T20:00Z,11.1,3.8,581.0,1.64,3
2025-12-02T21:00Z,11.5,4.0,468.0,1.41,96
2025-12-02T22:00Z,11.4,4.0,302.0,1.2,81
2025-12-02T23:00Z,10.5,5.9,114.0,0.6,100
2025-12-03T00:00Z,9.5,5.4,4.0,0.74,5
2025-12-03T01:00Z,9.1,4.5,0.0,1.79,5
2025-12-03T02:00Z,8.4,4.0,0.0,1.7,0
2025-12-03T03:00Z,7.7,4.2,0.0,1.32,0
2025-12-03T04:00Z,7.6,4.0,0.0,1.8,0
2025-12-03T05:00Z,7.3,4.5,0.0,2.1,1
2025-12-03T06:00Z,6.4,4.3,0.0,1.7,5
2025-12-03T07:00Z,5.7,4.0,0.0,1.61,21
2025-12-03T08:00Z,5.4,3.9,0.0,1.71,23
2025-12-03T09:00Z,5.3,3.9,0.0,1.88,44
2025-12-03T10:00Z,5.2,3.9,0.0,1.96,30
2025-12-03T11:00Z,5.1,4.0,0.0,2.13,85
2025-12-03T12:00Z,5.4,4.3,0.0,2.92,100
2025-12-03T13:00Z,5.9,4.9,0.0,2.98,100
2025-12-03T14:00Z,7.8,6.1,17.0,2.9,100
2025-12-03T15:00Z,9.8,7.4,84.0,2.25,100
2025-12-03T16:00Z,11.9,9.2,135.0,2.2,100
2025-12-03T17:00Z,14.0,10.8,240.0,1.92,100
2025-12-03T18:00Z,13.3,10.7,238.0,2.32,100
2025-12-03T19:00Z,14.1,11.5,212.0,2.44,94
2025-12-03T20:00Z,15.8,12.5,329.0,3.2,100
2025-12-03T21:00Z,15.4,12.6,177.0,2.8,100
2025-12-03T22:00Z,15.3,12.7,95.0,3.17,100
2025-12-03T23:00Z,15.5,13.3,49.0,3.54,100
2025-12-04T00:00Z,13.7,12.2,3.0,3.61,100
2025-12-04T01:00Z,13.7,12.1,0.0,3.62,100
2025-12-04T02:00Z,13.6,12.1,0.0,3.42,100
2025-12-04T03:00Z,13.6,12.8,0.0,2.9,100
2025-12-04T04:00Z,13.0,12.5,0.0,2.79,100
2025-12-04T05:00Z,13.9,13.5,0.0,2.56,100
2025-12-04T06:00Z,13.1,12.8,0.0,2.98,100
2025-12-04T07:00Z,13.4,13.0,0.0,3.33,100
2025-12-04T08:00Z,13.2,12.8,0.0,2.99,100
2025-12-04T09:00Z,12.6,12.3,0.0,3.46,100
2025-12-04T10:00Z,12.2,11.7,0.0,3.88,100
2025-12-04T11:00Z,11.8,11.2,0.0,3.74,100
2025-12-04T12:00Z,11.2,10.7,0.0,3.34,100
2025-12-04T13:00Z,10.9,10.3,0.0,1.95,100
2025-12-04T14:00Z,10.9,10.1,8.0,2.45,100
2025-12-04T15:00Z,10.7,9.8,19.0,2.86,100
2025-12-04T16:00Z,10.7,9.7,48.0,3.64,100
2025-12-04T17:00Z,11.3,9.8,123.0,4.05,100
2025-12-04T18:00Z,9.6,8.6,89.0,3.24,100
2025-12-04T19:00Z,10.2,8.5,140.0,3.78,100
2025-12-04T20:00Z,9.6,8.1,78.0,3.79,100
2025-12-04T21:00Z,9.5,7.8,56.0,4.21,100
2025-12-04T22:00Z,9.8,7.8,53.0,4.3,100
2025-12-04T23:00Z,9.7,7.5,50.0,4.06,100
2025-12-05T00:00Z,9.1,6.7,1.0,4.03,100
2025-12-05T01:00Z,8.8,6.6,0.0,4.14,100
2025-12-05T02:00Z,8.6,6.3,0.0,4.3,100
2025-12-05T03:00Z,8.2,5.9,0.0,4.55,100
2025-12-05T04:00Z,8.0,5.5,0.0,3.76,100
2025-12-05T05:00Z,7.9,5.3,0.0,3.44,100
2025-12-05T06:00Z,7.7,5.6,0.0,2.95,100
2025-12-05T07:00Z,7.5,5.3,0.0,2.85,100
2025-12-05T08:00Z,7.3,5.0,0.0,3.01,100
2025-12-05T09:00Z,7.3,4.9,0.0,3.01,100
2025-12-05T10:00Z,7.2,4.7,0.0,2.52,100
2025-12-05T11:00Z,7.0,4.5,0.0,2.17,100
2025-12-05T12:00Z,6.7,4.5,0.0,2.97,100
2025-12-05T13:00Z,6.5,4.3,0.0,2.4,100
2025-12-05T14:00Z,6.6,4.3,10.0,2.77,100
2025-12-05T15:00Z,7.2,4.4,75.0,2.5,100
2025-12-05T16:00Z,8.5,5.0,259.0,1.79,100
2025-12-05T17:00Z,9.7,5.7,378.0,1.11,100
2025-12-05T18:00Z,10.3,5.6,246.0,1.27,100
2025-12-05T19:00Z,9.8,5.9,182.0,0.46,99
2025-12-05T20:00Z,11.3,6.9,480.0,0.43,100
2025-12-05T21:00Z,10.8,6.7,135.0,0.45,100
2025-12-05T22:00Z,10.8,6.8,91.0,0.55,100
2025-12-05T23:00Z,10.7,6.9,55.0,0.6,100
2025-12-06T00:00Z,10.4,7.7,2.0,0.87,100
2025-12-06T01:00Z,10.0,7.7,0.0,1.3,100
2025-12-06T02:00Z,9.7,7.6,0.0,1.63,100
2025-12-06T03:00Z,9.5,7.8,0.0,0.65,97
2025-12-06T04:00Z,9.1,7.6,0.0,0.68,100
2025-12-06T05:00Z,9.2,8.0,0.0,0.67,99
2025-12-06T06:00Z,9.0,8.1,0.0,0.67,100
2025-12-06T07:00Z,9.0,8.1,0.0,0.2,100
2025-12-06T08:00Z,9.1,8.1,0.0,1.49,100
2025-12-06T09:00Z,9.0,8.2,0.0,1.15,100
2025-12-06T10:00Z,9.0,8.4,0.0,1.22,100
2025-12-06T11:00Z,8.8,8.3,0.0,0.49,96
2025-12-06T12:00Z,8.6,8.3,0.0,0.68,100
2025-12-06T13:00Z,9.0,8.7,0.0,0.54,100
2025-12-06T14:00Z,9.4,9.0,30.0,1.21,100
2025-12-06T15:00Z,10.9,9.6,128.0,0.55,80
2025-12-06T16:00Z,12.9,10.6,339.0,0.43,30
2025-12-06T17:00Z,14.8,11.2,499.0,0.6,0
2025-12-06T18:00Z,15.7,11.4,593.0,0.4,0
2025-12-06T19:00Z,17.1,12.2,607.0,1.0,0
2025-12-06T20:00Z,17.8,12.9,558.0,2.11,7
2025-12-06T21:00Z,18.0,13.3,447.0,2.18,20
2025-12-06T22:00Z,18.1,13.6,289.0,2.4,0
2025-12-06T23:00Z,17.7,14.2,110.0,1.44,0
2025-12-07T00:00Z,16.2,14.1,4.0,3.22,2
2025-12-07T01:00Z,15.1,13.9,0.0,2.82,0
2025-12-07T02:00Z,15.0,14.0,0.0,2.6,12
2025-12-07T03:00Z,14.9,14.2,0.0,2.14,18
2025-12-07T04:00Z,14.9,14.3,0.0,1.95,24
2025-12-07T05:00Z,15.0,14.5,0.0,2.01,22
2025-12-07T06:00Z,16.2,15.6,0.0,2.06,100
2025-12-07T07:00Z,16.3,15.8,0.0,2.01,93
2025-12-07T08:00Z,15.9,15.5,0.0,1.25,28
2025-12-07T09:00Z,14.9,14.7,0.0,1.23,37
2025-12-07T10:00Z,14.4,14.2,0.0,1.2,100
2025-12-07T11:00Z,15.6,15.4,0.0,1.12,100
2025-12-07T12:00Z,15.4,15.2,0.0,1.04,100
2025-12-07T13:00Z,15.6,15.4,0.0,1.74,100
2025-12-07T14:00Z,16.2,16.1,15.0,1.59,100
2025-12-07T15:00Z,17.6,17.1,69.0,1.7,100
2025-12-07T16:00Z,19.1,17.9,142.0,2.79,100
2025-12-07T17:00Z,19.8,18.5,184.0,2.95,100
2025-12-07T18:00Z,21.2,18.3,384.0,4.15,100
2025-12-07T19:00Z,21.8,18.1,252.0,2.76,20
2025-12-07T20:00Z,22.9,17.9,467.0,2.45,42
2025-12-07T21:00Z,22.8,17.2,396.0,4.09,38
2025-12-07T22:00Z,21.9,16.3,240.0,4.6,49
2025-12-07T23:00Z,18.0,10.7,92.0,5.65,2
2025-12-08T00:00Z,15.7,10.9,4.0,5.12,0
2025-12-08T01:00Z,13.0,10.2,0.0,5.5,21
2025-12-08T02:00Z,12.6,9.7,0.0,4.87,12
2025-12-08T03:00Z,12.3,9.4,0.0,4.74,3
2025-12-08T04:00Z,11.8,9.0,0.0,4.67,49
2025-12-08T05:00Z,11.2,8.3,0.0,4.57,100
2025-12-08T06:00Z,11.6,8.4,0.0,4.52,100
2025-12-08T07:00Z,11.3,7.8,0.0,4.86,21
2025-12-08T08:00Z,10.1,7.3,0.0,4.61,0
2025-12-08T09:00Z,9.3,7.0,0.0,4.43,1
2025-12-08T10:00Z,8.6,6.5,0.0,4.21,2
2025-12-08T11:00Z,7.9,6.0,0.0,3.76,5
2025-12-08T12:00Z,7.8,5.8,0.0,3.02,6
2025-12-08T13:00Z,7.2,5.4,0.0,3.09,1
2025-12-08T14:00Z,7.4,5.1,48.0,3.52,10
2025-12-08T15:00Z,8.4,5.3,218.0,3.06,5
2025-12-08T16:00Z,10.1,5.4,391.0,3.76,63
2025-12-08T17:00Z,11.2,5.8,482.0,2.86,6
2025-12-08T18:00Z,12.5,6.1,610.0,2.68,0
2025-12-08T19:00Z,13.4,6.1,635.0,2.53,0
2025-12-08T20:00Z,14.0,6.5,583.0,2.58,0
2025-12-08T21:00Z,14.3,6.3,469.0,2.44,0
2025-12-08T22:00Z,14.1,6.1,306.0,2.46,0
2025-12-08T23:00Z,13.0,6.9,120.0,1.7,0
2025-12-09T00:00Z,11.8,6.8,4.0,1.59,0
2025-12-09T01:00Z,10.7,6.7,0.0,1.55,0
2025-12-09T02:00Z,9.8,6.3,0.0,1.42,0
2025-12-09T03:00Z,9.3,5.7,0.0,1.46,0
2025-12-09T04:00Z,8.7,5.3,0.0,1.35,0
2025-12-09T05:00Z,8.4,5.1,0.0,1.63,0
2025-12-09T06:00Z,7.1,4.5,0.0,1.77,0
2025-12-09T07:00Z,6.5,4.2,0.0,1.77,0
2025-12-09T08:00Z,6.0,3.9,0.0,1.98,0
2025-12-09T09:00Z,5.6,3.5,0.0,1.96,0
2025-12-09T10:00Z,5.1,3.4,0.0,1.65,0
2025-12-09T11:00Z,4.8,3.3,0.0,1.37,0
2025-12-09T12:00Z,4.5,3.5,0.0,1.46,0
2025-12-09T13:00Z,4.2,3.3,0.0,1.32,1
2025-12-09T14:00Z,5.3,4.4,48.0,1.93,3
2025-12-09T15:00Z,7.9,6.2,221.0,1.3,7
2025-12-09T16:00Z,10.3,7.9,396.0,1.25,2
2025-12-09T17:00Z,12.4,9.0,539.0,1.28,0
2025-12-09T18:00Z,14.6,9.6,620.0,1.1,0
2025-12-09T19:00Z,15.8,10.0,635.0,1.17,0
2025-12-09T20:00Z,16.5,10.2,581.0,1.81,0
2025-12-09T21:00Z,16.9,10.2,466.0,2.06,5
2025-12-09T22:00Z,16.9,10.2,294.0,2.32,9
2025-12-09T23:00Z,15.3,10.8,117.0,2.8,5
2025-12-10T00:00Z,13.6,10.1,5.0,3.25,0
2025-12-10T01:00Z,12.5,9.5,0.0,2.82,0
2025-12-10T02:00Z,11.9,9.2,0.0,2.46,0
2025-12-10T03:00Z,11.5,9.2,0.0,2.55,0
2025-12-10T04:00Z,11.3,9.3,0.0,2.69,0
2025-12-10T05:00Z,11.4,9.5,0.0,2.75,0
2025-12-10T06:00Z,10.6,8.6,0.0,2.81,0
2025-12-10T07:00Z,10.4,8.3,0.0,2.69,0
2025-12-10T08:00Z,10.3,8.2,0.0,2.49,0
2025-12-10T09:00Z,10.4,8.3,0.0,2.31,0
2025-12-10T10:00Z,10.5,8.5,0.0,2.16,0
2025-12-10T11:00Z,10.6,8.8,0.0,2.02,0
2025-12-10T12:00Z,10.7,8.8,0.0,2.51,0
2025-12-10T13:00Z,10.2,8.5,0.0,2.16,0
2025-12-10T14:00Z,11.1,9.5,45.0,2.56,0
2025-12-10T15:00Z,13.3,11.6,216.0,2.24,0
2025-12-10T16:00Z,15.7,12.7,391.0,1.65,0
2025-12-10T17:00Z,17.6,13.0,525.0,2.02,0
2025-12-10T18:00Z,20.8,14.8,601.0,2.24,0
2025-12-10T19:00Z,21.4,14.5,611.0,2.26,0
2025-12-10T20:00Z,21.9,14.0,564.0,2.01,0
2025-12-10T21:00Z,21.8,13.2,457.0,2.19,0
2025-12-10T22:00Z,21.3,12.9,297.0,2.02,90
2025-12-10T23:00Z,19.3,12.8,116.0,1.76,88
2025-12-11T00:00Z,17.8,11.9,4.0,2.75,1
2025-12-11T01:00Z,16.7,11.0,0.0,2.63,0
2025-12-11T02:00Z,15.8,9.9,0.0,3.0,0
2025-12-11T03:00Z,14.7,8.8,0.0,3.13,0
2025-12-11T04:00Z,13.6,7.5,0.0,3.43,0
2025-12-11T05:00Z,12.7,6.3,0.0,3.29,0
2025-12-11T06:00Z,11.3,6.0,0.0,2.93,0
2025-12-11T07:00Z,10.6,5.9,0.0,2.43,0
2025-12-11T08:00Z,10.0,5.6,0.0,2.45,0
2025-12-11T09:00Z,9.4,5.0,0.0,2.49,0
2025-12-11T10:00Z,8.8,4.4,0.0,2.12,0
2025-12-11T11:00Z,8.2,4.0,0.0,1.94,0
2025-12-11T12:00Z,7.2,3.2,0.0,2.34,0
2025-12-11T13:00Z,6.6,2.6,0.0,2.29,0
2025-12-11T14:00Z,7.2,2.6,44.0,2.39,0
2025-12-11T15:00Z,9.1,3.5,216.0,1.63,0
2025-12-11T16:00Z,11.2,4.4,394.0,1.27,0
2025-12-11T17:00Z,13.3,5.6,531.0,1.14,0
2025-12-11T18:00Z,17.0,4.4,610.0,1.48,0
2025-12-11T19:00Z,18.0,4.5,628.0,1.93,0
2025-12-11T20:00Z,18.5,4.5,577.0,2.35,0
2025-12-11T21:00Z,18.3,5.2,465.0,2.64,0
2025-12-11T22:00Z,17.6,7.3,303.0,2.38,0
2025-12-11T23:00Z,15.9,9.6,119.0,1.97,0
2025-12-12T00:00Z,14.4,10.1,5.0,2.16,0
2025-12-12T01:00Z,13.7,10.8,0.0,2.23,0
2025-12-12T02:00Z,13.4,11.1,0.0,2.16,0
2025-12-12T03:00Z,13.4,11.3,0.0,2.23,0
2025-12-12T04:00Z,13.6,11.6,0.0,2.21,95
2025-12-12T05:00Z,14.6,12.3,0.0,2.04,100
2025-12-12T06:00Z,13.1,11.2,0.0,1.68,2
2025-12-12T07:00Z,12.5,10.9,0.0,1.5,2
2025-12-12T08:00Z,12.2,10.7,0.0,1.22,1
2025-12-12T09:00Z,12.3,11.0,0.0,0.7,3
2025-12-12T10:00Z,12.3,11.3,0.0,0.56,10
2025-12-12T11:00Z,12.3,11.5,0.0,0.63,20
2025-12-12T12:00Z,14.1,13.5,0.0,2.02,0
2025-12-12T13:00Z,14.3,13.8,0.0,1.98,0
2025-12-12T14:00Z,14.9,14.5,39.0,1.99,2
2025-12-12T15:00Z,17.3,16.1,196.0,1.13,17
2025-12-12T16:00Z,19.4,17.7,340.0,0.57,33
2025-12-12T17:00Z,21.4,18.7,443.0,1.25,40
2025-12-12T18:00Z,22.2,19.3,485.0,1.81,54
2025-12-12T19:00Z,23.2,19.8,431.0,1.17,99
2025-12-12T20:00Z,23.8,19.2,293.0,1.03,100
2025-12-12T21:00Z,23.4,19.2,138.0,1.23,59
2025-12-12T22:00Z,22.7,19.3,203.0,1.2,52
2025-12-12T23:00Z,20.8,19.0,72.0,1.79,88
2025-12-13T00:00Z,20.8,19.7,2.0,0.9,58
2025-12-13T01:00Z,20.2,18.8,0.0,1.23,93
2025-12-13T02:00Z,19.0,18.7,0.0,1.61,100
2025-12-13T03:00Z,18.9,18.0,0.0,1.39,77
2025-12-13T04:00Z,18.6,17.7,0.0,1.67,30
2025-12-13T05:00Z,18.0,17.1,0.0,1.68,7
2025-12-13T06:00Z,17.2,16.3,0.0,1.95,9
2025-12-13T07:00Z,16.7,16.0,0.0,1.81,5
2025-12-13T08:00Z,16.3,16.0,0.0,1.72,35
2025-12-13T09:00Z,16.1,16.1,0.0,1.68,100
2025-12-13T10:00Z,16.3,16.3,0.0,1.79,100
2025-12-13T11:00Z,16.3,16.3,0.0,1.52,100
2025-12-13T12:00Z,17.4,17.3,0.0,2.44,98
2025-12-13T13:00Z,17.8,17.5,0.0,1.76,16
2025-12-13T14:00Z,17.9,17.6,33.0,1.21,16
2025-12-13T15:00Z,19.8,18.8,178.0,1.43,12
2025-12-13T16:00Z,21.6,19.9,350.0,1.1,9
2025-12-13T17:00Z,23.3,20.3,484.0,1.07,13
2025-12-13T18:00Z,24.0,19.2,549.0,3.08,78
2025-12-13T19:00Z,24.2,19.2,359.0,2.05,16
2025-12-13T20:00Z,25.0,19.0,495.0,2.9,33
2025-12-13T21:00Z,23.9,18.4,360.0,3.43,45
2025-12-13T22:00Z,23.3,18.9,226.0,2.4,63
2025-12-13T23:00Z,22.8,19.5,73.0,1.35,49
2025-12-14T00:00Z,20.3,18.9,3.0,1.2,7
2025-12-14T01:00Z,20.3,19.1,0.0,0.98,13
2025-12-14T02:00Z,19.9,18.8,0.0,1.38,14
2025-12-14T03:00Z,19.3,18.3,0.0,0.96,58
2025-12-14T04:00Z,18.9,18.3,0.0,0.59,97
2025-12-14T05:00Z,18.4,17.7,0.0,1.85,70
2025-12-14T06:00Z,19.3,18.8,0.0,1.22,55
2025-12-14T07:00Z,19.2,18.8,0.0,1.6,97
2025-12-14T08:00Z,19.1,18.6,0.0,3.3,50
2025-12-14T09:00Z,18.1,17.5,0.0,5.44,100
2025-12-14T10:00Z,17.4,16.3,0.0,5.9,100
2025-12-14T11:00Z,15.9,14.4,0.0,5.96,100
2025-12-14T12:00Z,15.1,13.6,0.0,5.5,94
2025-12-14T13:00Z,14.0,12.1,0.0,5.49,100
2025-12-14T14:00Z,13.2,10.4,15.0,5.58,100
2025-12-14T15:00Z,12.8,8.8,96.0,5.93,100
2025-12-14T16:00Z,13.0,7.9,282.0,5.69,100
2025-12-14T17:00Z,13.0,6.9,352.0,5.54,90
2025-12-14T18:00Z,11.6,6.0,499.0,5.64,100
2025-12-14T19:00Z,11.2,5.3,293.0,5.29,100
2025-12-14T20:00Z,11.2,5.0,356.0,4.98,100
2025-12-14T21:00Z,10.6,4.7,217.0,4.86,95
2025-12-14T22:00Z,10.6,4.1,199.0,4.9,17
2025-12-14T23:00Z,9.7,3.1,114.0,4.11,0
2025-12-15T00:00Z,9.2,2.9,5.0,4.14,0
2025-12-15T01:00Z,8.3,2.1,0.0,3.94,0
2025-12-15T02:00Z,7.7,1.3,0.0,3.45,0
2025-12-15T03:00Z,6.9,0.2,0.0,3.33,0
2025-12-15T04:00Z,6.1,-0.8,0.0,3.05,0
2025-12-15T05:00Z,5.3,-1.2,0.0,2.75,0
2025-12-15T06:00Z,3.9,-1.4,0.0,2.9,0
2025-12-15T07:00Z,3.2,-2.0,0.0,3.01,2
2025-12-15T08:00Z,2.8,-2.5,0.0,3.1,1
2025-12-15T09:00Z,2.3,-3.1,0.0,2.76,0
2025-12-15T10:00Z,1.9,-3.7,0.0,2.47,0
2025-12-15T11:00Z,1.6,-4.1,0.0,2.28,0
2025-12-15T12:00Z,0.6,-5.4,0.0,2.77,0
2025-12-15T13:00Z,0.0,-5.9,0.0,2.15,0
2025-12-15T14:00Z,0.5,-5.8,40.0,1.92,0
2025-12-15T15:00Z,1.7,-6.0,212.0,1.98,5
2025-12-15T16:00Z,3.2,-5.0,393.0,1.37,0
2025-12-15T17:00Z,4.9,-3.6,534.0,0.91,55
2025-12-15T18:00Z,7.0,-3.9,617.0,0.8,45
2025-12-15T19:00Z,8.6,-2.4,637.0,0.72,92
2025-12-15T20:00Z,9.5,-1.3,586.0,0.56,73
2025-12-15T21:00Z,10.1,-0.7,475.0,0.29,20
2025-12-15T22:00Z,10.0,-0.5,314.0,0.21,17
2025-12-15T23:00Z,9.2,2.3,127.0,0.47,26
2025-12-16T00:00Z,8.1,2.5,6.0,1.01,95
2025-12-16T01:00Z,7.6,1.8,0.0,1.25,100
2025-12-16T02:00Z,7.1,1.6,0.0,1.79,100
2025-12-16T03:00Z,6.6,1.7,0.0,1.74,100
2025-12-16T04:00Z,6.2,1.5,0.0,1.51,100
2025-12-16T05:00Z,5.8,1.3,0.0,1.26,100
2025-12-16T06:00Z,4.9,1.7,0.0,1.03,100
2025-12-16T07:00Z,4.6,1.5,0.0,0.86,100
2025-12-16T08:00Z,4.4,1.3,0.0,0.56,100
2025-12-16T09:00Z,4.2,1.4,0.0,0.47,100
2025-12-16T10:00Z,3.8,1.3,0.0,0.1,100
2025-12-16T11:00Z,3.7,1.6,0.0,0.86,100
2025-12-16T12:00Z,4.5,2.5,0.0,1.75,100
2025-12-16T13:00Z,5.6,3.3,0.0,1.61,100
2025-12-16T14:00Z,5.7,3.7,26.0,1.77,100
2025-12-16T15:00Z,7.5,4.6,159.0,1.66,100
2025-12-16T16:00Z,10.3,6.1,332.0,1.25,100
2025-12-16T17:00Z,12.8,7.9,458.0,1.33,100
2025-12-16T18:00Z,14.9,9.2,460.0,1.42,100
2025-12-16T19:00Z,16.0,10.0,468.0,1.25,100
2025-12-16T20:00Z,16.5,10.5,395.0,1.08,100
2025-12-16T21:00Z,16.7,11.0,305.0,1.6,100
2025-12-16T22:00Z,16.2,11.4,154.0,1.8,100
2025-12-16T23:00Z,15.4,11.8,49.0,1.72,100
2025-12-17T00:00Z,14.8,11.9,3.0,2.07,100
2025-12-17T01:00Z,14.8,11.9,0.0,2.75,100
2025-12-17T02:00Z,14.8,12.4,0.0,3.18,100
2025-12-17T03:00Z,14.5,12.9,0.0,3.1,100
2025-12-17T04:00Z,14.5,13.2,0.0,2.73,100
2025-12-17T05:00Z,14.6,13.3,0.0,2.07,100
2025-12-17T06:00Z,15.0,13.9,0.0,3.92,43
2025-12-17T07:00Z,15.2,13.9,0.0,2.97,69
2025-12-17T08:00Z,15.1,13.8,0.0,2.21,88
2025-12-17T09:00Z,15.1,13.9,0.0,2.19,52
2025-12-17T10:00Z,14.6,13.4,0.0,1.03,100
2025-12-17T11:00Z,15.0,14.3,0.0,2.4,73
2025-12-17T12:00Z,15.4,15.1,0.0,1.88,100
2025-12-17T13:00Z,15.7,15.4,0.0,2.03,100
2025-12-17T14:00Z,16.1,15.7,14.0,2.56,100
2025-12-17T15:00Z,16.7,16.1,54.0,2.53,100
2025-12-17T16:00Z,17.3,16.6,117.0,2.66,100
2025-12-17T17:00Z,18.5,16.7,231.0,3.39,100
2025-12-17T18:00Z,17.6,16.7,268.0,2.37,100
2025-12-17T19:00Z,17.6,16.7,115.0,2.4,100
2025-12-17T20:00Z,18.6,16.9,212.0,2.33,100
2025-12-17T21:00Z,19.2,16.8,163.0,2.48,73
2025-12-17T22:00Z,19.6,16.8,251.0,2.72,86
2025-12-17T23:00Z,18.7,16.8,78.0,2.17,66
2025-12-18T00:00Z,17.7,16.7,5.0,2.44,100
2025-12-18T01:00Z,17.0,16.5,0.0,2.25,99
2025-12-18T02:00Z,16.7,16.3,0.0,2.21,100
2025-12-18T03:00Z,16.6,16.3,0.0,2.86,100
2025-12-18T04:00Z,16.7,16.2,0.0,3.12,100
2025-12-18T05:00Z,16.6,16.0,0.0,2.51,25
2025-12-18T06:00Z,16.3,16.0,0.0,2.28,100
2025-12-18T07:00Z,16.5,16.3,0.0,1.94,100
2025-12-18T08:00Z,16.6,16.3,0.0,1.45,99
2025-12-18T09:00Z,16.6,16.4,0.0,1.8,100
2025-12-18T10:00Z,16.7,16.7,0.0,1.97,100
2025-12-18T11:00Z,16.8,16.7,0.0,1.81,100
2025-12-18T12:00Z,16.9,16.5,0.0,1.66,100
2025-12-18T13:00Z,17.3,17.1,0.0,2.75,96
2025-12-18T14:00Z,17.4,17.1,20.0,3.28,72
2025-12-18T15:00Z,18.9,17.8,151.0,4.03,100
2025-12-18T16:00Z,19.3,18.2,163.0,4.14,100
2025-12-18T17:00Z,20.5,18.1,273.0,4.31,99
2025-12-18T18:00Z,23.4,18.5,393.0,5.46,44
2025-12-18T19:00Z,24.2,18.2,528.0,5.06,9
2025-12-18T20:00Z,24.4,18.0,542.0,4.1,2
2025-12-18T21:00Z,24.3,17.3,447.0,3.47,4
2025-12-18T22:00Z,23.7,17.1,290.0,3.45,16
2025-12-18T23:00Z,22.6,16.4,111.0,3.23,24
2025-12-19T00:00Z,20.8,14.7,6.0,3.43,0
2025-12-19T01:00Z,19.6,11.5,0.0,4.22,0
2025-12-19T02:00Z,18.3,8.8,0.0,4.31,0
2025-12-19T03:00Z,17.4,6.8,0.0,4.77,0
2025-12-19T04:00Z,16.1,3.9,0.0,4.71,0
2025-12-19T05:00Z,14.9,2.0,0.0,4.45,0
2025-12-19T06:00Z,13.5,2.0,0.0,4.05,0
2025-12-19T07:00Z,12.5,2.1,0.0,3.6,0
2025-12-19T08:00Z,11.4,2.4,0.0,3.1,0
2025-12-19T09:00Z,10.5,2.4,0.0,3.16,0
2025-12-19T10:00Z,9.7,2.3,0.0,2.7,0
2025-12-19T11:00Z,9.1,2.1,0.0,2.46,0
2025-12-19T12:00Z,7.9,1.6,0.0,1.99,0
2025-12-19T13:00Z,6.6,1.5,0.0,1.57,0
2025-12-19T14:00Z,7.4,2.0,36.0,1.97,0
2025-12-19T15:00Z,9.5,3.1,205.0,1.17,0
2025-12-19T16:00Z,11.5,2.9,386.0,0.85,0
2025-12-19T17:00Z,13.2,3.1,528.0,0.96,0
2025-12-19T18:00Z,16.1,0.5,614.0,1.36,0
2025-12-19T19:00Z,16.9,1.2,637.0,1.43,0
2025-12-19T20:00Z,17.4,2.1,589.0,1.48,0
2025-12-19T21:00Z,17.4,2.4,478.0,1.8,0
2025-12-19T22:00Z,16.7,2.5,317.0,2.17,0
2025-12-19T23:00Z,14.9,4.7,131.0,1.79,0
2025-12-20T00:00Z,13.1,5.0,7.0,2.72,0
2025-12-20T01:00Z,11.9,4.8,0.0,2.51,0
2025-12-20T02:00Z,11.1,5.3,0.0,2.51,0
2025-12-20T03:00Z,10.8,6.5,0.0,2.51,0
2025-12-20T04:00Z,10.9,7.4,0.0,2.8,0
2025-12-20T05:00Z,11.1,8.1,0.0,2.48,0
2025-12-20T06:00Z,10.2,7.8,0.0,2.09,0
2025-12-20T07:00Z,10.0,7.9,0.0,2.05,0
2025-12-20T08:00Z,10.4,8.4,0.0,2.3,0
2025-12-20T09:00Z,10.9,9.0,0.0,2.3,0
2025-12-20T10:00Z,11.3,9.6,0.0,2.15,0
2025-12-20T11:00Z,11.7,10.1,0.0,2.31,0
2025-12-20T12:00Z,11.6,10.2,0.0,1.96,0
2025-12-20T13:00Z,11.5,10.3,0.0,2.1,0
2025-12-20T14:00Z,12.6,11.3,32.0,2.27,0
2025-12-20T15:00Z,15.3,13.2,190.0,2.36,2
2025-12-20T16:00Z,18.2,15.2,361.0,1.85,0
2025-12-20T17:00Z,21.0,16.8,497.0,2.01,0
2025-12-20T18:00Z,24.2,18.4,579.0,4.91,100
2025-12-20T19:00Z,24.4,18.6,238.0,3.97,30
2025-12-20T20:00Z,25.9,18.2,491.0,4.87,42
2025-12-20T21:00Z,25.9,17.6,391.0,4.79,25
2025-12-20T22:00Z,25.3,18.0,265.0,3.87,16
2025-12-20T23:00Z,23.8,18.5,112.0,3.66,9
2025-12-21T00:00Z,22.9,20.0,6.0,3.62,91
2025-12-21T01:00Z,22.5,20.9,0.0,3.67,100
2025-12-21T02:00Z,22.8,21.4,0.0,3.99,100
2025-12-21T03:00Z,22.6,21.3,0.0,3.7,100
2025-12-21T04:00Z,22.3,21.3,0.0,3.61,100
2025-12-21T05:00Z,22.1,21.3,0.0,3.43,100
2025-12-21T06:00Z,22.1,21.6,0.0,2.73,100
2025-12-21T07:00Z,22.1,21.5,0.0,2.83,100
2025-12-21T08:00Z,22.0,21.5,0.0,2.47,100
2025-12-21T09:00Z,21.8,21.3,0.0,2.25,100
2025-12-21T10:00Z,21.6,21.2,0.0,1.89,100
2025-12-21T11:00Z,21.5,21.1,0.0,1.8,100
2025-12-21T12:00Z,20.8,20.6,0.0,1.7,100
2025-12-21T13:00Z,21.0,20.7,0.0,1.22,100
2025-12-21T14:00Z,21.1,20.8,7.0,1.26,100
2025-12-21T15:00Z,21.9,21.2,57.0,1.14,100
2025-12-21T16:00Z,22.5,21.5,103.0,1.57,100
2025-12-21T17:00Z,23.2,21.2,173.0,2.04,95
2025-12-21T18:00Z,25.0,20.8,391.0,1.92,30
2025-12-21T19:00Z,25.7,20.4,503.0,2.07,44
2025-12-21T20:00Z,26.1,19.8,443.0,1.51,40
2025-12-21T21:00Z,26.1,19.7,375.0,1.5,34
2025-12-21T22:00Z,25.9,19.6,267.0,1.19,11
2025-12-21T23:00Z,25.0,20.9,117.0,0.1,22
2025-12-22T00:00Z,23.5,20.8,6.0,2.08,45
2025-12-22T01:00Z,22.9,21.5,0.0,2.01,0
2025-12-22T02:00Z,22.1,21.2,0.0,1.6,3
2025-12-22T03:00Z,20.9,20.5,0.0,1.03,100
2025-12-22T04:00Z,21.2,20.7,0.0,1.16,100
2025-12-22T05:00Z,20.9,19.9,0.0,1.51,100
2025-12-22T06:00Z,20.0,20.0,0.0,1.15,98
2025-12-22T07:00Z,19.7,19.4,0.0,1.07,96
2025-12-22T08:00Z,19.5,19.3,0.0,0.41,87
2025-12-22T09:00Z,19.3,18.8,0.0,0.53,83
2025-12-22T10:00Z,18.9,18.7,0.0,1.27,100
2025-12-22T11:00Z,19.5,18.9,0.0,2.3,84
2025-12-22T12:00Z,20.3,20.2,0.0,1.88,100
2025-12-22T13:00Z,20.0,19.9,0.0,1.84,100
2025-12-22T14:00Z,19.9,19.8,12.0,1.82,100
2025-12-22T15:00Z,20.2,19.8,75.0,1.77,100
2025-12-22T16:00Z,21.6,20.1,187.0,1.98,100
2025-12-22T17:00Z,22.3,20.5,231.0,1.52,100
2025-12-22T18:00Z,23.7,21.7,246.0,1.81,100
2025-12-22T19:00Z,24.8,21.7,388.0,1.99,100
2025-12-22T20:00Z,25.3,21.3,337.0,2.35,77
2025-12-22T21:00Z,24.9,20.0,348.0,3.07,63
2025-12-22T22:00Z,24.3,20.4,193.0,2.97,52
2025-12-22T23:00Z,22.6,21.1,87.0,3.45,84
2025-12-23T00:00Z,22.3,20.8,4.0,2.57,30
2025-12-23T01:00Z,21.5,21.0,0.0,2.74,59
2025-12-23T02:00Z,21.0,20.6,0.0,2.79,78
2025-12-23T03:00Z,20.7,20.3,0.0,2.5,99
2025-12-23T04:00Z,20.3,19.9,0.0,2.67,98
2025-12-23T05:00Z,20.0,19.5,0.0,3.02,93
2025-12-23T06:00Z,20.5,20.3,0.0,2.75,100
2025-12-23T07:00Z,20.5,20.3,0.0,2.59,100
2025-12-23T08:00Z,20.6,20.3,0.0,2.61,100
2025-12-23T09:00Z,20.5,20.2,0.0,2.45,100
2025-12-23T10:00Z,20.2,20.0,0.0,2.29,100
2025-12-23T11:00Z,20.1,19.9,0.0,2.21,100
2025-12-23T12:00Z,20.3,20.2,0.0,2.18,100
2025-12-23T13:00Z,20.1,20.0,0.0,1.71,100
2025-12-23T14:00Z,20.2,20.0,16.0,1.89,100
2025-12-23T15:00Z,20.6,20.1,74.0,2.14,100
2025-12-23T16:00Z,21.6,20.5,175.0,2.49,100
2025-12-23T17:00Z,22.7,20.3,251.0,2.9,48
2025-12-23T18:00Z,24.4,20.0,441.0,2.3,21
2025-12-23T19:00Z,25.2,19.4,539.0,2.29,25
2025-12-23T20:00Z,25.6,19.0,518.0,2.32,39
2025-12-23T21:00Z,25.3,18.7,404.0,2.51,44
2025-12-23T22:00Z,24.3,18.9,253.0,2.69,27
2025-12-23T23:00Z,23.0,19.8,113.0,2.21,9
2025-12-24T00:00Z,21.5,20.2,7.0,2.7,39
2025-12-24T01:00Z,20.8,19.8,0.0,2.58,59
2025-12-24T02:00Z,20.2,19.5,0.0,2.69,49
2025-12-24T03:00Z,19.8,19.3,0.0,2.51,36
2025-12-24T04:00Z,19.4,19.1,0.0,2.25,96
2025-12-24T05:00Z,19.1,19.0,0.0,1.98,100
2025-12-24T06:00Z,19.4,19.3,0.0,1.88,100
2025-12-24T07:00Z,19.3,19.3,0.0,1.9,100
2025-12-24T08:00Z,19.2,19.2,0.0,1.84,100
2025-12-24T09:00Z,19.1,19.1,0.0,1.86,100
2025-12-24T10:00Z,18.9,18.9,0.0,1.88,100
2025-12-24T11:00Z,18.8,18.7,0.0,1.9,100
2025-12-24T12:00Z,19.1,19.1,0.0,1.61,100
2025-12-24T13:00Z,19.2,19.1,0.0,1.72,100
2025-12-24T14:00Z,19.4,19.2,8.0,2.14,48
2025-12-24T15:00Z,20.8,19.4,147.0,2.37,17
2025-12-24T16:00Z,22.5,19.9,329.0,1.7,6
2025-12-24T17:00Z,23.9,20.3,473.0,1.84,2
2025-12-24T18:00Z,24.6,20.0,546.0,2.44,21
2025-12-24T19:00Z,25.2,19.6,530.0,2.61,44
2025-12-24T20:00Z,24.7,19.5,444.0,2.58,34
2025-12-24T21:00Z,24.5,19.2,355.0,2.55,49
2025-12-24T22:00Z,23.9,19.1,234.0,2.66,52
2025-12-24T23:00Z,22.9,19.6,95.0,2.43,36
2025-12-25T00:00Z,22.0,20.1,6.0,2.51,19
2025-12-25T01:00Z,21.0,19.8,0.0,2.41,46
2025-12-25T02:00Z,20.4,19.5,0.0,2.41,2
2025-12-25T03:00Z,19.9,19.3,0.0,2.64,0
2025-12-25T04:00Z,19.6,19.1,0.0,2.44,2
2025-12-25T05:00Z,19.3,18.8,0.0,2.31,0
2025-12-25T06:00Z,19.5,19.4,0.0,2.23,100
2025-12-25T07:00Z,19.4,19.3,0.0,1.77,100
2025-12-25T08:00Z,19.3,19.2,0.0,1.35,100
2025-12-25T09:00Z,19.3,19.2,0.0,1.03,100
2025-12-25T10:00Z,19.2,19.1,0.0,0.89,100
2025-12-25T11:00Z,19.0,18.9,0.0,0.91,100
2025-12-25T12:00Z,19.0,19.0,0.0,1.36,100
2025-12-25T13:00Z,19.2,19.2,0.0,1.41,100
2025-12-25T14:00Z,19.6,19.4,11.0,1.51,100
2025-12-25T15:00Z,20.2,19.8,55.0,1.94,100
2025-12-25T16:00Z,21.4,19.3,136.0,3.05,85
2025-12-25T17:00Z,23.2,18.8,379.0,2.76,99
2025-12-25T18:00Z,23.9,18.6,403.0,3.12,63
2025-12-25T19:00Z,25.1,18.4,481.0,2.96,64
2025-12-25T20:00Z,25.6,18.0,418.0,2.84,54
2025-12-25T21:00Z,25.9,17.7,363.0,2.81,63
2025-12-25T22:00Z,25.5,18.0,210.0,2.25,60
2025-12-25T23:00Z,24.1,19.3,100.0,1.84,32
2025-12-26T00:00Z,22.2,20.4,7.0,2.69,38
2025-12-26T01:00Z,20.9,20.3,0.0,2.58,84
2025-12-26T02:00Z,20.8,20.2,0.0,2.57,17
2025-12-26T03:00Z,20.4,19.8,0.0,2.84,48
2025-12-26T04:00Z,20.2,19.6,0.0,2.76,48
2025-12-26T05:00Z,20.1,19.5,0.0,2.8,41
2025-12-26T06:00Z,21.2,21.1,0.0,3.05,100
2025-12-26T07:00Z,21.2,21.0,0.0,2.73,100
2025-12-26T08:00Z,21.2,20.9,0.0,2.6,100
2025-12-26T09:00Z,21.1,20.7,0.0,2.62,100
2025-12-26T10:00Z,20.9,20.6,0.0,2.64,100
2025-12-26T11:00Z,20.8,20.4,0.0,2.84,100
2025-12-26T12:00Z,20.1,19.8,0.0,2.83,88
2025-12-26T13:00Z,20.2,20.0,0.0,2.31,100
2025-12-26T14:00Z,20.9,20.5,9.0,2.75,100
2025-12-26T15:00Z,21.5,20.9,50.0,3.11,100
2025-12-26T16:00Z,22.3,20.7,116.0,3.68,55
2025-12-26T17:00Z,24.4,20.1,386.0,3.83,63
2025-12-26T18:00Z,25.3,19.8,404.0,4.08,93
2025-12-26T19:00Z,26.3,19.4,472.0,3.82,100
2025-12-26T20:00Z,26.9,18.9,499.0,3.64,96
2025-12-26T21:00Z,27.1,18.4,399.0,3.22,100
2025-12-26T22:00Z,26.5,19.1,196.0,2.6,99
2025-12-26T23:00Z,25.1,20.1,93.0,2.84,91
2025-12-27T00:00Z,23.9,20.0,8.0,2.91,62
2025-12-27T01:00Z,23.1,20.0,0.0,3.66,98
2025-12-27T02:00Z,22.0,20.7,0.0,3.58,78
2025-12-27T03:00Z,21.8,21.1,0.0,3.34,100
2025-12-27T04:00Z,22.3,21.2,0.0,3.37,100
2025-12-27T05:00Z,22.2,20.6,0.0,3.59,100
2025-12-27T06:00Z,21.9,20.1,0.0,3.51,100
2025-12-27T07:00Z,21.5,19.7,0.0,3.17,33
2025-12-27T08:00Z,20.4,19.5,0.0,2.86,17
2025-12-27T09:00Z,19.9,19.1,0.0,2.74,4
2025-12-27T10:00Z,19.5,18.8,0.0,2.55,5
2025-12-27T11:00Z,19.2,18.5,0.0,2.29,2
2025-12-27T12:00Z,19.5,18.8,0.0,2.34,70
2025-12-27T13:00Z,19.3,18.7,0.0,2.14,98
2025-12-27T14:00Z,19.8,19.0,20.0,2.26,100
2025-12-27T15:00Z,21.4,19.6,92.0,2.56,100
2025-12-27T16:00Z,22.5,19.9,173.0,3.27,100
2025-12-27T17:00Z,23.9,19.6,256.0,3.49,92
2025-12-27T18:00Z,25.6,19.2,407.0,3.65,91
2025-12-27T19:00Z,26.3,18.8,489.0,3.43,50
2025-12-27T20:00Z,26.6,18.3,498.0,3.52,51
2025-12-27T21:00Z,26.3,18.0,384.0,3.71,36
2025-12-27T22:00Z,25.9,17.8,270.0,3.45,20
2025-12-27T23:00Z,24.6,18.1,125.0,3.16,45
2025-12-28T00:00Z,23.4,19.2,8.0,3.65,35
2025-12-28T01:00Z,22.4,19.6,0.0,3.68,35
2025-12-28T02:00Z,21.7,20.0,0.0,3.25,19
2025-12-28T03:00Z,21.2,20.2,0.0,3.07,100
2025-12-28T04:00Z,21.1,20.5,0.0,3.23,100
2025-12-28T05:00Z,21.4,20.5,0.0,3.4,84
2025-12-28T06:00Z,21.3,20.4,0.0,3.21,17
2025-12-28T07:00Z,20.7,19.9,0.0,3.3,24
2025-12-28T08:00Z,20.4,19.6,0.0,3.6,7
2025-12-28T09:00Z,20.1,19.2,0.0,3.25,4
2025-12-28T10:00Z,19.7,18.9,0.0,3.08,3
2025-12-28T11:00Z,19.4,18.8,0.0,2.66,8
2025-12-28T12:00Z,19.5,19.0,0.0,2.75,17
2025-12-28T13:00Z,19.3,18.9,0.0,2.68,3
2025-12-28T14:00Z,19.7,19.3,25.0,2.5,16
2025-12-28T15:00Z,21.7,19.9,168.0,2.89,59
2025-12-28T16:00Z,23.2,20.1,299.0,3.64,45
2025-12-28T17:00Z,24.7,19.7,402.0,4.03,22
2025-12-28T18:00Z,26.1,19.2,522.0,4.0,53
2025-12-28T19:00Z,27.0,18.3,570.0,3.95,50
2025-12-28T20:00Z,27.3,17.7,507.0,3.4,18
2025-12-28T21:00Z,27.6,17.3,416.0,3.04,16
2025-12-28T22:00Z,27.3,17.1,287.0,2.62,23
2025-12-28T23:00Z,25.6,18.3,119.0,1.7,31
2025-12-29T00:00Z,24.0,18.9,8.0,1.98,16
2025-12-29T01:00Z,23.2,19.0,0.0,2.25,28
2025-12-29T02:00Z,22.3,19.1,0.0,2.28,8
2025-12-29T03:00Z,21.7,19.3,0.0,2.24,9
2025-12-29T04:00Z,21.2,19.4,0.0,1.47,73
2025-12-29T05:00Z,20.6,18.5,0.0,5.17,100
2025-12-29T06:00Z,16.4,12.6,0.0,5.38,55
2025-12-29T07:00Z,16.1,5.3,0.0,6.35,100
2025-12-29T08:00Z,14.7,2.9,0.0,6.45,100
2025-12-29T09:00Z,13.4,1.1,0.0,6.58,100
2025-12-29T10:00Z,12.0,-2.3,0.0,7.06,100
2025-12-29T11:00Z,10.8,-4.6,0.0,6.83,100
2025-12-29T12:00Z,11.1,-5.9,0.0,6.69,100
2025-12-29T13:00Z,10.1,-7.7,0.0,6.82,100
2025-12-29T14:00Z,9.2,-8.3,8.0,6.32,100
2025-12-29T15:00Z,8.2,-9.5,76.0,5.91,100
2025-12-29T16:00Z,8.0,-8.9,206.0,5.84,100
2025-12-29T17:00Z,8.7,-6.6,285.0,4.9,100
2025-12-29T18:00Z,11.1,-7.4,314.0,4.04,100
2025-12-29T19:00Z,11.2,-8.1,489.0,4.91,100
2025-12-29T20:00Z,10.3,-7.2,303.0,5.1,100
2025-12-29T21:00Z,8.5,-6.4,115.0,5.55,100
2025-12-29T22:00Z,6.7,-5.3,54.0,5.12,100
2025-12-29T23:00Z,6.7,-5.8,31.0,4.84,100
2025-12-30T00:00Z,6.5,-5.6,4.0,4.86,100
2025-12-30T01:00Z,6.3,-5.0,0.0,4.14,98
2025-12-30T02:00Z,6.4,-5.0,0.0,4.09,100
2025-12-30T03:00Z,6.3,-5.2,0.0,4.25,98
2025-12-30T04:00Z,5.7,-4.8,0.0,3.64,100
2025-12-30T05:00Z,6.2,-4.2,0.0,3.75,100
2025-12-30T06:00Z,6.4,-4.0,0.0,3.53,100
2025-12-30T07:00Z,6.4,-4.5,0.0,3.74,100
2025-12-30T08:00Z,6.5,-4.7,0.0,3.72,100
2025-12-30T09:00Z,6.3,-5.2,0.0,3.93,98
2025-12-30T10:00Z,6.2,-5.5,0.0,3.96,99
2025-12-30T11:00Z,6.0,-5.4,0.0,3.71,77
2025-12-30T12:00Z,5.5,-4.7,0.0,3.02,4
2025-12-30T13:00Z,4.4,-4.7,0.0,2.89,30
2025-12-30T14:00Z,4.3,-4.4,27.0,3.07,9
2025-12-30T15:00Z,5.6,-4.8,190.0,3.18,0
2025-12-30T16:00Z,6.7,-4.7,379.0,2.95,1
2025-12-30T17:00Z,7.9,-4.2,531.0,2.76,1
2025-12-30T18:00Z,9.8,-4.1,623.0,2.71,0
2025-12-30T19:00Z,10.9,-3.6,650.0,2.69,0
2025-12-30T20:00Z,11.7,-3.6,608.0,2.79,0
2025-12-30T21:00Z,12.1,-4.0,502.0,2.93,26
2025-12-30T22:00Z,11.9,-4.2,343.0,3.03,0
2025-12-30T23:00Z,10.9,-3.4,154.0,2.13,0
2025-12-31T00:00Z,9.7,-2.2,13.0,1.67,0
2025-12-31T01:00Z,8.8,-2.3,0.0,1.86,0
2025-12-31T02:00Z,8.0,-2.3,0.0,1.74,0
2025-12-31T03:00Z,7.3,-1.9,0.0,1.67,0
2025-12-31T04:00Z,6.5,-1.5,0.0,1.49,0
2025-12-31T05:00Z,5.8,-1.0,0.0,1.27,22
2025-12-31T06:00Z,4.3,-0.9,0.0,1.12,22
2025-12-31T07:00Z,3.2,-1.2,0.0,1.12,0
2025-12-31T08:00Z,2.6,-1.2,0.0,1.14,13
2025-12-31T09:00Z,2.4,-1.4,0.0,1.2,63
2025-12-31T10:00Z,2.2,-1.7,0.0,1.21,15
2025-12-31T11:00Z,2.0,-1.9,0.0,1.22,2
2025-12-31T12:00Z,1.1,-1.9,0.0,1.1,18
2025-12-31T13:00Z,0.8,-2.7,0.0,1.55,5
2025-12-31T14:00Z,1.9,-2.9,28.0,1.74,4
2025-12-31T15:00Z,4.9,-2.3,193.0,1.27,0
2025-12-31T16:00Z,8.5,-2.4,380.0,0.68,0
2025-12-31T17:00Z,11.6,-3.5,529.0,1.32,0
2025-12-31T18:00Z,15.3,-4.3,622.0,1.95,0
2025-12-31T19:00Z,17.2,-4.6,649.0,1.81,0
2025-12-31T20:00Z,18.2,-5.1,607.0,1.54,0
2025-12-31T21:00Z,18.5,-5.1,501.0,1.44,4
2025-12-31T22:00Z,18.3,-4.6,342.0,1.48,0
2025-12-31T23:00Z,16.5,1.3,154.0,1.07,8
2026-01-01T00:00Z,15.2,-1.4,13.0,2.1,5
2026-01-01T01:00Z,14.1,-1.4,0.0,2.57,7
2026-01-01T02:00Z,12.6,0.2,0.0,3.06,3
2026-01-01T03:00Z,11.6,0.5,0.0,2.85,0
2026-01-01T04:00Z,10.8,1.0,0.0,2.89,0
2026-01-01T05:00Z,10.3,1.2,0.0,2.86,0
