hour_start_utc,price_usd_mwh
2025-01-01T06:00Z,22.97
2025-01-01T07:00Z,21.11
2025-01-01T08:00Z,20.3
2025-01-01T09:00Z,21.57
2025-01-01T10:00Z,21.81
2025-01-01T11:00Z,24.33
2025-01-01T12:00Z,26.45
2025-01-01T13:00Z,30.65
2025-01-01T14:00Z,22.48
2025-01-01T15:00Z,18.93
2025-01-01T16:00Z,17.16
2025-01-01T17:00Z,16.66
2025-01-01T18:00Z,16.63
2025-01-01T19:00Z,15.5
2025-01-01T20:00Z,14.36
2025-01-01T21:00Z,15.05
2025-01-01T22:00Z,21.31
2025-01-01T23:00Z,39.25
2025-01-02T00:00Z,34.38
2025-01-02T01:00Z,29.58
2025-01-02T02:00Z,26.05
2025-01-02T03:00Z,19.34
2025-01-02T04:00Z,19.17
2025-01-02T05:00Z,17.64
2025-01-02T06:00Z,19.89
2025-01-02T07:00Z,17.65
2025-01-02T08:00Z,16.44
2025-01-02T09:00Z,16.79
2025-01-02T10:00Z,17.98
2025-01-02T11:00Z,23.09
2025-01-02T12:00Z,23.48
2025-01-02T13:00Z,26.66
2025-01-02T14:00Z,22.96
2025-01-02T15:00Z,20.36
2025-01-02T16:00Z,19.65
2025-01-02T17:00Z,19.76
2025-01-02T18:00Z,20.17
2025-01-02T19:00Z,20.39
2025-01-02T20:00Z,20.89
2025-01-02T21:00Z,20.76
2025-01-02T22:00Z,25.51
2025-01-02T23:00Z,41.03
2025-01-03T00:00Z,35.46
2025-01-03T01:00Z,31.14
2025-01-03T02:00Z,27.95
2025-01-03T03:00Z,24.02
2025-01-03T04:00Z,23.3
2025-01-03T05:00Z,22.02
2025-01-03T06:00Z,25.44
2025-01-03T07:00Z,24.21
2025-01-03T08:00Z,23.99
2025-01-03T09:00Z,25.11
2025-01-03T10:00Z,25.68
2025-01-03T11:00Z,31.54
2025-01-03T12:00Z,37.85
2025-01-03T13:00Z,45.15
2025-01-03T14:00Z,31.92
2025-01-03T15:00Z,24.76
2025-01-03T16:00Z,23.24
2025-01-03T17:00Z,20.94
2025-01-03T18:00Z,19.2
2025-01-03T19:00Z,17.57
2025-01-03T20:00Z,15.91
2025-01-03T21:00Z,16.2
2025-01-03T22:00Z,23.21
2025-01-03T23:00Z,34.36
2025-01-04T00:00Z,27.45
2025-01-04T01:00Z,20.87
2025-01-04T02:00Z,18.47
2025-01-04T03:00Z,15.39
2025-01-04T04:00Z,14.13
2025-01-04T05:00Z,9.4
2025-01-04T06:00Z,8.8
2025-01-04T07:00Z,5.05
2025-01-04T08:00Z,4.98
2025-01-04T09:00Z,5.77
2025-01-04T10:00Z,7.1
2025-01-04T11:00Z,9.98
2025-01-04T12:00Z,10.33
2025-01-04T13:00Z,12.7
2025-01-04T14:00Z,13.91
2025-01-04T15:00Z,12.45
2025-01-04T16:00Z,7.05
2025-01-04T17:00Z,4.13
2025-01-04T18:00Z,1.56
2025-01-04T19:00Z,1.23
2025-01-04T20:00Z,1.49
2025-01-04T21:00Z,1.8
2025-01-04T22:00Z,4.21
2025-01-04T23:00Z,9.59
2025-01-05T00:00Z,9.45
2025-01-05T01:00Z,8.06
2025-01-05T02:00Z,7.07
2025-01-05T03:00Z,5.99
2025-01-05T04:00Z,2.13
2025-01-05T05:00Z,0.8
2025-01-05T06:00Z,0.4
2025-01-05T07:00Z,0.12
2025-01-05T08:00Z,0.02
2025-01-05T09:00Z,0.01
2025-01-05T10:00Z,0.19
2025-01-05T11:00Z,1.24
2025-01-05T12:00Z,4.74
2025-01-05T13:00Z,6.62
2025-01-05T14:00Z,1.74
2025-01-05T15:00Z,1.0
2025-01-05T16:00Z,0.86
2025-01-05T17:00Z,1.15
2025-01-05T18:00Z,0.98
2025-01-05T19:00Z,1.02
2025-01-05T20:00Z,1.08
2025-01-05T21:00Z,1.93
2025-01-05T22:00Z,9.22
2025-01-05T23:00Z,23.03
2025-01-06T00:00Z,24.6
2025-01-06T01:00Z,24.39
2025-01-06T02:00Z,24.73
2025-01-06T03:00Z,25.6
2025-01-06T04:00Z,24.23
2025-01-06T05:00Z,24.31
2025-01-06T06:00Z,23.06
2025-01-06T07:00Z,24.72
2025-01-06T08:00Z,25.21
2025-01-06T09:00Z,25.97
2025-01-06T10:00Z,30.97
2025-01-06T11:00Z,43.14
2025-01-06T12:00Z,86.55
2025-01-06T13:00Z,109.83
2025-01-06T14:00Z,47.3
2025-01-06T15:00Z,28.77
2025-01-06T16:00Z,25.68
2025-01-06T17:00Z,24.5
2025-01-06T18:00Z,22.97
2025-01-06T19:00Z,21.76
2025-01-06T20:00Z,21.22
2025-01-06T21:00Z,21.98
2025-01-06T22:00Z,30.48
2025-01-06T23:00Z,56.44
2025-01-07T00:00Z,73.48
2025-01-07T01:00Z,62.03
2025-01-07T02:00Z,56.78
2025-01-07T03:00Z,45.51
2025-01-07T04:00Z,37.74
2025-01-07T05:00Z,34.08
2025-01-07T06:00Z,39.58
2025-01-07T07:00Z,39.94
2025-01-07T08:00Z,40.43
2025-01-07T09:00Z,44.59
2025-01-07T10:00Z,45.36
2025-01-07T11:00Z,60.52
2025-01-07T12:00Z,102.49
2025-01-07T13:00Z,110.26
2025-01-07T14:00Z,57.7
2025-01-07T15:00Z,32.47
2025-01-07T16:00Z,28.25
2025-01-07T17:00Z,25.37
2025-01-07T18:00Z,24.9
2025-01-07T19:00Z,23.02
2025-01-07T20:00Z,21.12
2025-01-07T21:00Z,19.01
2025-01-07T22:00Z,24.42
2025-01-07T23:00Z,33.62
2025-01-08T00:00Z,38.19
2025-01-08T01:00Z,35.82
2025-01-08T02:00Z,34.4
2025-01-08T03:00Z,32.46
2025-01-08T04:00Z,29.43
2025-01-08T05:00Z,29.48
2025-01-08T06:00Z,28.22
2025-01-08T07:00Z,27.67
2025-01-08T08:00Z,28.52
2025-01-08T09:00Z,29.38
2025-01-08T10:00Z,32.43
2025-01-08T11:00Z,40.83
2025-01-08T12:00Z,59.49
2025-01-08T13:00Z,73.35
2025-01-08T14:00Z,55.93
2025-01-08T15:00Z,41.43
2025-01-08T16:00Z,40.02
2025-01-08T17:00Z,32.53
2025-01-08T18:00Z,28.42
2025-01-08T19:00Z,27.68
2025-01-08T20:00Z,26.44
2025-01-08T21:00Z,26.09
2025-01-08T22:00Z,34.18
2025-01-08T23:00Z,63.4
2025-01-09T00:00Z,64.28
2025-01-09T01:00Z,55.18
2025-01-09T02:00Z,43.03
2025-01-09T03:00Z,37.5
2025-01-09T04:00Z,29.44
2025-01-09T05:00Z,27.93
2025-01-09T06:00Z,28.17
2025-01-09T07:00Z,27.62
2025-01-09T08:00Z,26.94
2025-01-09T09:00Z,27.65
2025-01-09T10:00Z,28.85
2025-01-09T11:00Z,33.19
2025-01-09T12:00Z,44.19
2025-01-09T13:00Z,54.16
2025-01-09T14:00Z,56.2
2025-01-09T15:00Z,54.71
2025-01-09T16:00Z,56.36
2025-01-09T17:00Z,49.84
2025-01-09T18:00Z,45.63
2025-01-09T19:00Z,47.2
2025-01-09T20:00Z,45.47
2025-01-09T21:00Z,48.76
2025-01-09T22:00Z,60.53
2025-01-09T23:00Z,77.34
2025-01-10T00:00Z,71.69
2025-01-10T01:00Z,58.69
2025-01-10T02:00Z,51.61
2025-01-10T03:00Z,44.55
2025-01-10T04:00Z,30.81
2025-01-10T05:00Z,27.32
2025-01-10T06:00Z,31.08
2025-01-10T07:00Z,27.48
2025-01-10T08:00Z,25.07
2025-01-10T09:00Z,23.78
2025-01-10T10:00Z,24.08
2025-01-10T11:00Z,26.84
2025-01-10T12:00Z,32.11
2025-01-10T13:00Z,34.29
2025-01-10T14:00Z,30.95
2025-01-10T15:00Z,28.3
2025-01-10T16:00Z,25.72
2025-01-10T17:00Z,24.32
2025-01-10T18:00Z,22.62
2025-01-10T19:00Z,21.94
2025-01-10T20:00Z,21.4
2025-01-10T21:00Z,20.71
2025-01-10T22:00Z,25.93
2025-01-10T23:00Z,52.75
2025-01-11T00:00Z,61.89
2025-01-11T01:00Z,57.62
2025-01-11T02:00Z,45.94
2025-01-11T03:00Z,41.94
2025-01-11T04:00Z,32.1
2025-01-11T05:00Z,26.09
2025-01-11T06:00Z,26.8
2025-01-11T07:00Z,26.3
2025-01-11T08:00Z,25.6
2025-01-11T09:00Z,25.91
2025-01-11T10:00Z,26.91
2025-01-11T11:00Z,33.83
2025-01-11T12:00Z,37.76
2025-01-11T13:00Z,37.7
2025-01-11T14:00Z,32.84
2025-01-11T15:00Z,30.63
2025-01-11T16:00Z,23.31
2025-01-11T17:00Z,13.36
2025-01-11T18:00Z,4.69
2025-01-11T19:00Z,1.72
2025-01-11T20:00Z,0.75
2025-01-11T21:00Z,1.16
2025-01-11T22:00Z,6.09
2025-01-11T23:00Z,25.57
2025-01-12T00:00Z,28.49
2025-01-12T01:00Z,24.93
2025-01-12T02:00Z,24.92
2025-01-12T03:00Z,23.72
2025-01-12T04:00Z,22.58
2025-01-12T05:00Z,24.51
2025-01-12T06:00Z,24.82
2025-01-12T07:00Z,26.06
2025-01-12T08:00Z,24.81
2025-01-12T09:00Z,25.49
2025-01-12T10:00Z,25.61
2025-01-12T11:00Z,26.77
2025-01-12T12:00Z,33.81
2025-01-12T13:00Z,33.06
2025-01-12T14:00Z,27.33
2025-01-12T15:00Z,21.68
2025-01-12T16:00Z,17.37
2025-01-12T17:00Z,15.46
2025-01-12T18:00Z,17.41
2025-01-12T19:00Z,17.84
2025-01-12T20:00Z,15.07
2025-01-12T21:00Z,16.51
2025-01-12T22:00Z,23.97
2025-01-12T23:00Z,33.69
2025-01-13T00:00Z,38.71
2025-01-13T01:00Z,39.12
2025-01-13T02:00Z,39.81
2025-01-13T03:00Z,37.29
2025-01-13T04:00Z,31.91
2025-01-13T05:00Z,32.73
2025-01-13T06:00Z,25.86
2025-01-13T07:00Z,26.3
2025-01-13T08:00Z,27.49
2025-01-13T09:00Z,29.03
2025-01-13T10:00Z,33.31
2025-01-13T11:00Z,46.89
2025-01-13T12:00Z,70.18
2025-01-13T13:00Z,63.48
2025-01-13T14:00Z,37.76
2025-01-13T15:00Z,27.15
2025-01-13T16:00Z,24.13
2025-01-13T17:00Z,24.15
2025-01-13T18:00Z,22.55
2025-01-13T19:00Z,20.9
2025-01-13T20:00Z,17.19
2025-01-13T21:00Z,15.93
2025-01-13T22:00Z,25.02
2025-01-13T23:00Z,40.82
2025-01-14T00:00Z,37.79
2025-01-14T01:00Z,41.29
2025-01-14T02:00Z,38.36
2025-01-14T03:00Z,31.02
2025-01-14T04:00Z,27.1
2025-01-14T05:00Z,26.17
2025-01-14T06:00Z,25.67
2025-01-14T07:00Z,24.72
2025-01-14T08:00Z,25.67
2025-01-14T09:00Z,26.13
2025-01-14T10:00Z,27.61
2025-01-14T11:00Z,41.08
2025-01-14T12:00Z,62.19
2025-01-14T13:00Z,65.68
2025-01-14T14:00Z,36.6
2025-01-14T15:00Z,28.25
2025-01-14T16:00Z,26.84
2025-01-14T17:00Z,24.51
2025-01-14T18:00Z,22.77
2025-01-14T19:00Z,21.64
2025-01-14T20:00Z,21.23
2025-01-14T21:00Z,22.39
2025-01-14T22:00Z,27.29
2025-01-14T23:00Z,43.08
2025-01-15T00:00Z,43.96
2025-01-15T01:00Z,43.94
2025-01-15T02:00Z,36.68
2025-01-15T03:00Z,32.2
2025-01-15T04:00Z,30.07
2025-01-15T05:00Z,29.77
2025-01-15T06:00Z,30.9
2025-01-15T07:00Z,31.19
2025-01-15T08:00Z,31.05
2025-01-15T09:00Z,30.39
2025-01-15T10:00Z,31.39
2025-01-15T11:00Z,37.07
2025-01-15T12:00Z,54.6
2025-01-15T13:00Z,60.63
2025-01-15T14:00Z,40.14
2025-01-15T15:00Z,31.8
2025-01-15T16:00Z,28.68
2025-01-15T17:00Z,26.43
2025-01-15T18:00Z,24.7
2025-01-15T19:00Z,23.33
2025-01-15T20:00Z,22.22
2025-01-15T21:00Z,22.32
2025-01-15T22:00Z,26.91
2025-01-15T23:00Z,42.94
2025-01-16T00:00Z,44.79
2025-01-16T01:00Z,45.2
2025-01-16T02:00Z,45.03
2025-01-16T03:00Z,37.43
2025-01-16T04:00Z,32.77
2025-01-16T05:00Z,30.82
2025-01-16T06:00Z,37.58
2025-01-16T07:00Z,35.88
2025-01-16T08:00Z,34.45
2025-01-16T09:00Z,33.38
2025-01-16T10:00Z,33.79
2025-01-16T11:00Z,47.5
2025-01-16T12:00Z,79.64
2025-01-16T13:00Z,96.59
2025-01-16T14:00Z,45.0
2025-01-16T15:00Z,39.8
2025-01-16T16:00Z,33.86
2025-01-16T17:00Z,31.26
2025-01-16T18:00Z,27.96
2025-01-16T19:00Z,26.52
2025-01-16T20:00Z,25.71
2025-01-16T21:00Z,25.85
2025-01-16T22:00Z,29.91
2025-01-16T23:00Z,57.3
2025-01-17T00:00Z,56.66
2025-01-17T01:00Z,39.92
2025-01-17T02:00Z,32.97
2025-01-17T03:00Z,30.06
2025-01-17T04:00Z,24.98
2025-01-17T05:00Z,21.71
2025-01-17T06:00Z,13.78
2025-01-17T07:00Z,13.37
2025-01-17T08:00Z,12.46
2025-01-17T09:00Z,14.35
2025-01-17T10:00Z,16.95
2025-01-17T11:00Z,23.86
2025-01-17T12:00Z,31.72
2025-01-17T13:00Z,31.98
2025-01-17T14:00Z,24.44
2025-01-17T15:00Z,19.72
2025-01-17T16:00Z,14.75
2025-01-17T17:00Z,6.75
2025-01-17T18:00Z,2.83
2025-01-17T19:00Z,1.0
2025-01-17T20:00Z,0.83
2025-01-17T21:00Z,2.01
2025-01-17T22:00Z,3.98
2025-01-17T23:00Z,16.33
2025-01-18T00:00Z,19.78
2025-01-18T01:00Z,19.29
2025-01-18T02:00Z,18.35
2025-01-18T03:00Z,17.21
2025-01-18T04:00Z,16.11
2025-01-18T05:00Z,16.63
2025-01-18T06:00Z,14.19
2025-01-18T07:00Z,15.26
2025-01-18T08:00Z,15.82
2025-01-18T09:00Z,19.21
2025-01-18T10:00Z,23.49
2025-01-18T11:00Z,27.65
2025-01-18T12:00Z,31.29
2025-01-18T13:00Z,33.6
2025-01-18T14:00Z,23.24
2025-01-18T15:00Z,6.03
2025-01-18T16:00Z,5.31
2025-01-18T17:00Z,5.47
2025-01-18T18:00Z,10.69
2025-01-18T19:00Z,6.99
2025-01-18T20:00Z,1.19
2025-01-18T21:00Z,0.92
2025-01-18T22:00Z,3.15
2025-01-18T23:00Z,18.91
2025-01-19T00:00Z,16.98
2025-01-19T01:00Z,13.95
2025-01-19T02:00Z,9.76
2025-01-19T03:00Z,9.17
2025-01-19T04:00Z,17.15
2025-01-19T05:00Z,17.12
2025-01-19T06:00Z,16.04
2025-01-19T07:00Z,17.1
2025-01-19T08:00Z,17.42
2025-01-19T09:00Z,20.12
2025-01-19T10:00Z,30.08
2025-01-19T11:00Z,40.2
2025-01-19T12:00Z,51.26
2025-01-19T13:00Z,66.58
2025-01-19T14:00Z,42.9
2025-01-19T15:00Z,35.3
2025-01-19T16:00Z,29.65
2025-01-19T17:00Z,34.14
2025-01-19T18:00Z,31.81
2025-01-19T19:00Z,26.04
2025-01-19T20:00Z,19.31
2025-01-19T21:00Z,25.46
2025-01-19T22:00Z,35.56
2025-01-19T23:00Z,117.67
2025-01-20T00:00Z,121.24
2025-01-20T01:00Z,106.77
2025-01-20T02:00Z,90.41
2025-01-20T03:00Z,65.37
2025-01-20T04:00Z,42.82
2025-01-20T05:00Z,37.3
2025-01-20T06:00Z,50.34
2025-01-20T07:00Z,47.71
2025-01-20T08:00Z,47.63
2025-01-20T09:00Z,44.25
2025-01-20T10:00Z,42.24
2025-01-20T11:00Z,58.79
2025-01-20T12:00Z,76.46
2025-01-20T13:00Z,92.48
2025-01-20T14:00Z,60.27
2025-01-20T15:00Z,53.6
2025-01-20T16:00Z,39.8
2025-01-20T17:00Z,29.76
2025-01-20T18:00Z,39.68
2025-01-20T19:00Z,41.69
2025-01-20T20:00Z,43.04
2025-01-20T21:00Z,47.76
2025-01-20T22:00Z,60.23
2025-01-20T23:00Z,79.42
2025-01-21T00:00Z,78.59
2025-01-21T01:00Z,58.64
2025-01-21T02:00Z,57.15
2025-01-21T03:00Z,50.91
2025-01-21T04:00Z,56.11
2025-01-21T05:00Z,54.69
2025-01-21T06:00Z,55.39
2025-01-21T07:00Z,51.55
2025-01-21T08:00Z,55.19
2025-01-21T09:00Z,63.6
2025-01-21T10:00Z,70.9
2025-01-21T11:00Z,97.69
2025-01-21T12:00Z,121.22
2025-01-21T13:00Z,180.3
2025-01-21T14:00Z,159.71
2025-01-21T15:00Z,107.12
2025-01-21T16:00Z,82.63
2025-01-21T17:00Z,57.16
2025-01-21T18:00Z,47.15
2025-01-21T19:00Z,41.71
2025-01-21T20:00Z,36.38
2025-01-21T21:00Z,34.0
2025-01-21T22:00Z,41.29
2025-01-21T23:00Z,77.9
2025-01-22T00:00Z,87.88
2025-01-22T01:00Z,89.47
2025-01-22T02:00Z,98.73
2025-01-22T03:00Z,79.18
2025-01-22T04:00Z,78.81
2025-01-22T05:00Z,70.16
2025-01-22T06:00Z,53.87
2025-01-22T07:00Z,48.07
2025-01-22T08:00Z,48.93
2025-01-22T09:00Z,48.72
2025-01-22T10:00Z,51.57
2025-01-22T11:00Z,65.42
2025-01-22T12:00Z,112.66
2025-01-22T13:00Z,111.9
2025-01-22T14:00Z,76.54
2025-01-22T15:00Z,39.46
2025-01-22T16:00Z,25.03
2025-01-22T17:00Z,22.91
2025-01-22T18:00Z,21.6
2025-01-22T19:00Z,20.34
2025-01-22T20:00Z,16.67
2025-01-22T21:00Z,15.68
2025-01-22T22:00Z,23.46
2025-01-22T23:00Z,35.08
2025-01-23T00:00Z,39.49
2025-01-23T01:00Z,37.4
2025-01-23T02:00Z,35.45
2025-01-23T03:00Z,35.78
2025-01-23T04:00Z,32.03
2025-01-23T05:00Z,29.42
2025-01-23T06:00Z,26.85
2025-01-23T07:00Z,26.47
2025-01-23T08:00Z,26.72
2025-01-23T09:00Z,30.73
2025-01-23T10:00Z,28.56
2025-01-23T11:00Z,41.35
2025-01-23T12:00Z,55.32
2025-01-23T13:00Z,55.14
2025-01-23T14:00Z,32.34
2025-01-23T15:00Z,21.39
2025-01-23T16:00Z,16.82
2025-01-23T17:00Z,13.93
2025-01-23T18:00Z,9.53
2025-01-23T19:00Z,8.02
2025-01-23T20:00Z,4.9
2025-01-23T21:00Z,4.92
2025-01-23T22:00Z,16.36
2025-01-23T23:00Z,32.08
2025-01-24T00:00Z,41.54
2025-01-24T01:00Z,45.05
2025-01-24T02:00Z,49.2
2025-01-24T03:00Z,52.2
2025-01-24T04:00Z,54.54
2025-01-24T05:00Z,46.09
2025-01-24T06:00Z,42.79
2025-01-24T07:00Z,34.06
2025-01-24T08:00Z,28.68
2025-01-24T09:00Z,28.96
2025-01-24T10:00Z,28.43
2025-01-24T11:00Z,32.78
2025-01-24T12:00Z,44.13
2025-01-24T13:00Z,46.43
2025-01-24T14:00Z,32.92
2025-01-24T15:00Z,24.02
2025-01-24T16:00Z,16.78
2025-01-24T17:00Z,7.82
2025-01-24T18:00Z,7.89
2025-01-24T19:00Z,3.7
2025-01-24T20:00Z,0.95
2025-01-24T21:00Z,0.99
2025-01-24T22:00Z,5.44
2025-01-24T23:00Z,21.24
2025-01-25T00:00Z,27.76
2025-01-25T01:00Z,25.74
2025-01-25T02:00Z,26.91
2025-01-25T03:00Z,29.88
2025-01-25T04:00Z,30.13
2025-01-25T05:00Z,30.08
2025-01-25T06:00Z,28.52
2025-01-25T07:00Z,23.56
2025-01-25T08:00Z,22.93
2025-01-25T09:00Z,22.74
2025-01-25T10:00Z,21.68
2025-01-25T11:00Z,24.44
2025-01-25T12:00Z,33.05
2025-01-25T13:00Z,36.76
2025-01-25T14:00Z,27.46
2025-01-25T15:00Z,23.1
2025-01-25T16:00Z,20.83
2025-01-25T17:00Z,16.15
2025-01-25T18:00Z,16.28
2025-01-25T19:00Z,17.66
2025-01-25T20:00Z,20.48
2025-01-25T21:00Z,23.47
2025-01-25T22:00Z,23.83
2025-01-25T23:00Z,45.1
2025-01-26T00:00Z,35.96
2025-01-26T01:00Z,25.64
2025-01-26T02:00Z,22.54
2025-01-26T03:00Z,21.53
2025-01-26T04:00Z,25.79
2025-01-26T05:00Z,24.21
2025-01-26T06:00Z,25.91
2025-01-26T07:00Z,23.96
2025-01-26T08:00Z,22.6
2025-01-26T09:00Z,23.45
2025-01-26T10:00Z,26.25
2025-01-26T11:00Z,26.91
2025-01-26T12:00Z,27.7
2025-01-26T13:00Z,30.3
2025-01-26T14:00Z,34.0
2025-01-26T15:00Z,35.79
2025-01-26T16:00Z,36.6
2025-01-26T17:00Z,36.84
2025-01-26T18:00Z,31.7
2025-01-26T19:00Z,29.38
2025-01-26T20:00Z,29.48
2025-01-26T21:00Z,30.28
2025-01-26T22:00Z,36.26
2025-01-26T23:00Z,56.99
2025-01-27T00:00Z,58.09
2025-01-27T01:00Z,42.7
2025-01-27T02:00Z,37.84
2025-01-27T03:00Z,31.7
2025-01-27T04:00Z,29.61
2025-01-27T05:00Z,26.99
2025-01-27T06:00Z,23.38
2025-01-27T07:00Z,23.88
2025-01-27T08:00Z,25.06
2025-01-27T09:00Z,27.32
2025-01-27T10:00Z,28.76
2025-01-27T11:00Z,41.36
2025-01-27T12:00Z,57.08
2025-01-27T13:00Z,75.63
2025-01-27T14:00Z,54.61
2025-01-27T15:00Z,40.22
2025-01-27T16:00Z,34.31
2025-01-27T17:00Z,29.4
2025-01-27T18:00Z,24.17
2025-01-27T19:00Z,22.88
2025-01-27T20:00Z,22.9
2025-01-27T21:00Z,23.44
2025-01-27T22:00Z,28.01
2025-01-27T23:00Z,54.45
2025-01-28T00:00Z,62.66
2025-01-28T01:00Z,52.86
2025-01-28T02:00Z,44.18
2025-01-28T03:00Z,37.54
2025-01-28T04:00Z,33.46
2025-01-28T05:00Z,32.05
2025-01-28T06:00Z,27.2
2025-01-28T07:00Z,27.29
2025-01-28T08:00Z,27.78
2025-01-28T09:00Z,29.66
2025-01-28T10:00Z,30.88
2025-01-28T11:00Z,38.09
2025-01-28T12:00Z,57.77
2025-01-28T13:00Z,64.84
2025-01-28T14:00Z,49.18
2025-01-28T15:00Z,43.43
2025-01-28T16:00Z,36.03
2025-01-28T17:00Z,29.01
2025-01-28T18:00Z,25.81
2025-01-28T19:00Z,23.46
2025-01-28T20:00Z,23.62
2025-01-28T21:00Z,25.69
2025-01-28T22:00Z,33.98
2025-01-28T23:00Z,45.09
2025-01-29T00:00Z,46.16
2025-01-29T01:00Z,35.66
2025-01-29T02:00Z,30.26
2025-01-29T03:00Z,26.9
2025-01-29T04:00Z,26.79
2025-01-29T05:00Z,25.49
2025-01-29T06:00Z,27.01
2025-01-29T07:00Z,25.87
2025-01-29T08:00Z,25.65
2025-01-29T09:00Z,26.01
2025-01-29T10:00Z,27.41
2025-01-29T11:00Z,30.91
2025-01-29T12:00Z,41.29
2025-01-29T13:00Z,46.99
2025-01-29T14:00Z,44.1
2025-01-29T15:00Z,43.69
2025-01-29T16:00Z,35.87
2025-01-29T17:00Z,28.77
2025-01-29T18:00Z,25.97
2025-01-29T19:00Z,25.2
2025-01-29T20:00Z,22.86
2025-01-29T21:00Z,23.75
2025-01-29T22:00Z,27.22
2025-01-29T23:00Z,38.73
2025-01-30T00:00Z,44.37
2025-01-30T01:00Z,41.44
2025-01-30T02:00Z,38.68
2025-01-30T03:00Z,32.41
2025-01-30T04:00Z,30.22
2025-01-30T05:00Z,27.13
2025-01-30T06:00Z,28.19
2025-01-30T07:00Z,24.34
2025-01-30T08:00Z,23.24
2025-01-30T09:00Z,21.09
2025-01-30T10:00Z,21.23
2025-01-30T11:00Z,25.02
2025-01-30T12:00Z,32.4
2025-01-30T13:00Z,27.67
2025-01-30T14:00Z,23.26
2025-01-30T15:00Z,22.52
2025-01-30T16:00Z,21.74
2025-01-30T17:00Z,17.66
2025-01-30T18:00Z,15.51
2025-01-30T19:00Z,12.2
2025-01-30T20:00Z,10.5
2025-01-30T21:00Z,9.17
2025-01-30T22:00Z,15.26
2025-01-30T23:00Z,21.38
2025-01-31T00:00Z,24.66
2025-01-31T01:00Z,23.91
2025-01-31T02:00Z,20.28
2025-01-31T03:00Z,17.72
2025-01-31T04:00Z,17.12
2025-01-31T05:00Z,15.83
2025-01-31T06:00Z,13.66
2025-01-31T07:00Z,13.47
2025-01-31T08:00Z,12.55
2025-01-31T09:00Z,13.71
2025-01-31T10:00Z,14.48
2025-01-31T11:00Z,16.99
2025-01-31T12:00Z,23.42
2025-01-31T13:00Z,25.3
2025-01-31T14:00Z,18.4
2025-01-31T15:00Z,10.33
2025-01-31T16:00Z,7.29
2025-01-31T17:00Z,5.56
2025-01-31T18:00Z,5.04
2025-01-31T19:00Z,5.84
2025-01-31T20:00Z,10.53
2025-01-31T21:00Z,16.57
2025-01-31T22:00Z,23.44
2025-01-31T23:00Z,45.56
2025-02-01T00:00Z,58.0
2025-02-01T01:00Z,56.08
2025-02-01T02:00Z,50.89
2025-02-01T03:00Z,40.15
2025-02-01T04:00Z,30.19
2025-02-01T05:00Z,26.26
2025-02-01T06:00Z,32.37
2025-02-01T07:00Z,26.21
2025-02-01T08:00Z,23.77
2025-02-01T09:00Z,22.06
2025-02-01T10:00Z,22.69
2025-02-01T11:00Z,21.21
2025-02-01T12:00Z,23.3
2025-02-01T13:00Z,21.78
2025-02-01T14:00Z,18.27
2025-02-01T15:00Z,10.11
2025-02-01T16:00Z,6.19
2025-02-01T17:00Z,3.87
2025-02-01T18:00Z,1.95
2025-02-01T19:00Z,0.94
2025-02-01T20:00Z,0.01
2025-02-01T21:00Z,0.94
2025-02-01T22:00Z,6.9
2025-02-01T23:00Z,29.01
2025-02-02T00:00Z,23.75
2025-02-02T01:00Z,18.47
2025-02-02T02:00Z,17.13
2025-02-02T03:00Z,15.47
2025-02-02T04:00Z,15.28
2025-02-02T05:00Z,12.98
2025-02-02T06:00Z,13.7
2025-02-02T07:00Z,11.55
2025-02-02T08:00Z,11.2
2025-02-02T09:00Z,10.51
2025-02-02T10:00Z,11.68
2025-02-02T11:00Z,14.29
2025-02-02T12:00Z,18.15
2025-02-02T13:00Z,20.63
2025-02-02T14:00Z,11.22
2025-02-02T15:00Z,7.42
2025-02-02T16:00Z,9.3
2025-02-02T17:00Z,14.34
2025-02-02T18:00Z,13.5
2025-02-02T19:00Z,13.0
2025-02-02T20:00Z,8.19
2025-02-02T21:00Z,4.35
2025-02-02T22:00Z,13.94
2025-02-02T23:00Z,38.75
2025-02-03T00:00Z,31.43
2025-02-03T01:00Z,20.09
2025-02-03T02:00Z,14.52
2025-02-03T03:00Z,12.92
2025-02-03T04:00Z,13.0
2025-02-03T05:00Z,10.27
2025-02-03T06:00Z,5.13
2025-02-03T07:00Z,3.49
2025-02-03T08:00Z,2.0
2025-02-03T09:00Z,2.0
2025-02-03T10:00Z,5.22
2025-02-03T11:00Z,11.19
2025-02-03T12:00Z,17.37
2025-02-03T13:00Z,20.16
2025-02-03T14:00Z,12.34
2025-02-03T15:00Z,7.31
2025-02-03T16:00Z,10.13
2025-02-03T17:00Z,15.31
2025-02-03T18:00Z,18.08
2025-02-03T19:00Z,18.77
2025-02-03T20:00Z,20.06
2025-02-03T21:00Z,20.67
2025-02-03T22:00Z,19.77
2025-02-03T23:00Z,57.18
2025-02-04T00:00Z,44.35
2025-02-04T01:00Z,29.66
2025-02-04T02:00Z,24.21
2025-02-04T03:00Z,16.75
2025-02-04T04:00Z,22.2
2025-02-04T05:00Z,17.22
2025-02-04T06:00Z,12.9
2025-02-04T07:00Z,12.63
2025-02-04T08:00Z,13.39
2025-02-04T09:00Z,15.34
2025-02-04T10:00Z,16.52
2025-02-04T11:00Z,24.54
2025-02-04T12:00Z,27.27
2025-02-04T13:00Z,30.03
2025-02-04T14:00Z,27.67
2025-02-04T15:00Z,27.31
2025-02-04T16:00Z,24.12
2025-02-04T17:00Z,23.12
2025-02-04T18:00Z,21.34
2025-02-04T19:00Z,22.91
2025-02-04T20:00Z,20.58
2025-02-04T21:00Z,20.1
2025-02-04T22:00Z,18.32
2025-02-04T23:00Z,35.27
2025-02-05T00:00Z,33.14
2025-02-05T01:00Z,25.58
2025-02-05T02:00Z,21.31
2025-02-05T03:00Z,19.66
2025-02-05T04:00Z,18.07
2025-02-05T05:00Z,17.62
2025-02-05T06:00Z,22.42
2025-02-05T07:00Z,19.41
2025-02-05T08:00Z,16.06
2025-02-05T09:00Z,14.25
2025-02-05T10:00Z,12.61
2025-02-05T11:00Z,17.02
2025-02-05T12:00Z,22.67
2025-02-05T13:00Z,22.5
2025-02-05T14:00Z,16.8
2025-02-05T15:00Z,10.65
2025-02-05T16:00Z,9.11
2025-02-05T17:00Z,8.54
2025-02-05T18:00Z,8.26
2025-02-05T19:00Z,9.07
2025-02-05T20:00Z,10.24
2025-02-05T21:00Z,12.72
2025-02-05T22:00Z,15.91
2025-02-05T23:00Z,29.46
2025-02-06T00:00Z,30.87
2025-02-06T01:00Z,23.61
2025-02-06T02:00Z,18.8
2025-02-06T03:00Z,15.98
2025-02-06T04:00Z,14.94
2025-02-06T05:00Z,11.99
2025-02-06T06:00Z,12.43
2025-02-06T07:00Z,12.02
2025-02-06T08:00Z,12.65
2025-02-06T09:00Z,14.21
2025-02-06T10:00Z,17.44
2025-02-06T11:00Z,22.8
2025-02-06T12:00Z,26.14
2025-02-06T13:00Z,26.82
2025-02-06T14:00Z,22.93
2025-02-06T15:00Z,19.43
2025-02-06T16:00Z,21.62
2025-02-06T17:00Z,24.53
2025-02-06T18:00Z,23.98
2025-02-06T19:00Z,23.82
2025-02-06T20:00Z,21.04
2025-02-06T21:00Z,20.81
2025-02-06T22:00Z,24.32
2025-02-06T23:00Z,47.1
2025-02-07T00:00Z,45.02
2025-02-07T01:00Z,32.42
2025-02-07T02:00Z,26.87
2025-02-07T03:00Z,24.09
2025-02-07T04:00Z,23.14
2025-02-07T05:00Z,21.76
2025-02-07T06:00Z,22.39
2025-02-07T07:00Z,20.38
2025-02-07T08:00Z,20.02
2025-02-07T09:00Z,19.92
2025-02-07T10:00Z,23.02
2025-02-07T11:00Z,26.36
2025-02-07T12:00Z,30.6
2025-02-07T13:00Z,36.27
2025-02-07T14:00Z,26.04
2025-02-07T15:00Z,23.55
2025-02-07T16:00Z,20.57
2025-02-07T17:00Z,19.82
2025-02-07T18:00Z,18.89
2025-02-07T19:00Z,18.85
2025-02-07T20:00Z,17.98
2025-02-07T21:00Z,17.66
2025-02-07T22:00Z,18.81
2025-02-07T23:00Z,34.37
2025-02-08T00:00Z,31.32
2025-02-08T01:00Z,21.46
2025-02-08T02:00Z,17.74
2025-02-08T03:00Z,14.43
2025-02-08T04:00Z,13.6
2025-02-08T05:00Z,8.73
2025-02-08T06:00Z,10.32
2025-02-08T07:00Z,7.34
2025-02-08T08:00Z,6.1
2025-02-08T09:00Z,4.8
2025-02-08T10:00Z,5.49
2025-02-08T11:00Z,8.24
2025-02-08T12:00Z,11.93
2025-02-08T13:00Z,14.89
2025-02-08T14:00Z,8.3
2025-02-08T15:00Z,5.05
2025-02-08T16:00Z,6.59
2025-02-08T17:00Z,12.54
2025-02-08T18:00Z,17.08
2025-02-08T19:00Z,17.77
2025-02-08T20:00Z,18.93
2025-02-08T21:00Z,18.92
2025-02-08T22:00Z,19.09
2025-02-08T23:00Z,31.38
2025-02-09T00:00Z,33.76
2025-02-09T01:00Z,27.34
2025-02-09T02:00Z,24.55
2025-02-09T03:00Z,18.98
2025-02-09T04:00Z,23.0
2025-02-09T05:00Z,25.31
2025-02-09T06:00Z,33.92
2025-02-09T07:00Z,29.52
2025-02-09T08:00Z,31.6
2025-02-09T09:00Z,30.6
2025-02-09T10:00Z,29.18
2025-02-09T11:00Z,28.7
2025-02-09T12:00Z,23.19
2025-02-09T13:00Z,27.32
2025-02-09T14:00Z,26.74
2025-02-09T15:00Z,25.04
2025-02-09T16:00Z,27.1
2025-02-09T17:00Z,27.81
2025-02-09T18:00Z,25.46
2025-02-09T19:00Z,27.05
2025-02-09T20:00Z,25.4
2025-02-09T21:00Z,26.6
2025-02-09T22:00Z,28.34
2025-02-09T23:00Z,35.88
2025-02-10T00:00Z,41.85
2025-02-10T01:00Z,37.18
2025-02-10T02:00Z,38.35
2025-02-10T03:00Z,35.94
2025-02-10T04:00Z,31.93
2025-02-10T05:00Z,28.44
2025-02-10T06:00Z,23.32
2025-02-10T07:00Z,22.62
2025-02-10T08:00Z,22.45
2025-02-10T09:00Z,23.13
2025-02-10T10:00Z,26.4
2025-02-10T11:00Z,35.63
2025-02-10T12:00Z,39.16
2025-02-10T13:00Z,47.18
2025-02-10T14:00Z,40.43
2025-02-10T15:00Z,45.84
2025-02-10T16:00Z,45.03
2025-02-10T17:00Z,35.94
2025-02-10T18:00Z,30.29
2025-02-10T19:00Z,28.52
2025-02-10T20:00Z,26.85
2025-02-10T21:00Z,27.73
2025-02-10T22:00Z,30.47
2025-02-10T23:00Z,38.23
2025-02-11T00:00Z,46.92
2025-02-11T01:00Z,43.38
2025-02-11T02:00Z,38.4
2025-02-11T03:00Z,33.37
2025-02-11T04:00Z,27.9
2025-02-11T05:00Z,25.89
2025-02-11T06:00Z,23.0
2025-02-11T07:00Z,21.84
2025-02-11T08:00Z,21.21
2025-02-11T09:00Z,21.03
2025-02-11T10:00Z,23.14
2025-02-11T11:00Z,27.71
2025-02-11T12:00Z,31.41
2025-02-11T13:00Z,34.04
2025-02-11T14:00Z,35.32
2025-02-11T15:00Z,30.24
2025-02-11T16:00Z,28.38
2025-02-11T17:00Z,26.37
2025-02-11T18:00Z,25.15
2025-02-11T19:00Z,23.62
2025-02-11T20:00Z,22.95
2025-02-11T21:00Z,22.98
2025-02-11T22:00Z,25.63
2025-02-11T23:00Z,29.9
2025-02-12T00:00Z,34.32
2025-02-12T01:00Z,29.91
2025-02-12T02:00Z,30.77
2025-02-12T03:00Z,27.96
2025-02-12T04:00Z,26.23
2025-02-12T05:00Z,25.03
2025-02-12T06:00Z,23.82
2025-02-12T07:00Z,25.75
2025-02-12T08:00Z,27.37
2025-02-12T09:00Z,27.93
2025-02-12T10:00Z,28.75
2025-02-12T11:00Z,34.95
2025-02-12T12:00Z,44.4
2025-02-12T13:00Z,46.67
2025-02-12T14:00Z,31.27
2025-02-12T15:00Z,24.13
2025-02-12T16:00Z,23.68
2025-02-12T17:00Z,20.74
2025-02-12T18:00Z,18.47
2025-02-12T19:00Z,16.91
2025-02-12T20:00Z,14.72
2025-02-12T21:00Z,10.92
2025-02-12T22:00Z,14.0
2025-02-12T23:00Z,24.81
2025-02-13T00:00Z,28.47
2025-02-13T01:00Z,24.16
2025-02-13T02:00Z,29.65
2025-02-13T03:00Z,28.68
2025-02-13T04:00Z,25.71
2025-02-13T05:00Z,26.63
2025-02-13T06:00Z,35.42
2025-02-13T07:00Z,31.61
2025-02-13T08:00Z,30.84
2025-02-13T09:00Z,31.47
2025-02-13T10:00Z,34.31
2025-02-13T11:00Z,51.68
2025-02-13T12:00Z,86.27
2025-02-13T13:00Z,106.71
2025-02-13T14:00Z,70.28
2025-02-13T15:00Z,53.62
2025-02-13T16:00Z,42.34
2025-02-13T17:00Z,31.68
2025-02-13T18:00Z,28.08
2025-02-13T19:00Z,25.56
2025-02-13T20:00Z,25.04
2025-02-13T21:00Z,25.91
2025-02-13T22:00Z,30.86
2025-02-13T23:00Z,39.41
2025-02-14T00:00Z,48.12
2025-02-14T01:00Z,48.75
2025-02-14T02:00Z,43.14
2025-02-14T03:00Z,37.79
2025-02-14T04:00Z,35.38
2025-02-14T05:00Z,31.11
2025-02-14T06:00Z,31.33
2025-02-14T07:00Z,26.83
2025-02-14T08:00Z,25.99
2025-02-14T09:00Z,26.23
2025-02-14T10:00Z,26.64
2025-02-14T11:00Z,31.74
2025-02-14T12:00Z,37.65
2025-02-14T13:00Z,35.36
2025-02-14T14:00Z,30.92
2025-02-14T15:00Z,33.75
2025-02-14T16:00Z,31.09
2025-02-14T17:00Z,29.37
2025-02-14T18:00Z,26.77
2025-02-14T19:00Z,24.1
2025-02-14T20:00Z,23.92
2025-02-14T21:00Z,23.28
2025-02-14T22:00Z,23.74
2025-02-14T23:00Z,26.76
2025-02-15T00:00Z,37.87
2025-02-15T01:00Z,33.27
2025-02-15T02:00Z,33.79
2025-02-15T03:00Z,27.7
2025-02-15T04:00Z,25.58
2025-02-15T05:00Z,23.88
2025-02-15T06:00Z,19.19
2025-02-15T07:00Z,17.48
2025-02-15T08:00Z,17.48
2025-02-15T09:00Z,17.46
2025-02-15T10:00Z,18.72
2025-02-15T11:00Z,23.78
2025-02-15T12:00Z,28.0
2025-02-15T13:00Z,29.21
2025-02-15T14:00Z,27.61
2025-02-15T15:00Z,22.2
2025-02-15T16:00Z,16.79
2025-02-15T17:00Z,13.14
2025-02-15T18:00Z,5.11
2025-02-15T19:00Z,2.0
2025-02-15T20:00Z,1.02
2025-02-15T21:00Z,0.44
2025-02-15T22:00Z,1.65
2025-02-15T23:00Z,16.31
2025-02-16T00:00Z,25.63
2025-02-16T01:00Z,26.54
2025-02-16T02:00Z,26.75
2025-02-16T03:00Z,29.16
2025-02-16T04:00Z,28.67
2025-02-16T05:00Z,27.91
2025-02-16T06:00Z,26.55
2025-02-16T07:00Z,23.38
2025-02-16T08:00Z,20.46
2025-02-16T09:00Z,23.2
2025-02-16T10:00Z,26.1
2025-02-16T11:00Z,33.69
2025-02-16T12:00Z,38.47
2025-02-16T13:00Z,48.98
2025-02-16T14:00Z,27.53
2025-02-16T15:00Z,24.7
2025-02-16T16:00Z,22.11
2025-02-16T17:00Z,25.45
2025-02-16T18:00Z,28.32
2025-02-16T19:00Z,24.14
2025-02-16T20:00Z,19.64
2025-02-16T21:00Z,19.76
2025-02-16T22:00Z,28.41
2025-02-16T23:00Z,34.3
2025-02-17T00:00Z,51.15
2025-02-17T01:00Z,47.91
2025-02-17T02:00Z,38.57
2025-02-17T03:00Z,34.45
2025-02-17T04:00Z,31.79
2025-02-17T05:00Z,27.48
2025-02-17T06:00Z,22.47
2025-02-17T07:00Z,22.61
2025-02-17T08:00Z,22.68
2025-02-17T09:00Z,23.41
2025-02-17T10:00Z,26.81
2025-02-17T11:00Z,40.67
2025-02-17T12:00Z,43.26
2025-02-17T13:00Z,44.11
2025-02-17T14:00Z,30.08
2025-02-17T15:00Z,31.14
2025-02-17T16:00Z,21.37
2025-02-17T17:00Z,15.54
2025-02-17T18:00Z,7.43
2025-02-17T19:00Z,3.3
2025-02-17T20:00Z,1.22
2025-02-17T21:00Z,1.01
2025-02-17T22:00Z,2.34
2025-02-17T23:00Z,19.12
2025-02-18T00:00Z,26.5
2025-02-18T01:00Z,24.14
2025-02-18T02:00Z,23.95
2025-02-18T03:00Z,20.66
2025-02-18T04:00Z,20.37
2025-02-18T05:00Z,18.38
2025-02-18T06:00Z,17.28
2025-02-18T07:00Z,18.4
2025-02-18T08:00Z,18.64
2025-02-18T09:00Z,21.18
2025-02-18T10:00Z,22.57
2025-02-18T11:00Z,24.88
2025-02-18T12:00Z,32.31
2025-02-18T13:00Z,33.98
2025-02-18T14:00Z,31.92
2025-02-18T15:00Z,24.96
2025-02-18T16:00Z,23.63
2025-02-18T17:00Z,21.94
2025-02-18T18:00Z,20.63
2025-02-18T19:00Z,20.33
2025-02-18T20:00Z,21.91
2025-02-18T21:00Z,22.94
2025-02-18T22:00Z,26.08
2025-02-18T23:00Z,27.3
2025-02-19T00:00Z,35.33
2025-02-19T01:00Z,32.08
2025-02-19T02:00Z,32.55
2025-02-19T03:00Z,27.23
2025-02-19T04:00Z,28.95
2025-02-19T05:00Z,27.75
2025-02-19T06:00Z,27.1
2025-02-19T07:00Z,25.33
2025-02-19T08:00Z,25.73
2025-02-19T09:00Z,27.83
2025-02-19T10:00Z,32.25
2025-02-19T11:00Z,47.96
2025-02-19T12:00Z,64.81
2025-02-19T13:00Z,79.53
2025-02-19T14:00Z,60.74
2025-02-19T15:00Z,44.36
2025-02-19T16:00Z,36.98
2025-02-19T17:00Z,32.59
2025-02-19T18:00Z,28.76
2025-02-19T19:00Z,28.02
2025-02-19T20:00Z,27.09
2025-02-19T21:00Z,25.66
2025-02-19T22:00Z,29.78
2025-02-19T23:00Z,53.07
2025-02-20T00:00Z,116.1
2025-02-20T01:00Z,102.52
2025-02-20T02:00Z,121.61
2025-02-20T03:00Z,93.11
2025-02-20T04:00Z,115.25
2025-02-20T05:00Z,99.34
2025-02-20T06:00Z,115.61
2025-02-20T07:00Z,111.73
2025-02-20T08:00Z,117.89
2025-02-20T09:00Z,119.02
2025-02-20T10:00Z,140.51
2025-02-20T11:00Z,296.06
2025-02-20T12:00Z,941.01
2025-02-20T13:00Z,959.39
2025-02-20T14:00Z,327.62
2025-02-20T15:00Z,120.91
2025-02-20T16:00Z,65.81
2025-02-20T17:00Z,51.21
2025-02-20T18:00Z,46.44
2025-02-20T19:00Z,47.19
2025-02-20T20:00Z,44.55
2025-02-20T21:00Z,40.35
2025-02-20T22:00Z,41.86
2025-02-20T23:00Z,75.12
2025-02-21T00:00Z,136.11
2025-02-21T01:00Z,147.73
2025-02-21T02:00Z,119.67
2025-02-21T03:00Z,98.88
2025-02-21T04:00Z,66.84
2025-02-21T05:00Z,65.1
2025-02-21T06:00Z,75.07
2025-02-21T07:00Z,62.97
2025-02-21T08:00Z,62.26
2025-02-21T09:00Z,69.13
2025-02-21T10:00Z,79.98
2025-02-21T11:00Z,127.13
2025-02-21T12:00Z,231.4
2025-02-21T13:00Z,253.11
2025-02-21T14:00Z,146.92
2025-02-21T15:00Z,77.43
2025-02-21T16:00Z,59.21
2025-02-21T17:00Z,51.73
2025-02-21T18:00Z,41.64
2025-02-21T19:00Z,40.12
2025-02-21T20:00Z,39.31
2025-02-21T21:00Z,40.25
2025-02-21T22:00Z,51.74
2025-02-21T23:00Z,62.3
2025-02-22T00:00Z,119.43
2025-02-22T01:00Z,113.72
2025-02-22T02:00Z,99.8
2025-02-22T03:00Z,60.44
2025-02-22T04:00Z,58.38
2025-02-22T05:00Z,53.4
2025-02-22T06:00Z,58.38
2025-02-22T07:00Z,51.25
2025-02-22T08:00Z,47.91
2025-02-22T09:00Z,49.37
2025-02-22T10:00Z,51.87
2025-02-22T11:00Z,55.17
2025-02-22T12:00Z,108.31
2025-02-22T13:00Z,105.91
2025-02-22T14:00Z,70.83
2025-02-22T15:00Z,57.79
2025-02-22T16:00Z,52.76
2025-02-22T17:00Z,35.69
2025-02-22T18:00Z,30.96
2025-02-22T19:00Z,26.92
2025-02-22T20:00Z,25.43
2025-02-22T21:00Z,25.91
2025-02-22T22:00Z,28.81
2025-02-22T23:00Z,44.88
2025-02-23T00:00Z,58.66
2025-02-23T01:00Z,54.9
2025-02-23T02:00Z,43.51
2025-02-23T03:00Z,41.02
2025-02-23T04:00Z,32.19
2025-02-23T05:00Z,29.69
2025-02-23T06:00Z,29.98
2025-02-23T07:00Z,27.73
2025-02-23T08:00Z,26.17
2025-02-23T09:00Z,26.6
2025-02-23T10:00Z,28.82
2025-02-23T11:00Z,36.07
2025-02-23T12:00Z,45.09
2025-02-23T13:00Z,45.11
2025-02-23T14:00Z,32.98
2025-02-23T15:00Z,29.16
2025-02-23T16:00Z,28.29
2025-02-23T17:00Z,26.54
2025-02-23T18:00Z,22.67
2025-02-23T19:00Z,20.06
2025-02-23T20:00Z,18.98
2025-02-23T21:00Z,20.03
2025-02-23T22:00Z,22.77
2025-02-23T23:00Z,33.57
2025-02-24T00:00Z,52.79
2025-02-24T01:00Z,54.02
2025-02-24T02:00Z,60.61
2025-02-24T03:00Z,48.9
2025-02-24T04:00Z,34.96
2025-02-24T05:00Z,33.58
2025-02-24T06:00Z,36.61
2025-02-24T07:00Z,34.81
2025-02-24T08:00Z,34.28
2025-02-24T09:00Z,33.07
2025-02-24T10:00Z,33.63
2025-02-24T11:00Z,42.67
2025-02-24T12:00Z,51.23
2025-02-24T13:00Z,46.81
2025-02-24T14:00Z,30.56
2025-02-24T15:00Z,28.87
2025-02-24T16:00Z,26.55
2025-02-24T17:00Z,21.15
2025-02-24T18:00Z,17.79
2025-02-24T19:00Z,16.65
2025-02-24T20:00Z,15.08
2025-02-24T21:00Z,14.53
2025-02-24T22:00Z,18.08
2025-02-24T23:00Z,30.73
2025-02-25T00:00Z,54.4
2025-02-25T01:00Z,38.47
2025-02-25T02:00Z,34.19
2025-02-25T03:00Z,27.19
2025-02-25T04:00Z,25.64
2025-02-25T05:00Z,27.29
2025-02-25T06:00Z,24.63
2025-02-25T07:00Z,24.92
2025-02-25T08:00Z,26.31
2025-02-25T09:00Z,28.43
2025-02-25T10:00Z,34.28
2025-02-25T11:00Z,46.15
2025-02-25T12:00Z,54.89
2025-02-25T13:00Z,50.18
2025-02-25T14:00Z,28.45
2025-02-25T15:00Z,22.28
2025-02-25T16:00Z,19.44
2025-02-25T17:00Z,18.48
2025-02-25T18:00Z,16.09
2025-02-25T19:00Z,15.96
2025-02-25T20:00Z,14.1
2025-02-25T21:00Z,12.24
2025-02-25T22:00Z,17.89
2025-02-25T23:00Z,31.29
2025-02-26T00:00Z,51.13
2025-02-26T01:00Z,36.24
2025-02-26T02:00Z,28.82
2025-02-26T03:00Z,23.28
2025-02-26T04:00Z,20.63
2025-02-26T05:00Z,19.99
2025-02-26T06:00Z,15.82
2025-02-26T07:00Z,14.85
2025-02-26T08:00Z,14.93
2025-02-26T09:00Z,15.16
2025-02-26T10:00Z,17.84
2025-02-26T11:00Z,23.43
2025-02-26T12:00Z,34.94
2025-02-26T13:00Z,34.25
2025-02-26T14:00Z,19.4
2025-02-26T15:00Z,11.54
2025-02-26T16:00Z,9.15
2025-02-26T17:00Z,5.47
2025-02-26T18:00Z,5.46
2025-02-26T19:00Z,4.08
2025-02-26T20:00Z,3.76
2025-02-26T21:00Z,4.15
2025-02-26T22:00Z,13.63
2025-02-26T23:00Z,23.76
2025-02-27T00:00Z,32.75
2025-02-27T01:00Z,31.67
2025-02-27T02:00Z,30.69
2025-02-27T03:00Z,23.52
2025-02-27T04:00Z,23.75
2025-02-27T05:00Z,25.67
2025-02-27T06:00Z,16.42
2025-02-27T07:00Z,17.57
2025-02-27T08:00Z,19.06
2025-02-27T09:00Z,20.49
2025-02-27T10:00Z,21.09
2025-02-27T11:00Z,24.52
2025-02-27T12:00Z,33.38
2025-02-27T13:00Z,38.35
2025-02-27T14:00Z,29.0
2025-02-27T15:00Z,21.11
2025-02-27T16:00Z,16.59
2025-02-27T17:00Z,12.06
2025-02-27T18:00Z,13.08
2025-02-27T19:00Z,15.65
2025-02-27T20:00Z,20.47
2025-02-27T21:00Z,20.42
2025-02-27T22:00Z,23.08
2025-02-27T23:00Z,33.0
2025-02-28T00:00Z,59.58
2025-02-28T01:00Z,58.24
2025-02-28T02:00Z,55.4
2025-02-28T03:00Z,48.06
2025-02-28T04:00Z,42.47
2025-02-28T05:00Z,37.15
2025-02-28T06:00Z,28.88
2025-02-28T07:00Z,26.03
2025-02-28T08:00Z,23.2
2025-02-28T09:00Z,22.55
2025-02-28T10:00Z,22.97
2025-02-28T11:00Z,26.51
2025-02-28T12:00Z,32.57
2025-02-28T13:00Z,29.22
2025-02-28T14:00Z,23.53
2025-02-28T15:00Z,16.22
2025-02-28T16:00Z,9.47
2025-02-28T17:00Z,8.52
2025-02-28T18:00Z,8.19
2025-02-28T19:00Z,9.06
2025-02-28T20:00Z,10.47
2025-02-28T21:00Z,16.24
2025-02-28T22:00Z,20.82
2025-02-28T23:00Z,37.23
2025-03-01T00:00Z,64.77
2025-03-01T01:00Z,51.62
2025-03-01T02:00Z,41.27
2025-03-01T03:00Z,34.05
2025-03-01T04:00Z,29.39
2025-03-01T05:00Z,25.38
2025-03-01T06:00Z,30.19
2025-03-01T07:00Z,32.19
2025-03-01T08:00Z,33.01
2025-03-01T09:00Z,32.01
2025-03-01T10:00Z,34.64
2025-03-01T11:00Z,48.6
2025-03-01T12:00Z,46.15
2025-03-01T13:00Z,42.89
2025-03-01T14:00Z,22.22
2025-03-01T15:00Z,20.85
2025-03-01T16:00Z,20.5
2025-03-01T17:00Z,20.36
2025-03-01T18:00Z,21.16
2025-03-01T19:00Z,21.87
2025-03-01T20:00Z,21.8
2025-03-01T21:00Z,21.48
2025-03-01T22:00Z,24.56
2025-03-01T23:00Z,50.57
2025-03-02T00:00Z,69.26
2025-03-02T01:00Z,39.97
2025-03-02T02:00Z,25.74
2025-03-02T03:00Z,22.17
2025-03-02T04:00Z,20.26
2025-03-02T05:00Z,17.71
2025-03-02T06:00Z,21.94
2025-03-02T07:00Z,17.8
2025-03-02T08:00Z,16.23
2025-03-02T09:00Z,16.33
2025-03-02T10:00Z,15.79
2025-03-02T11:00Z,19.24
2025-03-02T12:00Z,21.82
2025-03-02T13:00Z,20.69
2025-03-02T14:00Z,10.68
2025-03-02T15:00Z,2.59
2025-03-02T16:00Z,0.2
2025-03-02T17:00Z,0.01
2025-03-02T18:00Z,0.1
2025-03-02T19:00Z,0.15
2025-03-02T20:00Z,0.54
2025-03-02T21:00Z,1.02
2025-03-02T22:00Z,11.99
2025-03-02T23:00Z,26.83
2025-03-03T00:00Z,42.13
2025-03-03T01:00Z,50.1
2025-03-03T02:00Z,39.78
2025-03-03T03:00Z,34.76
2025-03-03T04:00Z,33.4
2025-03-03T05:00Z,27.91
2025-03-03T06:00Z,32.62
2025-03-03T07:00Z,30.38
2025-03-03T08:00Z,28.04
2025-03-03T09:00Z,32.13
2025-03-03T10:00Z,35.77
2025-03-03T11:00Z,45.22
2025-03-03T12:00Z,37.62
2025-03-03T13:00Z,41.11
2025-03-03T14:00Z,25.55
2025-03-03T15:00Z,21.8
2025-03-03T16:00Z,23.3
2025-03-03T17:00Z,21.41
2025-03-03T18:00Z,20.4
2025-03-03T19:00Z,21.56
2025-03-03T20:00Z,21.64
2025-03-03T21:00Z,21.66
2025-03-03T22:00Z,22.39
2025-03-03T23:00Z,33.28
2025-03-04T00:00Z,42.52
2025-03-04T01:00Z,38.03
2025-03-04T02:00Z,34.12
2025-03-04T03:00Z,27.09
2025-03-04T04:00Z,26.54
2025-03-04T05:00Z,28.96
2025-03-04T06:00Z,33.74
2025-03-04T07:00Z,24.07
2025-03-04T08:00Z,19.46
2025-03-04T09:00Z,17.82
2025-03-04T10:00Z,17.76
2025-03-04T11:00Z,22.87
2025-03-04T12:00Z,32.2
2025-03-04T13:00Z,31.62
2025-03-04T14:00Z,29.61
2025-03-04T15:00Z,21.36
2025-03-04T16:00Z,19.66
2025-03-04T17:00Z,13.92
2025-03-04T18:00Z,7.02
2025-03-04T19:00Z,6.86
2025-03-04T20:00Z,7.82
2025-03-04T21:00Z,7.59
2025-03-04T22:00Z,16.4
2025-03-04T23:00Z,26.09
2025-03-05T00:00Z,52.96
2025-03-05T01:00Z,41.53
2025-03-05T02:00Z,35.85
2025-03-05T03:00Z,32.16
2025-03-05T04:00Z,26.75
2025-03-05T05:00Z,23.24
2025-03-05T06:00Z,26.06
2025-03-05T07:00Z,25.91
2025-03-05T08:00Z,26.0
2025-03-05T09:00Z,25.91
2025-03-05T10:00Z,28.07
2025-03-05T11:00Z,32.01
2025-03-05T12:00Z,55.85
2025-03-05T13:00Z,43.77
2025-03-05T14:00Z,21.84
2025-03-05T15:00Z,17.36
2025-03-05T16:00Z,15.32
2025-03-05T17:00Z,17.54
2025-03-05T18:00Z,21.12
2025-03-05T19:00Z,23.31
2025-03-05T20:00Z,24.62
2025-03-05T21:00Z,24.45
2025-03-05T22:00Z,28.3
2025-03-05T23:00Z,50.61
2025-03-06T00:00Z,84.5
2025-03-06T01:00Z,62.37
2025-03-06T02:00Z,51.42
2025-03-06T03:00Z,30.42
2025-03-06T04:00Z,29.67
2025-03-06T05:00Z,28.3
2025-03-06T06:00Z,24.8
2025-03-06T07:00Z,21.88
2025-03-06T08:00Z,20.73
2025-03-06T09:00Z,22.34
2025-03-06T10:00Z,27.55
2025-03-06T11:00Z,40.62
2025-03-06T12:00Z,59.61
2025-03-06T13:00Z,39.65
2025-03-06T14:00Z,27.53
2025-03-06T15:00Z,18.66
2025-03-06T16:00Z,7.98
2025-03-06T17:00Z,3.88
2025-03-06T18:00Z,1.32
2025-03-06T19:00Z,1.75
2025-03-06T20:00Z,2.67
2025-03-06T21:00Z,10.28
2025-03-06T22:00Z,13.01
2025-03-06T23:00Z,23.64
2025-03-07T00:00Z,44.96
2025-03-07T01:00Z,42.7
2025-03-07T02:00Z,39.82
2025-03-07T03:00Z,29.6
2025-03-07T04:00Z,29.37
2025-03-07T05:00Z,27.4
2025-03-07T06:00Z,23.11
2025-03-07T07:00Z,21.36
2025-03-07T08:00Z,25.97
2025-03-07T09:00Z,25.72
2025-03-07T10:00Z,27.77
2025-03-07T11:00Z,39.02
2025-03-07T12:00Z,44.48
2025-03-07T13:00Z,48.42
2025-03-07T14:00Z,26.93
2025-03-07T15:00Z,22.78
2025-03-07T16:00Z,22.54
2025-03-07T17:00Z,21.36
2025-03-07T18:00Z,22.64
2025-03-07T19:00Z,27.71
2025-03-07T20:00Z,33.14
2025-03-07T21:00Z,33.98
2025-03-07T22:00Z,39.41
2025-03-07T23:00Z,70.11
2025-03-08T00:00Z,130.04
2025-03-08T01:00Z,101.17
2025-03-08T02:00Z,55.82
2025-03-08T03:00Z,43.95
2025-03-08T04:00Z,39.9
2025-03-08T05:00Z,35.01
2025-03-08T06:00Z,27.9
2025-03-08T07:00Z,24.9
2025-03-08T08:00Z,24.67
2025-03-08T09:00Z,26.35
2025-03-08T10:00Z,28.82
2025-03-08T11:00Z,31.12
2025-03-08T12:00Z,33.29
2025-03-08T13:00Z,35.91
2025-03-08T14:00Z,31.75
2025-03-08T15:00Z,28.89
2025-03-08T16:00Z,28.06
2025-03-08T17:00Z,29.61
2025-03-08T18:00Z,29.04
2025-03-08T19:00Z,29.07
2025-03-08T20:00Z,28.17
2025-03-08T21:00Z,25.81
2025-03-08T22:00Z,26.1
2025-03-08T23:00Z,30.03
2025-03-09T00:00Z,36.87
2025-03-09T01:00Z,44.94
2025-03-09T02:00Z,40.33
2025-03-09T03:00Z,36.53
2025-03-09T04:00Z,37.15
2025-03-09T05:00Z,35.13
2025-03-09T06:00Z,29.3
2025-03-09T07:00Z,27.66
2025-03-09T08:00Z,26.69
2025-03-09T09:00Z,26.58
2025-03-09T10:00Z,27.8
2025-03-09T11:00Z,30.56
2025-03-09T12:00Z,36.73
2025-03-09T13:00Z,39.34
2025-03-09T14:00Z,27.53
2025-03-09T15:00Z,24.79
2025-03-09T16:00Z,22.69
2025-03-09T17:00Z,20.04
2025-03-09T18:00Z,17.39
2025-03-09T19:00Z,16.21
2025-03-09T20:00Z,18.68
2025-03-09T21:00Z,22.09
2025-03-09T22:00Z,25.79
2025-03-09T23:00Z,34.81
2025-03-10T00:00Z,76.19
2025-03-10T01:00Z,103.76
2025-03-10T02:00Z,104.29
2025-03-10T03:00Z,79.13
2025-03-10T04:00Z,58.31
2025-03-10T05:00Z,52.79
2025-03-10T06:00Z,42.85
2025-03-10T07:00Z,42.67
2025-03-10T08:00Z,38.54
2025-03-10T09:00Z,41.53
2025-03-10T10:00Z,58.49
2025-03-10T11:00Z,72.35
2025-03-10T12:00Z,79.87
2025-03-10T13:00Z,49.87
2025-03-10T14:00Z,27.3
2025-03-10T15:00Z,25.59
2025-03-10T16:00Z,23.2
2025-03-10T17:00Z,16.02
2025-03-10T18:00Z,13.15
2025-03-10T19:00Z,8.2
2025-03-10T20:00Z,8.28
2025-03-10T21:00Z,6.47
2025-03-10T22:00Z,20.9
2025-03-10T23:00Z,30.81
2025-03-11T00:00Z,55.48
2025-03-11T01:00Z,32.37
2025-03-11T02:00Z,22.17
2025-03-11T03:00Z,21.9
2025-03-11T04:00Z,19.09
2025-03-11T05:00Z,17.2
2025-03-11T06:00Z,14.88
2025-03-11T07:00Z,14.84
2025-03-11T08:00Z,15.62
2025-03-11T09:00Z,16.76
2025-03-11T10:00Z,25.87
2025-03-11T11:00Z,32.61
2025-03-11T12:00Z,39.96
2025-03-11T13:00Z,30.39
2025-03-11T14:00Z,13.36
2025-03-11T15:00Z,4.64
2025-03-11T16:00Z,2.35
2025-03-11T17:00Z,2.22
2025-03-11T18:00Z,2.69
2025-03-11T19:00Z,3.67
2025-03-11T20:00Z,7.44
2025-03-11T21:00Z,11.65
2025-03-11T22:00Z,16.6
2025-03-11T23:00Z,45.2
2025-03-12T00:00Z,75.08
2025-03-12T01:00Z,49.46
2025-03-12T02:00Z,37.18
2025-03-12T03:00Z,27.32
2025-03-12T04:00Z,24.93
2025-03-12T05:00Z,17.88
2025-03-12T06:00Z,15.52
2025-03-12T07:00Z,13.68
2025-03-12T08:00Z,13.24
2025-03-12T09:00Z,14.85
2025-03-12T10:00Z,28.45
2025-03-12T11:00Z,38.57
2025-03-12T12:00Z,49.49
2025-03-12T13:00Z,48.44
2025-03-12T14:00Z,19.5
2025-03-12T15:00Z,8.66
2025-03-12T16:00Z,6.46
2025-03-12T17:00Z,6.76
2025-03-12T18:00Z,7.73
2025-03-12T19:00Z,11.27
2025-03-12T20:00Z,15.94
2025-03-12T21:00Z,22.68
2025-03-12T22:00Z,27.1
2025-03-12T23:00Z,38.95
2025-03-13T00:00Z,67.9
2025-03-13T01:00Z,60.91
2025-03-13T02:00Z,41.37
2025-03-13T03:00Z,33.4
2025-03-13T04:00Z,27.03
2025-03-13T05:00Z,23.11
2025-03-13T06:00Z,22.54
2025-03-13T07:00Z,21.99
2025-03-13T08:00Z,21.96
2025-03-13T09:00Z,25.5
2025-03-13T10:00Z,28.82
2025-03-13T11:00Z,46.29
2025-03-13T12:00Z,50.45
2025-03-13T13:00Z,33.83
2025-03-13T14:00Z,22.09
2025-03-13T15:00Z,22.74
2025-03-13T16:00Z,26.14
2025-03-13T17:00Z,27.1
2025-03-13T18:00Z,24.39
2025-03-13T19:00Z,22.46
2025-03-13T20:00Z,24.22
2025-03-13T21:00Z,28.7
2025-03-13T22:00Z,30.14
2025-03-13T23:00Z,45.2
2025-03-14T00:00Z,76.99
2025-03-14T01:00Z,52.95
2025-03-14T02:00Z,28.49
2025-03-14T03:00Z,32.46
2025-03-14T04:00Z,25.13
2025-03-14T05:00Z,24.42
2025-03-14T06:00Z,20.58
2025-03-14T07:00Z,16.2
2025-03-14T08:00Z,15.08
2025-03-14T09:00Z,17.27
2025-03-14T10:00Z,23.46
2025-03-14T11:00Z,32.81
2025-03-14T12:00Z,27.12
2025-03-14T13:00Z,23.98
2025-03-14T14:00Z,15.82
2025-03-14T15:00Z,12.29
2025-03-14T16:00Z,11.19
2025-03-14T17:00Z,9.02
2025-03-14T18:00Z,9.43
2025-03-14T19:00Z,11.54
2025-03-14T20:00Z,17.25
2025-03-14T21:00Z,22.85
2025-03-14T22:00Z,30.41
2025-03-14T23:00Z,36.89
2025-03-15T00:00Z,56.95
2025-03-15T01:00Z,45.24
2025-03-15T02:00Z,33.13
2025-03-15T03:00Z,29.49
2025-03-15T04:00Z,25.05
2025-03-15T05:00Z,22.72
2025-03-15T06:00Z,23.43
2025-03-15T07:00Z,22.65
2025-03-15T08:00Z,23.7
2025-03-15T09:00Z,23.19
2025-03-15T10:00Z,23.05
2025-03-15T11:00Z,24.77
2025-03-15T12:00Z,25.81
2025-03-15T13:00Z,20.99
2025-03-15T14:00Z,7.04
2025-03-15T15:00Z,4.01
2025-03-15T16:00Z,3.1
2025-03-15T17:00Z,3.6
2025-03-15T18:00Z,4.61
2025-03-15T19:00Z,4.68
2025-03-15T20:00Z,6.1
2025-03-15T21:00Z,8.28
2025-03-15T22:00Z,14.24
2025-03-15T23:00Z,22.02
2025-03-16T00:00Z,84.7
2025-03-16T01:00Z,101.33
2025-03-16T02:00Z,84.6
2025-03-16T03:00Z,61.55
2025-03-16T04:00Z,66.59
2025-03-16T05:00Z,55.87
2025-03-16T06:00Z,47.5
2025-03-16T07:00Z,43.04
2025-03-16T08:00Z,41.9
2025-03-16T09:00Z,42.03
2025-03-16T10:00Z,40.34
2025-03-16T11:00Z,41.6
2025-03-16T12:00Z,41.75
2025-03-16T13:00Z,27.51
2025-03-16T14:00Z,18.01
2025-03-16T15:00Z,18.38
2025-03-16T16:00Z,16.22
2025-03-16T17:00Z,14.78
2025-03-16T18:00Z,13.34
2025-03-16T19:00Z,8.79
2025-03-16T20:00Z,12.34
2025-03-16T21:00Z,18.17
2025-03-16T22:00Z,26.72
2025-03-16T23:00Z,58.54
2025-03-17T00:00Z,168.46
2025-03-17T01:00Z,130.74
2025-03-17T02:00Z,99.92
2025-03-17T03:00Z,39.56
2025-03-17T04:00Z,31.81
2025-03-17T05:00Z,22.61
2025-03-17T06:00Z,19.52
2025-03-17T07:00Z,18.49
2025-03-17T08:00Z,16.02
2025-03-17T09:00Z,16.91
2025-03-17T10:00Z,21.47
2025-03-17T11:00Z,29.93
2025-03-17T12:00Z,34.07
2025-03-17T13:00Z,20.55
2025-03-17T14:00Z,12.17
2025-03-17T15:00Z,5.29
2025-03-17T16:00Z,3.54
2025-03-17T17:00Z,3.65
2025-03-17T18:00Z,5.62
2025-03-17T19:00Z,8.11
2025-03-17T20:00Z,14.78
2025-03-17T21:00Z,20.86
2025-03-17T22:00Z,23.6
2025-03-17T23:00Z,34.58
2025-03-18T00:00Z,46.95
2025-03-18T01:00Z,46.72
2025-03-18T02:00Z,33.34
2025-03-18T03:00Z,28.61
2025-03-18T04:00Z,20.84
2025-03-18T05:00Z,18.0
2025-03-18T06:00Z,16.37
2025-03-18T07:00Z,13.41
2025-03-18T08:00Z,10.4
2025-03-18T09:00Z,12.49
2025-03-18T10:00Z,18.99
2025-03-18T11:00Z,23.8
2025-03-18T12:00Z,23.39
2025-03-18T13:00Z,16.57
2025-03-18T14:00Z,9.04
2025-03-18T15:00Z,5.77
2025-03-18T16:00Z,8.07
2025-03-18T17:00Z,9.02
2025-03-18T18:00Z,11.25
2025-03-18T19:00Z,14.63
2025-03-18T20:00Z,19.62
2025-03-18T21:00Z,25.97
2025-03-18T22:00Z,26.97
2025-03-18T23:00Z,36.15
2025-03-19T00:00Z,52.24
2025-03-19T01:00Z,48.98
2025-03-19T02:00Z,36.39
2025-03-19T03:00Z,30.67
2025-03-19T04:00Z,27.3
2025-03-19T05:00Z,25.13
2025-03-19T06:00Z,21.45
2025-03-19T07:00Z,17.48
2025-03-19T08:00Z,15.7
2025-03-19T09:00Z,18.67
2025-03-19T10:00Z,22.67
2025-03-19T11:00Z,31.16
2025-03-19T12:00Z,35.81
2025-03-19T13:00Z,21.5
2025-03-19T14:00Z,12.82
2025-03-19T15:00Z,6.7
2025-03-19T16:00Z,4.56
2025-03-19T17:00Z,3.29
2025-03-19T18:00Z,4.41
2025-03-19T19:00Z,5.2
2025-03-19T20:00Z,5.21
2025-03-19T21:00Z,10.77
2025-03-19T22:00Z,15.2
2025-03-19T23:00Z,19.0
2025-03-20T00:00Z,31.73
2025-03-20T01:00Z,48.9
2025-03-20T02:00Z,44.67
2025-03-20T03:00Z,39.09
2025-03-20T04:00Z,37.05
2025-03-20T05:00Z,35.43
2025-03-20T06:00Z,36.76
2025-03-20T07:00Z,39.2
2025-03-20T08:00Z,43.35
2025-03-20T09:00Z,50.07
2025-03-20T10:00Z,65.42
2025-03-20T11:00Z,102.34
2025-03-20T12:00Z,116.03
2025-03-20T13:00Z,54.4
2025-03-20T14:00Z,23.57
2025-03-20T15:00Z,24.06
2025-03-20T16:00Z,22.34
2025-03-20T17:00Z,20.75
2025-03-20T18:00Z,20.77
2025-03-20T19:00Z,16.69
2025-03-20T20:00Z,18.21
2025-03-20T21:00Z,14.32
2025-03-20T22:00Z,19.36
2025-03-20T23:00Z,33.19
2025-03-21T00:00Z,70.43
2025-03-21T01:00Z,43.9
2025-03-21T02:00Z,27.64
2025-03-21T03:00Z,22.22
2025-03-21T04:00Z,19.24
2025-03-21T05:00Z,13.98
2025-03-21T06:00Z,12.45
2025-03-21T07:00Z,12.96
2025-03-21T08:00Z,13.23
2025-03-21T09:00Z,16.17
2025-03-21T10:00Z,25.3
2025-03-21T11:00Z,36.98
2025-03-21T12:00Z,38.4
2025-03-21T13:00Z,21.79
2025-03-21T14:00Z,9.18
2025-03-21T15:00Z,1.17
2025-03-21T16:00Z,0.39
2025-03-21T17:00Z,1.37
2025-03-21T18:00Z,2.39
2025-03-21T19:00Z,7.31
2025-03-21T20:00Z,13.03
2025-03-21T21:00Z,15.32
2025-03-21T22:00Z,20.89
2025-03-21T23:00Z,39.61
2025-03-22T00:00Z,87.2
2025-03-22T01:00Z,66.64
2025-03-22T02:00Z,36.92
2025-03-22T03:00Z,32.05
2025-03-22T04:00Z,24.47
2025-03-22T05:00Z,23.16
2025-03-22T06:00Z,22.91
2025-03-22T07:00Z,24.28
2025-03-22T08:00Z,25.43
2025-03-22T09:00Z,26.59
2025-03-22T10:00Z,27.28
2025-03-22T11:00Z,27.05
2025-03-22T12:00Z,26.2
2025-03-22T13:00Z,25.74
2025-03-22T14:00Z,16.63
2025-03-22T15:00Z,8.94
2025-03-22T16:00Z,7.81
2025-03-22T17:00Z,7.13
2025-03-22T18:00Z,6.27
2025-03-22T19:00Z,8.46
2025-03-22T20:00Z,10.38
2025-03-22T21:00Z,14.56
2025-03-22T22:00Z,18.92
2025-03-22T23:00Z,31.24
2025-03-23T00:00Z,40.48
2025-03-23T01:00Z,35.51
2025-03-23T02:00Z,25.92
2025-03-23T03:00Z,23.55
2025-03-23T04:00Z,20.14
2025-03-23T05:00Z,17.59
2025-03-23T06:00Z,14.4
2025-03-23T07:00Z,12.41
2025-03-23T08:00Z,13.19
2025-03-23T09:00Z,14.25
2025-03-23T10:00Z,16.57
2025-03-23T11:00Z,19.5
2025-03-23T12:00Z,22.24
2025-03-23T13:00Z,19.93
2025-03-23T14:00Z,11.57
2025-03-23T15:00Z,10.94
2025-03-23T16:00Z,11.06
2025-03-23T17:00Z,11.9
2025-03-23T18:00Z,13.56
2025-03-23T19:00Z,18.52
2025-03-23T20:00Z,22.68
2025-03-23T21:00Z,25.41
2025-03-23T22:00Z,24.21
2025-03-23T23:00Z,38.96
2025-03-24T00:00Z,50.22
2025-03-24T01:00Z,49.29
2025-03-24T02:00Z,42.93
2025-03-24T03:00Z,39.25
2025-03-24T04:00Z,33.86
2025-03-24T05:00Z,29.02
2025-03-24T06:00Z,27.23
2025-03-24T07:00Z,26.97
2025-03-24T08:00Z,27.48
2025-03-24T09:00Z,30.83
2025-03-24T10:00Z,38.5
2025-03-24T11:00Z,44.87
2025-03-24T12:00Z,51.61
2025-03-24T13:00Z,35.95
2025-03-24T14:00Z,24.34
2025-03-24T15:00Z,20.2
2025-03-24T16:00Z,18.72
2025-03-24T17:00Z,21.1
2025-03-24T18:00Z,22.03
2025-03-24T19:00Z,24.7
2025-03-24T20:00Z,24.85
2025-03-24T21:00Z,28.96
2025-03-24T22:00Z,37.89
2025-03-24T23:00Z,72.76
2025-03-25T00:00Z,223.27
2025-03-25T01:00Z,201.92
2025-03-25T02:00Z,97.19
2025-03-25T03:00Z,45.92
2025-03-25T04:00Z,34.32
2025-03-25T05:00Z,28.52
2025-03-25T06:00Z,25.67
2025-03-25T07:00Z,23.63
2025-03-25T08:00Z,22.43
2025-03-25T09:00Z,23.38
2025-03-25T10:00Z,26.32
2025-03-25T11:00Z,29.27
2025-03-25T12:00Z,28.13
2025-03-25T13:00Z,24.32
2025-03-25T14:00Z,11.54
2025-03-25T15:00Z,10.33
2025-03-25T16:00Z,13.09
2025-03-25T17:00Z,20.18
2025-03-25T18:00Z,27.03
2025-03-25T19:00Z,31.0
2025-03-25T20:00Z,37.37
2025-03-25T21:00Z,34.89
2025-03-25T22:00Z,52.07
2025-03-25T23:00Z,87.04
2025-03-26T00:00Z,154.2
2025-03-26T01:00Z,88.89
2025-03-26T02:00Z,36.68
2025-03-26T03:00Z,28.33
2025-03-26T04:00Z,26.32
2025-03-26T05:00Z,19.65
2025-03-26T06:00Z,20.53
2025-03-26T07:00Z,19.6
2025-03-26T08:00Z,19.1
2025-03-26T09:00Z,18.44
2025-03-26T10:00Z,23.09
2025-03-26T11:00Z,31.56
2025-03-26T12:00Z,41.05
2025-03-26T13:00Z,34.99
2025-03-26T14:00Z,27.4
2025-03-26T15:00Z,24.25
2025-03-26T16:00Z,23.49
2025-03-26T17:00Z,24.1
2025-03-26T18:00Z,25.38
2025-03-26T19:00Z,28.72
2025-03-26T20:00Z,26.99
2025-03-26T21:00Z,28.15
2025-03-26T22:00Z,33.33
2025-03-26T23:00Z,47.01
2025-03-27T00:00Z,51.18
2025-03-27T01:00Z,41.41
2025-03-27T02:00Z,36.84
2025-03-27T03:00Z,24.04
2025-03-27T04:00Z,22.48
2025-03-27T05:00Z,21.57
2025-03-27T06:00Z,18.78
2025-03-27T07:00Z,19.6
2025-03-27T08:00Z,20.69
2025-03-27T09:00Z,23.34
2025-03-27T10:00Z,26.57
2025-03-27T11:00Z,36.85
2025-03-27T12:00Z,41.12
2025-03-27T13:00Z,42.13
2025-03-27T14:00Z,35.55
2025-03-27T15:00Z,29.6
2025-03-27T16:00Z,29.73
2025-03-27T17:00Z,25.32
2025-03-27T18:00Z,23.57
2025-03-27T19:00Z,23.29
2025-03-27T20:00Z,24.2
2025-03-27T21:00Z,24.74
2025-03-27T22:00Z,26.15
2025-03-27T23:00Z,32.95
2025-03-28T00:00Z,43.55
2025-03-28T01:00Z,46.25
2025-03-28T02:00Z,41.69
2025-03-28T03:00Z,32.67
2025-03-28T04:00Z,29.7
2025-03-28T05:00Z,23.93
2025-03-28T06:00Z,23.89
2025-03-28T07:00Z,23.44
2025-03-28T08:00Z,28.54
2025-03-28T09:00Z,32.27
2025-03-28T10:00Z,35.6
2025-03-28T11:00Z,48.57
2025-03-28T12:00Z,52.17
2025-03-28T13:00Z,50.89
2025-03-28T14:00Z,39.55
2025-03-28T15:00Z,35.08
2025-03-28T16:00Z,33.41
2025-03-28T17:00Z,29.7
2025-03-28T18:00Z,26.19
2025-03-28T19:00Z,25.25
2025-03-28T20:00Z,26.05
2025-03-28T21:00Z,25.9
2025-03-28T22:00Z,29.96
2025-03-28T23:00Z,38.87
2025-03-29T00:00Z,44.46
2025-03-29T01:00Z,29.99
2025-03-29T02:00Z,22.7
2025-03-29T03:00Z,22.14
2025-03-29T04:00Z,21.45
2025-03-29T05:00Z,19.89
2025-03-29T06:00Z,20.94
2025-03-29T07:00Z,18.23
2025-03-29T08:00Z,17.42
2025-03-29T09:00Z,16.81
2025-03-29T10:00Z,20.02
2025-03-29T11:00Z,20.87
2025-03-29T12:00Z,23.74
2025-03-29T13:00Z,21.66
2025-03-29T14:00Z,18.0
2025-03-29T15:00Z,15.56
2025-03-29T16:00Z,15.75
2025-03-29T17:00Z,14.28
2025-03-29T18:00Z,13.52
2025-03-29T19:00Z,14.95
2025-03-29T20:00Z,18.05
2025-03-29T21:00Z,20.76
2025-03-29T22:00Z,27.12
2025-03-29T23:00Z,31.11
2025-03-30T00:00Z,41.97
2025-03-30T01:00Z,38.67
2025-03-30T02:00Z,37.68
2025-03-30T03:00Z,35.69
2025-03-30T04:00Z,31.05
2025-03-30T05:00Z,32.35
2025-03-30T06:00Z,29.95
2025-03-30T07:00Z,26.96
2025-03-30T08:00Z,22.87
2025-03-30T09:00Z,20.89
2025-03-30T10:00Z,21.88
2025-03-30T11:00Z,22.52
2025-03-30T12:00Z,22.53
2025-03-30T13:00Z,21.87
2025-03-30T14:00Z,20.92
2025-03-30T15:00Z,20.47
2025-03-30T16:00Z,21.12
2025-03-30T17:00Z,23.85
2025-03-30T18:00Z,29.81
2025-03-30T19:00Z,33.89
2025-03-30T20:00Z,29.87
2025-03-30T21:00Z,31.0
2025-03-30T22:00Z,33.01
2025-03-30T23:00Z,57.85
2025-03-31T00:00Z,118.51
2025-03-31T01:00Z,84.69
2025-03-31T02:00Z,50.46
2025-03-31T03:00Z,33.95
2025-03-31T04:00Z,27.5
2025-03-31T05:00Z,29.84
2025-03-31T06:00Z,30.96
2025-03-31T07:00Z,32.29
2025-03-31T08:00Z,33.77
2025-03-31T09:00Z,37.57
2025-03-31T10:00Z,39.09
2025-03-31T11:00Z,41.97
2025-03-31T12:00Z,42.39
2025-03-31T13:00Z,27.86
2025-03-31T14:00Z,21.04
2025-03-31T15:00Z,19.7
2025-03-31T16:00Z,19.11
2025-03-31T17:00Z,20.22
2025-03-31T18:00Z,21.44
2025-03-31T19:00Z,20.96
2025-03-31T20:00Z,22.89
2025-03-31T21:00Z,21.01
2025-03-31T22:00Z,20.84
2025-03-31T23:00Z,53.1
2025-04-01T00:00Z,110.69
2025-04-01T01:00Z,67.8
2025-04-01T02:00Z,34.55
2025-04-01T03:00Z,28.98
2025-04-01T04:00Z,22.56
2025-04-01T05:00Z,25.89
2025-04-01T06:00Z,21.89
2025-04-01T07:00Z,20.16
2025-04-01T08:00Z,20.15
2025-04-01T09:00Z,20.59
2025-04-01T10:00Z,26.36
2025-04-01T11:00Z,27.31
2025-04-01T12:00Z,28.88
2025-04-01T13:00Z,20.73
2025-04-01T14:00Z,13.95
2025-04-01T15:00Z,7.1
2025-04-01T16:00Z,5.98
2025-04-01T17:00Z,6.36
2025-04-01T18:00Z,10.49
2025-04-01T19:00Z,15.76
2025-04-01T20:00Z,22.66
2025-04-01T21:00Z,31.17
2025-04-01T22:00Z,31.15
2025-04-01T23:00Z,37.13
2025-04-02T00:00Z,50.79
2025-04-02T01:00Z,53.29
2025-04-02T02:00Z,39.17
2025-04-02T03:00Z,37.23
2025-04-02T04:00Z,31.48
2025-04-02T05:00Z,30.67
2025-04-02T06:00Z,27.69
2025-04-02T07:00Z,25.55
2025-04-02T08:00Z,25.48
2025-04-02T09:00Z,27.71
2025-04-02T10:00Z,35.0
2025-04-02T11:00Z,36.19
2025-04-02T12:00Z,34.06
2025-04-02T13:00Z,29.93
2025-04-02T14:00Z,24.71
2025-04-02T15:00Z,23.73
2025-04-02T16:00Z,24.81
2025-04-02T17:00Z,27.84
2025-04-02T18:00Z,29.07
2025-04-02T19:00Z,31.12
2025-04-02T20:00Z,41.46
2025-04-02T21:00Z,46.58
2025-04-02T22:00Z,62.6
2025-04-02T23:00Z,140.0
2025-04-03T00:00Z,201.88
2025-04-03T01:00Z,200.79
2025-04-03T02:00Z,110.54
2025-04-03T03:00Z,100.04
2025-04-03T04:00Z,50.68
2025-04-03T05:00Z,46.15
2025-04-03T06:00Z,41.76
2025-04-03T07:00Z,39.93
2025-04-03T08:00Z,35.57
2025-04-03T09:00Z,34.96
2025-04-03T10:00Z,39.85
2025-04-03T11:00Z,42.3
2025-04-03T12:00Z,39.26
2025-04-03T13:00Z,30.63
2025-04-03T14:00Z,24.31
2025-04-03T15:00Z,23.61
2025-04-03T16:00Z,22.12
2025-04-03T17:00Z,22.93
2025-04-03T18:00Z,24.53
2025-04-03T19:00Z,29.08
2025-04-03T20:00Z,35.77
2025-04-03T21:00Z,40.33
2025-04-03T22:00Z,54.74
2025-04-03T23:00Z,80.1
2025-04-04T00:00Z,96.52
2025-04-04T01:00Z,75.05
2025-04-04T02:00Z,51.55
2025-04-04T03:00Z,53.09
2025-04-04T04:00Z,41.45
2025-04-04T05:00Z,40.53
2025-04-04T06:00Z,38.09
2025-04-04T07:00Z,36.39
2025-04-04T08:00Z,35.42
2025-04-04T09:00Z,35.87
2025-04-04T10:00Z,39.44
2025-04-04T11:00Z,41.16
2025-04-04T12:00Z,37.23
2025-04-04T13:00Z,33.81
2025-04-04T14:00Z,39.84
2025-04-04T15:00Z,37.86
2025-04-04T16:00Z,34.04
2025-04-04T17:00Z,31.91
2025-04-04T18:00Z,29.43
2025-04-04T19:00Z,31.4
2025-04-04T20:00Z,31.07
2025-04-04T21:00Z,34.82
2025-04-04T22:00Z,41.18
2025-04-04T23:00Z,45.31
2025-04-05T00:00Z,49.42
2025-04-05T01:00Z,49.55
2025-04-05T02:00Z,38.58
2025-04-05T03:00Z,40.13
2025-04-05T04:00Z,34.87
2025-04-05T05:00Z,29.37
2025-04-05T06:00Z,27.06
2025-04-05T07:00Z,24.14
2025-04-05T08:00Z,21.07
2025-04-05T09:00Z,18.46
2025-04-05T10:00Z,20.17
2025-04-05T11:00Z,20.41
2025-04-05T12:00Z,22.39
2025-04-05T13:00Z,23.71
2025-04-05T14:00Z,22.63
2025-04-05T15:00Z,24.47
2025-04-05T16:00Z,23.39
2025-04-05T17:00Z,22.28
2025-04-05T18:00Z,20.39
2025-04-05T19:00Z,17.74
2025-04-05T20:00Z,19.34
2025-04-05T21:00Z,22.87
2025-04-05T22:00Z,21.76
2025-04-05T23:00Z,27.35
2025-04-06T00:00Z,32.63
2025-04-06T01:00Z,34.46
2025-04-06T02:00Z,32.0
2025-04-06T03:00Z,26.05
2025-04-06T04:00Z,24.23
2025-04-06T05:00Z,22.17
2025-04-06T06:00Z,21.31
2025-04-06T07:00Z,21.28
2025-04-06T08:00Z,22.69
2025-04-06T09:00Z,25.36
2025-04-06T10:00Z,32.42
2025-04-06T11:00Z,41.04
2025-04-06T12:00Z,42.74
2025-04-06T13:00Z,34.04
2025-04-06T14:00Z,27.46
2025-04-06T15:00Z,19.29
2025-04-06T16:00Z,15.96
2025-04-06T17:00Z,13.04
2025-04-06T18:00Z,9.75
2025-04-06T19:00Z,6.69
2025-04-06T20:00Z,8.37
2025-04-06T21:00Z,12.23
2025-04-06T22:00Z,17.56
2025-04-06T23:00Z,25.8
2025-04-07T00:00Z,60.12
2025-04-07T01:00Z,100.16
2025-04-07T02:00Z,93.19
2025-04-07T03:00Z,75.63
2025-04-07T04:00Z,60.23
2025-04-07T05:00Z,49.28
2025-04-07T06:00Z,47.8
2025-04-07T07:00Z,47.84
2025-04-07T08:00Z,45.05
2025-04-07T09:00Z,46.01
2025-04-07T10:00Z,53.14
2025-04-07T11:00Z,98.95
2025-04-07T12:00Z,96.58
2025-04-07T13:00Z,33.81
2025-04-07T14:00Z,26.57
2025-04-07T15:00Z,24.19
2025-04-07T16:00Z,21.43
2025-04-07T17:00Z,18.36
2025-04-07T18:00Z,18.15
2025-04-07T19:00Z,16.48
2025-04-07T20:00Z,15.37
2025-04-07T21:00Z,15.49
2025-04-07T22:00Z,20.35
2025-04-07T23:00Z,32.08
2025-04-08T00:00Z,96.05
2025-04-08T01:00Z,106.66
2025-04-08T02:00Z,75.98
2025-04-08T03:00Z,46.26
2025-04-08T04:00Z,33.02
2025-04-08T05:00Z,33.94
2025-04-08T06:00Z,28.76
2025-04-08T07:00Z,24.23
2025-04-08T08:00Z,24.49
2025-04-08T09:00Z,25.24
2025-04-08T10:00Z,39.04
2025-04-08T11:00Z,54.6
2025-04-08T12:00Z,50.91
2025-04-08T13:00Z,26.21
2025-04-08T14:00Z,19.76
2025-04-08T15:00Z,14.82
2025-04-08T16:00Z,12.58
2025-04-08T17:00Z,11.39
2025-04-08T18:00Z,12.65
2025-04-08T19:00Z,12.01
2025-04-08T20:00Z,13.89
2025-04-08T21:00Z,18.67
2025-04-08T22:00Z,23.65
2025-04-08T23:00Z,34.25
2025-04-09T00:00Z,62.9
2025-04-09T01:00Z,48.17
2025-04-09T02:00Z,30.38
2025-04-09T03:00Z,23.69
2025-04-09T04:00Z,19.53
2025-04-09T05:00Z,21.7
2025-04-09T06:00Z,19.08
2025-04-09T07:00Z,17.33
2025-04-09T08:00Z,17.17
2025-04-09T09:00Z,19.52
2025-04-09T10:00Z,28.91
2025-04-09T11:00Z,27.76
2025-04-09T12:00Z,22.24
2025-04-09T13:00Z,9.76
2025-04-09T14:00Z,3.02
2025-04-09T15:00Z,1.44
2025-04-09T16:00Z,1.79
2025-04-09T17:00Z,3.87
2025-04-09T18:00Z,6.06
2025-04-09T19:00Z,9.85
2025-04-09T20:00Z,14.69
2025-04-09T21:00Z,17.57
2025-04-09T22:00Z,25.06
2025-04-09T23:00Z,38.73
2025-04-10T00:00Z,103.04
2025-04-10T01:00Z,81.62
2025-04-10T02:00Z,47.51
2025-04-10T03:00Z,35.07
2025-04-10T04:00Z,29.73
2025-04-10T05:00Z,30.3
2025-04-10T06:00Z,27.57
2025-04-10T07:00Z,28.43
2025-04-10T08:00Z,31.16
2025-04-10T09:00Z,37.02
2025-04-10T10:00Z,48.75
2025-04-10T11:00Z,53.01
2025-04-10T12:00Z,50.18
2025-04-10T13:00Z,24.98
2025-04-10T14:00Z,14.35
2025-04-10T15:00Z,17.24
2025-04-10T16:00Z,18.07
2025-04-10T17:00Z,19.47
2025-04-10T18:00Z,22.64
2025-04-10T19:00Z,23.55
2025-04-10T20:00Z,25.77
2025-04-10T21:00Z,26.64
2025-04-10T22:00Z,29.78
2025-04-10T23:00Z,45.68
2025-04-11T00:00Z,108.88
2025-04-11T01:00Z,62.18
2025-04-11T02:00Z,37.02
2025-04-11T03:00Z,35.66
2025-04-11T04:00Z,28.49
2025-04-11T05:00Z,29.98
2025-04-11T06:00Z,25.02
2025-04-11T07:00Z,25.11
2025-04-11T08:00Z,27.76
2025-04-11T09:00Z,29.11
2025-04-11T10:00Z,36.53
2025-04-11T11:00Z,44.56
2025-04-11T12:00Z,39.62
2025-04-11T13:00Z,25.24
2025-04-11T14:00Z,16.85
2025-04-11T15:00Z,14.68
2025-04-11T16:00Z,13.5
2025-04-11T17:00Z,17.46
2025-04-11T18:00Z,20.05
2025-04-11T19:00Z,22.61
2025-04-11T20:00Z,26.96
2025-04-11T21:00Z,30.63
2025-04-11T22:00Z,29.07
2025-04-11T23:00Z,44.22
2025-04-12T00:00Z,90.79
2025-04-12T01:00Z,58.31
2025-04-12T02:00Z,33.25
2025-04-12T03:00Z,28.3
2025-04-12T04:00Z,24.69
2025-04-12T05:00Z,23.76
2025-04-12T06:00Z,20.87
2025-04-12T07:00Z,18.83
2025-04-12T08:00Z,17.98
2025-04-12T09:00Z,17.9
2025-04-12T10:00Z,19.94
2025-04-12T11:00Z,20.02
2025-04-12T12:00Z,20.03
2025-04-12T13:00Z,8.87
2025-04-12T14:00Z,7.56
2025-04-12T15:00Z,5.28
2025-04-12T16:00Z,6.6
2025-04-12T17:00Z,9.11
2025-04-12T18:00Z,11.13
2025-04-12T19:00Z,15.08
2025-04-12T20:00Z,18.05
2025-04-12T21:00Z,21.41
2025-04-12T22:00Z,28.82
2025-04-12T23:00Z,38.76
2025-04-13T00:00Z,53.32
2025-04-13T01:00Z,47.28
2025-04-13T02:00Z,36.0
2025-04-13T03:00Z,30.71
2025-04-13T04:00Z,26.64
2025-04-13T05:00Z,22.28
2025-04-13T06:00Z,20.64
2025-04-13T07:00Z,18.72
2025-04-13T08:00Z,16.8
2025-04-13T09:00Z,15.85
2025-04-13T10:00Z,17.12
2025-04-13T11:00Z,17.49
2025-04-13T12:00Z,16.17
2025-04-13T13:00Z,7.86
2025-04-13T14:00Z,3.85
2025-04-13T15:00Z,4.72
2025-04-13T16:00Z,8.7
2025-04-13T17:00Z,15.41
2025-04-13T18:00Z,21.01
2025-04-13T19:00Z,28.78
2025-04-13T20:00Z,34.46
2025-04-13T21:00Z,38.73
2025-04-13T22:00Z,43.1
2025-04-13T23:00Z,57.67
2025-04-14T00:00Z,77.95
2025-04-14T01:00Z,77.41
2025-04-14T02:00Z,44.55
2025-04-14T03:00Z,34.83
2025-04-14T04:00Z,28.43
2025-04-14T05:00Z,25.64
2025-04-14T06:00Z,23.03
2025-04-14T07:00Z,18.83
2025-04-14T08:00Z,18.63
2025-04-14T09:00Z,18.45
2025-04-14T10:00Z,25.17
2025-04-14T11:00Z,24.94
2025-04-14T12:00Z,28.86
2025-04-14T13:00Z,17.56
2025-04-14T14:00Z,11.92
2025-04-14T15:00Z,12.85
2025-04-14T16:00Z,16.86
2025-04-14T17:00Z,20.22
2025-04-14T18:00Z,25.56
2025-04-14T19:00Z,24.96
2025-04-14T20:00Z,29.82
2025-04-14T21:00Z,38.23
2025-04-14T22:00Z,45.47
2025-04-14T23:00Z,69.83
2025-04-15T00:00Z,122.29
2025-04-15T01:00Z,91.58
2025-04-15T02:00Z,46.0
2025-04-15T03:00Z,40.81
2025-04-15T04:00Z,28.34
2025-04-15T05:00Z,25.22
2025-04-15T06:00Z,22.57
2025-04-15T07:00Z,21.56
2025-04-15T08:00Z,20.24
2025-04-15T09:00Z,21.49
2025-04-15T10:00Z,27.47
2025-04-15T11:00Z,36.74
2025-04-15T12:00Z,40.98
2025-04-15T13:00Z,23.86
2025-04-15T14:00Z,15.35
2025-04-15T15:00Z,11.42
2025-04-15T16:00Z,11.52
2025-04-15T17:00Z,12.98
2025-04-15T18:00Z,16.46
2025-04-15T19:00Z,20.76
2025-04-15T20:00Z,22.11
2025-04-15T21:00Z,22.74
2025-04-15T22:00Z,25.46
2025-04-15T23:00Z,30.79
2025-04-16T00:00Z,73.79
2025-04-16T01:00Z,88.5
2025-04-16T02:00Z,49.29
2025-04-16T03:00Z,34.69
2025-04-16T04:00Z,26.85
2025-04-16T05:00Z,28.46
2025-04-16T06:00Z,25.25
2025-04-16T07:00Z,22.54
2025-04-16T08:00Z,21.63
2025-04-16T09:00Z,22.34
2025-04-16T10:00Z,31.47
2025-04-16T11:00Z,31.92
2025-04-16T12:00Z,31.29
2025-04-16T13:00Z,19.95
2025-04-16T14:00Z,9.6
2025-04-16T15:00Z,7.37
2025-04-16T16:00Z,8.94
2025-04-16T17:00Z,11.62
2025-04-16T18:00Z,14.63
2025-04-16T19:00Z,19.07
2025-04-16T20:00Z,25.35
2025-04-16T21:00Z,28.26
2025-04-16T22:00Z,29.41
2025-04-16T23:00Z,42.79
2025-04-17T00:00Z,52.99
2025-04-17T01:00Z,48.66
2025-04-17T02:00Z,37.9
2025-04-17T03:00Z,34.33
2025-04-17T04:00Z,24.97
2025-04-17T05:00Z,21.8
2025-04-17T06:00Z,18.96
2025-04-17T07:00Z,17.69
2025-04-17T08:00Z,16.59
2025-04-17T09:00Z,17.34
2025-04-17T10:00Z,25.24
2025-04-17T11:00Z,23.4
2025-04-17T12:00Z,24.38
2025-04-17T13:00Z,18.97
2025-04-17T14:00Z,14.96
2025-04-17T15:00Z,14.9
2025-04-17T16:00Z,21.13
2025-04-17T17:00Z,28.26
2025-04-17T18:00Z,29.51
2025-04-17T19:00Z,33.9
2025-04-17T20:00Z,37.54
2025-04-17T21:00Z,41.11
2025-04-17T22:00Z,43.27
2025-04-17T23:00Z,49.64
2025-04-18T00:00Z,50.32
2025-04-18T01:00Z,48.79
2025-04-18T02:00Z,36.73
2025-04-18T03:00Z,32.08
2025-04-18T04:00Z,25.59
2025-04-18T05:00Z,26.82
2025-04-18T06:00Z,22.94
2025-04-18T07:00Z,19.41
2025-04-18T08:00Z,18.75
2025-04-18T09:00Z,19.13
2025-04-18T10:00Z,23.93
2025-04-18T11:00Z,25.73
2025-04-18T12:00Z,29.08
2025-04-18T13:00Z,26.15
2025-04-18T14:00Z,22.21
2025-04-18T15:00Z,25.09
2025-04-18T16:00Z,26.01
2025-04-18T17:00Z,27.21
2025-04-18T18:00Z,30.11
2025-04-18T19:00Z,34.02
2025-04-18T20:00Z,35.69
2025-04-18T21:00Z,39.72
2025-04-18T22:00Z,42.71
2025-04-18T23:00Z,51.93
2025-04-19T00:00Z,47.75
2025-04-19T01:00Z,45.64
2025-04-19T02:00Z,39.48
2025-04-19T03:00Z,35.14
2025-04-19T04:00Z,26.68
2025-04-19T05:00Z,22.67
2025-04-19T06:00Z,20.23
2025-04-19T07:00Z,19.49
2025-04-19T08:00Z,17.78
2025-04-19T09:00Z,17.53
2025-04-19T10:00Z,18.87
2025-04-19T11:00Z,21.26
2025-04-19T12:00Z,23.72
2025-04-19T13:00Z,22.2
2025-04-19T14:00Z,22.09
2025-04-19T15:00Z,21.57
2025-04-19T16:00Z,21.67
2025-04-19T17:00Z,21.98
2025-04-19T18:00Z,20.9
2025-04-19T19:00Z,18.8
2025-04-19T20:00Z,18.71
2025-04-19T21:00Z,19.03
2025-04-19T22:00Z,22.42
2025-04-19T23:00Z,26.05
2025-04-20T00:00Z,38.49
2025-04-20T01:00Z,44.72
2025-04-20T02:00Z,38.93
2025-04-20T03:00Z,29.9
2025-04-20T04:00Z,25.27
2025-04-20T05:00Z,20.99
2025-04-20T06:00Z,21.26
2025-04-20T07:00Z,23.0
2025-04-20T08:00Z,24.68
2025-04-20T09:00Z,25.95
2025-04-20T10:00Z,25.18
2025-04-20T11:00Z,24.63
2025-04-20T12:00Z,23.52
2025-04-20T13:00Z,19.47
2025-04-20T14:00Z,16.24
2025-04-20T15:00Z,13.11
2025-04-20T16:00Z,12.23
2025-04-20T17:00Z,14.04
2025-04-20T18:00Z,15.56
2025-04-20T19:00Z,16.92
2025-04-20T20:00Z,19.29
2025-04-20T21:00Z,20.84
2025-04-20T22:00Z,27.23
2025-04-20T23:00Z,50.73
2025-04-21T00:00Z,169.88
2025-04-21T01:00Z,224.62
2025-04-21T02:00Z,167.73
2025-04-21T03:00Z,80.1
2025-04-21T04:00Z,47.32
2025-04-21T05:00Z,39.72
2025-04-21T06:00Z,31.91
2025-04-21T07:00Z,28.13
2025-04-21T08:00Z,26.62
2025-04-21T09:00Z,32.37
2025-04-21T10:00Z,38.21
2025-04-21T11:00Z,46.92
2025-04-21T12:00Z,37.0
2025-04-21T13:00Z,19.27
2025-04-21T14:00Z,18.14
2025-04-21T15:00Z,18.59
2025-04-21T16:00Z,17.53
2025-04-21T17:00Z,17.8
2025-04-21T18:00Z,18.78
2025-04-21T19:00Z,19.9
2025-04-21T20:00Z,21.37
2025-04-21T21:00Z,21.47
2025-04-21T22:00Z,17.61
2025-04-21T23:00Z,26.9
2025-04-22T00:00Z,90.99
2025-04-22T01:00Z,73.06
2025-04-22T02:00Z,32.52
2025-04-22T03:00Z,21.7
2025-04-22T04:00Z,20.74
2025-04-22T05:00Z,19.62
2025-04-22T06:00Z,16.25
2025-04-22T07:00Z,14.76
2025-04-22T08:00Z,14.37
2025-04-22T09:00Z,15.23
2025-04-22T10:00Z,19.66
2025-04-22T11:00Z,23.73
2025-04-22T12:00Z,25.51
2025-04-22T13:00Z,18.73
2025-04-22T14:00Z,20.22
2025-04-22T15:00Z,17.28
2025-04-22T16:00Z,15.05
2025-04-22T17:00Z,17.05
2025-04-22T18:00Z,20.95
2025-04-22T19:00Z,24.94
2025-04-22T20:00Z,28.87
2025-04-22T21:00Z,30.77
2025-04-22T22:00Z,29.73
2025-04-22T23:00Z,36.66
2025-04-23T00:00Z,71.56
2025-04-23T01:00Z,91.52
2025-04-23T02:00Z,59.79
2025-04-23T03:00Z,45.93
2025-04-23T04:00Z,33.66
2025-04-23T05:00Z,30.27
2025-04-23T06:00Z,27.8
2025-04-23T07:00Z,28.52
2025-04-23T08:00Z,28.99
2025-04-23T09:00Z,30.88
2025-04-23T10:00Z,35.34
2025-04-23T11:00Z,43.17
2025-04-23T12:00Z,45.52
2025-04-23T13:00Z,37.74
2025-04-23T14:00Z,28.79
2025-04-23T15:00Z,24.04
2025-04-23T16:00Z,23.21
2025-04-23T17:00Z,23.03
2025-04-23T18:00Z,20.07
2025-04-23T19:00Z,21.32
2025-04-23T20:00Z,22.14
2025-04-23T21:00Z,26.97
2025-04-23T22:00Z,29.26
2025-04-23T23:00Z,39.05
2025-04-24T00:00Z,48.68
2025-04-24T01:00Z,68.23
2025-04-24T02:00Z,43.54
2025-04-24T03:00Z,33.71
2025-04-24T04:00Z,24.16
2025-04-24T05:00Z,22.49
2025-04-24T06:00Z,22.27
2025-04-24T07:00Z,21.55
2025-04-24T08:00Z,23.52
2025-04-24T09:00Z,26.67
2025-04-24T10:00Z,32.2
2025-04-24T11:00Z,34.87
2025-04-24T12:00Z,37.34
2025-04-24T13:00Z,27.69
2025-04-24T14:00Z,23.17
2025-04-24T15:00Z,19.89
2025-04-24T16:00Z,18.06
2025-04-24T17:00Z,20.02
2025-04-24T18:00Z,19.96
2025-04-24T19:00Z,23.05
2025-04-24T20:00Z,26.2
2025-04-24T21:00Z,31.54
2025-04-24T22:00Z,33.48
2025-04-24T23:00Z,42.14
2025-04-25T00:00Z,82.25
2025-04-25T01:00Z,85.6
2025-04-25T02:00Z,55.03
2025-04-25T03:00Z,37.58
2025-04-25T04:00Z,29.46
2025-04-25T05:00Z,22.54
2025-04-25T06:00Z,22.0
2025-04-25T07:00Z,21.62
2025-04-25T08:00Z,22.29
2025-04-25T09:00Z,27.69
2025-04-25T10:00Z,31.98
2025-04-25T11:00Z,46.48
2025-04-25T12:00Z,41.83
2025-04-25T13:00Z,31.05
2025-04-25T14:00Z,23.64
2025-04-25T15:00Z,21.83
2025-04-25T16:00Z,23.38
2025-04-25T17:00Z,27.75
2025-04-25T18:00Z,31.23
2025-04-25T19:00Z,38.13
2025-04-25T20:00Z,38.37
2025-04-25T21:00Z,46.81
2025-04-25T22:00Z,48.32
2025-04-25T23:00Z,64.41
2025-04-26T00:00Z,98.51
2025-04-26T01:00Z,77.03
2025-04-26T02:00Z,51.9
2025-04-26T03:00Z,43.61
2025-04-26T04:00Z,34.76
2025-04-26T05:00Z,25.01
2025-04-26T06:00Z,22.45
2025-04-26T07:00Z,20.97
2025-04-26T08:00Z,20.77
2025-04-26T09:00Z,22.76
2025-04-26T10:00Z,26.17
2025-04-26T11:00Z,30.02
2025-04-26T12:00Z,27.37
2025-04-26T13:00Z,19.66
2025-04-26T14:00Z,18.24
2025-04-26T15:00Z,16.64
2025-04-26T16:00Z,17.57
2025-04-26T17:00Z,17.7
2025-04-26T18:00Z,18.0
2025-04-26T19:00Z,20.68
2025-04-26T20:00Z,20.85
2025-04-26T21:00Z,22.91
2025-04-26T22:00Z,23.6
2025-04-26T23:00Z,37.41
2025-04-27T00:00Z,68.57
2025-04-27T01:00Z,71.25
2025-04-27T02:00Z,43.39
2025-04-27T03:00Z,29.0
2025-04-27T04:00Z,24.78
2025-04-27T05:00Z,18.66
2025-04-27T06:00Z,17.88
2025-04-27T07:00Z,15.2
2025-04-27T08:00Z,15.02
2025-04-27T09:00Z,14.31
2025-04-27T10:00Z,17.97
2025-04-27T11:00Z,19.7
2025-04-27T12:00Z,16.19
2025-04-27T13:00Z,10.54
2025-04-27T14:00Z,9.24
2025-04-27T15:00Z,8.46
2025-04-27T16:00Z,10.14
2025-04-27T17:00Z,12.85
2025-04-27T18:00Z,14.86
2025-04-27T19:00Z,16.69
2025-04-27T20:00Z,20.13
2025-04-27T21:00Z,22.66
2025-04-27T22:00Z,28.74
2025-04-27T23:00Z,33.08
2025-04-28T00:00Z,40.54
2025-04-28T01:00Z,40.87
2025-04-28T02:00Z,30.92
2025-04-28T03:00Z,21.78
2025-04-28T04:00Z,18.83
2025-04-28T05:00Z,24.81
2025-04-28T06:00Z,19.71
2025-04-28T07:00Z,16.63
2025-04-28T08:00Z,15.33
2025-04-28T09:00Z,16.11
2025-04-28T10:00Z,19.59
2025-04-28T11:00Z,21.34
2025-04-28T12:00Z,26.35
2025-04-28T13:00Z,22.44
2025-04-28T14:00Z,19.2
2025-04-28T15:00Z,18.48
2025-04-28T16:00Z,22.07
2025-04-28T17:00Z,25.85
2025-04-28T18:00Z,23.71
2025-04-28T19:00Z,27.07
2025-04-28T20:00Z,28.97
2025-04-28T21:00Z,31.05
2025-04-28T22:00Z,36.55
2025-04-28T23:00Z,49.73
2025-04-29T00:00Z,67.32
2025-04-29T01:00Z,70.74
2025-04-29T02:00Z,49.52
2025-04-29T03:00Z,34.66
2025-04-29T04:00Z,27.81
2025-04-29T05:00Z,39.45
2025-04-29T06:00Z,26.47
2025-04-29T07:00Z,24.35
2025-04-29T08:00Z,24.0
2025-04-29T09:00Z,26.19
2025-04-29T10:00Z,28.38
2025-04-29T11:00Z,35.83
2025-04-29T12:00Z,34.59
2025-04-29T13:00Z,23.17
2025-04-29T14:00Z,18.85
2025-04-29T15:00Z,18.51
2025-04-29T16:00Z,21.94
2025-04-29T17:00Z,23.9
2025-04-29T18:00Z,26.14
2025-04-29T19:00Z,29.47
2025-04-29T20:00Z,29.04
2025-04-29T21:00Z,27.7
2025-04-29T22:00Z,29.16
2025-04-29T23:00Z,46.91
2025-04-30T00:00Z,75.58
2025-04-30T01:00Z,87.85
2025-04-30T02:00Z,75.32
2025-04-30T03:00Z,58.91
2025-04-30T04:00Z,37.91
2025-04-30T05:00Z,31.36
2025-04-30T06:00Z,28.45
2025-04-30T07:00Z,25.25
2025-04-30T08:00Z,25.02
2025-04-30T09:00Z,26.41
2025-04-30T10:00Z,31.11
2025-04-30T11:00Z,43.47
2025-04-30T12:00Z,44.74
2025-04-30T13:00Z,42.72
2025-04-30T14:00Z,37.2
2025-04-30T15:00Z,37.53
2025-04-30T16:00Z,32.75
2025-04-30T17:00Z,32.12
2025-04-30T18:00Z,30.38
2025-04-30T19:00Z,27.91
2025-04-30T20:00Z,26.8
2025-04-30T21:00Z,25.92
2025-04-30T22:00Z,28.3
2025-04-30T23:00Z,33.6
2025-05-01T00:00Z,82.59
2025-05-01T01:00Z,99.16
2025-05-01T02:00Z,115.06
2025-05-01T03:00Z,86.1
2025-05-01T04:00Z,59.13
2025-05-01T05:00Z,50.98
2025-05-01T06:00Z,38.18
2025-05-01T07:00Z,33.37
2025-05-01T08:00Z,31.98
2025-05-01T09:00Z,32.66
2025-05-01T10:00Z,36.94
2025-05-01T11:00Z,56.14
2025-05-01T12:00Z,43.35
2025-05-01T13:00Z,23.8
2025-05-01T14:00Z,21.87
2025-05-01T15:00Z,21.46
2025-05-01T16:00Z,23.43
2025-05-01T17:00Z,23.75
2025-05-01T18:00Z,29.01
2025-05-01T19:00Z,33.41
2025-05-01T20:00Z,38.86
2025-05-01T21:00Z,45.13
2025-05-01T22:00Z,56.54
2025-05-01T23:00Z,93.74
2025-05-02T00:00Z,175.8
2025-05-02T01:00Z,132.62
2025-05-02T02:00Z,59.39
2025-05-02T03:00Z,32.98
2025-05-02T04:00Z,25.0
2025-05-02T05:00Z,22.89
2025-05-02T06:00Z,23.1
2025-05-02T07:00Z,22.21
2025-05-02T08:00Z,21.3
2025-05-02T09:00Z,22.98
2025-05-02T10:00Z,24.46
2025-05-02T11:00Z,32.58
2025-05-02T12:00Z,31.12
2025-05-02T13:00Z,25.84
2025-05-02T14:00Z,22.94
2025-05-02T15:00Z,23.05
2025-05-02T16:00Z,23.33
2025-05-02T17:00Z,24.1
2025-05-02T18:00Z,23.22
2025-05-02T19:00Z,22.15
2025-05-02T20:00Z,20.98
2025-05-02T21:00Z,22.23
2025-05-02T22:00Z,24.22
2025-05-02T23:00Z,27.5
2025-05-03T00:00Z,38.55
2025-05-03T01:00Z,50.72
2025-05-03T02:00Z,51.0
2025-05-03T03:00Z,37.72
2025-05-03T04:00Z,33.09
2025-05-03T05:00Z,33.28
2025-05-03T06:00Z,36.18
2025-05-03T07:00Z,34.87
2025-05-03T08:00Z,35.26
2025-05-03T09:00Z,39.11
2025-05-03T10:00Z,39.79
2025-05-03T11:00Z,38.28
2025-05-03T12:00Z,36.37
2025-05-03T13:00Z,22.49
2025-05-03T14:00Z,20.28
2025-05-03T15:00Z,17.83
2025-05-03T16:00Z,14.31
2025-05-03T17:00Z,15.63
2025-05-03T18:00Z,16.47
2025-05-03T19:00Z,16.25
2025-05-03T20:00Z,17.48
2025-05-03T21:00Z,20.95
2025-05-03T22:00Z,20.55
2025-05-03T23:00Z,28.27
2025-05-04T00:00Z,66.68
2025-05-04T01:00Z,59.67
2025-05-04T02:00Z,41.92
2025-05-04T03:00Z,31.69
2025-05-04T04:00Z,25.7
2025-05-04T05:00Z,21.66
2025-05-04T06:00Z,20.45
2025-05-04T07:00Z,19.88
2025-05-04T08:00Z,19.13
2025-05-04T09:00Z,18.65
2025-05-04T10:00Z,19.81
2025-05-04T11:00Z,20.89
2025-05-04T12:00Z,19.49
2025-05-04T13:00Z,8.52
2025-05-04T14:00Z,6.51
2025-05-04T15:00Z,5.88
2025-05-04T16:00Z,5.4
2025-05-04T17:00Z,5.74
2025-05-04T18:00Z,5.75
2025-05-04T19:00Z,5.48
2025-05-04T20:00Z,6.07
2025-05-04T21:00Z,12.64
2025-05-04T22:00Z,15.77
2025-05-04T23:00Z,22.12
2025-05-05T00:00Z,40.04
2025-05-05T01:00Z,39.1
2025-05-05T02:00Z,31.97
2025-05-05T03:00Z,21.72
2025-05-05T04:00Z,18.96
2025-05-05T05:00Z,18.78
2025-05-05T06:00Z,18.76
2025-05-05T07:00Z,17.98
2025-05-05T08:00Z,18.35
2025-05-05T09:00Z,19.38
2025-05-05T10:00Z,23.76
2025-05-05T11:00Z,25.66
2025-05-05T12:00Z,24.52
2025-05-05T13:00Z,17.43
2025-05-05T14:00Z,14.34
2025-05-05T15:00Z,19.34
2025-05-05T16:00Z,19.66
2025-05-05T17:00Z,21.9
2025-05-05T18:00Z,23.07
2025-05-05T19:00Z,23.86
2025-05-05T20:00Z,24.43
2025-05-05T21:00Z,25.09
2025-05-05T22:00Z,26.5
2025-05-05T23:00Z,23.41
2025-05-06T00:00Z,31.59
2025-05-06T01:00Z,39.74
2025-05-06T02:00Z,34.79
2025-05-06T03:00Z,25.46
2025-05-06T04:00Z,22.14
2025-05-06T05:00Z,19.58
2025-05-06T06:00Z,19.16
2025-05-06T07:00Z,19.24
2025-05-06T08:00Z,19.37
2025-05-06T09:00Z,20.94
2025-05-06T10:00Z,25.17
2025-05-06T11:00Z,36.55
2025-05-06T12:00Z,41.09
2025-05-06T13:00Z,31.47
2025-05-06T14:00Z,28.62
2025-05-06T15:00Z,25.77
2025-05-06T16:00Z,24.08
2025-05-06T17:00Z,21.16
2025-05-06T18:00Z,20.77
2025-05-06T19:00Z,21.28
2025-05-06T20:00Z,23.48
2025-05-06T21:00Z,23.1
2025-05-06T22:00Z,24.57
2025-05-06T23:00Z,32.1
2025-05-07T00:00Z,70.97
2025-05-07T01:00Z,94.6
2025-05-07T02:00Z,95.82
2025-05-07T03:00Z,77.1
2025-05-07T04:00Z,50.87
2025-05-07T05:00Z,42.93
2025-05-07T06:00Z,37.56
2025-05-07T07:00Z,34.57
2025-05-07T08:00Z,33.91
2025-05-07T09:00Z,34.21
2025-05-07T10:00Z,38.29
2025-05-07T11:00Z,49.01
2025-05-07T12:00Z,37.62
2025-05-07T13:00Z,26.49
2025-05-07T14:00Z,23.09
2025-05-07T15:00Z,22.41
2025-05-07T16:00Z,21.45
2025-05-07T17:00Z,23.11
2025-05-07T18:00Z,23.97
2025-05-07T19:00Z,22.89
2025-05-07T20:00Z,24.47
2025-05-07T21:00Z,25.96
2025-05-07T22:00Z,26.63
2025-05-07T23:00Z,40.88
2025-05-08T00:00Z,80.01
2025-05-08T01:00Z,95.76
2025-05-08T02:00Z,71.44
2025-05-08T03:00Z,44.56
2025-05-08T04:00Z,31.98
2025-05-08T05:00Z,31.0
2025-05-08T06:00Z,29.25
2025-05-08T07:00Z,26.92
2025-05-08T08:00Z,26.29
2025-05-08T09:00Z,26.57
2025-05-08T10:00Z,27.96
2025-05-08T11:00Z,33.05
2025-05-08T12:00Z,27.02
2025-05-08T13:00Z,20.29
2025-05-08T14:00Z,20.02
2025-05-08T15:00Z,21.18
2025-05-08T16:00Z,22.02
2025-05-08T17:00Z,20.79
2025-05-08T18:00Z,25.17
2025-05-08T19:00Z,23.97
2025-05-08T20:00Z,25.04
2025-05-08T21:00Z,29.56
2025-05-08T22:00Z,36.59
2025-05-08T23:00Z,48.01
2025-05-09T00:00Z,67.92
2025-05-09T01:00Z,92.41
2025-05-09T02:00Z,74.32
2025-05-09T03:00Z,55.83
2025-05-09T04:00Z,43.53
2025-05-09T05:00Z,42.87
2025-05-09T06:00Z,38.41
2025-05-09T07:00Z,33.17
2025-05-09T08:00Z,30.0
2025-05-09T09:00Z,28.9
2025-05-09T10:00Z,29.95
2025-05-09T11:00Z,31.44
2025-05-09T12:00Z,25.4
2025-05-09T13:00Z,20.72
2025-05-09T14:00Z,16.96
2025-05-09T15:00Z,16.14
2025-05-09T16:00Z,14.93
2025-05-09T17:00Z,14.01
2025-05-09T18:00Z,15.91
2025-05-09T19:00Z,17.5
2025-05-09T20:00Z,18.92
2025-05-09T21:00Z,19.79
2025-05-09T22:00Z,22.49
2025-05-09T23:00Z,25.62
2025-05-10T00:00Z,47.96
2025-05-10T01:00Z,58.89
2025-05-10T02:00Z,54.09
2025-05-10T03:00Z,44.92
2025-05-10T04:00Z,40.1
2025-05-10T05:00Z,41.76
2025-05-10T06:00Z,38.01
2025-05-10T07:00Z,32.47
2025-05-10T08:00Z,27.8
2025-05-10T09:00Z,26.45
2025-05-10T10:00Z,26.33
2025-05-10T11:00Z,25.35
2025-05-10T12:00Z,22.63
2025-05-10T13:00Z,13.86
2025-05-10T14:00Z,14.42
2025-05-10T15:00Z,13.3
2025-05-10T16:00Z,11.16
2025-05-10T17:00Z,10.12
2025-05-10T18:00Z,13.7
2025-05-10T19:00Z,12.82
2025-05-10T20:00Z,16.49
2025-05-10T21:00Z,20.0
2025-05-10T22:00Z,19.12
2025-05-10T23:00Z,18.85
2025-05-11T00:00Z,33.84
2025-05-11T01:00Z,49.07
2025-05-11T02:00Z,45.49
2025-05-11T03:00Z,46.79
2025-05-11T04:00Z,38.41
2025-05-11T05:00Z,34.67
2025-05-11T06:00Z,35.32
2025-05-11T07:00Z,35.91
2025-05-11T08:00Z,35.82
2025-05-11T09:00Z,35.84
2025-05-11T10:00Z,33.91
2025-05-11T11:00Z,30.37
2025-05-11T12:00Z,24.7
2025-05-11T13:00Z,20.02
2025-05-11T14:00Z,19.27
2025-05-11T15:00Z,17.3
2025-05-11T16:00Z,16.64
2025-05-11T17:00Z,16.38
2025-05-11T18:00Z,19.39
2025-05-11T19:00Z,21.34
2025-05-11T20:00Z,21.55
2025-05-11T21:00Z,21.09
2025-05-11T22:00Z,23.86
2025-05-11T23:00Z,29.64
2025-05-12T00:00Z,62.44
2025-05-12T01:00Z,76.81
2025-05-12T02:00Z,63.98
2025-05-12T03:00Z,45.43
2025-05-12T04:00Z,35.22
2025-05-12T05:00Z,28.57
2025-05-12T06:00Z,27.45
2025-05-12T07:00Z,26.54
2025-05-12T08:00Z,26.69
2025-05-12T09:00Z,27.56
2025-05-12T10:00Z,31.4
2025-05-12T11:00Z,32.38
2025-05-12T12:00Z,24.48
2025-05-12T13:00Z,16.97
2025-05-12T14:00Z,16.85
2025-05-12T15:00Z,18.77
2025-05-12T16:00Z,20.7
2025-05-12T17:00Z,21.62
2025-05-12T18:00Z,24.51
2025-05-12T19:00Z,26.12
2025-05-12T20:00Z,30.5
2025-05-12T21:00Z,33.12
2025-05-12T22:00Z,31.51
2025-05-12T23:00Z,50.1
2025-05-13T00:00Z,87.33
2025-05-13T01:00Z,87.46
2025-05-13T02:00Z,40.77
2025-05-13T03:00Z,35.31
2025-05-13T04:00Z,33.18
2025-05-13T05:00Z,28.09
2025-05-13T06:00Z,22.76
2025-05-13T07:00Z,20.96
2025-05-13T08:00Z,20.44
2025-05-13T09:00Z,21.26
2025-05-13T10:00Z,20.41
2025-05-13T11:00Z,22.25
2025-05-13T12:00Z,20.74
2025-05-13T13:00Z,15.74
2025-05-13T14:00Z,18.04
2025-05-13T15:00Z,23.33
2025-05-13T16:00Z,27.94
2025-05-13T17:00Z,23.52
2025-05-13T18:00Z,30.72
2025-05-13T19:00Z,36.52
2025-05-13T20:00Z,43.09
2025-05-13T21:00Z,56.23
2025-05-13T22:00Z,59.88
2025-05-13T23:00Z,63.67
2025-05-14T00:00Z,124.43
2025-05-14T01:00Z,146.85
2025-05-14T02:00Z,87.24
2025-05-14T03:00Z,52.58
2025-05-14T04:00Z,29.02
2025-05-14T05:00Z,22.5
2025-05-14T06:00Z,18.94
2025-05-14T07:00Z,18.13
2025-05-14T08:00Z,18.05
2025-05-14T09:00Z,17.35
2025-05-14T10:00Z,19.18
2025-05-14T11:00Z,19.2
2025-05-14T12:00Z,17.99
2025-05-14T13:00Z,17.39
2025-05-14T14:00Z,17.17
2025-05-14T15:00Z,20.03
2025-05-14T16:00Z,30.79
2025-05-14T17:00Z,39.19
2025-05-14T18:00Z,53.48
2025-05-14T19:00Z,60.51
2025-05-14T20:00Z,82.61
2025-05-14T21:00Z,87.83
2025-05-14T22:00Z,109.64
2025-05-14T23:00Z,121.37
2025-05-15T00:00Z,193.67
2025-05-15T01:00Z,182.65
2025-05-15T02:00Z,96.0
2025-05-15T03:00Z,56.3
2025-05-15T04:00Z,35.01
2025-05-15T05:00Z,26.22
2025-05-15T06:00Z,22.32
2025-05-15T07:00Z,20.29
2025-05-15T08:00Z,20.76
2025-05-15T09:00Z,21.6
2025-05-15T10:00Z,22.84
2025-05-15T11:00Z,23.68
2025-05-15T12:00Z,22.82
2025-05-15T13:00Z,21.38
2025-05-15T14:00Z,21.94
2025-05-15T15:00Z,23.59
2025-05-15T16:00Z,29.29
2025-05-15T17:00Z,37.24
2025-05-15T18:00Z,44.44
2025-05-15T19:00Z,49.06
2025-05-15T20:00Z,64.21
2025-05-15T21:00Z,75.16
2025-05-15T22:00Z,85.74
2025-05-15T23:00Z,124.42
2025-05-16T00:00Z,227.06
2025-05-16T01:00Z,201.57
2025-05-16T02:00Z,112.19
2025-05-16T03:00Z,64.94
2025-05-16T04:00Z,35.0
2025-05-16T05:00Z,21.49
2025-05-16T06:00Z,18.94
2025-05-16T07:00Z,18.59
2025-05-16T08:00Z,18.53
2025-05-16T09:00Z,19.29
2025-05-16T10:00Z,22.02
2025-05-16T11:00Z,22.58
2025-05-16T12:00Z,22.56
2025-05-16T13:00Z,20.15
2025-05-16T14:00Z,19.45
2025-05-16T15:00Z,21.2
2025-05-16T16:00Z,23.01
2025-05-16T17:00Z,26.43
2025-05-16T18:00Z,29.55
2025-05-16T19:00Z,34.68
2025-05-16T20:00Z,42.09
2025-05-16T21:00Z,53.37
2025-05-16T22:00Z,67.8
2025-05-16T23:00Z,100.02
2025-05-17T00:00Z,196.92
2025-05-17T01:00Z,175.0
2025-05-17T02:00Z,96.23
2025-05-17T03:00Z,75.0
2025-05-17T04:00Z,39.74
2025-05-17T05:00Z,25.84
2025-05-17T06:00Z,22.16
2025-05-17T07:00Z,20.86
2025-05-17T08:00Z,20.74
2025-05-17T09:00Z,19.26
2025-05-17T10:00Z,20.47
2025-05-17T11:00Z,21.46
2025-05-17T12:00Z,20.0
2025-05-17T13:00Z,20.0
2025-05-17T14:00Z,19.31
2025-05-17T15:00Z,20.84
2025-05-17T16:00Z,22.42
2025-05-17T17:00Z,24.64
2025-05-17T18:00Z,25.65
2025-05-17T19:00Z,25.09
2025-05-17T20:00Z,26.7
2025-05-17T21:00Z,25.22
2025-05-17T22:00Z,28.12
2025-05-17T23:00Z,31.93
2025-05-18T00:00Z,44.95
2025-05-18T01:00Z,44.22
2025-05-18T02:00Z,33.32
2025-05-18T03:00Z,28.27
2025-05-18T04:00Z,23.37
2025-05-18T05:00Z,21.71
2025-05-18T06:00Z,20.74
2025-05-18T07:00Z,20.86
2025-05-18T08:00Z,20.22
2025-05-18T09:00Z,19.44
2025-05-18T10:00Z,20.38
2025-05-18T11:00Z,18.2
2025-05-18T12:00Z,17.49
2025-05-18T13:00Z,16.03
2025-05-18T14:00Z,15.91
2025-05-18T15:00Z,16.6
2025-05-18T16:00Z,17.67
2025-05-18T17:00Z,20.49
2025-05-18T18:00Z,22.7
2025-05-18T19:00Z,23.35
2025-05-18T20:00Z,24.98
2025-05-18T21:00Z,28.33
2025-05-18T22:00Z,23.44
2025-05-18T23:00Z,27.28
2025-05-19T00:00Z,33.76
2025-05-19T01:00Z,38.85
2025-05-19T02:00Z,28.82
2025-05-19T03:00Z,24.05
2025-05-19T04:00Z,21.9
2025-05-19T05:00Z,21.37
2025-05-19T06:00Z,20.29
2025-05-19T07:00Z,19.67
2025-05-19T08:00Z,20.6
2025-05-19T09:00Z,22.33
2025-05-19T10:00Z,26.14
2025-05-19T11:00Z,28.68
2025-05-19T12:00Z,25.99
2025-05-19T13:00Z,22.62
2025-05-19T14:00Z,21.02
2025-05-19T15:00Z,22.54
2025-05-19T16:00Z,23.18
2025-05-19T17:00Z,22.12
2025-05-19T18:00Z,20.78
2025-05-19T19:00Z,21.37
2025-05-19T20:00Z,23.37
2025-05-19T21:00Z,21.15
2025-05-19T22:00Z,22.31
2025-05-19T23:00Z,24.3
2025-05-20T00:00Z,29.81
2025-05-20T01:00Z,42.73
2025-05-20T02:00Z,45.53
2025-05-20T03:00Z,42.49
2025-05-20T04:00Z,30.76
2025-05-20T05:00Z,25.15
2025-05-20T06:00Z,22.67
2025-05-20T07:00Z,20.08
2025-05-20T08:00Z,18.58
2025-05-20T09:00Z,18.55
2025-05-20T10:00Z,20.63
2025-05-20T11:00Z,28.6
2025-05-20T12:00Z,22.35
2025-05-20T13:00Z,16.63
2025-05-20T14:00Z,14.88
2025-05-20T15:00Z,16.75
2025-05-20T16:00Z,20.82
2025-05-20T17:00Z,24.38
2025-05-20T18:00Z,34.71
2025-05-20T19:00Z,33.24
2025-05-20T20:00Z,37.08
2025-05-20T21:00Z,45.42
2025-05-20T22:00Z,50.45
2025-05-20T23:00Z,150.46
2025-05-21T00:00Z,538.06
2025-05-21T01:00Z,525.5
2025-05-21T02:00Z,183.9
2025-05-21T03:00Z,53.69
2025-05-21T04:00Z,24.06
2025-05-21T05:00Z,19.11
2025-05-21T06:00Z,17.26
2025-05-21T07:00Z,16.01
2025-05-21T08:00Z,14.85
2025-05-21T09:00Z,15.44
2025-05-21T10:00Z,17.23
2025-05-21T11:00Z,21.55
2025-05-21T12:00Z,19.09
2025-05-21T13:00Z,14.25
2025-05-21T14:00Z,9.34
2025-05-21T15:00Z,9.67
2025-05-21T16:00Z,13.0
2025-05-21T17:00Z,17.27
2025-05-21T18:00Z,21.46
2025-05-21T19:00Z,24.38
2025-05-21T20:00Z,26.28
2025-05-21T21:00Z,31.59
2025-05-21T22:00Z,42.93
2025-05-21T23:00Z,61.5
2025-05-22T00:00Z,100.19
2025-05-22T01:00Z,99.89
2025-05-22T02:00Z,42.09
2025-05-22T03:00Z,26.29
2025-05-22T04:00Z,22.66
2025-05-22T05:00Z,19.21
2025-05-22T06:00Z,17.31
2025-05-22T07:00Z,16.09
2025-05-22T08:00Z,16.32
2025-05-22T09:00Z,17.93
2025-05-22T10:00Z,20.87
2025-05-22T11:00Z,24.96
2025-05-22T12:00Z,22.81
2025-05-22T13:00Z,17.94
2025-05-22T14:00Z,15.23
2025-05-22T15:00Z,18.23
2025-05-22T16:00Z,22.01
2025-05-22T17:00Z,24.65
2025-05-22T18:00Z,27.22
2025-05-22T19:00Z,29.08
2025-05-22T20:00Z,32.35
2025-05-22T21:00Z,30.1
2025-05-22T22:00Z,31.9
2025-05-22T23:00Z,40.28
2025-05-23T00:00Z,57.02
2025-05-23T01:00Z,54.72
2025-05-23T02:00Z,39.76
2025-05-23T03:00Z,27.36
2025-05-23T04:00Z,24.43
2025-05-23T05:00Z,25.63
2025-05-23T06:00Z,23.93
2025-05-23T07:00Z,23.12
2025-05-23T08:00Z,22.57
2025-05-23T09:00Z,22.85
2025-05-23T10:00Z,26.3
2025-05-23T11:00Z,27.91
2025-05-23T12:00Z,22.83
2025-05-23T13:00Z,16.0
2025-05-23T14:00Z,11.55
2025-05-23T15:00Z,13.4
2025-05-23T16:00Z,14.98
2025-05-23T17:00Z,17.76
2025-05-23T18:00Z,17.95
2025-05-23T19:00Z,21.49
2025-05-23T20:00Z,23.41
2025-05-23T21:00Z,24.96
2025-05-23T22:00Z,27.44
2025-05-23T23:00Z,32.09
2025-05-24T00:00Z,56.15
2025-05-24T01:00Z,53.32
2025-05-24T02:00Z,38.5
2025-05-24T03:00Z,28.26
2025-05-24T04:00Z,24.97
2025-05-24T05:00Z,23.72
2025-05-24T06:00Z,21.91
2025-05-24T07:00Z,20.79
2025-05-24T08:00Z,19.7
2025-05-24T09:00Z,20.0
2025-05-24T10:00Z,20.74
2025-05-24T11:00Z,21.91
2025-05-24T12:00Z,18.83
2025-05-24T13:00Z,15.77
2025-05-24T14:00Z,14.48
2025-05-24T15:00Z,17.72
2025-05-24T16:00Z,21.51
2025-05-24T17:00Z,24.19
2025-05-24T18:00Z,25.78
2025-05-24T19:00Z,29.51
2025-05-24T20:00Z,30.81
2025-05-24T21:00Z,33.52
2025-05-24T22:00Z,34.04
2025-05-24T23:00Z,43.32
2025-05-25T00:00Z,70.48
2025-05-25T01:00Z,57.12
2025-05-25T02:00Z,41.29
2025-05-25T03:00Z,34.71
2025-05-25T04:00Z,25.71
2025-05-25T05:00Z,27.94
2025-05-25T06:00Z,26.35
2025-05-25T07:00Z,26.0
2025-05-25T08:00Z,23.04
2025-05-25T09:00Z,21.68
2025-05-25T10:00Z,21.63
2025-05-25T11:00Z,22.68
2025-05-25T12:00Z,21.17
2025-05-25T13:00Z,17.36
2025-05-25T14:00Z,17.24
2025-05-25T15:00Z,19.38
2025-05-25T16:00Z,23.1
2025-05-25T17:00Z,27.06
2025-05-25T18:00Z,30.96
2025-05-25T19:00Z,32.9
2025-05-25T20:00Z,34.69
2025-05-25T21:00Z,37.35
2025-05-25T22:00Z,42.54
2025-05-25T23:00Z,54.69
2025-05-26T00:00Z,64.63
2025-05-26T01:00Z,67.76
2025-05-26T02:00Z,45.07
2025-05-26T03:00Z,33.06
2025-05-26T04:00Z,26.2
2025-05-26T05:00Z,31.82
2025-05-26T06:00Z,30.01
2025-05-26T07:00Z,29.11
2025-05-26T08:00Z,29.76
2025-05-26T09:00Z,30.02
2025-05-26T10:00Z,30.89
2025-05-26T11:00Z,31.39
2025-05-26T12:00Z,29.6
2025-05-26T13:00Z,26.73
2025-05-26T14:00Z,24.76
2025-05-26T15:00Z,26.85
2025-05-26T16:00Z,28.37
2025-05-26T17:00Z,31.03
2025-05-26T18:00Z,32.19
2025-05-26T19:00Z,34.49
2025-05-26T20:00Z,32.59
2025-05-26T21:00Z,36.14
2025-05-26T22:00Z,37.6
2025-05-26T23:00Z,41.83
2025-05-27T00:00Z,58.95
2025-05-27T01:00Z,55.84
2025-05-27T02:00Z,47.89
2025-05-27T03:00Z,36.21
2025-05-27T04:00Z,30.88
2025-05-27T05:00Z,36.24
2025-05-27T06:00Z,30.74
2025-05-27T07:00Z,30.19
2025-05-27T08:00Z,29.94
2025-05-27T09:00Z,32.04
2025-05-27T10:00Z,33.81
2025-05-27T11:00Z,40.82
2025-05-27T12:00Z,32.06
2025-05-27T13:00Z,27.7
2025-05-27T14:00Z,25.68
2025-05-27T15:00Z,25.43
2025-05-27T16:00Z,25.99
2025-05-27T17:00Z,28.7
2025-05-27T18:00Z,30.36
2025-05-27T19:00Z,31.54
2025-05-27T20:00Z,34.59
2025-05-27T21:00Z,37.78
2025-05-27T22:00Z,42.01
2025-05-27T23:00Z,57.25
2025-05-28T00:00Z,79.27
2025-05-28T01:00Z,75.39
2025-05-28T02:00Z,65.23
2025-05-28T03:00Z,49.52
2025-05-28T04:00Z,37.29
2025-05-28T05:00Z,38.33
2025-05-28T06:00Z,31.93
2025-05-28T07:00Z,30.0
2025-05-28T08:00Z,30.2
2025-05-28T09:00Z,32.27
2025-05-28T10:00Z,36.85
2025-05-28T11:00Z,44.01
2025-05-28T12:00Z,40.57
2025-05-28T13:00Z,41.85
2025-05-28T14:00Z,33.38
2025-05-28T15:00Z,30.47
2025-05-28T16:00Z,29.54
2025-05-28T17:00Z,29.01
2025-05-28T18:00Z,30.73
2025-05-28T19:00Z,30.82
2025-05-28T20:00Z,31.02
2025-05-28T21:00Z,29.9
2025-05-28T22:00Z,33.15
2025-05-28T23:00Z,37.16
2025-05-29T00:00Z,43.46
2025-05-29T01:00Z,49.71
2025-05-29T02:00Z,41.5
2025-05-29T03:00Z,28.7
2025-05-29T04:00Z,25.22
2025-05-29T05:00Z,20.35
2025-05-29T06:00Z,20.43
2025-05-29T07:00Z,20.95
2025-05-29T08:00Z,21.68
2025-05-29T09:00Z,23.11
2025-05-29T10:00Z,26.64
2025-05-29T11:00Z,36.23
2025-05-29T12:00Z,32.5
2025-05-29T13:00Z,25.52
2025-05-29T14:00Z,25.62
2025-05-29T15:00Z,26.01
2025-05-29T16:00Z,27.84
2025-05-29T17:00Z,29.11
2025-05-29T18:00Z,31.96
2025-05-29T19:00Z,34.28
2025-05-29T20:00Z,36.03
2025-05-29T21:00Z,37.13
2025-05-29T22:00Z,35.82
2025-05-29T23:00Z,44.43
2025-05-30T00:00Z,70.09
2025-05-30T01:00Z,58.34
2025-05-30T02:00Z,44.01
2025-05-30T03:00Z,34.96
2025-05-30T04:00Z,33.62
2025-05-30T05:00Z,32.31
2025-05-30T06:00Z,30.75
2025-05-30T07:00Z,28.66
2025-05-30T08:00Z,27.73
2025-05-30T09:00Z,28.86
2025-05-30T10:00Z,31.23
2025-05-30T11:00Z,37.21
2025-05-30T12:00Z,34.94
2025-05-30T13:00Z,32.93
2025-05-30T14:00Z,29.91
2025-05-30T15:00Z,30.21
2025-05-30T16:00Z,32.07
2025-05-30T17:00Z,30.71
2025-05-30T18:00Z,31.3
2025-05-30T19:00Z,34.73
2025-05-30T20:00Z,38.06
2025-05-30T21:00Z,40.01
2025-05-30T22:00Z,52.21
2025-05-30T23:00Z,67.12
2025-05-31T00:00Z,90.89
2025-05-31T01:00Z,87.94
2025-05-31T02:00Z,73.27
2025-05-31T03:00Z,53.5
2025-05-31T04:00Z,39.98
2025-05-31T05:00Z,32.61
2025-05-31T06:00Z,29.67
2025-05-31T07:00Z,28.88
2025-05-31T08:00Z,27.36
2025-05-31T09:00Z,26.25
2025-05-31T10:00Z,24.35
2025-05-31T11:00Z,26.69
2025-05-31T12:00Z,22.29
2025-05-31T13:00Z,19.33
2025-05-31T14:00Z,18.26
2025-05-31T15:00Z,18.13
2025-05-31T16:00Z,18.48
2025-05-31T17:00Z,21.32
2025-05-31T18:00Z,23.74
2025-05-31T19:00Z,27.25
2025-05-31T20:00Z,31.25
2025-05-31T21:00Z,33.15
2025-05-31T22:00Z,37.73
2025-05-31T23:00Z,56.18
2025-06-01T00:00Z,87.76
2025-06-01T01:00Z,96.01
2025-06-01T02:00Z,57.35
2025-06-01T03:00Z,33.21
2025-06-01T04:00Z,26.42
2025-06-01T05:00Z,24.36
2025-06-01T06:00Z,22.61
2025-06-01T07:00Z,21.38
2025-06-01T08:00Z,21.1
2025-06-01T09:00Z,21.15
2025-06-01T10:00Z,21.5
2025-06-01T11:00Z,22.89
2025-06-01T12:00Z,19.75
2025-06-01T13:00Z,15.79
2025-06-01T14:00Z,15.59
2025-06-01T15:00Z,17.53
2025-06-01T16:00Z,21.23
2025-06-01T17:00Z,23.71
2025-06-01T18:00Z,26.7
2025-06-01T19:00Z,30.89
2025-06-01T20:00Z,33.49
2025-06-01T21:00Z,37.15
2025-06-01T22:00Z,42.18
2025-06-01T23:00Z,51.49
2025-06-02T00:00Z,90.01
2025-06-02T01:00Z,82.32
2025-06-02T02:00Z,47.9
2025-06-02T03:00Z,32.58
2025-06-02T04:00Z,26.72
2025-06-02T05:00Z,22.94
2025-06-02T06:00Z,20.89
2025-06-02T07:00Z,20.88
2025-06-02T08:00Z,20.48
2025-06-02T09:00Z,20.65
2025-06-02T10:00Z,22.78
2025-06-02T11:00Z,23.21
2025-06-02T12:00Z,20.54
2025-06-02T13:00Z,15.97
2025-06-02T14:00Z,14.73
2025-06-02T15:00Z,16.1
2025-06-02T16:00Z,16.19
2025-06-02T17:00Z,20.55
2025-06-02T18:00Z,21.04
2025-06-02T19:00Z,20.61
2025-06-02T20:00Z,21.22
2025-06-02T21:00Z,21.39
2025-06-02T22:00Z,23.27
2025-06-02T23:00Z,28.95
2025-06-03T00:00Z,52.68
2025-06-03T01:00Z,64.33
2025-06-03T02:00Z,47.91
2025-06-03T03:00Z,32.54
2025-06-03T04:00Z,25.63
2025-06-03T05:00Z,28.86
2025-06-03T06:00Z,27.49
2025-06-03T07:00Z,25.39
2025-06-03T08:00Z,25.41
2025-06-03T09:00Z,24.33
2025-06-03T10:00Z,26.78
2025-06-03T11:00Z,25.96
2025-06-03T12:00Z,21.32
2025-06-03T13:00Z,17.84
2025-06-03T14:00Z,15.97
2025-06-03T15:00Z,18.29
2025-06-03T16:00Z,20.44
2025-06-03T17:00Z,22.87
2025-06-03T18:00Z,25.49
2025-06-03T19:00Z,24.52
2025-06-03T20:00Z,26.1
2025-06-03T21:00Z,26.48
2025-06-03T22:00Z,28.07
2025-06-03T23:00Z,31.93
2025-06-04T00:00Z,58.56
2025-06-04T01:00Z,63.72
2025-06-04T02:00Z,44.24
2025-06-04T03:00Z,37.34
2025-06-04T04:00Z,32.67
2025-06-04T05:00Z,22.93
2025-06-04T06:00Z,20.8
2025-06-04T07:00Z,20.32
2025-06-04T08:00Z,21.96
2025-06-04T09:00Z,23.33
2025-06-04T10:00Z,25.54
2025-06-04T11:00Z,28.58
2025-06-04T12:00Z,29.52
2025-06-04T13:00Z,27.95
2025-06-04T14:00Z,26.72
2025-06-04T15:00Z,30.91
2025-06-04T16:00Z,33.24
2025-06-04T17:00Z,33.98
2025-06-04T18:00Z,34.62
2025-06-04T19:00Z,35.96
2025-06-04T20:00Z,40.44
2025-06-04T21:00Z,39.8
2025-06-04T22:00Z,49.41
2025-06-04T23:00Z,61.73
2025-06-05T00:00Z,70.28
2025-06-05T01:00Z,75.84
2025-06-05T02:00Z,57.79
2025-06-05T03:00Z,39.59
2025-06-05T04:00Z,30.99
2025-06-05T05:00Z,27.06
2025-06-05T06:00Z,25.4
2025-06-05T07:00Z,24.59
2025-06-05T08:00Z,24.64
2025-06-05T09:00Z,25.5
2025-06-05T10:00Z,27.96
2025-06-05T11:00Z,29.93
2025-06-05T12:00Z,24.71
2025-06-05T13:00Z,20.37
2025-06-05T14:00Z,18.16
2025-06-05T15:00Z,17.42
2025-06-05T16:00Z,16.79
2025-06-05T17:00Z,17.24
2025-06-05T18:00Z,19.06
2025-06-05T19:00Z,20.85
2025-06-05T20:00Z,23.95
2025-06-05T21:00Z,26.01
2025-06-05T22:00Z,29.1
2025-06-05T23:00Z,41.43
2025-06-06T00:00Z,57.28
2025-06-06T01:00Z,58.47
2025-06-06T02:00Z,46.01
2025-06-06T03:00Z,33.4
2025-06-06T04:00Z,25.36
2025-06-06T05:00Z,25.52
2025-06-06T06:00Z,24.03
2025-06-06T07:00Z,22.54
2025-06-06T08:00Z,22.15
2025-06-06T09:00Z,22.93
2025-06-06T10:00Z,26.44
2025-06-06T11:00Z,28.07
2025-06-06T12:00Z,24.05
2025-06-06T13:00Z,17.67
2025-06-06T14:00Z,15.78
2025-06-06T15:00Z,17.59
2025-06-06T16:00Z,20.53
2025-06-06T17:00Z,24.23
2025-06-06T18:00Z,27.8
2025-06-06T19:00Z,30.09
2025-06-06T20:00Z,30.43
2025-06-06T21:00Z,30.87
2025-06-06T22:00Z,32.41
2025-06-06T23:00Z,46.26
2025-06-07T00:00Z,83.69
2025-06-07T01:00Z,76.31
2025-06-07T02:00Z,54.32
2025-06-07T03:00Z,38.46
2025-06-07T04:00Z,29.0
2025-06-07T05:00Z,35.34
2025-06-07T06:00Z,28.93
2025-06-07T07:00Z,26.78
2025-06-07T08:00Z,25.34
2025-06-07T09:00Z,24.79
2025-06-07T10:00Z,23.74
2025-06-07T11:00Z,24.23
2025-06-07T12:00Z,21.79
2025-06-07T13:00Z,16.73
2025-06-07T14:00Z,16.75
2025-06-07T15:00Z,19.94
2025-06-07T16:00Z,24.96
2025-06-07T17:00Z,30.38
2025-06-07T18:00Z,37.46
2025-06-07T19:00Z,43.27
2025-06-07T20:00Z,46.69
2025-06-07T21:00Z,49.86
2025-06-07T22:00Z,52.72
2025-06-07T23:00Z,82.73
2025-06-08T00:00Z,175.51
2025-06-08T01:00Z,198.0
2025-06-08T02:00Z,119.91
2025-06-08T03:00Z,66.86
2025-06-08T04:00Z,49.01
2025-06-08T05:00Z,37.65
2025-06-08T06:00Z,32.75
2025-06-08T07:00Z,30.01
2025-06-08T08:00Z,28.78
2025-06-08T09:00Z,28.3
2025-06-08T10:00Z,27.4
2025-06-08T11:00Z,28.86
2025-06-08T12:00Z,23.22
2025-06-08T13:00Z,17.8
2025-06-08T14:00Z,18.22
2025-06-08T15:00Z,21.39
2025-06-08T16:00Z,24.4
2025-06-08T17:00Z,26.9
2025-06-08T18:00Z,30.2
2025-06-08T19:00Z,34.35
2025-06-08T20:00Z,31.46
2025-06-08T21:00Z,30.55
2025-06-08T22:00Z,30.34
2025-06-08T23:00Z,37.57
2025-06-09T00:00Z,82.02
2025-06-09T01:00Z,88.49
2025-06-09T02:00Z,60.17
2025-06-09T03:00Z,35.4
2025-06-09T04:00Z,28.64
2025-06-09T05:00Z,28.75
2025-06-09T06:00Z,26.6
2025-06-09T07:00Z,27.44
2025-06-09T08:00Z,26.92
2025-06-09T09:00Z,26.51
2025-06-09T10:00Z,28.97
2025-06-09T11:00Z,29.67
2025-06-09T12:00Z,25.25
2025-06-09T13:00Z,20.95
2025-06-09T14:00Z,21.67
2025-06-09T15:00Z,22.45
2025-06-09T16:00Z,23.07
2025-06-09T17:00Z,23.99
2025-06-09T18:00Z,26.38
2025-06-09T19:00Z,30.66
2025-06-09T20:00Z,33.85
2025-06-09T21:00Z,35.62
2025-06-09T22:00Z,42.47
2025-06-09T23:00Z,54.84
2025-06-10T00:00Z,102.1
2025-06-10T01:00Z,103.49
2025-06-10T02:00Z,106.02
2025-06-10T03:00Z,73.91
2025-06-10T04:00Z,56.6
2025-06-10T05:00Z,39.41
2025-06-10T06:00Z,33.49
2025-06-10T07:00Z,31.0
2025-06-10T08:00Z,30.37
2025-06-10T09:00Z,32.37
2025-06-10T10:00Z,38.73
2025-06-10T11:00Z,36.25
2025-06-10T12:00Z,29.28
2025-06-10T13:00Z,22.38
2025-06-10T14:00Z,21.77
2025-06-10T15:00Z,22.67
2025-06-10T16:00Z,23.03
2025-06-10T17:00Z,24.7
2025-06-10T18:00Z,26.12
2025-06-10T19:00Z,28.3
2025-06-10T20:00Z,30.11
2025-06-10T21:00Z,33.53
2025-06-10T22:00Z,38.26
2025-06-10T23:00Z,54.02
2025-06-11T00:00Z,77.51
2025-06-11T01:00Z,73.21
2025-06-11T02:00Z,54.14
2025-06-11T03:00Z,45.97
2025-06-11T04:00Z,34.74
2025-06-11T05:00Z,36.18
2025-06-11T06:00Z,32.61
2025-06-11T07:00Z,30.02
2025-06-11T08:00Z,30.77
2025-06-11T09:00Z,32.53
2025-06-11T10:00Z,37.38
2025-06-11T11:00Z,38.89
2025-06-11T12:00Z,34.61
2025-06-11T13:00Z,32.41
2025-06-11T14:00Z,30.46
2025-06-11T15:00Z,27.22
2025-06-11T16:00Z,25.42
2025-06-11T17:00Z,24.45
2025-06-11T18:00Z,25.15
2025-06-11T19:00Z,26.66
2025-06-11T20:00Z,27.72
2025-06-11T21:00Z,27.22
2025-06-11T22:00Z,31.98
2025-06-11T23:00Z,41.6
2025-06-12T00:00Z,49.82
2025-06-12T01:00Z,59.4
2025-06-12T02:00Z,48.51
2025-06-12T03:00Z,37.06
2025-06-12T04:00Z,29.7
2025-06-12T05:00Z,34.27
2025-06-12T06:00Z,34.16
2025-06-12T07:00Z,32.37
2025-06-12T08:00Z,33.41
2025-06-12T09:00Z,35.03
2025-06-12T10:00Z,39.12
2025-06-12T11:00Z,42.72
2025-06-12T12:00Z,39.72
2025-06-12T13:00Z,31.55
2025-06-12T14:00Z,28.35
2025-06-12T15:00Z,25.21
2025-06-12T16:00Z,24.55
2025-06-12T17:00Z,24.98
2025-06-12T18:00Z,24.23
2025-06-12T19:00Z,27.03
2025-06-12T20:00Z,28.58
2025-06-12T21:00Z,33.7
2025-06-12T22:00Z,34.76
2025-06-12T23:00Z,39.33
2025-06-13T00:00Z,62.02
2025-06-13T01:00Z,63.79
2025-06-13T02:00Z,43.79
2025-06-13T03:00Z,35.38
2025-06-13T04:00Z,29.71
2025-06-13T05:00Z,24.03
2025-06-13T06:00Z,22.12
2025-06-13T07:00Z,20.74
2025-06-13T08:00Z,20.23
2025-06-13T09:00Z,21.7
2025-06-13T10:00Z,24.69
2025-06-13T11:00Z,29.54
2025-06-13T12:00Z,26.39
2025-06-13T13:00Z,19.85
2025-06-13T14:00Z,19.45
2025-06-13T15:00Z,20.33
2025-06-13T16:00Z,21.77
2025-06-13T17:00Z,24.59
2025-06-13T18:00Z,25.77
2025-06-13T19:00Z,30.47
2025-06-13T20:00Z,30.57
2025-06-13T21:00Z,32.66
2025-06-13T22:00Z,36.03
2025-06-13T23:00Z,38.89
2025-06-14T00:00Z,63.68
2025-06-14T01:00Z,66.59
2025-06-14T02:00Z,49.93
2025-06-14T03:00Z,35.16
2025-06-14T04:00Z,27.44
2025-06-14T05:00Z,26.68
2025-06-14T06:00Z,25.05
2025-06-14T07:00Z,24.27
2025-06-14T08:00Z,22.62
2025-06-14T09:00Z,21.31
2025-06-14T10:00Z,22.92
2025-06-14T11:00Z,23.95
2025-06-14T12:00Z,21.58
2025-06-14T13:00Z,17.45
2025-06-14T14:00Z,16.0
2025-06-14T15:00Z,17.26
2025-06-14T16:00Z,19.7
2025-06-14T17:00Z,23.97
2025-06-14T18:00Z,25.41
2025-06-14T19:00Z,26.11
2025-06-14T20:00Z,24.09
2025-06-14T21:00Z,25.89
2025-06-14T22:00Z,27.22
2025-06-14T23:00Z,31.6
2025-06-15T00:00Z,50.29
2025-06-15T01:00Z,59.18
2025-06-15T02:00Z,46.24
2025-06-15T03:00Z,31.63
2025-06-15T04:00Z,23.74
2025-06-15T05:00Z,22.61
2025-06-15T06:00Z,20.39
2025-06-15T07:00Z,19.69
2025-06-15T08:00Z,19.44
2025-06-15T09:00Z,20.56
2025-06-15T10:00Z,21.66
2025-06-15T11:00Z,20.63
2025-06-15T12:00Z,19.19
2025-06-15T13:00Z,14.86
2025-06-15T14:00Z,13.48
2025-06-15T15:00Z,15.43
2025-06-15T16:00Z,17.91
2025-06-15T17:00Z,19.27
2025-06-15T18:00Z,23.51
2025-06-15T19:00Z,22.15
2025-06-15T20:00Z,23.02
2025-06-15T21:00Z,25.28
2025-06-15T22:00Z,30.08
2025-06-15T23:00Z,36.6
2025-06-16T00:00Z,61.29
2025-06-16T01:00Z,65.76
2025-06-16T02:00Z,43.06
2025-06-16T03:00Z,29.31
2025-06-16T04:00Z,23.13
2025-06-16T05:00Z,29.83
2025-06-16T06:00Z,27.37
2025-06-16T07:00Z,25.46
2025-06-16T08:00Z,24.62
2025-06-16T09:00Z,27.9
2025-06-16T10:00Z,34.35
2025-06-16T11:00Z,30.97
2025-06-16T12:00Z,26.39
2025-06-16T13:00Z,18.95
2025-06-16T14:00Z,17.6
2025-06-16T15:00Z,20.98
2025-06-16T16:00Z,24.38
2025-06-16T17:00Z,26.74
2025-06-16T18:00Z,29.84
2025-06-16T19:00Z,30.85
2025-06-16T20:00Z,30.47
2025-06-16T21:00Z,27.95
2025-06-16T22:00Z,27.69
2025-06-16T23:00Z,31.01
2025-06-17T00:00Z,55.18
2025-06-17T01:00Z,62.67
2025-06-17T02:00Z,41.49
2025-06-17T03:00Z,29.5
2025-06-17T04:00Z,21.66
2025-06-17T05:00Z,20.35
2025-06-17T06:00Z,18.49
2025-06-17T07:00Z,17.29
2025-06-17T08:00Z,16.65
2025-06-17T09:00Z,16.52
2025-06-17T10:00Z,18.55
2025-06-17T11:00Z,18.57
2025-06-17T12:00Z,18.03
2025-06-17T13:00Z,11.77
2025-06-17T14:00Z,11.06
2025-06-17T15:00Z,13.84
2025-06-17T16:00Z,16.0
2025-06-17T17:00Z,20.94
2025-06-17T18:00Z,20.35
2025-06-17T19:00Z,22.04
2025-06-17T20:00Z,21.91
2025-06-17T21:00Z,22.12
2025-06-17T22:00Z,23.64
2025-06-17T23:00Z,30.72
2025-06-18T00:00Z,40.6
2025-06-18T01:00Z,47.75
2025-06-18T02:00Z,39.22
2025-06-18T03:00Z,29.6
2025-06-18T04:00Z,23.66
2025-06-18T05:00Z,22.47
2025-06-18T06:00Z,20.7
2025-06-18T07:00Z,18.44
2025-06-18T08:00Z,19.49
2025-06-18T09:00Z,20.75
2025-06-18T10:00Z,23.64
2025-06-18T11:00Z,26.75
2025-06-18T12:00Z,23.78
2025-06-18T13:00Z,17.83
2025-06-18T14:00Z,17.06
2025-06-18T15:00Z,17.98
2025-06-18T16:00Z,20.08
2025-06-18T17:00Z,22.18
2025-06-18T18:00Z,26.31
2025-06-18T19:00Z,30.67
2025-06-18T20:00Z,31.35
2025-06-18T21:00Z,32.72
2025-06-18T22:00Z,34.97
2025-06-18T23:00Z,44.14
2025-06-19T00:00Z,112.69
2025-06-19T01:00Z,128.2
2025-06-19T02:00Z,80.15
2025-06-19T03:00Z,54.11
2025-06-19T04:00Z,34.77
2025-06-19T05:00Z,30.97
2025-06-19T06:00Z,26.55
2025-06-19T07:00Z,23.97
2025-06-19T08:00Z,23.2
2025-06-19T09:00Z,25.34
2025-06-19T10:00Z,28.8
2025-06-19T11:00Z,31.59
2025-06-19T12:00Z,26.77
2025-06-19T13:00Z,20.24
2025-06-19T14:00Z,20.57
2025-06-19T15:00Z,22.75
2025-06-19T16:00Z,26.46
2025-06-19T17:00Z,30.87
2025-06-19T18:00Z,35.09
2025-06-19T19:00Z,36.05
2025-06-19T20:00Z,33.97
2025-06-19T21:00Z,34.17
2025-06-19T22:00Z,34.37
2025-06-19T23:00Z,37.46
2025-06-20T00:00Z,68.69
2025-06-20T01:00Z,84.37
2025-06-20T02:00Z,61.15
2025-06-20T03:00Z,37.02
2025-06-20T04:00Z,27.5
2025-06-20T05:00Z,24.33
2025-06-20T06:00Z,23.84
2025-06-20T07:00Z,23.39
2025-06-20T08:00Z,22.39
2025-06-20T09:00Z,23.17
2025-06-20T10:00Z,24.68
2025-06-20T11:00Z,22.81
2025-06-20T12:00Z,21.19
2025-06-20T13:00Z,16.27
2025-06-20T14:00Z,14.51
2025-06-20T15:00Z,16.13
2025-06-20T16:00Z,19.09
2025-06-20T17:00Z,22.56
2025-06-20T18:00Z,24.45
2025-06-20T19:00Z,24.24
2025-06-20T20:00Z,24.1
2025-06-20T21:00Z,24.03
2025-06-20T22:00Z,25.6
2025-06-20T23:00Z,27.16
2025-06-21T00:00Z,44.12
2025-06-21T01:00Z,42.16
2025-06-21T02:00Z,37.24
2025-06-21T03:00Z,35.38
2025-06-21T04:00Z,26.35
2025-06-21T05:00Z,26.05
2025-06-21T06:00Z,24.28
2025-06-21T07:00Z,23.38
2025-06-21T08:00Z,22.24
2025-06-21T09:00Z,23.19
2025-06-21T10:00Z,23.07
2025-06-21T11:00Z,22.06
2025-06-21T12:00Z,19.82
2025-06-21T13:00Z,14.65
2025-06-21T14:00Z,13.91
2025-06-21T15:00Z,16.38
2025-06-21T16:00Z,21.49
2025-06-21T17:00Z,26.27
2025-06-21T18:00Z,27.04
2025-06-21T19:00Z,25.12
2025-06-21T20:00Z,25.49
2025-06-21T21:00Z,25.17
2025-06-21T22:00Z,25.84
2025-06-21T23:00Z,27.61
2025-06-22T00:00Z,39.98
2025-06-22T01:00Z,40.86
2025-06-22T02:00Z,39.74
2025-06-22T03:00Z,31.98
2025-06-22T04:00Z,26.86
2025-06-22T05:00Z,26.97
2025-06-22T06:00Z,24.95
2025-06-22T07:00Z,23.34
2025-06-22T08:00Z,22.44
2025-06-22T09:00Z,22.44
2025-06-22T10:00Z,21.58
2025-06-22T11:00Z,21.54
2025-06-22T12:00Z,17.96
2025-06-22T13:00Z,15.48
2025-06-22T14:00Z,14.39
2025-06-22T15:00Z,17.71
2025-06-22T16:00Z,22.25
2025-06-22T17:00Z,27.97
2025-06-22T18:00Z,27.69
2025-06-22T19:00Z,28.28
2025-06-22T20:00Z,28.26
2025-06-22T21:00Z,29.17
2025-06-22T22:00Z,26.19
2025-06-22T23:00Z,32.37
2025-06-23T00:00Z,51.7
2025-06-23T01:00Z,52.94
2025-06-23T02:00Z,44.11
2025-06-23T03:00Z,34.83
2025-06-23T04:00Z,25.98
2025-06-23T05:00Z,22.37
2025-06-23T06:00Z,22.02
2025-06-23T07:00Z,21.18
2025-06-23T08:00Z,20.6
2025-06-23T09:00Z,22.24
2025-06-23T10:00Z,24.99
2025-06-23T11:00Z,27.13
2025-06-23T12:00Z,22.27
2025-06-23T13:00Z,17.39
2025-06-23T14:00Z,16.28
2025-06-23T15:00Z,18.32
2025-06-23T16:00Z,21.48
2025-06-23T17:00Z,27.26
2025-06-23T18:00Z,29.17
2025-06-23T19:00Z,28.99
2025-06-23T20:00Z,26.53
2025-06-23T21:00Z,27.71
2025-06-23T22:00Z,26.79
2025-06-23T23:00Z,34.71
2025-06-24T00:00Z,58.44
2025-06-24T01:00Z,60.23
2025-06-24T02:00Z,54.12
2025-06-24T03:00Z,42.97
2025-06-24T04:00Z,34.01
2025-06-24T05:00Z,23.99
2025-06-24T06:00Z,21.98
2025-06-24T07:00Z,20.98
2025-06-24T08:00Z,21.53
2025-06-24T09:00Z,22.58
2025-06-24T10:00Z,27.3
2025-06-24T11:00Z,30.32
2025-06-24T12:00Z,24.39
2025-06-24T13:00Z,18.76
2025-06-24T14:00Z,16.57
2025-06-24T15:00Z,17.22
2025-06-24T16:00Z,19.46
2025-06-24T17:00Z,23.32
2025-06-24T18:00Z,26.29
2025-06-24T19:00Z,27.81
2025-06-24T20:00Z,28.17
2025-06-24T21:00Z,29.15
2025-06-24T22:00Z,29.07
2025-06-24T23:00Z,33.23
2025-06-25T00:00Z,57.84
2025-06-25T01:00Z,67.82
2025-06-25T02:00Z,57.54
2025-06-25T03:00Z,38.12
2025-06-25T04:00Z,28.46
2025-06-25T05:00Z,23.48
2025-06-25T06:00Z,21.11
2025-06-25T07:00Z,20.82
2025-06-25T08:00Z,21.69
2025-06-25T09:00Z,22.6
2025-06-25T10:00Z,26.57
2025-06-25T11:00Z,29.12
2025-06-25T12:00Z,24.45
2025-06-25T13:00Z,18.3
2025-06-25T14:00Z,15.62
2025-06-25T15:00Z,16.3
2025-06-25T16:00Z,19.03
2025-06-25T17:00Z,23.5
2025-06-25T18:00Z,27.68
2025-06-25T19:00Z,30.14
2025-06-25T20:00Z,31.01
2025-06-25T21:00Z,34.24
2025-06-25T22:00Z,31.84
2025-06-25T23:00Z,39.37
2025-06-26T00:00Z,57.32
2025-06-26T01:00Z,61.73
2025-06-26T02:00Z,51.21
2025-06-26T03:00Z,36.29
2025-06-26T04:00Z,28.83
2025-06-26T05:00Z,20.58
2025-06-26T06:00Z,20.19
2025-06-26T07:00Z,18.91
2025-06-26T08:00Z,19.04
2025-06-26T09:00Z,20.26
2025-06-26T10:00Z,22.51
2025-06-26T11:00Z,23.1
2025-06-26T12:00Z,22.26
2025-06-26T13:00Z,18.04
2025-06-26T14:00Z,17.11
2025-06-26T15:00Z,18.3
2025-06-26T16:00Z,20.96
2025-06-26T17:00Z,24.82
2025-06-26T18:00Z,30.87
2025-06-26T19:00Z,33.15
2025-06-26T20:00Z,35.53
2025-06-26T21:00Z,35.5
2025-06-26T22:00Z,34.98
2025-06-26T23:00Z,41.05
2025-06-27T00:00Z,53.84
2025-06-27T01:00Z,60.99
2025-06-27T02:00Z,53.2
2025-06-27T03:00Z,37.54
2025-06-27T04:00Z,30.01
2025-06-27T05:00Z,25.12
2025-06-27T06:00Z,22.87
2025-06-27T07:00Z,21.68
2025-06-27T08:00Z,21.59
2025-06-27T09:00Z,21.95
2025-06-27T10:00Z,22.4
2025-06-27T11:00Z,24.96
2025-06-27T12:00Z,21.26
2025-06-27T13:00Z,17.05
2025-06-27T14:00Z,15.63
2025-06-27T15:00Z,17.86
2025-06-27T16:00Z,21.7
2025-06-27T17:00Z,26.44
2025-06-27T18:00Z,31.65
2025-06-27T19:00Z,30.98
2025-06-27T20:00Z,32.32
2025-06-27T21:00Z,31.75
2025-06-27T22:00Z,31.84
2025-06-27T23:00Z,39.5
2025-06-28T00:00Z,60.39
2025-06-28T01:00Z,70.81
2025-06-28T02:00Z,53.21
2025-06-28T03:00Z,38.12
2025-06-28T04:00Z,29.7
2025-06-28T05:00Z,27.36
2025-06-28T06:00Z,24.5
2025-06-28T07:00Z,23.09
2025-06-28T08:00Z,21.9
2025-06-28T09:00Z,21.41
2025-06-28T10:00Z,21.21
2025-06-28T11:00Z,20.79
2025-06-28T12:00Z,18.14
2025-06-28T13:00Z,13.31
2025-06-28T14:00Z,11.79
2025-06-28T15:00Z,15.77
2025-06-28T16:00Z,20.05
2025-06-28T17:00Z,22.2
2025-06-28T18:00Z,25.06
2025-06-28T19:00Z,26.45
2025-06-28T20:00Z,27.81
2025-06-28T21:00Z,29.08
2025-06-28T22:00Z,29.85
2025-06-28T23:00Z,34.07
2025-06-29T00:00Z,58.8
2025-06-29T01:00Z,69.01
2025-06-29T02:00Z,46.44
2025-06-29T03:00Z,31.45
2025-06-29T04:00Z,27.71
2025-06-29T05:00Z,25.07
2025-06-29T06:00Z,22.16
2025-06-29T07:00Z,20.85
2025-06-29T08:00Z,20.81
2025-06-29T09:00Z,20.73
2025-06-29T10:00Z,20.48
2025-06-29T11:00Z,20.58
2025-06-29T12:00Z,18.9
2025-06-29T13:00Z,15.14
2025-06-29T14:00Z,14.24
2025-06-29T15:00Z,17.75
2025-06-29T16:00Z,20.38
2025-06-29T17:00Z,23.09
2025-06-29T18:00Z,24.93
2025-06-29T19:00Z,27.6
2025-06-29T20:00Z,28.51
2025-06-29T21:00Z,30.7
2025-06-29T22:00Z,32.43
2025-06-29T23:00Z,38.22
2025-06-30T00:00Z,57.51
2025-06-30T01:00Z,67.55
2025-06-30T02:00Z,51.9
2025-06-30T03:00Z,33.19
2025-06-30T04:00Z,27.65
2025-06-30T05:00Z,24.33
2025-06-30T06:00Z,22.5
2025-06-30T07:00Z,21.33
2025-06-30T08:00Z,21.44
2025-06-30T09:00Z,22.36
2025-06-30T10:00Z,25.06
2025-06-30T11:00Z,28.22
2025-06-30T12:00Z,24.0
2025-06-30T13:00Z,20.08
2025-06-30T14:00Z,19.56
2025-06-30T15:00Z,22.11
2025-06-30T16:00Z,25.53
2025-06-30T17:00Z,31.47
2025-06-30T18:00Z,39.84
2025-06-30T19:00Z,39.19
2025-06-30T20:00Z,40.69
2025-06-30T21:00Z,46.59
2025-06-30T22:00Z,46.96
2025-06-30T23:00Z,60.32
2025-07-01T00:00Z,121.11
2025-07-01T01:00Z,95.12
2025-07-01T02:00Z,78.1
2025-07-01T03:00Z,55.85
2025-07-01T04:00Z,45.28
2025-07-01T05:00Z,36.21
2025-07-01T06:00Z,36.78
2025-07-01T07:00Z,34.15
2025-07-01T08:00Z,30.36
2025-07-01T09:00Z,31.66
2025-07-01T10:00Z,34.77
2025-07-01T11:00Z,38.54
2025-07-01T12:00Z,30.28
2025-07-01T13:00Z,25.41
2025-07-01T14:00Z,25.42
2025-07-01T15:00Z,26.23
2025-07-01T16:00Z,29.6
2025-07-01T17:00Z,33.75
2025-07-01T18:00Z,40.43
2025-07-01T19:00Z,44.64
2025-07-01T20:00Z,46.99
2025-07-01T21:00Z,48.14
2025-07-01T22:00Z,48.61
2025-07-01T23:00Z,60.99
2025-07-02T00:00Z,119.52
2025-07-02T01:00Z,110.77
2025-07-02T02:00Z,90.49
2025-07-02T03:00Z,62.19
2025-07-02T04:00Z,47.95
2025-07-02T05:00Z,39.54
2025-07-02T06:00Z,35.77
2025-07-02T07:00Z,34.77
2025-07-02T08:00Z,32.04
2025-07-02T09:00Z,33.66
2025-07-02T10:00Z,34.68
2025-07-02T11:00Z,40.0
2025-07-02T12:00Z,34.4
2025-07-02T13:00Z,31.63
2025-07-02T14:00Z,29.95
2025-07-02T15:00Z,29.47
2025-07-02T16:00Z,31.76
2025-07-02T17:00Z,31.97
2025-07-02T18:00Z,38.37
2025-07-02T19:00Z,37.54
2025-07-02T20:00Z,41.16
2025-07-02T21:00Z,40.57
2025-07-02T22:00Z,42.24
2025-07-02T23:00Z,50.83
2025-07-03T00:00Z,65.45
2025-07-03T01:00Z,65.72
2025-07-03T02:00Z,60.11
2025-07-03T03:00Z,42.7
2025-07-03T04:00Z,35.52
2025-07-03T05:00Z,33.97
2025-07-03T06:00Z,30.56
2025-07-03T07:00Z,29.35
2025-07-03T08:00Z,28.7
2025-07-03T09:00Z,29.32
2025-07-03T10:00Z,30.86
2025-07-03T11:00Z,32.4
2025-07-03T12:00Z,29.27
2025-07-03T13:00Z,28.34
2025-07-03T14:00Z,29.22
2025-07-03T15:00Z,31.11
2025-07-03T16:00Z,30.68
2025-07-03T17:00Z,33.36
2025-07-03T18:00Z,34.91
2025-07-03T19:00Z,35.77
2025-07-03T20:00Z,35.04
2025-07-03T21:00Z,35.28
2025-07-03T22:00Z,37.2
2025-07-03T23:00Z,37.7
2025-07-04T00:00Z,43.86
2025-07-04T01:00Z,49.67
2025-07-04T02:00Z,42.06
2025-07-04T03:00Z,35.81
2025-07-04T04:00Z,31.06
2025-07-04T05:00Z,29.64
2025-07-04T06:00Z,27.92
2025-07-04T07:00Z,26.7
2025-07-04T08:00Z,26.01
2025-07-04T09:00Z,26.27
2025-07-04T10:00Z,26.37
2025-07-04T11:00Z,27.61
2025-07-04T12:00Z,25.94
2025-07-04T13:00Z,25.88
2025-07-04T14:00Z,25.81
2025-07-04T15:00Z,26.73
2025-07-04T16:00Z,26.27
2025-07-04T17:00Z,27.42
2025-07-04T18:00Z,26.96
2025-07-04T19:00Z,27.6
2025-07-04T20:00Z,25.49
2025-07-04T21:00Z,25.98
2025-07-04T22:00Z,25.73
2025-07-04T23:00Z,28.73
2025-07-05T00:00Z,37.22
2025-07-05T01:00Z,39.56
2025-07-05T02:00Z,36.5
2025-07-05T03:00Z,28.91
2025-07-05T04:00Z,24.99
2025-07-05T05:00Z,26.29
2025-07-05T06:00Z,24.22
2025-07-05T07:00Z,23.5
2025-07-05T08:00Z,22.85
2025-07-05T09:00Z,24.02
2025-07-05T10:00Z,24.87
2025-07-05T11:00Z,25.85
2025-07-05T12:00Z,23.1
2025-07-05T13:00Z,20.56
2025-07-05T14:00Z,22.08
2025-07-05T15:00Z,24.41
2025-07-05T16:00Z,24.95
2025-07-05T17:00Z,27.46
2025-07-05T18:00Z,27.98
2025-07-05T19:00Z,27.5
2025-07-05T20:00Z,27.9
2025-07-05T21:00Z,28.16
2025-07-05T22:00Z,26.69
2025-07-05T23:00Z,31.59
2025-07-06T00:00Z,46.94
2025-07-06T01:00Z,53.77
2025-07-06T02:00Z,45.82
2025-07-06T03:00Z,41.5
2025-07-06T04:00Z,39.31
2025-07-06T05:00Z,38.55
2025-07-06T06:00Z,36.33
2025-07-06T07:00Z,33.68
2025-07-06T08:00Z,30.71
2025-07-06T09:00Z,31.57
2025-07-06T10:00Z,32.42
2025-07-06T11:00Z,31.26
2025-07-06T12:00Z,27.21
2025-07-06T13:00Z,22.06
2025-07-06T14:00Z,21.3
2025-07-06T15:00Z,21.57
2025-07-06T16:00Z,22.64
2025-07-06T17:00Z,26.25
2025-07-06T18:00Z,26.22
2025-07-06T19:00Z,27.67
2025-07-06T20:00Z,27.26
2025-07-06T21:00Z,28.37
2025-07-06T22:00Z,32.15
2025-07-06T23:00Z,38.18
2025-07-07T00:00Z,59.86
2025-07-07T01:00Z,61.49
2025-07-07T02:00Z,50.92
2025-07-07T03:00Z,47.31
2025-07-07T04:00Z,36.46
2025-07-07T05:00Z,32.42
2025-07-07T06:00Z,28.86
2025-07-07T07:00Z,27.67
2025-07-07T08:00Z,28.01
2025-07-07T09:00Z,29.4
2025-07-07T10:00Z,31.99
2025-07-07T11:00Z,38.08
2025-07-07T12:00Z,31.05
2025-07-07T13:00Z,25.95
2025-07-07T14:00Z,24.1
2025-07-07T15:00Z,26.06
2025-07-07T16:00Z,29.88
2025-07-07T17:00Z,33.89
2025-07-07T18:00Z,35.83
2025-07-07T19:00Z,35.31
2025-07-07T20:00Z,32.92
2025-07-07T21:00Z,33.2
2025-07-07T22:00Z,34.06
2025-07-07T23:00Z,39.99
2025-07-08T00:00Z,58.68
2025-07-08T01:00Z,69.16
2025-07-08T02:00Z,49.17
2025-07-08T03:00Z,40.11
2025-07-08T04:00Z,32.01
2025-07-08T05:00Z,25.6
2025-07-08T06:00Z,23.22
2025-07-08T07:00Z,23.62
2025-07-08T08:00Z,23.35
2025-07-08T09:00Z,23.99
2025-07-08T10:00Z,26.46
2025-07-08T11:00Z,30.87
2025-07-08T12:00Z,25.68
2025-07-08T13:00Z,19.87
2025-07-08T14:00Z,18.66
2025-07-08T15:00Z,22.4
2025-07-08T16:00Z,25.65
2025-07-08T17:00Z,29.61
2025-07-08T18:00Z,32.29
2025-07-08T19:00Z,34.66
2025-07-08T20:00Z,34.22
2025-07-08T21:00Z,37.25
2025-07-08T22:00Z,36.78
2025-07-08T23:00Z,40.16
2025-07-09T00:00Z,60.48
2025-07-09T01:00Z,72.5
2025-07-09T02:00Z,47.81
2025-07-09T03:00Z,37.6
2025-07-09T04:00Z,28.0
2025-07-09T05:00Z,23.88
2025-07-09T06:00Z,25.58
2025-07-09T07:00Z,24.13
2025-07-09T08:00Z,24.11
2025-07-09T09:00Z,25.13
2025-07-09T10:00Z,28.29
2025-07-09T11:00Z,28.8
2025-07-09T12:00Z,25.35
2025-07-09T13:00Z,21.41
2025-07-09T14:00Z,21.76
2025-07-09T15:00Z,22.76
2025-07-09T16:00Z,25.26
2025-07-09T17:00Z,31.03
2025-07-09T18:00Z,34.39
2025-07-09T19:00Z,33.94
2025-07-09T20:00Z,36.72
2025-07-09T21:00Z,35.72
2025-07-09T22:00Z,35.91
2025-07-09T23:00Z,39.98
2025-07-10T00:00Z,54.58
2025-07-10T01:00Z,50.58
2025-07-10T02:00Z,38.21
2025-07-10T03:00Z,30.2
2025-07-10T04:00Z,24.76
2025-07-10T05:00Z,23.97
2025-07-10T06:00Z,21.7
2025-07-10T07:00Z,20.92
2025-07-10T08:00Z,20.69
2025-07-10T09:00Z,20.55
2025-07-10T10:00Z,22.37
2025-07-10T11:00Z,24.71
2025-07-10T12:00Z,21.27
2025-07-10T13:00Z,17.0
2025-07-10T14:00Z,16.03
2025-07-10T15:00Z,19.46
2025-07-10T16:00Z,23.14
2025-07-10T17:00Z,26.6
2025-07-10T18:00Z,29.46
2025-07-10T19:00Z,28.14
2025-07-10T20:00Z,28.83
2025-07-10T21:00Z,31.26
2025-07-10T22:00Z,30.65
2025-07-10T23:00Z,29.92
2025-07-11T00:00Z,49.37
2025-07-11T01:00Z,55.15
2025-07-11T02:00Z,41.46
2025-07-11T03:00Z,31.03
2025-07-11T04:00Z,24.64
2025-07-11T05:00Z,22.23
2025-07-11T06:00Z,20.22
2025-07-11T07:00Z,19.19
2025-07-11T08:00Z,18.71
2025-07-11T09:00Z,19.02
2025-07-11T10:00Z,21.5
2025-07-11T11:00Z,22.45
2025-07-11T12:00Z,20.27
2025-07-11T13:00Z,14.29
2025-07-11T14:00Z,13.56
2025-07-11T15:00Z,18.19
2025-07-11T16:00Z,19.89
2025-07-11T17:00Z,23.15
2025-07-11T18:00Z,26.64
2025-07-11T19:00Z,27.12
2025-07-11T20:00Z,29.1
2025-07-11T21:00Z,30.08
2025-07-11T22:00Z,31.13
2025-07-11T23:00Z,33.19
2025-07-12T00:00Z,51.33
2025-07-12T01:00Z,56.86
2025-07-12T02:00Z,42.59
2025-07-12T03:00Z,36.16
2025-07-12T04:00Z,26.41
2025-07-12T05:00Z,26.86
2025-07-12T06:00Z,25.04
2025-07-12T07:00Z,23.93
2025-07-12T08:00Z,23.7
2025-07-12T09:00Z,24.77
2025-07-12T10:00Z,26.24
2025-07-12T11:00Z,25.61
2025-07-12T12:00Z,23.97
2025-07-12T13:00Z,20.76
2025-07-12T14:00Z,19.74
2025-07-12T15:00Z,22.29
2025-07-12T16:00Z,25.9
2025-07-12T17:00Z,27.9
2025-07-12T18:00Z,33.17
2025-07-12T19:00Z,37.75
2025-07-12T20:00Z,38.92
2025-07-12T21:00Z,40.52
2025-07-12T22:00Z,44.91
2025-07-12T23:00Z,50.13
2025-07-13T00:00Z,68.27
2025-07-13T01:00Z,71.11
2025-07-13T02:00Z,60.42
2025-07-13T03:00Z,44.27
2025-07-13T04:00Z,40.4
2025-07-13T05:00Z,45.28
2025-07-13T06:00Z,38.03
2025-07-13T07:00Z,34.5
2025-07-13T08:00Z,31.36
2025-07-13T09:00Z,30.33
2025-07-13T10:00Z,30.68
2025-07-13T11:00Z,30.62
2025-07-13T12:00Z,28.56
2025-07-13T13:00Z,25.69
2025-07-13T14:00Z,25.72
2025-07-13T15:00Z,25.53
2025-07-13T16:00Z,26.63
2025-07-13T17:00Z,30.32
2025-07-13T18:00Z,33.27
2025-07-13T19:00Z,37.65
2025-07-13T20:00Z,40.27
2025-07-13T21:00Z,43.18
2025-07-13T22:00Z,46.65
2025-07-13T23:00Z,57.17
2025-07-14T00:00Z,84.01
2025-07-14T01:00Z,83.19
2025-07-14T02:00Z,70.26
2025-07-14T03:00Z,51.7
2025-07-14T04:00Z,42.31
2025-07-14T05:00Z,32.25
2025-07-14T06:00Z,32.52
2025-07-14T07:00Z,30.18
2025-07-14T08:00Z,31.89
2025-07-14T09:00Z,34.13
2025-07-14T10:00Z,37.46
2025-07-14T11:00Z,43.03
2025-07-14T12:00Z,38.75
2025-07-14T13:00Z,31.3
2025-07-14T14:00Z,29.27
2025-07-14T15:00Z,30.37
2025-07-14T16:00Z,34.42
2025-07-14T17:00Z,43.06
2025-07-14T18:00Z,44.78
2025-07-14T19:00Z,46.33
2025-07-14T20:00Z,50.38
2025-07-14T21:00Z,52.26
2025-07-14T22:00Z,58.25
2025-07-14T23:00Z,64.64
2025-07-15T00:00Z,82.53
2025-07-15T01:00Z,83.81
2025-07-15T02:00Z,57.49
2025-07-15T03:00Z,42.3
2025-07-15T04:00Z,29.57
2025-07-15T05:00Z,28.06
2025-07-15T06:00Z,25.35
2025-07-15T07:00Z,23.85
2025-07-15T08:00Z,23.95
2025-07-15T09:00Z,23.42
2025-07-15T10:00Z,24.5
2025-07-15T11:00Z,27.48
2025-07-15T12:00Z,24.57
2025-07-15T13:00Z,19.27
2025-07-15T14:00Z,18.36
2025-07-15T15:00Z,19.72
2025-07-15T16:00Z,23.04
2025-07-15T17:00Z,27.06
2025-07-15T18:00Z,29.39
2025-07-15T19:00Z,31.74
2025-07-15T20:00Z,33.77
2025-07-15T21:00Z,38.31
2025-07-15T22:00Z,41.39
2025-07-15T23:00Z,46.59
2025-07-16T00:00Z,57.15
2025-07-16T01:00Z,61.3
2025-07-16T02:00Z,51.2
2025-07-16T03:00Z,38.41
2025-07-16T04:00Z,29.05
2025-07-16T05:00Z,25.53
2025-07-16T06:00Z,24.54
2025-07-16T07:00Z,22.93
2025-07-16T08:00Z,21.87
2025-07-16T09:00Z,22.65
2025-07-16T10:00Z,24.94
2025-07-16T11:00Z,25.45
2025-07-16T12:00Z,22.41
2025-07-16T13:00Z,17.28
2025-07-16T14:00Z,15.49
2025-07-16T15:00Z,17.93
2025-07-16T16:00Z,21.54
2025-07-16T17:00Z,25.75
2025-07-16T18:00Z,29.83
2025-07-16T19:00Z,32.57
2025-07-16T20:00Z,35.95
2025-07-16T21:00Z,39.16
2025-07-16T22:00Z,36.78
2025-07-16T23:00Z,46.38
2025-07-17T00:00Z,63.95
2025-07-17T01:00Z,76.86
2025-07-17T02:00Z,56.67
2025-07-17T03:00Z,42.28
2025-07-17T04:00Z,35.66
2025-07-17T05:00Z,27.32
2025-07-17T06:00Z,25.02
2025-07-17T07:00Z,23.6
2025-07-17T08:00Z,23.01
2025-07-17T09:00Z,23.83
2025-07-17T10:00Z,26.43
2025-07-17T11:00Z,30.47
2025-07-17T12:00Z,23.18
2025-07-17T13:00Z,18.57
2025-07-17T14:00Z,18.45
2025-07-17T15:00Z,21.42
2025-07-17T16:00Z,25.13
2025-07-17T17:00Z,29.21
2025-07-17T18:00Z,34.32
2025-07-17T19:00Z,37.68
2025-07-17T20:00Z,38.46
2025-07-17T21:00Z,38.33
2025-07-17T22:00Z,40.56
2025-07-17T23:00Z,47.12
2025-07-18T00:00Z,75.33
2025-07-18T01:00Z,94.01
2025-07-18T02:00Z,67.19
2025-07-18T03:00Z,39.13
2025-07-18T04:00Z,31.73
2025-07-18T05:00Z,30.54
2025-07-18T06:00Z,26.72
2025-07-18T07:00Z,24.31
2025-07-18T08:00Z,23.78
2025-07-18T09:00Z,23.44
2025-07-18T10:00Z,24.91
2025-07-18T11:00Z,27.08
2025-07-18T12:00Z,23.72
2025-07-18T13:00Z,20.0
2025-07-18T14:00Z,19.05
2025-07-18T15:00Z,19.95
2025-07-18T16:00Z,21.99
2025-07-18T17:00Z,26.54
2025-07-18T18:00Z,30.6
2025-07-18T19:00Z,33.72
2025-07-18T20:00Z,36.17
2025-07-18T21:00Z,41.85
2025-07-18T22:00Z,41.85
2025-07-18T23:00Z,43.05
2025-07-19T00:00Z,60.68
2025-07-19T01:00Z,64.65
2025-07-19T02:00Z,45.45
2025-07-19T03:00Z,35.98
2025-07-19T04:00Z,29.16
2025-07-19T05:00Z,24.09
2025-07-19T06:00Z,22.37
2025-07-19T07:00Z,21.54
2025-07-19T08:00Z,20.78
2025-07-19T09:00Z,20.21
2025-07-19T10:00Z,20.75
2025-07-19T11:00Z,20.55
2025-07-19T12:00Z,18.73
2025-07-19T13:00Z,14.95
2025-07-19T14:00Z,14.61
2025-07-19T15:00Z,16.81
2025-07-19T16:00Z,21.38
2025-07-19T17:00Z,24.78
2025-07-19T18:00Z,30.06
2025-07-19T19:00Z,30.23
2025-07-19T20:00Z,35.42
2025-07-19T21:00Z,35.92
2025-07-19T22:00Z,38.33
2025-07-19T23:00Z,40.64
2025-07-20T00:00Z,54.88
2025-07-20T01:00Z,58.69
2025-07-20T02:00Z,48.34
2025-07-20T03:00Z,32.47
2025-07-20T04:00Z,26.33
2025-07-20T05:00Z,24.52
2025-07-20T06:00Z,23.48
2025-07-20T07:00Z,21.86
2025-07-20T08:00Z,21.03
2025-07-20T09:00Z,20.82
2025-07-20T10:00Z,19.94
2025-07-20T11:00Z,19.97
2025-07-20T12:00Z,17.38
2025-07-20T13:00Z,11.9
2025-07-20T14:00Z,11.42
2025-07-20T15:00Z,16.13
2025-07-20T16:00Z,20.7
2025-07-20T17:00Z,25.46
2025-07-20T18:00Z,28.14
2025-07-20T19:00Z,30.09
2025-07-20T20:00Z,33.3
2025-07-20T21:00Z,39.48
2025-07-20T22:00Z,43.44
2025-07-20T23:00Z,49.68
2025-07-21T00:00Z,63.52
2025-07-21T01:00Z,57.26
2025-07-21T02:00Z,48.58
2025-07-21T03:00Z,34.01
2025-07-21T04:00Z,26.5
2025-07-21T05:00Z,25.95
2025-07-21T06:00Z,23.42
2025-07-21T07:00Z,21.4
2025-07-21T08:00Z,21.16
2025-07-21T09:00Z,22.01
2025-07-21T10:00Z,24.2
2025-07-21T11:00Z,23.74
2025-07-21T12:00Z,22.46
2025-07-21T13:00Z,15.86
2025-07-21T14:00Z,13.58
2025-07-21T15:00Z,16.82
2025-07-21T16:00Z,20.87
2025-07-21T17:00Z,26.79
2025-07-21T18:00Z,30.14
2025-07-21T19:00Z,31.52
2025-07-21T20:00Z,32.09
2025-07-21T21:00Z,32.3
2025-07-21T22:00Z,34.49
2025-07-21T23:00Z,45.76
2025-07-22T00:00Z,72.2
2025-07-22T01:00Z,73.59
2025-07-22T02:00Z,53.56
2025-07-22T03:00Z,43.71
2025-07-22T04:00Z,30.42
2025-07-22T05:00Z,25.78
2025-07-22T06:00Z,23.17
2025-07-22T07:00Z,22.93
2025-07-22T08:00Z,21.6
2025-07-22T09:00Z,21.6
2025-07-22T10:00Z,23.23
2025-07-22T11:00Z,24.74
2025-07-22T12:00Z,21.55
2025-07-22T13:00Z,17.9
2025-07-22T14:00Z,15.77
2025-07-22T15:00Z,17.43
2025-07-22T16:00Z,20.71
2025-07-22T17:00Z,26.96
2025-07-22T18:00Z,29.15
2025-07-22T19:00Z,28.94
2025-07-22T20:00Z,32.45
2025-07-22T21:00Z,33.72
2025-07-22T22:00Z,34.43
2025-07-22T23:00Z,40.05
2025-07-23T00:00Z,67.47
2025-07-23T01:00Z,65.08
2025-07-23T02:00Z,56.61
2025-07-23T03:00Z,37.91
2025-07-23T04:00Z,30.73
2025-07-23T05:00Z,27.83
2025-07-23T06:00Z,26.11
2025-07-23T07:00Z,24.08
2025-07-23T08:00Z,22.93
2025-07-23T09:00Z,22.65
2025-07-23T10:00Z,24.45
2025-07-23T11:00Z,25.19
2025-07-23T12:00Z,22.54
2025-07-23T13:00Z,17.4
2025-07-23T14:00Z,15.02
2025-07-23T15:00Z,16.5
2025-07-23T16:00Z,20.3
2025-07-23T17:00Z,24.56
2025-07-23T18:00Z,26.41
2025-07-23T19:00Z,29.5
2025-07-23T20:00Z,30.66
2025-07-23T21:00Z,33.48
2025-07-23T22:00Z,34.85
2025-07-23T23:00Z,42.49
2025-07-24T00:00Z,76.83
2025-07-24T01:00Z,83.37
2025-07-24T02:00Z,53.96
2025-07-24T03:00Z,40.24
2025-07-24T04:00Z,29.31
2025-07-24T05:00Z,24.04
2025-07-24T06:00Z,21.84
2025-07-24T07:00Z,20.9
2025-07-24T08:00Z,20.59
2025-07-24T09:00Z,20.35
2025-07-24T10:00Z,20.98
2025-07-24T11:00Z,23.44
2025-07-24T12:00Z,21.27
2025-07-24T13:00Z,15.79
2025-07-24T14:00Z,15.1
2025-07-24T15:00Z,17.45
2025-07-24T16:00Z,23.97
2025-07-24T17:00Z,31.21
2025-07-24T18:00Z,38.4
2025-07-24T19:00Z,43.39
2025-07-24T20:00Z,43.54
2025-07-24T21:00Z,46.79
2025-07-24T22:00Z,50.01
2025-07-24T23:00Z,66.83
2025-07-25T00:00Z,124.52
2025-07-25T01:00Z,134.15
2025-07-25T02:00Z,84.46
2025-07-25T03:00Z,48.03
2025-07-25T04:00Z,35.86
2025-07-25T05:00Z,30.23
2025-07-25T06:00Z,28.55
2025-07-25T07:00Z,25.78
2025-07-25T08:00Z,26.25
2025-07-25T09:00Z,28.74
2025-07-25T10:00Z,32.39
2025-07-25T11:00Z,34.45
2025-07-25T12:00Z,29.74
2025-07-25T13:00Z,23.77
2025-07-25T14:00Z,22.14
2025-07-25T15:00Z,25.7
2025-07-25T16:00Z,31.87
2025-07-25T17:00Z,39.73
2025-07-25T18:00Z,42.89
2025-07-25T19:00Z,52.78
2025-07-25T20:00Z,57.96
2025-07-25T21:00Z,70.59
2025-07-25T22:00Z,78.41
2025-07-25T23:00Z,82.74
2025-07-26T00:00Z,134.74
2025-07-26T01:00Z,112.61
2025-07-26T02:00Z,66.47
2025-07-26T03:00Z,48.38
2025-07-26T04:00Z,36.9
2025-07-26T05:00Z,27.98
2025-07-26T06:00Z,25.32
2025-07-26T07:00Z,24.33
2025-07-26T08:00Z,24.3
2025-07-26T09:00Z,23.99
2025-07-26T10:00Z,24.15
2025-07-26T11:00Z,22.32
2025-07-26T12:00Z,20.34
2025-07-26T13:00Z,18.75
2025-07-26T14:00Z,18.91
2025-07-26T15:00Z,20.5
2025-07-26T16:00Z,25.38
2025-07-26T17:00Z,33.03
2025-07-26T18:00Z,39.15
2025-07-26T19:00Z,40.79
2025-07-26T20:00Z,45.96
2025-07-26T21:00Z,45.19
2025-07-26T22:00Z,44.42
2025-07-26T23:00Z,46.1
2025-07-27T00:00Z,52.25
2025-07-27T01:00Z,45.47
2025-07-27T02:00Z,34.38
2025-07-27T03:00Z,29.83
2025-07-27T04:00Z,23.86
2025-07-27T05:00Z,23.77
2025-07-27T06:00Z,22.2
2025-07-27T07:00Z,21.55
2025-07-27T08:00Z,20.8
2025-07-27T09:00Z,21.68
2025-07-27T10:00Z,21.7
2025-07-27T11:00Z,20.69
2025-07-27T12:00Z,19.48
2025-07-27T13:00Z,15.44
2025-07-27T14:00Z,13.41
2025-07-27T15:00Z,16.17
2025-07-27T16:00Z,18.64
2025-07-27T17:00Z,22.93
2025-07-27T18:00Z,24.31
2025-07-27T19:00Z,24.79
2025-07-27T20:00Z,28.7
2025-07-27T21:00Z,32.6
2025-07-27T22:00Z,35.8
2025-07-27T23:00Z,42.78
2025-07-28T00:00Z,55.0
2025-07-28T01:00Z,54.08
2025-07-28T02:00Z,42.4
2025-07-28T03:00Z,31.4
2025-07-28T04:00Z,25.5
2025-07-28T05:00Z,24.55
2025-07-28T06:00Z,22.83
2025-07-28T07:00Z,21.25
2025-07-28T08:00Z,20.87
2025-07-28T09:00Z,22.13
2025-07-28T10:00Z,24.01
2025-07-28T11:00Z,26.26
2025-07-28T12:00Z,24.64
2025-07-28T13:00Z,17.63
2025-07-28T14:00Z,15.87
2025-07-28T15:00Z,18.12
2025-07-28T16:00Z,22.3
2025-07-28T17:00Z,25.23
2025-07-28T18:00Z,29.44
2025-07-28T19:00Z,30.42
2025-07-28T20:00Z,32.51
2025-07-28T21:00Z,36.89
2025-07-28T22:00Z,37.72
2025-07-28T23:00Z,43.74
2025-07-29T00:00Z,78.03
2025-07-29T01:00Z,92.9
2025-07-29T02:00Z,56.92
2025-07-29T03:00Z,43.19
2025-07-29T04:00Z,32.08
2025-07-29T05:00Z,24.15
2025-07-29T06:00Z,22.26
2025-07-29T07:00Z,20.75
2025-07-29T08:00Z,20.48
2025-07-29T09:00Z,21.06
2025-07-29T10:00Z,22.19
2025-07-29T11:00Z,23.07
2025-07-29T12:00Z,20.38
2025-07-29T13:00Z,16.07
2025-07-29T14:00Z,13.79
2025-07-29T15:00Z,16.27
2025-07-29T16:00Z,21.1
2025-07-29T17:00Z,27.16
2025-07-29T18:00Z,33.32
2025-07-29T19:00Z,35.44
2025-07-29T20:00Z,37.75
2025-07-29T21:00Z,42.04
2025-07-29T22:00Z,46.0
2025-07-29T23:00Z,55.09
2025-07-30T00:00Z,101.23
2025-07-30T01:00Z,139.83
2025-07-30T02:00Z,85.46
2025-07-30T03:00Z,48.86
2025-07-30T04:00Z,36.41
2025-07-30T05:00Z,28.52
2025-07-30T06:00Z,25.32
2025-07-30T07:00Z,22.95
2025-07-30T08:00Z,21.33
2025-07-30T09:00Z,21.71
2025-07-30T10:00Z,24.07
2025-07-30T11:00Z,25.23
2025-07-30T12:00Z,23.0
2025-07-30T13:00Z,18.82
2025-07-30T14:00Z,19.44
2025-07-30T15:00Z,21.21
2025-07-30T16:00Z,25.63
2025-07-30T17:00Z,32.6
2025-07-30T18:00Z,41.98
2025-07-30T19:00Z,51.5
2025-07-30T20:00Z,66.38
2025-07-30T21:00Z,88.17
2025-07-30T22:00Z,84.85
2025-07-30T23:00Z,158.53
2025-07-31T00:00Z,507.92
2025-07-31T01:00Z,504.76
2025-07-31T02:00Z,397.8
2025-07-31T03:00Z,86.77
2025-07-31T04:00Z,45.45
2025-07-31T05:00Z,31.29
2025-07-31T06:00Z,26.9
2025-07-31T07:00Z,24.08
2025-07-31T08:00Z,23.83
2025-07-31T09:00Z,24.01
2025-07-31T10:00Z,26.57
2025-07-31T11:00Z,26.09
2025-07-31T12:00Z,25.37
2025-07-31T13:00Z,20.79
2025-07-31T14:00Z,19.37
2025-07-31T15:00Z,21.97
2025-07-31T16:00Z,25.07
2025-07-31T17:00Z,32.16
2025-07-31T18:00Z,39.73
2025-07-31T19:00Z,44.94
2025-07-31T20:00Z,52.77
2025-07-31T21:00Z,65.72
2025-07-31T22:00Z,65.94
2025-07-31T23:00Z,115.31
2025-08-01T00:00Z,214.5
2025-08-01T01:00Z,200.0
2025-08-01T02:00Z,99.94
2025-08-01T03:00Z,68.2
2025-08-01T04:00Z,44.81
2025-08-01T05:00Z,37.79
2025-08-01T06:00Z,35.25
2025-08-01T07:00Z,34.58
2025-08-01T08:00Z,30.09
2025-08-01T09:00Z,30.51
2025-08-01T10:00Z,34.57
2025-08-01T11:00Z,36.99
2025-08-01T12:00Z,30.86
2025-08-01T13:00Z,24.22
2025-08-01T14:00Z,22.31
2025-08-01T15:00Z,25.09
2025-08-01T16:00Z,28.89
2025-08-01T17:00Z,34.95
2025-08-01T18:00Z,40.92
2025-08-01T19:00Z,46.76
2025-08-01T20:00Z,50.05
2025-08-01T21:00Z,52.84
2025-08-01T22:00Z,60.14
2025-08-01T23:00Z,86.27
2025-08-02T00:00Z,117.77
2025-08-02T01:00Z,111.65
2025-08-02T02:00Z,76.94
2025-08-02T03:00Z,72.7
2025-08-02T04:00Z,55.81
2025-08-02T05:00Z,38.4
2025-08-02T06:00Z,36.91
2025-08-02T07:00Z,35.86
2025-08-02T08:00Z,35.25
2025-08-02T09:00Z,35.44
2025-08-02T10:00Z,35.74
2025-08-02T11:00Z,38.29
2025-08-02T12:00Z,34.51
2025-08-02T13:00Z,25.7
2025-08-02T14:00Z,24.17
2025-08-02T15:00Z,25.49
2025-08-02T16:00Z,28.07
2025-08-02T17:00Z,30.26
2025-08-02T18:00Z,32.27
2025-08-02T19:00Z,36.48
2025-08-02T20:00Z,38.56
2025-08-02T21:00Z,39.81
2025-08-02T22:00Z,42.25
2025-08-02T23:00Z,59.42
2025-08-03T00:00Z,80.79
2025-08-03T01:00Z,70.37
2025-08-03T02:00Z,57.85
2025-08-03T03:00Z,38.48
2025-08-03T04:00Z,29.99
2025-08-03T05:00Z,24.72
2025-08-03T06:00Z,23.95
2025-08-03T07:00Z,22.79
2025-08-03T08:00Z,22.91
2025-08-03T09:00Z,21.25
2025-08-03T10:00Z,22.81
2025-08-03T11:00Z,23.62
2025-08-03T12:00Z,21.23
2025-08-03T13:00Z,17.39
2025-08-03T14:00Z,16.66
2025-08-03T15:00Z,17.52
2025-08-03T16:00Z,20.06
2025-08-03T17:00Z,21.65
2025-08-03T18:00Z,23.91
2025-08-03T19:00Z,27.54
2025-08-03T20:00Z,30.97
2025-08-03T21:00Z,39.78
2025-08-03T22:00Z,41.61
2025-08-03T23:00Z,57.62
2025-08-04T00:00Z,87.64
2025-08-04T01:00Z,86.55
2025-08-04T02:00Z,45.41
2025-08-04T03:00Z,37.89
2025-08-04T04:00Z,31.51
2025-08-04T05:00Z,24.0
2025-08-04T06:00Z,23.79
2025-08-04T07:00Z,23.18
2025-08-04T08:00Z,24.09
2025-08-04T09:00Z,26.11
2025-08-04T10:00Z,29.42
2025-08-04T11:00Z,32.58
2025-08-04T12:00Z,30.25
2025-08-04T13:00Z,21.77
2025-08-04T14:00Z,19.4
2025-08-04T15:00Z,20.07
2025-08-04T16:00Z,21.9
2025-08-04T17:00Z,25.01
2025-08-04T18:00Z,25.49
2025-08-04T19:00Z,26.25
2025-08-04T20:00Z,27.81
2025-08-04T21:00Z,29.85
2025-08-04T22:00Z,34.53
2025-08-04T23:00Z,46.53
2025-08-05T00:00Z,60.87
2025-08-05T01:00Z,52.19
2025-08-05T02:00Z,39.4
2025-08-05T03:00Z,31.23
2025-08-05T04:00Z,22.99
2025-08-05T05:00Z,22.14
2025-08-05T06:00Z,20.25
2025-08-05T07:00Z,20.15
2025-08-05T08:00Z,20.35
2025-08-05T09:00Z,20.87
2025-08-05T10:00Z,23.11
2025-08-05T11:00Z,23.24
2025-08-05T12:00Z,20.43
2025-08-05T13:00Z,16.7
2025-08-05T14:00Z,13.02
2025-08-05T15:00Z,13.77
2025-08-05T16:00Z,15.79
2025-08-05T17:00Z,20.18
2025-08-05T18:00Z,22.94
2025-08-05T19:00Z,26.27
2025-08-05T20:00Z,27.35
2025-08-05T21:00Z,27.39
2025-08-05T22:00Z,27.9
2025-08-05T23:00Z,34.07
2025-08-06T00:00Z,54.01
2025-08-06T01:00Z,51.26
2025-08-06T02:00Z,35.27
2025-08-06T03:00Z,27.46
2025-08-06T04:00Z,21.01
2025-08-06T05:00Z,19.32
2025-08-06T06:00Z,17.82
2025-08-06T07:00Z,16.72
2025-08-06T08:00Z,16.64
2025-08-06T09:00Z,17.38
2025-08-06T10:00Z,19.12
2025-08-06T11:00Z,19.93
2025-08-06T12:00Z,18.86
2025-08-06T13:00Z,14.95
2025-08-06T14:00Z,9.59
2025-08-06T15:00Z,11.17
2025-08-06T16:00Z,15.34
2025-08-06T17:00Z,20.58
2025-08-06T18:00Z,22.23
2025-08-06T19:00Z,24.21
2025-08-06T20:00Z,24.5
2025-08-06T21:00Z,25.11
2025-08-06T22:00Z,27.65
2025-08-06T23:00Z,31.85
2025-08-07T00:00Z,50.66
2025-08-07T01:00Z,53.61
2025-08-07T02:00Z,37.81
2025-08-07T03:00Z,32.1
2025-08-07T04:00Z,21.95
2025-08-07T05:00Z,21.91
2025-08-07T06:00Z,19.84
2025-08-07T07:00Z,18.35
2025-08-07T08:00Z,18.32
2025-08-07T09:00Z,19.14
2025-08-07T10:00Z,21.37
2025-08-07T11:00Z,25.14
2025-08-07T12:00Z,22.93
2025-08-07T13:00Z,17.57
2025-08-07T14:00Z,14.36
2025-08-07T15:00Z,15.43
2025-08-07T16:00Z,20.22
2025-08-07T17:00Z,23.26
2025-08-07T18:00Z,26.9
2025-08-07T19:00Z,28.48
2025-08-07T20:00Z,27.64
2025-08-07T21:00Z,29.54
2025-08-07T22:00Z,31.62
2025-08-07T23:00Z,41.99
2025-08-08T00:00Z,81.28
2025-08-08T01:00Z,84.52
2025-08-08T02:00Z,65.21
2025-08-08T03:00Z,36.79
2025-08-08T04:00Z,26.82
2025-08-08T05:00Z,23.99
2025-08-08T06:00Z,22.24
2025-08-08T07:00Z,20.52
2025-08-08T08:00Z,19.86
2025-08-08T09:00Z,19.92
2025-08-08T10:00Z,20.79
2025-08-08T11:00Z,22.42
2025-08-08T12:00Z,21.73
2025-08-08T13:00Z,17.03
2025-08-08T14:00Z,14.82
2025-08-08T15:00Z,16.69
2025-08-08T16:00Z,21.71
2025-08-08T17:00Z,22.62
2025-08-08T18:00Z,23.89
2025-08-08T19:00Z,25.09
2025-08-08T20:00Z,29.18
2025-08-08T21:00Z,29.84
2025-08-08T22:00Z,31.7
2025-08-08T23:00Z,40.04
2025-08-09T00:00Z,71.71
2025-08-09T01:00Z,72.78
2025-08-09T02:00Z,49.73
2025-08-09T03:00Z,32.54
2025-08-09T04:00Z,25.24
2025-08-09T05:00Z,21.3
2025-08-09T06:00Z,21.07
2025-08-09T07:00Z,19.47
2025-08-09T08:00Z,19.02
2025-08-09T09:00Z,18.96
2025-08-09T10:00Z,19.11
2025-08-09T11:00Z,19.58
2025-08-09T12:00Z,18.55
2025-08-09T13:00Z,14.09
2025-08-09T14:00Z,10.66
2025-08-09T15:00Z,14.67
2025-08-09T16:00Z,17.76
2025-08-09T17:00Z,21.23
2025-08-09T18:00Z,23.22
2025-08-09T19:00Z,24.1
2025-08-09T20:00Z,24.34
2025-08-09T21:00Z,27.16
2025-08-09T22:00Z,28.01
2025-08-09T23:00Z,35.28
2025-08-10T00:00Z,49.51
2025-08-10T01:00Z,48.98
2025-08-10T02:00Z,36.16
2025-08-10T03:00Z,28.95
2025-08-10T04:00Z,23.13
2025-08-10T05:00Z,20.71
2025-08-10T06:00Z,20.41
2025-08-10T07:00Z,19.72
2025-08-10T08:00Z,19.52
2025-08-10T09:00Z,19.5
2025-08-10T10:00Z,20.13
2025-08-10T11:00Z,20.16
2025-08-10T12:00Z,19.6
2025-08-10T13:00Z,15.5
2025-08-10T14:00Z,13.05
2025-08-10T15:00Z,15.93
2025-08-10T16:00Z,19.27
2025-08-10T17:00Z,21.11
2025-08-10T18:00Z,23.23
2025-08-10T19:00Z,24.72
2025-08-10T20:00Z,26.13
2025-08-10T21:00Z,28.17
2025-08-10T22:00Z,31.25
2025-08-10T23:00Z,41.4
2025-08-11T00:00Z,63.05
2025-08-11T01:00Z,61.0
2025-08-11T02:00Z,42.14
2025-08-11T03:00Z,32.98
2025-08-11T04:00Z,24.99
2025-08-11T05:00Z,24.84
2025-08-11T06:00Z,25.51
2025-08-11T07:00Z,24.26
2025-08-11T08:00Z,23.86
2025-08-11T09:00Z,25.08
2025-08-11T10:00Z,28.08
2025-08-11T11:00Z,37.05
2025-08-11T12:00Z,32.87
2025-08-11T13:00Z,24.17
2025-08-11T14:00Z,21.29
2025-08-11T15:00Z,23.49
2025-08-11T16:00Z,29.89
2025-08-11T17:00Z,35.53
2025-08-11T18:00Z,40.57
2025-08-11T19:00Z,43.11
2025-08-11T20:00Z,47.01
2025-08-11T21:00Z,57.04
2025-08-11T22:00Z,73.29
2025-08-11T23:00Z,110.74
2025-08-12T00:00Z,162.77
2025-08-12T01:00Z,134.42
2025-08-12T02:00Z,98.9
2025-08-12T03:00Z,56.8
2025-08-12T04:00Z,41.62
2025-08-12T05:00Z,29.03
2025-08-12T06:00Z,26.49
2025-08-12T07:00Z,25.06
2025-08-12T08:00Z,25.12
2025-08-12T09:00Z,27.5
2025-08-12T10:00Z,33.48
2025-08-12T11:00Z,40.91
2025-08-12T12:00Z,34.88
2025-08-12T13:00Z,26.96
2025-08-12T14:00Z,24.25
2025-08-12T15:00Z,25.74
2025-08-12T16:00Z,28.32
2025-08-12T17:00Z,32.75
2025-08-12T18:00Z,37.01
2025-08-12T19:00Z,47.74
2025-08-12T20:00Z,56.18
2025-08-12T21:00Z,65.34
2025-08-12T22:00Z,100.26
2025-08-12T23:00Z,177.81
2025-08-13T00:00Z,272.38
2025-08-13T01:00Z,275.49
2025-08-13T02:00Z,181.32
2025-08-13T03:00Z,97.33
2025-08-13T04:00Z,55.08
2025-08-13T05:00Z,39.88
2025-08-13T06:00Z,38.36
2025-08-13T07:00Z,36.7
2025-08-13T08:00Z,35.07
2025-08-13T09:00Z,36.96
2025-08-13T10:00Z,38.69
2025-08-13T11:00Z,40.08
2025-08-13T12:00Z,37.11
2025-08-13T13:00Z,25.8
2025-08-13T14:00Z,24.14
2025-08-13T15:00Z,24.89
2025-08-13T16:00Z,28.76
2025-08-13T17:00Z,33.02
2025-08-13T18:00Z,31.19
2025-08-13T19:00Z,36.05
2025-08-13T20:00Z,42.99
2025-08-13T21:00Z,52.45
2025-08-13T22:00Z,69.98
2025-08-13T23:00Z,101.44
2025-08-14T00:00Z,154.85
2025-08-14T01:00Z,114.84
2025-08-14T02:00Z,70.14
2025-08-14T03:00Z,43.56
2025-08-14T04:00Z,32.55
2025-08-14T05:00Z,27.72
2025-08-14T06:00Z,24.65
2025-08-14T07:00Z,23.66
2025-08-14T08:00Z,23.46
2025-08-14T09:00Z,23.67
2025-08-14T10:00Z,25.19
2025-08-14T11:00Z,26.26
2025-08-14T12:00Z,24.11
2025-08-14T13:00Z,19.27
2025-08-14T14:00Z,17.28
2025-08-14T15:00Z,18.65
2025-08-14T16:00Z,20.31
2025-08-14T17:00Z,24.83
2025-08-14T18:00Z,29.09
2025-08-14T19:00Z,32.0
2025-08-14T20:00Z,34.92
2025-08-14T21:00Z,39.35
2025-08-14T22:00Z,42.02
2025-08-14T23:00Z,65.21
2025-08-15T00:00Z,91.49
2025-08-15T01:00Z,67.38
2025-08-15T02:00Z,39.21
2025-08-15T03:00Z,32.78
2025-08-15T04:00Z,25.29
2025-08-15T05:00Z,21.79
2025-08-15T06:00Z,19.8
2025-08-15T07:00Z,19.72
2025-08-15T08:00Z,19.29
2025-08-15T09:00Z,20.1
2025-08-15T10:00Z,21.9
2025-08-15T11:00Z,25.57
2025-08-15T12:00Z,24.69
2025-08-15T13:00Z,18.7
2025-08-15T14:00Z,16.16
2025-08-15T15:00Z,16.5
2025-08-15T16:00Z,18.94
2025-08-15T17:00Z,22.16
2025-08-15T18:00Z,23.37
2025-08-15T19:00Z,23.93
2025-08-15T20:00Z,26.79
2025-08-15T21:00Z,29.35
2025-08-15T22:00Z,30.13
2025-08-15T23:00Z,42.82
2025-08-16T00:00Z,54.34
2025-08-16T01:00Z,50.36
2025-08-16T02:00Z,40.37
2025-08-16T03:00Z,32.18
2025-08-16T04:00Z,25.89
2025-08-16T05:00Z,24.85
2025-08-16T06:00Z,22.65
2025-08-16T07:00Z,21.45
2025-08-16T08:00Z,21.37
2025-08-16T09:00Z,21.67
2025-08-16T10:00Z,22.93
2025-08-16T11:00Z,25.18
2025-08-16T12:00Z,23.58
2025-08-16T13:00Z,19.24
2025-08-16T14:00Z,18.2
2025-08-16T15:00Z,20.01
2025-08-16T16:00Z,24.05
2025-08-16T17:00Z,25.89
2025-08-16T18:00Z,27.13
2025-08-16T19:00Z,28.54
2025-08-16T20:00Z,29.6
2025-08-16T21:00Z,33.12
2025-08-16T22:00Z,34.21
2025-08-16T23:00Z,50.44
2025-08-17T00:00Z,71.72
2025-08-17T01:00Z,61.38
2025-08-17T02:00Z,47.26
2025-08-17T03:00Z,36.36
2025-08-17T04:00Z,30.0
2025-08-17T05:00Z,26.63
2025-08-17T06:00Z,24.15
2025-08-17T07:00Z,23.69
2025-08-17T08:00Z,23.07
2025-08-17T09:00Z,22.81
2025-08-17T10:00Z,22.1
2025-08-17T11:00Z,23.35
2025-08-17T12:00Z,21.07
2025-08-17T13:00Z,17.6
2025-08-17T14:00Z,16.29
2025-08-17T15:00Z,17.21
2025-08-17T16:00Z,19.24
2025-08-17T17:00Z,23.49
2025-08-17T18:00Z,27.84
2025-08-17T19:00Z,29.82
2025-08-17T20:00Z,29.81
2025-08-17T21:00Z,29.97
2025-08-17T22:00Z,33.89
2025-08-17T23:00Z,63.09
2025-08-18T00:00Z,86.95
2025-08-18T01:00Z,83.57
2025-08-18T02:00Z,59.46
2025-08-18T03:00Z,41.56
2025-08-18T04:00Z,34.37
2025-08-18T05:00Z,29.87
2025-08-18T06:00Z,27.97
2025-08-18T07:00Z,26.89
2025-08-18T08:00Z,25.53
2025-08-18T09:00Z,26.7
2025-08-18T10:00Z,28.55
2025-08-18T11:00Z,33.44
2025-08-18T12:00Z,31.72
2025-08-18T13:00Z,23.14
2025-08-18T14:00Z,20.3
2025-08-18T15:00Z,21.7
2025-08-18T16:00Z,25.57
2025-08-18T17:00Z,29.21
2025-08-18T18:00Z,34.44
2025-08-18T19:00Z,41.09
2025-08-18T20:00Z,45.03
2025-08-18T21:00Z,60.14
2025-08-18T22:00Z,79.39
2025-08-18T23:00Z,118.18
2025-08-19T00:00Z,235.98
2025-08-19T01:00Z,221.36
2025-08-19T02:00Z,136.07
2025-08-19T03:00Z,74.13
2025-08-19T04:00Z,44.34
2025-08-19T05:00Z,37.8
2025-08-19T06:00Z,34.21
2025-08-19T07:00Z,33.26
2025-08-19T08:00Z,31.83
2025-08-19T09:00Z,34.76
2025-08-19T10:00Z,40.05
2025-08-19T11:00Z,42.4
2025-08-19T12:00Z,41.11
2025-08-19T13:00Z,30.21
2025-08-19T14:00Z,26.07
2025-08-19T15:00Z,29.85
2025-08-19T16:00Z,32.92
2025-08-19T17:00Z,38.64
2025-08-19T18:00Z,47.24
2025-08-19T19:00Z,60.58
2025-08-19T20:00Z,74.25
2025-08-19T21:00Z,88.03
2025-08-19T22:00Z,110.07
2025-08-19T23:00Z,282.22
2025-08-20T00:00Z,298.6
2025-08-20T01:00Z,298.99
2025-08-20T02:00Z,229.95
2025-08-20T03:00Z,95.65
2025-08-20T04:00Z,74.42
2025-08-20T05:00Z,62.47
2025-08-20T06:00Z,43.56
2025-08-20T07:00Z,39.44
2025-08-20T08:00Z,38.52
2025-08-20T09:00Z,39.25
2025-08-20T10:00Z,42.76
2025-08-20T11:00Z,45.0
2025-08-20T12:00Z,39.24
2025-08-20T13:00Z,24.69
2025-08-20T14:00Z,23.08
2025-08-20T15:00Z,24.13
2025-08-20T16:00Z,26.7
2025-08-20T17:00Z,29.44
2025-08-20T18:00Z,35.98
2025-08-20T19:00Z,39.0
2025-08-20T20:00Z,47.75
2025-08-20T21:00Z,53.67
2025-08-20T22:00Z,65.37
2025-08-20T23:00Z,100.84
2025-08-21T00:00Z,111.41
2025-08-21T01:00Z,114.0
2025-08-21T02:00Z,107.55
2025-08-21T03:00Z,80.04
2025-08-21T04:00Z,54.13
2025-08-21T05:00Z,40.22
2025-08-21T06:00Z,36.81
2025-08-21T07:00Z,35.36
2025-08-21T08:00Z,33.43
2025-08-21T09:00Z,33.93
2025-08-21T10:00Z,36.71
2025-08-21T11:00Z,38.52
2025-08-21T12:00Z,35.12
2025-08-21T13:00Z,26.01
2025-08-21T14:00Z,24.68
2025-08-21T15:00Z,24.85
2025-08-21T16:00Z,26.01
2025-08-21T17:00Z,28.52
2025-08-21T18:00Z,29.22
2025-08-21T19:00Z,33.94
2025-08-21T20:00Z,36.75
2025-08-21T21:00Z,40.03
2025-08-21T22:00Z,45.74
2025-08-21T23:00Z,71.13
2025-08-22T00:00Z,75.99
2025-08-22T01:00Z,73.48
2025-08-22T02:00Z,56.01
2025-08-22T03:00Z,48.98
2025-08-22T04:00Z,36.33
2025-08-22T05:00Z,33.6
2025-08-22T06:00Z,31.32
2025-08-22T07:00Z,30.67
2025-08-22T08:00Z,30.22
2025-08-22T09:00Z,31.07
2025-08-22T10:00Z,35.0
2025-08-22T11:00Z,39.54
2025-08-22T12:00Z,35.93
2025-08-22T13:00Z,25.03
2025-08-22T14:00Z,24.68
2025-08-22T15:00Z,25.09
2025-08-22T16:00Z,25.64
2025-08-22T17:00Z,27.29
2025-08-22T18:00Z,29.95
2025-08-22T19:00Z,31.99
2025-08-22T20:00Z,34.87
2025-08-22T21:00Z,35.96
2025-08-22T22:00Z,39.3
2025-08-22T23:00Z,53.33
2025-08-23T00:00Z,64.26
2025-08-23T01:00Z,60.32
2025-08-23T02:00Z,47.36
2025-08-23T03:00Z,41.78
2025-08-23T04:00Z,34.12
2025-08-23T05:00Z,29.79
2025-08-23T06:00Z,28.24
2025-08-23T07:00Z,26.97
2025-08-23T08:00Z,25.89
2025-08-23T09:00Z,26.44
2025-08-23T10:00Z,28.25
2025-08-23T11:00Z,29.87
2025-08-23T12:00Z,25.68
2025-08-23T13:00Z,18.79
2025-08-23T14:00Z,18.9
2025-08-23T15:00Z,20.59
2025-08-23T16:00Z,23.1
2025-08-23T17:00Z,24.99
2025-08-23T18:00Z,26.76
2025-08-23T19:00Z,32.6
2025-08-23T20:00Z,33.1
2025-08-23T21:00Z,33.27
2025-08-23T22:00Z,34.32
2025-08-23T23:00Z,43.24
2025-08-24T00:00Z,62.32
2025-08-24T01:00Z,56.81
2025-08-24T02:00Z,47.41
2025-08-24T03:00Z,38.8
2025-08-24T04:00Z,34.46
2025-08-24T05:00Z,32.54
2025-08-24T06:00Z,30.95
2025-08-24T07:00Z,29.79
2025-08-24T08:00Z,28.13
2025-08-24T09:00Z,26.51
2025-08-24T10:00Z,28.15
2025-08-24T11:00Z,29.6
2025-08-24T12:00Z,26.21
2025-08-24T13:00Z,18.13
2025-08-24T14:00Z,17.17
2025-08-24T15:00Z,18.48
2025-08-24T16:00Z,21.0
2025-08-24T17:00Z,23.64
2025-08-24T18:00Z,29.67
2025-08-24T19:00Z,35.35
2025-08-24T20:00Z,39.76
2025-08-24T21:00Z,43.38
2025-08-24T22:00Z,48.22
2025-08-24T23:00Z,91.01
2025-08-25T00:00Z,86.37
2025-08-25T01:00Z,71.39
2025-08-25T02:00Z,54.95
2025-08-25T03:00Z,37.64
2025-08-25T04:00Z,30.27
2025-08-25T05:00Z,25.3
2025-08-25T06:00Z,22.6
2025-08-25T07:00Z,22.14
2025-08-25T08:00Z,20.69
2025-08-25T09:00Z,20.7
2025-08-25T10:00Z,22.54
2025-08-25T11:00Z,26.68
2025-08-25T12:00Z,23.91
2025-08-25T13:00Z,18.97
2025-08-25T14:00Z,18.41
2025-08-25T15:00Z,19.96
2025-08-25T16:00Z,21.98
2025-08-25T17:00Z,26.39
2025-08-25T18:00Z,31.97
2025-08-25T19:00Z,36.47
2025-08-25T20:00Z,40.47
2025-08-25T21:00Z,39.1
2025-08-25T22:00Z,40.79
2025-08-25T23:00Z,67.06
2025-08-26T00:00Z,79.18
2025-08-26T01:00Z,58.22
2025-08-26T02:00Z,40.42
2025-08-26T03:00Z,30.41
2025-08-26T04:00Z,24.66
2025-08-26T05:00Z,23.44
2025-08-26T06:00Z,22.33
2025-08-26T07:00Z,21.02
2025-08-26T08:00Z,21.95
2025-08-26T09:00Z,23.53
2025-08-26T10:00Z,27.22
2025-08-26T11:00Z,32.8
2025-08-26T12:00Z,29.12
2025-08-26T13:00Z,22.25
2025-08-26T14:00Z,20.66
2025-08-26T15:00Z,21.98
2025-08-26T16:00Z,25.3
2025-08-26T17:00Z,30.0
2025-08-26T18:00Z,32.14
2025-08-26T19:00Z,35.86
2025-08-26T20:00Z,36.01
2025-08-26T21:00Z,34.43
2025-08-26T22:00Z,32.83
2025-08-26T23:00Z,39.55
2025-08-27T00:00Z,49.52
2025-08-27T01:00Z,41.83
2025-08-27T02:00Z,35.72
2025-08-27T03:00Z,33.62
2025-08-27T04:00Z,29.52
2025-08-27T05:00Z,27.54
2025-08-27T06:00Z,25.99
2025-08-27T07:00Z,24.9
2025-08-27T08:00Z,24.69
2025-08-27T09:00Z,26.54
2025-08-27T10:00Z,29.88
2025-08-27T11:00Z,37.08
2025-08-27T12:00Z,35.77
2025-08-27T13:00Z,24.64
2025-08-27T14:00Z,20.93
2025-08-27T15:00Z,21.09
2025-08-27T16:00Z,21.79
2025-08-27T17:00Z,21.82
2025-08-27T18:00Z,24.94
2025-08-27T19:00Z,27.76
2025-08-27T20:00Z,29.38
2025-08-27T21:00Z,31.63
2025-08-27T22:00Z,33.44
2025-08-27T23:00Z,47.38
2025-08-28T00:00Z,56.72
2025-08-28T01:00Z,52.29
2025-08-28T02:00Z,37.82
2025-08-28T03:00Z,29.46
2025-08-28T04:00Z,23.45
2025-08-28T05:00Z,22.11
2025-08-28T06:00Z,20.18
2025-08-28T07:00Z,19.24
2025-08-28T08:00Z,18.33
2025-08-28T09:00Z,18.83
2025-08-28T10:00Z,19.75
2025-08-28T11:00Z,22.07
2025-08-28T12:00Z,21.73
2025-08-28T13:00Z,16.34
2025-08-28T14:00Z,13.01
2025-08-28T15:00Z,13.31
2025-08-28T16:00Z,17.12
2025-08-28T17:00Z,21.92
2025-08-28T18:00Z,30.05
2025-08-28T19:00Z,39.14
2025-08-28T20:00Z,43.82
2025-08-28T21:00Z,54.5
2025-08-28T22:00Z,85.91
2025-08-28T23:00Z,124.22
2025-08-29T00:00Z,152.89
2025-08-29T01:00Z,107.18
2025-08-29T02:00Z,70.43
2025-08-29T03:00Z,42.16
2025-08-29T04:00Z,34.47
2025-08-29T05:00Z,29.36
2025-08-29T06:00Z,28.74
2025-08-29T07:00Z,27.63
2025-08-29T08:00Z,27.42
2025-08-29T09:00Z,28.41
2025-08-29T10:00Z,31.13
2025-08-29T11:00Z,43.5
2025-08-29T12:00Z,41.86
2025-08-29T13:00Z,30.46
2025-08-29T14:00Z,25.61
2025-08-29T15:00Z,27.35
2025-08-29T16:00Z,31.59
2025-08-29T17:00Z,38.28
2025-08-29T18:00Z,39.99
2025-08-29T19:00Z,46.64
2025-08-29T20:00Z,51.13
2025-08-29T21:00Z,60.1
2025-08-29T22:00Z,64.5
2025-08-29T23:00Z,100.32
2025-08-30T00:00Z,121.09
2025-08-30T01:00Z,95.68
2025-08-30T02:00Z,64.37
2025-08-30T03:00Z,42.88
2025-08-30T04:00Z,36.4
2025-08-30T05:00Z,33.63
2025-08-30T06:00Z,31.89
2025-08-30T07:00Z,30.27
2025-08-30T08:00Z,28.49
2025-08-30T09:00Z,28.04
2025-08-30T10:00Z,27.56
2025-08-30T11:00Z,29.19
2025-08-30T12:00Z,30.7
2025-08-30T13:00Z,27.22
2025-08-30T14:00Z,26.61
2025-08-30T15:00Z,25.86
2025-08-30T16:00Z,26.57
2025-08-30T17:00Z,26.83
2025-08-30T18:00Z,26.39
2025-08-30T19:00Z,28.71
2025-08-30T20:00Z,32.9
2025-08-30T21:00Z,39.55
2025-08-30T22:00Z,38.25
2025-08-30T23:00Z,46.52
2025-08-31T00:00Z,55.08
2025-08-31T01:00Z,48.42
2025-08-31T02:00Z,44.94
2025-08-31T03:00Z,39.33
2025-08-31T04:00Z,34.89
2025-08-31T05:00Z,31.93
2025-08-31T06:00Z,29.32
2025-08-31T07:00Z,28.03
2025-08-31T08:00Z,27.48
2025-08-31T09:00Z,27.13
2025-08-31T10:00Z,26.99
2025-08-31T11:00Z,26.73
2025-08-31T12:00Z,27.72
2025-08-31T13:00Z,28.15
2025-08-31T14:00Z,27.21
2025-08-31T15:00Z,26.88
2025-08-31T16:00Z,27.91
2025-08-31T17:00Z,28.06
2025-08-31T18:00Z,26.62
2025-08-31T19:00Z,26.59
2025-08-31T20:00Z,30.64
2025-08-31T21:00Z,31.95
2025-08-31T22:00Z,32.86
2025-08-31T23:00Z,39.35
2025-09-01T00:00Z,47.34
2025-09-01T01:00Z,50.69
2025-09-01T02:00Z,49.95
2025-09-01T03:00Z,39.04
2025-09-01T04:00Z,35.0
2025-09-01T05:00Z,37.86
2025-09-01T06:00Z,35.4
2025-09-01T07:00Z,33.92
2025-09-01T08:00Z,32.62
2025-09-01T09:00Z,31.84
2025-09-01T10:00Z,29.42
2025-09-01T11:00Z,33.09
2025-09-01T12:00Z,31.67
2025-09-01T13:00Z,27.9
2025-09-01T14:00Z,24.58
2025-09-01T15:00Z,23.75
2025-09-01T16:00Z,23.49
2025-09-01T17:00Z,24.3
2025-09-01T18:00Z,25.45
2025-09-01T19:00Z,29.62
2025-09-01T20:00Z,30.0
2025-09-01T21:00Z,35.14
2025-09-01T22:00Z,40.39
2025-09-01T23:00Z,54.76
2025-09-02T00:00Z,72.52
2025-09-02T01:00Z,67.86
2025-09-02T02:00Z,64.96
2025-09-02T03:00Z,43.09
2025-09-02T04:00Z,36.84
2025-09-02T05:00Z,32.61
2025-09-02T06:00Z,28.57
2025-09-02T07:00Z,27.31
2025-09-02T08:00Z,26.98
2025-09-02T09:00Z,28.52
2025-09-02T10:00Z,31.79
2025-09-02T11:00Z,36.41
2025-09-02T12:00Z,35.75
2025-09-02T13:00Z,23.86
2025-09-02T14:00Z,20.42
2025-09-02T15:00Z,19.66
2025-09-02T16:00Z,20.53
2025-09-02T17:00Z,23.3
2025-09-02T18:00Z,24.4
2025-09-02T19:00Z,25.28
2025-09-02T20:00Z,27.7
2025-09-02T21:00Z,28.6
2025-09-02T22:00Z,31.23
2025-09-02T23:00Z,47.69
2025-09-03T00:00Z,74.17
2025-09-03T01:00Z,70.09
2025-09-03T02:00Z,53.98
2025-09-03T03:00Z,42.76
2025-09-03T04:00Z,35.07
2025-09-03T05:00Z,29.92
2025-09-03T06:00Z,28.84
2025-09-03T07:00Z,28.11
2025-09-03T08:00Z,26.94
2025-09-03T09:00Z,27.89
2025-09-03T10:00Z,29.38
2025-09-03T11:00Z,33.98
2025-09-03T12:00Z,30.57
2025-09-03T13:00Z,22.44
2025-09-03T14:00Z,18.1
2025-09-03T15:00Z,18.83
2025-09-03T16:00Z,19.98
2025-09-03T17:00Z,23.02
2025-09-03T18:00Z,25.48
2025-09-03T19:00Z,26.38
2025-09-03T20:00Z,28.28
2025-09-03T21:00Z,29.77
2025-09-03T22:00Z,33.84
2025-09-03T23:00Z,65.9
2025-09-04T00:00Z,105.98
2025-09-04T01:00Z,79.17
2025-09-04T02:00Z,49.57
2025-09-04T03:00Z,35.32
2025-09-04T04:00Z,26.26
2025-09-04T05:00Z,20.23
2025-09-04T06:00Z,18.79
2025-09-04T07:00Z,16.63
2025-09-04T08:00Z,16.76
2025-09-04T09:00Z,17.02
2025-09-04T10:00Z,18.61
2025-09-04T11:00Z,20.12
2025-09-04T12:00Z,20.1
2025-09-04T13:00Z,17.6
2025-09-04T14:00Z,16.04
2025-09-04T15:00Z,17.8
2025-09-04T16:00Z,19.24
2025-09-04T17:00Z,24.02
2025-09-04T18:00Z,31.54
2025-09-04T19:00Z,37.73
2025-09-04T20:00Z,38.41
2025-09-04T21:00Z,39.89
2025-09-04T22:00Z,43.16
2025-09-04T23:00Z,73.08
2025-09-05T00:00Z,96.23
2025-09-05T01:00Z,54.82
2025-09-05T02:00Z,39.54
2025-09-05T03:00Z,26.69
2025-09-05T04:00Z,22.83
2025-09-05T05:00Z,20.31
2025-09-05T06:00Z,17.86
2025-09-05T07:00Z,16.32
2025-09-05T08:00Z,15.93
2025-09-05T09:00Z,16.93
2025-09-05T10:00Z,19.06
2025-09-05T11:00Z,20.84
2025-09-05T12:00Z,21.18
2025-09-05T13:00Z,19.97
2025-09-05T14:00Z,19.2
2025-09-05T15:00Z,21.23
2025-09-05T16:00Z,22.19
2025-09-05T17:00Z,24.31
2025-09-05T18:00Z,29.3
2025-09-05T19:00Z,34.18
2025-09-05T20:00Z,43.27
2025-09-05T21:00Z,52.6
2025-09-05T22:00Z,59.12
2025-09-05T23:00Z,67.04
2025-09-06T00:00Z,60.62
2025-09-06T01:00Z,45.19
2025-09-06T02:00Z,39.04
2025-09-06T03:00Z,35.72
2025-09-06T04:00Z,32.58
2025-09-06T05:00Z,33.37
2025-09-06T06:00Z,31.57
2025-09-06T07:00Z,30.63
2025-09-06T08:00Z,28.65
2025-09-06T09:00Z,29.4
2025-09-06T10:00Z,28.38
2025-09-06T11:00Z,27.48
2025-09-06T12:00Z,27.75
2025-09-06T13:00Z,27.76
2025-09-06T14:00Z,26.5
2025-09-06T15:00Z,27.01
2025-09-06T16:00Z,26.99
2025-09-06T17:00Z,29.71
2025-09-06T18:00Z,29.79
2025-09-06T19:00Z,28.98
2025-09-06T20:00Z,30.41
2025-09-06T21:00Z,32.78
2025-09-06T22:00Z,36.47
2025-09-06T23:00Z,54.55
2025-09-07T00:00Z,56.61
2025-09-07T01:00Z,46.65
2025-09-07T02:00Z,44.29
2025-09-07T03:00Z,44.15
2025-09-07T04:00Z,37.75
2025-09-07T05:00Z,37.54
2025-09-07T06:00Z,33.3
2025-09-07T07:00Z,29.92
2025-09-07T08:00Z,29.03
2025-09-07T09:00Z,28.04
2025-09-07T10:00Z,27.62
2025-09-07T11:00Z,26.43
2025-09-07T12:00Z,25.84
2025-09-07T13:00Z,22.78
2025-09-07T14:00Z,20.64
2025-09-07T15:00Z,19.81
2025-09-07T16:00Z,18.7
2025-09-07T17:00Z,19.9
2025-09-07T18:00Z,22.02
2025-09-07T19:00Z,22.35
2025-09-07T20:00Z,24.04
2025-09-07T21:00Z,24.96
2025-09-07T22:00Z,29.9
2025-09-07T23:00Z,46.75
2025-09-08T00:00Z,49.78
2025-09-08T01:00Z,41.58
2025-09-08T02:00Z,33.51
2025-09-08T03:00Z,26.4
2025-09-08T04:00Z,23.39
2025-09-08T05:00Z,21.9
2025-09-08T06:00Z,21.11
2025-09-08T07:00Z,19.41
2025-09-08T08:00Z,20.6
2025-09-08T09:00Z,21.29
2025-09-08T10:00Z,23.3
2025-09-08T11:00Z,26.49
2025-09-08T12:00Z,23.94
2025-09-08T13:00Z,18.49
2025-09-08T14:00Z,16.27
2025-09-08T15:00Z,14.56
2025-09-08T16:00Z,13.85
2025-09-08T17:00Z,16.23
2025-09-08T18:00Z,17.84
2025-09-08T19:00Z,19.54
2025-09-08T20:00Z,19.33
2025-09-08T21:00Z,18.96
2025-09-08T22:00Z,20.64
2025-09-08T23:00Z,38.14
2025-09-09T00:00Z,47.38
2025-09-09T01:00Z,33.59
2025-09-09T02:00Z,24.59
2025-09-09T03:00Z,21.94
2025-09-09T04:00Z,19.43
2025-09-09T05:00Z,18.07
2025-09-09T06:00Z,16.89
2025-09-09T07:00Z,16.13
2025-09-09T08:00Z,16.53
2025-09-09T09:00Z,17.96
2025-09-09T10:00Z,20.24
2025-09-09T11:00Z,20.99
2025-09-09T12:00Z,19.81
2025-09-09T13:00Z,14.33
2025-09-09T14:00Z,6.19
2025-09-09T15:00Z,5.26
2025-09-09T16:00Z,5.98
2025-09-09T17:00Z,12.67
2025-09-09T18:00Z,15.13
2025-09-09T19:00Z,17.95
2025-09-09T20:00Z,17.61
2025-09-09T21:00Z,17.52
2025-09-09T22:00Z,18.21
2025-09-09T23:00Z,31.72
2025-09-10T00:00Z,42.14
2025-09-10T01:00Z,34.39
2025-09-10T02:00Z,26.5
2025-09-10T03:00Z,22.21
2025-09-10T04:00Z,19.8
2025-09-10T05:00Z,20.38
2025-09-10T06:00Z,18.48
2025-09-10T07:00Z,17.56
2025-09-10T08:00Z,17.75
2025-09-10T09:00Z,19.65
2025-09-10T10:00Z,21.99
2025-09-10T11:00Z,24.51
2025-09-10T12:00Z,23.77
2025-09-10T13:00Z,15.7
2025-09-10T14:00Z,12.61
2025-09-10T15:00Z,12.54
2025-09-10T16:00Z,13.73
2025-09-10T17:00Z,15.88
2025-09-10T18:00Z,18.21
2025-09-10T19:00Z,19.29
2025-09-10T20:00Z,19.02
2025-09-10T21:00Z,19.79
2025-09-10T22:00Z,20.73
2025-09-10T23:00Z,38.66
2025-09-11T00:00Z,53.29
2025-09-11T01:00Z,40.72
2025-09-11T02:00Z,31.17
2025-09-11T03:00Z,25.67
2025-09-11T04:00Z,22.51
2025-09-11T05:00Z,21.95
2025-09-11T06:00Z,19.3
2025-09-11T07:00Z,19.15
2025-09-11T08:00Z,19.24
2025-09-11T09:00Z,20.14
2025-09-11T10:00Z,23.0
2025-09-11T11:00Z,30.68
2025-09-11T12:00Z,29.08
2025-09-11T13:00Z,20.27
2025-09-11T14:00Z,15.77
2025-09-11T15:00Z,16.76
2025-09-11T16:00Z,18.33
2025-09-11T17:00Z,21.0
2025-09-11T18:00Z,22.77
2025-09-11T19:00Z,23.43
2025-09-11T20:00Z,22.32
2025-09-11T21:00Z,22.69
2025-09-11T22:00Z,23.98
2025-09-11T23:00Z,48.08
2025-09-12T00:00Z,59.22
2025-09-12T01:00Z,52.25
2025-09-12T02:00Z,35.8
2025-09-12T03:00Z,26.54
2025-09-12T04:00Z,23.43
2025-09-12T05:00Z,21.73
2025-09-12T06:00Z,21.06
2025-09-12T07:00Z,19.81
2025-09-12T08:00Z,20.09
2025-09-12T09:00Z,21.24
2025-09-12T10:00Z,23.05
2025-09-12T11:00Z,25.88
2025-09-12T12:00Z,26.19
2025-09-12T13:00Z,20.15
2025-09-12T14:00Z,15.27
2025-09-12T15:00Z,15.51
2025-09-12T16:00Z,16.12
2025-09-12T17:00Z,20.19
2025-09-12T18:00Z,21.67
2025-09-12T19:00Z,22.35
2025-09-12T20:00Z,23.37
2025-09-12T21:00Z,23.84
2025-09-12T22:00Z,26.28
2025-09-12T23:00Z,49.9
2025-09-13T00:00Z,56.03
2025-09-13T01:00Z,48.25
2025-09-13T02:00Z,35.67
2025-09-13T03:00Z,26.74
2025-09-13T04:00Z,22.81
2025-09-13T05:00Z,21.81
2025-09-13T06:00Z,21.68
2025-09-13T07:00Z,20.94
2025-09-13T08:00Z,20.82
2025-09-13T09:00Z,20.5
2025-09-13T10:00Z,20.66
2025-09-13T11:00Z,22.49
2025-09-13T12:00Z,22.99
2025-09-13T13:00Z,17.54
2025-09-13T14:00Z,14.88
2025-09-13T15:00Z,13.57
2025-09-13T16:00Z,15.71
2025-09-13T17:00Z,18.69
2025-09-13T18:00Z,21.77
2025-09-13T19:00Z,25.63
2025-09-13T20:00Z,25.18
2025-09-13T21:00Z,25.44
2025-09-13T22:00Z,27.76
2025-09-13T23:00Z,50.33
2025-09-14T00:00Z,51.61
2025-09-14T01:00Z,47.18
2025-09-14T02:00Z,35.5
2025-09-14T03:00Z,28.77
2025-09-14T04:00Z,24.23
2025-09-14T05:00Z,24.6
2025-09-14T06:00Z,24.07
2025-09-14T07:00Z,24.65
2025-09-14T08:00Z,24.25
2025-09-14T09:00Z,23.51
2025-09-14T10:00Z,22.53
2025-09-14T11:00Z,22.03
2025-09-14T12:00Z,22.05
2025-09-14T13:00Z,17.07
2025-09-14T14:00Z,14.99
2025-09-14T15:00Z,14.14
2025-09-14T16:00Z,18.08
2025-09-14T17:00Z,21.71
2025-09-14T18:00Z,24.44
2025-09-14T19:00Z,27.94
2025-09-14T20:00Z,33.31
2025-09-14T21:00Z,39.68
2025-09-14T22:00Z,47.49
2025-09-14T23:00Z,90.38
2025-09-15T00:00Z,74.81
2025-09-15T01:00Z,62.2
2025-09-15T02:00Z,55.63
2025-09-15T03:00Z,39.99
2025-09-15T04:00Z,31.9
2025-09-15T05:00Z,30.6
2025-09-15T06:00Z,29.67
2025-09-15T07:00Z,27.69
2025-09-15T08:00Z,27.92
2025-09-15T09:00Z,28.04
2025-09-15T10:00Z,27.98
2025-09-15T11:00Z,32.31
2025-09-15T12:00Z,31.22
2025-09-15T13:00Z,22.37
2025-09-15T14:00Z,17.81
2025-09-15T15:00Z,19.45
2025-09-15T16:00Z,21.4
2025-09-15T17:00Z,24.54
2025-09-15T18:00Z,31.38
2025-09-15T19:00Z,37.5
2025-09-15T20:00Z,41.61
2025-09-15T21:00Z,46.19
2025-09-15T22:00Z,57.06
2025-09-15T23:00Z,77.79
2025-09-16T00:00Z,73.82
2025-09-16T01:00Z,63.2
2025-09-16T02:00Z,41.74
2025-09-16T03:00Z,33.29
2025-09-16T04:00Z,25.11
2025-09-16T05:00Z,25.97
2025-09-16T06:00Z,23.67
2025-09-16T07:00Z,22.65
2025-09-16T08:00Z,22.53
2025-09-16T09:00Z,23.12
2025-09-16T10:00Z,26.38
2025-09-16T11:00Z,34.46
2025-09-16T12:00Z,32.02
2025-09-16T13:00Z,21.63
2025-09-16T14:00Z,18.14
2025-09-16T15:00Z,19.51
2025-09-16T16:00Z,20.9
2025-09-16T17:00Z,28.4
2025-09-16T18:00Z,33.91
2025-09-16T19:00Z,37.97
2025-09-16T20:00Z,40.93
2025-09-16T21:00Z,45.17
2025-09-16T22:00Z,56.74
2025-09-16T23:00Z,84.49
2025-09-17T00:00Z,80.88
2025-09-17T01:00Z,69.0
2025-09-17T02:00Z,51.98
2025-09-17T03:00Z,40.71
2025-09-17T04:00Z,30.13
2025-09-17T05:00Z,23.84
2025-09-17T06:00Z,21.64
2025-09-17T07:00Z,20.59
2025-09-17T08:00Z,20.12
2025-09-17T09:00Z,20.38
2025-09-17T10:00Z,22.85
2025-09-17T11:00Z,24.31
2025-09-17T12:00Z,24.06
2025-09-17T13:00Z,18.1
2025-09-17T14:00Z,16.8
2025-09-17T15:00Z,18.14
2025-09-17T16:00Z,18.51
2025-09-17T17:00Z,24.0
2025-09-17T18:00Z,29.44
2025-09-17T19:00Z,35.03
2025-09-17T20:00Z,40.16
2025-09-17T21:00Z,46.95
2025-09-17T22:00Z,58.67
2025-09-17T23:00Z,76.91
2025-09-18T00:00Z,65.33
2025-09-18T01:00Z,51.84
2025-09-18T02:00Z,38.56
2025-09-18T03:00Z,31.37
2025-09-18T04:00Z,26.67
2025-09-18T05:00Z,24.95
2025-09-18T06:00Z,22.23
2025-09-18T07:00Z,21.61
2025-09-18T08:00Z,21.39
2025-09-18T09:00Z,21.6
2025-09-18T10:00Z,24.07
2025-09-18T11:00Z,26.51
2025-09-18T12:00Z,28.73
2025-09-18T13:00Z,20.77
2025-09-18T14:00Z,18.87
2025-09-18T15:00Z,19.04
2025-09-18T16:00Z,20.02
2025-09-18T17:00Z,24.46
2025-09-18T18:00Z,28.54
2025-09-18T19:00Z,33.75
2025-09-18T20:00Z,39.82
2025-09-18T21:00Z,49.94
2025-09-18T22:00Z,60.47
2025-09-18T23:00Z,77.19
2025-09-19T00:00Z,73.78
2025-09-19T01:00Z,57.83
2025-09-19T02:00Z,46.41
2025-09-19T03:00Z,41.03
2025-09-19T04:00Z,34.48
2025-09-19T05:00Z,30.52
2025-09-19T06:00Z,29.18
2025-09-19T07:00Z,29.02
2025-09-19T08:00Z,28.46
2025-09-19T09:00Z,28.87
2025-09-19T10:00Z,30.69
2025-09-19T11:00Z,35.95
2025-09-19T12:00Z,34.24
2025-09-19T13:00Z,24.19
2025-09-19T14:00Z,19.1
2025-09-19T15:00Z,18.95
2025-09-19T16:00Z,20.17
2025-09-19T17:00Z,24.9
2025-09-19T18:00Z,28.73
2025-09-19T19:00Z,31.13
2025-09-19T20:00Z,33.97
2025-09-19T21:00Z,36.79
2025-09-19T22:00Z,43.59
2025-09-19T23:00Z,65.0
2025-09-20T00:00Z,59.37
2025-09-20T01:00Z,45.97
2025-09-20T02:00Z,37.24
2025-09-20T03:00Z,30.95
2025-09-20T04:00Z,24.47
2025-09-20T05:00Z,23.14
2025-09-20T06:00Z,22.13
2025-09-20T07:00Z,21.38
2025-09-20T08:00Z,19.99
2025-09-20T09:00Z,20.86
2025-09-20T10:00Z,22.07
2025-09-20T11:00Z,23.02
2025-09-20T12:00Z,24.23
2025-09-20T13:00Z,18.83
2025-09-20T14:00Z,17.29
2025-09-20T15:00Z,18.07
2025-09-20T16:00Z,18.63
2025-09-20T17:00Z,22.35
2025-09-20T18:00Z,25.92
2025-09-20T19:00Z,28.42
2025-09-20T20:00Z,30.97
2025-09-20T21:00Z,36.61
2025-09-20T22:00Z,39.9
2025-09-20T23:00Z,56.02
2025-09-21T00:00Z,58.33
2025-09-21T01:00Z,46.51
2025-09-21T02:00Z,35.16
2025-09-21T03:00Z,27.21
2025-09-21T04:00Z,23.75
2025-09-21T05:00Z,22.84
2025-09-21T06:00Z,21.72
2025-09-21T07:00Z,21.13
2025-09-21T08:00Z,20.89
2025-09-21T09:00Z,21.53
2025-09-21T10:00Z,21.85
2025-09-21T11:00Z,22.48
2025-09-21T12:00Z,21.28
2025-09-21T13:00Z,17.59
2025-09-21T14:00Z,14.56
2025-09-21T15:00Z,14.43
2025-09-21T16:00Z,15.71
2025-09-21T17:00Z,21.05
2025-09-21T18:00Z,25.12
2025-09-21T19:00Z,28.51
2025-09-21T20:00Z,32.18
2025-09-21T21:00Z,39.76
2025-09-21T22:00Z,49.74
2025-09-21T23:00Z,63.27
2025-09-22T00:00Z,60.76
2025-09-22T01:00Z,42.47
2025-09-22T02:00Z,32.3
2025-09-22T03:00Z,25.89
2025-09-22T04:00Z,23.38
2025-09-22T05:00Z,21.3
2025-09-22T06:00Z,19.93
2025-09-22T07:00Z,19.71
2025-09-22T08:00Z,18.85
2025-09-22T09:00Z,18.8
2025-09-22T10:00Z,20.7
2025-09-22T11:00Z,21.37
2025-09-22T12:00Z,22.38
2025-09-22T13:00Z,20.04
2025-09-22T14:00Z,17.72
2025-09-22T15:00Z,18.31
2025-09-22T16:00Z,23.18
2025-09-22T17:00Z,27.96
2025-09-22T18:00Z,32.44
2025-09-22T19:00Z,43.46
2025-09-22T20:00Z,47.4
2025-09-22T21:00Z,48.11
2025-09-22T22:00Z,55.92
2025-09-22T23:00Z,90.05
2025-09-23T00:00Z,75.91
2025-09-23T01:00Z,41.72
2025-09-23T02:00Z,27.89
2025-09-23T03:00Z,25.17
2025-09-23T04:00Z,22.2
2025-09-23T05:00Z,22.16
2025-09-23T06:00Z,21.21
2025-09-23T07:00Z,20.49
2025-09-23T08:00Z,19.71
2025-09-23T09:00Z,19.51
2025-09-23T10:00Z,21.2
2025-09-23T11:00Z,23.76
2025-09-23T12:00Z,24.38
2025-09-23T13:00Z,17.68
2025-09-23T14:00Z,14.64
2025-09-23T15:00Z,15.74
2025-09-23T16:00Z,19.83
2025-09-23T17:00Z,27.04
2025-09-23T18:00Z,32.64
2025-09-23T19:00Z,43.36
2025-09-23T20:00Z,49.44
2025-09-23T21:00Z,55.01
2025-09-23T22:00Z,66.61
2025-09-23T23:00Z,95.88
2025-09-24T00:00Z,98.72
2025-09-24T01:00Z,80.6
2025-09-24T02:00Z,50.95
2025-09-24T03:00Z,44.34
2025-09-24T04:00Z,36.83
2025-09-24T05:00Z,29.97
2025-09-24T06:00Z,26.6
2025-09-24T07:00Z,23.62
2025-09-24T08:00Z,22.79
2025-09-24T09:00Z,23.37
2025-09-24T10:00Z,24.95
2025-09-24T11:00Z,28.39
2025-09-24T12:00Z,28.81
2025-09-24T13:00Z,23.62
2025-09-24T14:00Z,22.61
2025-09-24T15:00Z,23.08
2025-09-24T16:00Z,24.66
2025-09-24T17:00Z,25.17
2025-09-24T18:00Z,25.99
2025-09-24T19:00Z,29.62
2025-09-24T20:00Z,31.81
2025-09-24T21:00Z,29.89
2025-09-24T22:00Z,30.98
2025-09-24T23:00Z,43.44
2025-09-25T00:00Z,45.8
2025-09-25T01:00Z,46.22
2025-09-25T02:00Z,39.44
2025-09-25T03:00Z,33.11
2025-09-25T04:00Z,28.3
2025-09-25T05:00Z,29.89
2025-09-25T06:00Z,30.01
2025-09-25T07:00Z,29.02
2025-09-25T08:00Z,28.71
2025-09-25T09:00Z,29.8
2025-09-25T10:00Z,32.4
2025-09-25T11:00Z,35.1
2025-09-25T12:00Z,34.0
2025-09-25T13:00Z,25.23
2025-09-25T14:00Z,20.41
2025-09-25T15:00Z,19.84
2025-09-25T16:00Z,20.01
2025-09-25T17:00Z,21.13
2025-09-25T18:00Z,23.25
2025-09-25T19:00Z,25.09
2025-09-25T20:00Z,29.17
2025-09-25T21:00Z,30.06
2025-09-25T22:00Z,35.75
2025-09-25T23:00Z,70.96
2025-09-26T00:00Z,86.96
2025-09-26T01:00Z,76.8
2025-09-26T02:00Z,50.71
2025-09-26T03:00Z,42.52
2025-09-26T04:00Z,33.26
2025-09-26T05:00Z,32.6
2025-09-26T06:00Z,27.01
2025-09-26T07:00Z,24.53
2025-09-26T08:00Z,23.86
2025-09-26T09:00Z,23.85
2025-09-26T10:00Z,25.44
2025-09-26T11:00Z,28.09
2025-09-26T12:00Z,27.39
2025-09-26T13:00Z,19.37
2025-09-26T14:00Z,14.5
2025-09-26T15:00Z,14.7
2025-09-26T16:00Z,15.48
2025-09-26T17:00Z,18.49
2025-09-26T18:00Z,23.19
2025-09-26T19:00Z,26.86
2025-09-26T20:00Z,30.12
2025-09-26T21:00Z,29.03
2025-09-26T22:00Z,37.82
2025-09-26T23:00Z,69.15
2025-09-27T00:00Z,66.1
2025-09-27T01:00Z,42.18
2025-09-27T02:00Z,29.95
2025-09-27T03:00Z,22.91
2025-09-27T04:00Z,19.92
2025-09-27T05:00Z,21.76
2025-09-27T06:00Z,20.05
2025-09-27T07:00Z,18.77
2025-09-27T08:00Z,18.51
2025-09-27T09:00Z,19.45
2025-09-27T10:00Z,21.32
2025-09-27T11:00Z,21.98
2025-09-27T12:00Z,21.63
2025-09-27T13:00Z,14.63
2025-09-27T14:00Z,13.18
2025-09-27T15:00Z,15.36
2025-09-27T16:00Z,17.51
2025-09-27T17:00Z,22.1
2025-09-27T18:00Z,24.58
2025-09-27T19:00Z,27.65
2025-09-27T20:00Z,30.41
2025-09-27T21:00Z,30.73
2025-09-27T22:00Z,39.33
2025-09-27T23:00Z,62.64
2025-09-28T00:00Z,59.09
2025-09-28T01:00Z,42.02
2025-09-28T02:00Z,32.49
2025-09-28T03:00Z,27.25
2025-09-28T04:00Z,24.26
2025-09-28T05:00Z,22.44
2025-09-28T06:00Z,21.56
2025-09-28T07:00Z,20.76
2025-09-28T08:00Z,20.21
2025-09-28T09:00Z,20.9
2025-09-28T10:00Z,20.97
2025-09-28T11:00Z,20.0
2025-09-28T12:00Z,21.14
2025-09-28T13:00Z,15.7
2025-09-28T14:00Z,14.71
2025-09-28T15:00Z,15.31
2025-09-28T16:00Z,17.49
2025-09-28T17:00Z,20.05
2025-09-28T18:00Z,23.2
2025-09-28T19:00Z,25.6
2025-09-28T20:00Z,29.56
2025-09-28T21:00Z,31.84
2025-09-28T22:00Z,42.3
2025-09-28T23:00Z,68.68
2025-09-29T00:00Z,67.78
2025-09-29T01:00Z,52.45
2025-09-29T02:00Z,36.74
2025-09-29T03:00Z,27.95
2025-09-29T04:00Z,24.66
2025-09-29T05:00Z,20.13
2025-09-29T06:00Z,19.55
2025-09-29T07:00Z,19.99
2025-09-29T08:00Z,20.01
2025-09-29T09:00Z,20.57
2025-09-29T10:00Z,24.42
2025-09-29T11:00Z,26.97
2025-09-29T12:00Z,30.2
2025-09-29T13:00Z,21.85
2025-09-29T14:00Z,18.7
2025-09-29T15:00Z,19.33
2025-09-29T16:00Z,20.69
2025-09-29T17:00Z,23.78
2025-09-29T18:00Z,26.18
2025-09-29T19:00Z,31.65
2025-09-29T20:00Z,38.06
2025-09-29T21:00Z,45.2
2025-09-29T22:00Z,58.39
2025-09-29T23:00Z,85.03
2025-09-30T00:00Z,73.24
2025-09-30T01:00Z,62.58
2025-09-30T02:00Z,43.45
2025-09-30T03:00Z,37.32
2025-09-30T04:00Z,29.54
2025-09-30T05:00Z,29.1
2025-09-30T06:00Z,26.28
2025-09-30T07:00Z,25.49
2025-09-30T08:00Z,25.23
2025-09-30T09:00Z,25.95
2025-09-30T10:00Z,28.19
2025-09-30T11:00Z,33.45
2025-09-30T12:00Z,32.6
2025-09-30T13:00Z,25.16
2025-09-30T14:00Z,19.56
2025-09-30T15:00Z,18.84
2025-09-30T16:00Z,19.55
2025-09-30T17:00Z,22.31
2025-09-30T18:00Z,26.25
2025-09-30T19:00Z,30.58
2025-09-30T20:00Z,31.45
2025-09-30T21:00Z,35.08
2025-09-30T22:00Z,42.63
2025-09-30T23:00Z,88.12
2025-10-01T00:00Z,79.98
2025-10-01T01:00Z,58.37
2025-10-01T02:00Z,39.83
2025-10-01T03:00Z,26.76
2025-10-01T04:00Z,22.1
2025-10-01T05:00Z,21.1
2025-10-01T06:00Z,19.36
2025-10-01T07:00Z,17.78
2025-10-01T08:00Z,16.86
2025-10-01T09:00Z,17.89
2025-10-01T10:00Z,20.59
2025-10-01T11:00Z,26.16
2025-10-01T12:00Z,27.14
2025-10-01T13:00Z,17.73
2025-10-01T14:00Z,13.01
2025-10-01T15:00Z,15.2
2025-10-01T16:00Z,17.14
2025-10-01T17:00Z,22.88
2025-10-01T18:00Z,28.55
2025-10-01T19:00Z,33.52
2025-10-01T20:00Z,36.84
2025-10-01T21:00Z,43.12
2025-10-01T22:00Z,64.74
2025-10-01T23:00Z,97.12
2025-10-02T00:00Z,86.1
2025-10-02T01:00Z,51.25
2025-10-02T02:00Z,34.7
2025-10-02T03:00Z,24.17
2025-10-02T04:00Z,21.54
2025-10-02T05:00Z,20.89
2025-10-02T06:00Z,18.59
2025-10-02T07:00Z,17.53
2025-10-02T08:00Z,17.92
2025-10-02T09:00Z,18.95
2025-10-02T10:00Z,21.26
2025-10-02T11:00Z,27.27
2025-10-02T12:00Z,30.29
2025-10-02T13:00Z,18.38
2025-10-02T14:00Z,14.98
2025-10-02T15:00Z,17.87
2025-10-02T16:00Z,20.28
2025-10-02T17:00Z,24.95
2025-10-02T18:00Z,28.87
2025-10-02T19:00Z,35.54
2025-10-02T20:00Z,38.73
2025-10-02T21:00Z,41.73
2025-10-02T22:00Z,56.24
2025-10-02T23:00Z,85.81
2025-10-03T00:00Z,75.6
2025-10-03T01:00Z,40.95
2025-10-03T02:00Z,32.59
2025-10-03T03:00Z,25.86
2025-10-03T04:00Z,22.57
2025-10-03T05:00Z,22.72
2025-10-03T06:00Z,21.51
2025-10-03T07:00Z,20.74
2025-10-03T08:00Z,22.01
2025-10-03T09:00Z,22.19
2025-10-03T10:00Z,27.43
2025-10-03T11:00Z,29.95
2025-10-03T12:00Z,34.05
2025-10-03T13:00Z,22.99
2025-10-03T14:00Z,17.93
2025-10-03T15:00Z,18.63
2025-10-03T16:00Z,20.68
2025-10-03T17:00Z,24.25
2025-10-03T18:00Z,28.62
2025-10-03T19:00Z,33.68
2025-10-03T20:00Z,33.41
2025-10-03T21:00Z,32.67
2025-10-03T22:00Z,43.87
2025-10-03T23:00Z,64.42
2025-10-04T00:00Z,59.4
2025-10-04T01:00Z,37.9
2025-10-04T02:00Z,30.03
2025-10-04T03:00Z,24.68
2025-10-04T04:00Z,21.62
2025-10-04T05:00Z,27.29
2025-10-04T06:00Z,24.33
2025-10-04T07:00Z,22.66
2025-10-04T08:00Z,21.27
2025-10-04T09:00Z,21.77
2025-10-04T10:00Z,22.16
2025-10-04T11:00Z,23.42
2025-10-04T12:00Z,25.01
2025-10-04T13:00Z,17.42
2025-10-04T14:00Z,9.18
2025-10-04T15:00Z,7.54
2025-10-04T16:00Z,10.31
2025-10-04T17:00Z,15.0
2025-10-04T18:00Z,18.87
2025-10-04T19:00Z,20.66
2025-10-04T20:00Z,19.8
2025-10-04T21:00Z,21.16
2025-10-04T22:00Z,22.78
2025-10-04T23:00Z,44.02
2025-10-05T00:00Z,43.99
2025-10-05T01:00Z,36.55
2025-10-05T02:00Z,28.93
2025-10-05T03:00Z,22.44
2025-10-05T04:00Z,21.78
2025-10-05T05:00Z,20.16
2025-10-05T06:00Z,18.83
2025-10-05T07:00Z,17.56
2025-10-05T08:00Z,17.32
2025-10-05T09:00Z,17.02
2025-10-05T10:00Z,17.48
2025-10-05T11:00Z,18.04
2025-10-05T12:00Z,17.71
2025-10-05T13:00Z,11.43
2025-10-05T14:00Z,3.01
2025-10-05T15:00Z,6.06
2025-10-05T16:00Z,6.87
2025-10-05T17:00Z,14.94
2025-10-05T18:00Z,18.75
2025-10-05T19:00Z,24.35
2025-10-05T20:00Z,22.75
2025-10-05T21:00Z,21.66
2025-10-05T22:00Z,26.84
2025-10-05T23:00Z,64.53
2025-10-06T00:00Z,60.84
2025-10-06T01:00Z,46.16
2025-10-06T02:00Z,32.44
2025-10-06T03:00Z,25.65
2025-10-06T04:00Z,21.02
2025-10-06T05:00Z,17.24
2025-10-06T06:00Z,16.88
2025-10-06T07:00Z,16.66
2025-10-06T08:00Z,18.14
2025-10-06T09:00Z,20.37
2025-10-06T10:00Z,24.48
2025-10-06T11:00Z,35.27
2025-10-06T12:00Z,39.45
2025-10-06T13:00Z,28.11
2025-10-06T14:00Z,19.13
2025-10-06T15:00Z,20.08
2025-10-06T16:00Z,22.18
2025-10-06T17:00Z,29.62
2025-10-06T18:00Z,34.55
2025-10-06T19:00Z,39.18
2025-10-06T20:00Z,41.79
2025-10-06T21:00Z,48.43
2025-10-06T22:00Z,65.02
2025-10-06T23:00Z,93.5
2025-10-07T00:00Z,84.75
2025-10-07T01:00Z,60.66
2025-10-07T02:00Z,47.83
2025-10-07T03:00Z,35.99
2025-10-07T04:00Z,30.45
2025-10-07T05:00Z,27.92
2025-10-07T06:00Z,27.26
2025-10-07T07:00Z,26.82
2025-10-07T08:00Z,27.17
2025-10-07T09:00Z,28.38
2025-10-07T10:00Z,33.4
2025-10-07T11:00Z,39.36
2025-10-07T12:00Z,41.12
2025-10-07T13:00Z,27.08
2025-10-07T14:00Z,21.44
2025-10-07T15:00Z,23.38
2025-10-07T16:00Z,26.97
2025-10-07T17:00Z,36.0
2025-10-07T18:00Z,41.58
2025-10-07T19:00Z,45.81
2025-10-07T20:00Z,46.4
2025-10-07T21:00Z,48.14
2025-10-07T22:00Z,64.93
2025-10-07T23:00Z,94.9
2025-10-08T00:00Z,80.71
2025-10-08T01:00Z,66.67
2025-10-08T02:00Z,45.66
2025-10-08T03:00Z,36.27
2025-10-08T04:00Z,32.49
2025-10-08T05:00Z,27.48
2025-10-08T06:00Z,26.19
2025-10-08T07:00Z,25.21
2025-10-08T08:00Z,24.97
2025-10-08T09:00Z,25.18
2025-10-08T10:00Z,26.71
2025-10-08T11:00Z,30.87
2025-10-08T12:00Z,33.33
2025-10-08T13:00Z,25.0
2025-10-08T14:00Z,21.52
2025-10-08T15:00Z,21.98
2025-10-08T16:00Z,24.77
2025-10-08T17:00Z,31.66
2025-10-08T18:00Z,36.01
2025-10-08T19:00Z,40.15
2025-10-08T20:00Z,44.18
2025-10-08T21:00Z,53.02
2025-10-08T22:00Z,73.04
2025-10-08T23:00Z,101.21
2025-10-09T00:00Z,82.55
2025-10-09T01:00Z,76.12
2025-10-09T02:00Z,48.21
2025-10-09T03:00Z,37.37
2025-10-09T04:00Z,30.96
2025-10-09T05:00Z,30.42
2025-10-09T06:00Z,27.1
2025-10-09T07:00Z,25.97
2025-10-09T08:00Z,24.54
2025-10-09T09:00Z,24.0
2025-10-09T10:00Z,26.08
2025-10-09T11:00Z,30.02
2025-10-09T12:00Z,33.04
2025-10-09T13:00Z,23.41
2025-10-09T14:00Z,18.73
2025-10-09T15:00Z,17.71
2025-10-09T16:00Z,19.91
2025-10-09T17:00Z,27.72
2025-10-09T18:00Z,34.92
2025-10-09T19:00Z,37.66
2025-10-09T20:00Z,39.3
2025-10-09T21:00Z,37.59
2025-10-09T22:00Z,46.94
2025-10-09T23:00Z,85.74
2025-10-10T00:00Z,78.9
2025-10-10T01:00Z,53.38
2025-10-10T02:00Z,38.15
2025-10-10T03:00Z,28.27
2025-10-10T04:00Z,25.13
2025-10-10T05:00Z,24.52
2025-10-10T06:00Z,22.72
2025-10-10T07:00Z,21.45
2025-10-10T08:00Z,20.59
2025-10-10T09:00Z,20.6
2025-10-10T10:00Z,22.66
2025-10-10T11:00Z,26.48
2025-10-10T12:00Z,29.56
2025-10-10T13:00Z,20.32
2025-10-10T14:00Z,15.41
2025-10-10T15:00Z,14.98
2025-10-10T16:00Z,16.93
2025-10-10T17:00Z,20.87
2025-10-10T18:00Z,29.7
2025-10-10T19:00Z,33.05
2025-10-10T20:00Z,34.74
2025-10-10T21:00Z,34.71
2025-10-10T22:00Z,41.59
2025-10-10T23:00Z,83.27
2025-10-11T00:00Z,77.36
2025-10-11T01:00Z,50.19
2025-10-11T02:00Z,36.67
2025-10-11T03:00Z,27.3
2025-10-11T04:00Z,24.31
2025-10-11T05:00Z,26.27
2025-10-11T06:00Z,23.92
2025-10-11T07:00Z,22.55
2025-10-11T08:00Z,21.91
2025-10-11T09:00Z,21.26
2025-10-11T10:00Z,22.06
2025-10-11T11:00Z,23.26
2025-10-11T12:00Z,25.35
2025-10-11T13:00Z,17.09
2025-10-11T14:00Z,12.89
2025-10-11T15:00Z,12.39
2025-10-11T16:00Z,11.38
2025-10-11T17:00Z,13.16
2025-10-11T18:00Z,14.76
2025-10-11T19:00Z,19.68
2025-10-11T20:00Z,22.95
2025-10-11T21:00Z,20.61
2025-10-11T22:00Z,29.05
2025-10-11T23:00Z,50.81
2025-10-12T00:00Z,43.39
2025-10-12T01:00Z,32.3
2025-10-12T02:00Z,23.69
2025-10-12T03:00Z,21.61
2025-10-12T04:00Z,21.16
2025-10-12T05:00Z,20.94
2025-10-12T06:00Z,18.91
2025-10-12T07:00Z,16.43
2025-10-12T08:00Z,16.22
2025-10-12T09:00Z,14.47
2025-10-12T10:00Z,13.86
2025-10-12T11:00Z,16.35
2025-10-12T12:00Z,15.74
2025-10-12T13:00Z,7.83
2025-10-12T14:00Z,1.06
2025-10-12T15:00Z,1.13
2025-10-12T16:00Z,3.78
2025-10-12T17:00Z,10.42
2025-10-12T18:00Z,15.41
2025-10-12T19:00Z,21.16
2025-10-12T20:00Z,24.14
2025-10-12T21:00Z,25.66
2025-10-12T22:00Z,40.02
2025-10-12T23:00Z,67.16
2025-10-13T00:00Z,65.07
2025-10-13T01:00Z,38.07
2025-10-13T02:00Z,34.44
2025-10-13T03:00Z,28.0
2025-10-13T04:00Z,25.32
2025-10-13T05:00Z,20.92
2025-10-13T06:00Z,19.51
2025-10-13T07:00Z,18.94
2025-10-13T08:00Z,20.59
2025-10-13T09:00Z,21.96
2025-10-13T10:00Z,25.74
2025-10-13T11:00Z,35.19
2025-10-13T12:00Z,38.84
2025-10-13T13:00Z,31.12
2025-10-13T14:00Z,23.88
2025-10-13T15:00Z,25.48
2025-10-13T16:00Z,28.42
2025-10-13T17:00Z,40.18
2025-10-13T18:00Z,45.6
2025-10-13T19:00Z,51.61
2025-10-13T20:00Z,48.94
2025-10-13T21:00Z,41.1
2025-10-13T22:00Z,63.52
2025-10-13T23:00Z,104.58
2025-10-14T00:00Z,78.87
2025-10-14T01:00Z,55.69
2025-10-14T02:00Z,43.67
2025-10-14T03:00Z,32.75
2025-10-14T04:00Z,25.6
2025-10-14T05:00Z,23.47
2025-10-14T06:00Z,22.07
2025-10-14T07:00Z,21.67
2025-10-14T08:00Z,21.97
2025-10-14T09:00Z,23.15
2025-10-14T10:00Z,26.0
2025-10-14T11:00Z,34.07
2025-10-14T12:00Z,37.09
2025-10-14T13:00Z,25.18
2025-10-14T14:00Z,19.89
2025-10-14T15:00Z,18.5
2025-10-14T16:00Z,20.44
2025-10-14T17:00Z,23.48
2025-10-14T18:00Z,29.34
2025-10-14T19:00Z,34.45
2025-10-14T20:00Z,36.15
2025-10-14T21:00Z,34.98
2025-10-14T22:00Z,53.79
2025-10-14T23:00Z,105.77
2025-10-15T00:00Z,95.21
2025-10-15T01:00Z,61.73
2025-10-15T02:00Z,38.16
2025-10-15T03:00Z,27.06
2025-10-15T04:00Z,23.31
2025-10-15T05:00Z,22.71
2025-10-15T06:00Z,21.62
2025-10-15T07:00Z,21.51
2025-10-15T08:00Z,21.93
2025-10-15T09:00Z,23.71
2025-10-15T10:00Z,25.7
2025-10-15T11:00Z,37.11
2025-10-15T12:00Z,44.27
2025-10-15T13:00Z,24.66
2025-10-15T14:00Z,17.35
2025-10-15T15:00Z,17.36
2025-10-15T16:00Z,18.5
2025-10-15T17:00Z,22.07
2025-10-15T18:00Z,29.76
2025-10-15T19:00Z,32.43
2025-10-15T20:00Z,33.97
2025-10-15T21:00Z,31.02
2025-10-15T22:00Z,45.0
2025-10-15T23:00Z,90.12
2025-10-16T00:00Z,73.64
2025-10-16T01:00Z,44.15
2025-10-16T02:00Z,29.22
2025-10-16T03:00Z,23.51
2025-10-16T04:00Z,20.78
2025-10-16T05:00Z,19.31
2025-10-16T06:00Z,17.51
2025-10-16T07:00Z,17.2
2025-10-16T08:00Z,16.49
2025-10-16T09:00Z,17.2
2025-10-16T10:00Z,19.2
2025-10-16T11:00Z,23.58
2025-10-16T12:00Z,26.01
2025-10-16T13:00Z,19.28
2025-10-16T14:00Z,14.09
2025-10-16T15:00Z,14.04
2025-10-16T16:00Z,13.16
2025-10-16T17:00Z,15.93
2025-10-16T18:00Z,20.19
2025-10-16T19:00Z,22.29
2025-10-16T20:00Z,25.29
2025-10-16T21:00Z,28.27
2025-10-16T22:00Z,37.19
2025-10-16T23:00Z,48.99
2025-10-17T00:00Z,44.85
2025-10-17T01:00Z,31.56
2025-10-17T02:00Z,24.31
2025-10-17T03:00Z,21.16
2025-10-17T04:00Z,18.99
2025-10-17T05:00Z,15.88
2025-10-17T06:00Z,15.0
2025-10-17T07:00Z,14.85
2025-10-17T08:00Z,14.78
2025-10-17T09:00Z,15.01
2025-10-17T10:00Z,17.62
2025-10-17T11:00Z,22.08
2025-10-17T12:00Z,25.2
2025-10-17T13:00Z,22.11
2025-10-17T14:00Z,17.5
2025-10-17T15:00Z,17.69
2025-10-17T16:00Z,22.08
2025-10-17T17:00Z,29.92
2025-10-17T18:00Z,37.04
2025-10-17T19:00Z,37.86
2025-10-17T20:00Z,41.55
2025-10-17T21:00Z,39.79
2025-10-17T22:00Z,56.49
2025-10-17T23:00Z,86.63
2025-10-18T00:00Z,72.69
2025-10-18T01:00Z,39.76
2025-10-18T02:00Z,29.14
2025-10-18T03:00Z,25.77
2025-10-18T04:00Z,22.52
2025-10-18T05:00Z,23.68
2025-10-18T06:00Z,22.7
2025-10-18T07:00Z,21.5
2025-10-18T08:00Z,21.06
2025-10-18T09:00Z,20.05
2025-10-18T10:00Z,20.94
2025-10-18T11:00Z,22.2
2025-10-18T12:00Z,23.47
2025-10-18T13:00Z,24.23
2025-10-18T14:00Z,28.34
2025-10-18T15:00Z,29.19
2025-10-18T16:00Z,30.12
2025-10-18T17:00Z,26.94
2025-10-18T18:00Z,27.66
2025-10-18T19:00Z,29.13
2025-10-18T20:00Z,28.8
2025-10-18T21:00Z,26.64
2025-10-18T22:00Z,34.61
2025-10-18T23:00Z,69.85
2025-10-19T00:00Z,70.9
2025-10-19T01:00Z,53.32
2025-10-19T02:00Z,35.64
2025-10-19T03:00Z,27.5
2025-10-19T04:00Z,21.95
2025-10-19T05:00Z,19.89
2025-10-19T06:00Z,18.54
2025-10-19T07:00Z,16.68
2025-10-19T08:00Z,16.56
2025-10-19T09:00Z,18.89
2025-10-19T10:00Z,21.13
2025-10-19T11:00Z,25.57
2025-10-19T12:00Z,30.07
2025-10-19T13:00Z,20.16
2025-10-19T14:00Z,10.89
2025-10-19T15:00Z,9.97
2025-10-19T16:00Z,13.54
2025-10-19T17:00Z,15.07
2025-10-19T18:00Z,16.08
2025-10-19T19:00Z,15.72
2025-10-19T20:00Z,15.13
2025-10-19T21:00Z,14.9
2025-10-19T22:00Z,20.43
2025-10-19T23:00Z,47.97
2025-10-20T00:00Z,39.29
2025-10-20T01:00Z,26.0
2025-10-20T02:00Z,17.55
2025-10-20T03:00Z,13.53
2025-10-20T04:00Z,14.09
2025-10-20T05:00Z,14.78
2025-10-20T06:00Z,13.25
2025-10-20T07:00Z,12.35
2025-10-20T08:00Z,11.62
2025-10-20T09:00Z,12.26
2025-10-20T10:00Z,13.87
2025-10-20T11:00Z,16.93
2025-10-20T12:00Z,18.64
2025-10-20T13:00Z,11.6
2025-10-20T14:00Z,0.33
2025-10-20T15:00Z,0.85
2025-10-20T16:00Z,3.04
2025-10-20T17:00Z,7.57
2025-10-20T18:00Z,15.56
2025-10-20T19:00Z,20.06
2025-10-20T20:00Z,22.28
2025-10-20T21:00Z,21.38
2025-10-20T22:00Z,35.7
2025-10-20T23:00Z,74.51
2025-10-21T00:00Z,70.34
2025-10-21T01:00Z,47.32
2025-10-21T02:00Z,29.9
2025-10-21T03:00Z,27.6
2025-10-21T04:00Z,19.86
2025-10-21T05:00Z,19.63
2025-10-21T06:00Z,17.95
2025-10-21T07:00Z,16.9
2025-10-21T08:00Z,16.54
2025-10-21T09:00Z,17.36
2025-10-21T10:00Z,19.21
2025-10-21T11:00Z,25.5
2025-10-21T12:00Z,30.15
2025-10-21T13:00Z,21.65
2025-10-21T14:00Z,16.25
2025-10-21T15:00Z,15.11
2025-10-21T16:00Z,16.97
2025-10-21T17:00Z,22.36
2025-10-21T18:00Z,27.84
2025-10-21T19:00Z,29.31
2025-10-21T20:00Z,27.09
2025-10-21T21:00Z,30.77
2025-10-21T22:00Z,94.03
2025-10-21T23:00Z,118.23
2025-10-22T00:00Z,106.14
2025-10-22T01:00Z,97.3
2025-10-22T02:00Z,61.49
2025-10-22T03:00Z,41.32
2025-10-22T04:00Z,31.25
2025-10-22T05:00Z,29.81
2025-10-22T06:00Z,25.58
2025-10-22T07:00Z,24.15
2025-10-22T08:00Z,23.54
2025-10-22T09:00Z,21.92
2025-10-22T10:00Z,22.49
2025-10-22T11:00Z,25.22
2025-10-22T12:00Z,24.99
2025-10-22T13:00Z,18.4
2025-10-22T14:00Z,10.28
2025-10-22T15:00Z,8.44
2025-10-22T16:00Z,8.09
2025-10-22T17:00Z,11.25
2025-10-22T18:00Z,16.18
2025-10-22T19:00Z,22.31
2025-10-22T20:00Z,23.01
2025-10-22T21:00Z,24.11
2025-10-22T22:00Z,37.25
2025-10-22T23:00Z,66.5
2025-10-23T00:00Z,54.58
2025-10-23T01:00Z,34.51
2025-10-23T02:00Z,27.7
2025-10-23T03:00Z,24.88
2025-10-23T04:00Z,22.15
2025-10-23T05:00Z,21.52
2025-10-23T06:00Z,20.86
2025-10-23T07:00Z,20.81
2025-10-23T08:00Z,21.63
2025-10-23T09:00Z,22.59
2025-10-23T10:00Z,23.3
2025-10-23T11:00Z,26.71
2025-10-23T12:00Z,30.39
2025-10-23T13:00Z,26.67
2025-10-23T14:00Z,23.48
2025-10-23T15:00Z,20.5
2025-10-23T16:00Z,21.46
2025-10-23T17:00Z,24.93
2025-10-23T18:00Z,27.17
2025-10-23T19:00Z,28.89
2025-10-23T20:00Z,31.36
2025-10-23T21:00Z,37.65
2025-10-23T22:00Z,56.23
2025-10-23T23:00Z,68.72
2025-10-24T00:00Z,52.25
2025-10-24T01:00Z,40.57
2025-10-24T02:00Z,32.6
2025-10-24T03:00Z,29.89
2025-10-24T04:00Z,26.46
2025-10-24T05:00Z,26.45
2025-10-24T06:00Z,26.87
2025-10-24T07:00Z,25.43
2025-10-24T08:00Z,23.7
2025-10-24T09:00Z,23.46
2025-10-24T10:00Z,23.0
2025-10-24T11:00Z,23.09
2025-10-24T12:00Z,23.92
2025-10-24T13:00Z,22.7
2025-10-24T14:00Z,23.9
2025-10-24T15:00Z,22.74
2025-10-24T16:00Z,24.84
2025-10-24T17:00Z,24.47
2025-10-24T18:00Z,24.74
2025-10-24T19:00Z,27.82
2025-10-24T20:00Z,37.43
2025-10-24T21:00Z,43.92
2025-10-24T22:00Z,55.55
2025-10-24T23:00Z,61.5
2025-10-25T00:00Z,55.47
2025-10-25T01:00Z,46.57
2025-10-25T02:00Z,40.34
2025-10-25T03:00Z,40.74
2025-10-25T04:00Z,38.61
2025-10-25T05:00Z,39.96
2025-10-25T06:00Z,37.49
2025-10-25T07:00Z,37.53
2025-10-25T08:00Z,38.03
2025-10-25T09:00Z,38.78
2025-10-25T10:00Z,39.4
2025-10-25T11:00Z,39.96
2025-10-25T12:00Z,41.64
2025-10-25T13:00Z,38.08
2025-10-25T14:00Z,34.85
2025-10-25T15:00Z,33.75
2025-10-25T16:00Z,30.31
2025-10-25T17:00Z,31.82
2025-10-25T18:00Z,32.06
2025-10-25T19:00Z,33.47
2025-10-25T20:00Z,40.04
2025-10-25T21:00Z,41.36
2025-10-25T22:00Z,49.96
2025-10-25T23:00Z,73.45
2025-10-26T00:00Z,77.78
2025-10-26T01:00Z,75.9
2025-10-26T02:00Z,70.48
2025-10-26T03:00Z,70.12
2025-10-26T04:00Z,48.62
2025-10-26T05:00Z,80.34
2025-10-26T06:00Z,71.62
2025-10-26T07:00Z,64.87
2025-10-26T08:00Z,58.27
2025-10-26T09:00Z,54.14
2025-10-26T10:00Z,48.45
2025-10-26T11:00Z,49.56
2025-10-26T12:00Z,44.84
2025-10-26T13:00Z,38.18
2025-10-26T14:00Z,30.04
2025-10-26T15:00Z,28.67
2025-10-26T16:00Z,27.15
2025-10-26T17:00Z,27.79
2025-10-26T18:00Z,28.86
2025-10-26T19:00Z,32.8
2025-10-26T20:00Z,30.1
2025-10-26T21:00Z,28.85
2025-10-26T22:00Z,57.25
2025-10-26T23:00Z,91.94
2025-10-27T00:00Z,88.37
2025-10-27T01:00Z,66.38
2025-10-27T02:00Z,46.25
2025-10-27T03:00Z,39.2
2025-10-27T04:00Z,30.73
2025-10-27T05:00Z,32.55
2025-10-27T06:00Z,29.99
2025-10-27T07:00Z,29.96
2025-10-27T08:00Z,30.81
2025-10-27T09:00Z,30.89
2025-10-27T10:00Z,37.74
2025-10-27T11:00Z,37.86
2025-10-27T12:00Z,43.78
2025-10-27T13:00Z,32.25
2025-10-27T14:00Z,21.21
2025-10-27T15:00Z,19.02
2025-10-27T16:00Z,20.64
2025-10-27T17:00Z,24.41
2025-10-27T18:00Z,25.42
2025-10-27T19:00Z,27.96
2025-10-27T20:00Z,27.97
2025-10-27T21:00Z,29.62
2025-10-27T22:00Z,60.77
2025-10-27T23:00Z,103.51
2025-10-28T00:00Z,79.01
2025-10-28T01:00Z,54.67
2025-10-28T02:00Z,43.34
2025-10-28T03:00Z,34.25
2025-10-28T04:00Z,26.9
2025-10-28T05:00Z,30.62
2025-10-28T06:00Z,29.15
2025-10-28T07:00Z,31.02
2025-10-28T08:00Z,29.72
2025-10-28T09:00Z,27.79
2025-10-28T10:00Z,28.02
2025-10-28T11:00Z,26.2
2025-10-28T12:00Z,22.84
2025-10-28T13:00Z,21.44
2025-10-28T14:00Z,17.35
2025-10-28T15:00Z,19.52
2025-10-28T16:00Z,21.49
2025-10-28T17:00Z,21.66
2025-10-28T18:00Z,25.08
2025-10-28T19:00Z,22.4
2025-10-28T20:00Z,20.66
2025-10-28T21:00Z,20.26
2025-10-28T22:00Z,26.61
2025-10-28T23:00Z,37.47
2025-10-29T00:00Z,37.9
2025-10-29T01:00Z,28.2
2025-10-29T02:00Z,22.48
2025-10-29T03:00Z,20.7
2025-10-29T04:00Z,19.09
2025-10-29T05:00Z,18.05
2025-10-29T06:00Z,15.21
2025-10-29T07:00Z,13.77
2025-10-29T08:00Z,13.62
2025-10-29T09:00Z,13.82
2025-10-29T10:00Z,17.35
2025-10-29T11:00Z,22.28
2025-10-29T12:00Z,23.98
2025-10-29T13:00Z,15.48
2025-10-29T14:00Z,5.19
2025-10-29T15:00Z,6.56
2025-10-29T16:00Z,7.63
2025-10-29T17:00Z,7.28
2025-10-29T18:00Z,5.91
2025-10-29T19:00Z,4.27
2025-10-29T20:00Z,4.9
2025-10-29T21:00Z,7.16
2025-10-29T22:00Z,17.9
2025-10-29T23:00Z,40.44
2025-10-30T00:00Z,44.81
2025-10-30T01:00Z,43.41
2025-10-30T02:00Z,43.62
2025-10-30T03:00Z,45.0
2025-10-30T04:00Z,39.98
2025-10-30T05:00Z,36.63
2025-10-30T06:00Z,34.95
2025-10-30T07:00Z,33.95
2025-10-30T08:00Z,38.54
2025-10-30T09:00Z,40.06
2025-10-30T10:00Z,53.6
2025-10-30T11:00Z,64.49
2025-10-30T12:00Z,86.97
2025-10-30T13:00Z,42.29
2025-10-30T14:00Z,20.17
2025-10-30T15:00Z,14.84
2025-10-30T16:00Z,14.34
2025-10-30T17:00Z,13.02
2025-10-30T18:00Z,14.41
2025-10-30T19:00Z,14.1
2025-10-30T20:00Z,13.02
2025-10-30T21:00Z,16.11
2025-10-30T22:00Z,30.49
2025-10-30T23:00Z,70.73
2025-10-31T00:00Z,67.51
2025-10-31T01:00Z,51.3
2025-10-31T02:00Z,37.82
2025-10-31T03:00Z,32.57
2025-10-31T04:00Z,27.42
2025-10-31T05:00Z,30.4
2025-10-31T06:00Z,29.86
2025-10-31T07:00Z,30.02
2025-10-31T08:00Z,32.2
2025-10-31T09:00Z,37.1
2025-10-31T10:00Z,44.96
2025-10-31T11:00Z,53.01
2025-10-31T12:00Z,59.51
2025-10-31T13:00Z,38.47
2025-10-31T14:00Z,18.51
2025-10-31T15:00Z,14.13
2025-10-31T16:00Z,13.58
2025-10-31T17:00Z,13.52
2025-10-31T18:00Z,13.62
2025-10-31T19:00Z,12.71
2025-10-31T20:00Z,11.23
2025-10-31T21:00Z,14.37
2025-10-31T22:00Z,28.45
2025-10-31T23:00Z,52.15
2025-11-01T00:00Z,43.25
2025-11-01T01:00Z,28.44
2025-11-01T02:00Z,23.26
2025-11-01T03:00Z,22.79
2025-11-01T04:00Z,23.2
2025-11-01T05:00Z,23.72
2025-11-01T06:00Z,23.39
2025-11-01T07:00Z,25.59
2025-11-01T08:00Z,26.48
2025-11-01T09:00Z,29.97
2025-11-01T10:00Z,32.69
2025-11-01T11:00Z,31.99
2025-11-01T12:00Z,35.98
2025-11-01T13:00Z,29.7
2025-11-01T14:00Z,19.88
2025-11-01T15:00Z,15.56
2025-11-01T16:00Z,15.58
2025-11-01T17:00Z,15.52
2025-11-01T18:00Z,16.25
2025-11-01T19:00Z,17.48
2025-11-01T20:00Z,20.3
2025-11-01T21:00Z,24.24
2025-11-01T22:00Z,47.11
2025-11-01T23:00Z,70.07
2025-11-02T00:00Z,72.35
2025-11-02T01:00Z,67.66
2025-11-02T02:00Z,68.14
2025-11-02T03:00Z,75.91
2025-11-02T04:00Z,50.77
2025-11-02T05:00Z,54.44
2025-11-02T06:00Z,44.76
2025-11-02T07:00Z,46.17
2025-11-02T08:00Z,50.08
2025-11-02T09:00Z,49.03
2025-11-02T10:00Z,47.47
2025-11-02T11:00Z,43.29
2025-11-02T12:00Z,35.1
2025-11-02T13:00Z,25.18
2025-11-02T14:00Z,13.89
2025-11-02T15:00Z,6.45
2025-11-02T16:00Z,6.42
2025-11-02T17:00Z,8.0
2025-11-02T18:00Z,9.12
2025-11-02T19:00Z,9.1
2025-11-02T20:00Z,9.61
2025-11-02T21:00Z,12.21
2025-11-02T22:00Z,26.79
2025-11-02T23:00Z,74.69
2025-11-03T00:00Z,64.17
2025-11-03T01:00Z,45.68
2025-11-03T02:00Z,29.84
2025-11-03T03:00Z,22.46
2025-11-03T04:00Z,25.57
2025-11-03T05:00Z,22.24
2025-11-03T06:00Z,19.58
2025-11-03T07:00Z,19.19
2025-11-03T08:00Z,19.07
2025-11-03T09:00Z,20.53
2025-11-03T10:00Z,23.26
2025-11-03T11:00Z,30.75
2025-11-03T12:00Z,36.93
2025-11-03T13:00Z,25.7
2025-11-03T14:00Z,12.4
2025-11-03T15:00Z,13.34
2025-11-03T16:00Z,13.64
2025-11-03T17:00Z,16.0
2025-11-03T18:00Z,19.85
2025-11-03T19:00Z,19.82
2025-11-03T20:00Z,17.65
2025-11-03T21:00Z,17.88
2025-11-03T22:00Z,29.52
2025-11-03T23:00Z,70.46
2025-11-04T00:00Z,43.15
2025-11-04T01:00Z,30.06
2025-11-04T02:00Z,25.61
2025-11-04T03:00Z,25.42
2025-11-04T04:00Z,25.63
2025-11-04T05:00Z,22.46
2025-11-04T06:00Z,18.9
2025-11-04T07:00Z,17.76
2025-11-04T08:00Z,16.97
2025-11-04T09:00Z,16.66
2025-11-04T10:00Z,18.69
2025-11-04T11:00Z,24.36
2025-11-04T12:00Z,28.94
2025-11-04T13:00Z,20.68
2025-11-04T14:00Z,3.85
2025-11-04T15:00Z,1.28
2025-11-04T16:00Z,1.96
2025-11-04T17:00Z,3.04
2025-11-04T18:00Z,6.59
2025-11-04T19:00Z,9.68
2025-11-04T20:00Z,10.36
2025-11-04T21:00Z,14.85
2025-11-04T22:00Z,27.9
2025-11-04T23:00Z,56.46
2025-11-05T00:00Z,40.66
2025-11-05T01:00Z,32.73
2025-11-05T02:00Z,25.97
2025-11-05T03:00Z,22.69
2025-11-05T04:00Z,21.5
2025-11-05T05:00Z,21.93
2025-11-05T06:00Z,15.93
2025-11-05T07:00Z,15.42
2025-11-05T08:00Z,15.03
2025-11-05T09:00Z,15.64
2025-11-05T10:00Z,17.37
2025-11-05T11:00Z,22.17
2025-11-05T12:00Z,23.88
2025-11-05T13:00Z,21.32
2025-11-05T14:00Z,8.37
2025-11-05T15:00Z,10.45
2025-11-05T16:00Z,13.54
2025-11-05T17:00Z,19.43
2025-11-05T18:00Z,23.86
2025-11-05T19:00Z,24.03
2025-11-05T20:00Z,25.26
2025-11-05T21:00Z,32.54
2025-11-05T22:00Z,62.1
2025-11-05T23:00Z,150.0
2025-11-06T00:00Z,89.24
2025-11-06T01:00Z,68.72
2025-11-06T02:00Z,44.23
2025-11-06T03:00Z,36.96
2025-11-06T04:00Z,36.09
2025-11-06T05:00Z,33.78
2025-11-06T06:00Z,32.05
2025-11-06T07:00Z,31.72
2025-11-06T08:00Z,35.11
2025-11-06T09:00Z,35.08
2025-11-06T10:00Z,35.09
2025-11-06T11:00Z,41.63
2025-11-06T12:00Z,53.9
2025-11-06T13:00Z,36.02
2025-11-06T14:00Z,21.96
2025-11-06T15:00Z,19.48
2025-11-06T16:00Z,19.81
2025-11-06T17:00Z,19.32
2025-11-06T18:00Z,18.52
2025-11-06T19:00Z,16.81
2025-11-06T20:00Z,17.32
2025-11-06T21:00Z,17.65
2025-11-06T22:00Z,35.14
2025-11-06T23:00Z,64.99
2025-11-07T00:00Z,42.55
2025-11-07T01:00Z,30.86
2025-11-07T02:00Z,24.33
2025-11-07T03:00Z,22.9
2025-11-07T04:00Z,20.75
2025-11-07T05:00Z,18.48
2025-11-07T06:00Z,20.52
2025-11-07T07:00Z,20.61
2025-11-07T08:00Z,19.63
2025-11-07T09:00Z,20.21
2025-11-07T10:00Z,22.74
2025-11-07T11:00Z,26.67
2025-11-07T12:00Z,26.72
2025-11-07T13:00Z,24.51
2025-11-07T14:00Z,7.98
2025-11-07T15:00Z,5.92
2025-11-07T16:00Z,7.33
2025-11-07T17:00Z,14.7
2025-11-07T18:00Z,19.46
2025-11-07T19:00Z,21.99
2025-11-07T20:00Z,24.03
2025-11-07T21:00Z,25.67
2025-11-07T22:00Z,68.96
2025-11-07T23:00Z,169.02
2025-11-08T00:00Z,133.25
2025-11-08T01:00Z,97.48
2025-11-08T02:00Z,68.68
2025-11-08T03:00Z,56.79
2025-11-08T04:00Z,50.07
2025-11-08T05:00Z,42.85
2025-11-08T06:00Z,47.82
2025-11-08T07:00Z,38.77
2025-11-08T08:00Z,34.54
2025-11-08T09:00Z,35.65
2025-11-08T10:00Z,34.95
2025-11-08T11:00Z,33.85
2025-11-08T12:00Z,30.57
2025-11-08T13:00Z,26.25
2025-11-08T14:00Z,17.85
2025-11-08T15:00Z,15.77
2025-11-08T16:00Z,19.24
2025-11-08T17:00Z,22.09
2025-11-08T18:00Z,22.84
2025-11-08T19:00Z,26.22
2025-11-08T20:00Z,23.41
2025-11-08T21:00Z,25.02
2025-11-08T22:00Z,44.63
2025-11-08T23:00Z,46.11
2025-11-09T00:00Z,33.32
2025-11-09T01:00Z,28.76
2025-11-09T02:00Z,24.31
2025-11-09T03:00Z,21.71
2025-11-09T04:00Z,23.79
2025-11-09T05:00Z,22.77
2025-11-09T06:00Z,23.03
2025-11-09T07:00Z,22.32
2025-11-09T08:00Z,21.23
2025-11-09T09:00Z,20.41
2025-11-09T10:00Z,19.87
2025-11-09T11:00Z,19.87
2025-11-09T12:00Z,16.81
2025-11-09T13:00Z,10.22
2025-11-09T14:00Z,0.96
2025-11-09T15:00Z,0.13
2025-11-09T16:00Z,-0.03
2025-11-09T17:00Z,0.21
2025-11-09T18:00Z,0.61
2025-11-09T19:00Z,0.98
2025-11-09T20:00Z,0.6
2025-11-09T21:00Z,2.84
2025-11-09T22:00Z,21.04
2025-11-09T23:00Z,43.84
2025-11-10T00:00Z,50.4
2025-11-10T01:00Z,50.97
2025-11-10T02:00Z,47.91
2025-11-10T03:00Z,50.39
2025-11-10T04:00Z,51.98
2025-11-10T05:00Z,52.02
2025-11-10T06:00Z,52.48
2025-11-10T07:00Z,51.71
2025-11-10T08:00Z,54.34
2025-11-10T09:00Z,61.78
2025-11-10T10:00Z,73.5
2025-11-10T11:00Z,111.73
2025-11-10T12:00Z,117.8
2025-11-10T13:00Z,96.79
2025-11-10T14:00Z,31.66
2025-11-10T15:00Z,24.25
2025-11-10T16:00Z,20.99
2025-11-10T17:00Z,19.28
2025-11-10T18:00Z,15.89
2025-11-10T19:00Z,13.3
2025-11-10T20:00Z,11.16
2025-11-10T21:00Z,11.23
2025-11-10T22:00Z,29.83
2025-11-10T23:00Z,61.21
2025-11-11T00:00Z,47.41
2025-11-11T01:00Z,35.9
2025-11-11T02:00Z,26.09
2025-11-11T03:00Z,21.15
2025-11-11T04:00Z,25.16
2025-11-11T05:00Z,22.91
2025-11-11T06:00Z,24.72
2025-11-11T07:00Z,23.82
2025-11-11T08:00Z,22.57
2025-11-11T09:00Z,23.36
2025-11-11T10:00Z,24.51
2025-11-11T11:00Z,29.45
2025-11-11T12:00Z,34.83
2025-11-11T13:00Z,29.83
2025-11-11T14:00Z,17.93
2025-11-11T15:00Z,11.88
2025-11-11T16:00Z,7.39
2025-11-11T17:00Z,2.08
2025-11-11T18:00Z,1.6
2025-11-11T19:00Z,0.89
2025-11-11T20:00Z,0.81
2025-11-11T21:00Z,1.37
2025-11-11T22:00Z,21.52
2025-11-11T23:00Z,34.68
2025-11-12T00:00Z,32.15
2025-11-12T01:00Z,30.24
2025-11-12T02:00Z,25.87
2025-11-12T03:00Z,22.93
2025-11-12T04:00Z,22.57
2025-11-12T05:00Z,22.36
2025-11-12T06:00Z,23.29
2025-11-12T07:00Z,22.68
2025-11-12T08:00Z,24.25
2025-11-12T09:00Z,24.86
2025-11-12T10:00Z,27.3
2025-11-12T11:00Z,34.18
2025-11-12T12:00Z,42.43
2025-11-12T13:00Z,40.44
2025-11-12T14:00Z,24.85
2025-11-12T15:00Z,20.03
2025-11-12T16:00Z,19.52
2025-11-12T17:00Z,19.6
2025-11-12T18:00Z,20.79
2025-11-12T19:00Z,23.3
2025-11-12T20:00Z,24.12
2025-11-12T21:00Z,25.34
2025-11-12T22:00Z,65.28
2025-11-12T23:00Z,101.63
2025-11-13T00:00Z,79.19
2025-11-13T01:00Z,64.8
2025-11-13T02:00Z,45.32
2025-11-13T03:00Z,34.99
2025-11-13T04:00Z,31.69
2025-11-13T05:00Z,27.56
2025-11-13T06:00Z,23.6
2025-11-13T07:00Z,22.64
2025-11-13T08:00Z,22.23
2025-11-13T09:00Z,22.31
2025-11-13T10:00Z,24.01
2025-11-13T11:00Z,28.33
2025-11-13T12:00Z,30.03
2025-11-13T13:00Z,27.7
2025-11-13T14:00Z,16.56
2025-11-13T15:00Z,13.92
2025-11-13T16:00Z,15.35
2025-11-13T17:00Z,17.38
2025-11-13T18:00Z,20.1
2025-11-13T19:00Z,21.87
2025-11-13T20:00Z,22.45
2025-11-13T21:00Z,23.8
2025-11-13T22:00Z,49.85
2025-11-13T23:00Z,66.51
2025-11-14T00:00Z,47.01
2025-11-14T01:00Z,37.44
2025-11-14T02:00Z,28.33
2025-11-14T03:00Z,23.28
2025-11-14T04:00Z,23.66
2025-11-14T05:00Z,21.58
2025-11-14T06:00Z,23.32
2025-11-14T07:00Z,21.59
2025-11-14T08:00Z,21.13
2025-11-14T09:00Z,21.21
2025-11-14T10:00Z,22.88
2025-11-14T11:00Z,26.56
2025-11-14T12:00Z,27.59
2025-11-14T13:00Z,25.13
2025-11-14T14:00Z,19.78
2025-11-14T15:00Z,14.71
2025-11-14T16:00Z,18.33
2025-11-14T17:00Z,23.96
2025-11-14T18:00Z,26.14
2025-11-14T19:00Z,27.24
2025-11-14T20:00Z,30.01
2025-11-14T21:00Z,29.2
2025-11-14T22:00Z,65.77
2025-11-14T23:00Z,74.2
2025-11-15T00:00Z,47.56
2025-11-15T01:00Z,35.01
2025-11-15T02:00Z,26.97
2025-11-15T03:00Z,22.66
2025-11-15T04:00Z,24.52
2025-11-15T05:00Z,21.85
2025-11-15T06:00Z,22.04
2025-11-15T07:00Z,20.41
2025-11-15T08:00Z,18.86
2025-11-15T09:00Z,18.38
2025-11-15T10:00Z,17.88
2025-11-15T11:00Z,18.52
2025-11-15T12:00Z,19.31
2025-11-15T13:00Z,18.42
2025-11-15T14:00Z,9.12
2025-11-15T15:00Z,4.2
2025-11-15T16:00Z,6.83
2025-11-15T17:00Z,13.41
2025-11-15T18:00Z,18.23
2025-11-15T19:00Z,22.01
2025-11-15T20:00Z,23.15
2025-11-15T21:00Z,27.05
2025-11-15T22:00Z,70.77
2025-11-15T23:00Z,81.73
2025-11-16T00:00Z,63.73
2025-11-16T01:00Z,45.09
2025-11-16T02:00Z,37.53
2025-11-16T03:00Z,31.06
2025-11-16T04:00Z,30.51
2025-11-16T05:00Z,28.42
2025-11-16T06:00Z,27.46
2025-11-16T07:00Z,28.25
2025-11-16T08:00Z,27.92
2025-11-16T09:00Z,28.99
2025-11-16T10:00Z,28.87
2025-11-16T11:00Z,29.92
2025-11-16T12:00Z,28.8
2025-11-16T13:00Z,27.23
2025-11-16T14:00Z,19.44
2025-11-16T15:00Z,18.33
2025-11-16T16:00Z,20.05
2025-11-16T17:00Z,23.0
2025-11-16T18:00Z,28.9
2025-11-16T19:00Z,35.56
2025-11-16T20:00Z,34.86
2025-11-16T21:00Z,38.33
2025-11-16T22:00Z,103.82
2025-11-16T23:00Z,146.39
2025-11-17T00:00Z,121.99
2025-11-17T01:00Z,98.91
2025-11-17T02:00Z,73.44
2025-11-17T03:00Z,47.19
2025-11-17T04:00Z,34.99
2025-11-17T05:00Z,26.78
2025-11-17T06:00Z,29.02
2025-11-17T07:00Z,25.3
2025-11-17T08:00Z,23.31
2025-11-17T09:00Z,23.15
2025-11-17T10:00Z,22.81
2025-11-17T11:00Z,25.1
2025-11-17T12:00Z,25.19
2025-11-17T13:00Z,26.46
2025-11-17T14:00Z,22.15
2025-11-17T15:00Z,18.63
2025-11-17T16:00Z,19.11
2025-11-17T17:00Z,20.09
2025-11-17T18:00Z,22.68
2025-11-17T19:00Z,25.06
2025-11-17T20:00Z,26.21
2025-11-17T21:00Z,26.68
2025-11-17T22:00Z,52.25
2025-11-17T23:00Z,76.18
2025-11-18T00:00Z,61.76
2025-11-18T01:00Z,47.95
2025-11-18T02:00Z,39.27
2025-11-18T03:00Z,31.89
2025-11-18T04:00Z,28.91
2025-11-18T05:00Z,25.44
2025-11-18T06:00Z,23.94
2025-11-18T07:00Z,23.27
2025-11-18T08:00Z,23.18
2025-11-18T09:00Z,23.07
2025-11-18T10:00Z,25.27
2025-11-18T11:00Z,32.58
2025-11-18T12:00Z,34.65
2025-11-18T13:00Z,38.84
2025-11-18T14:00Z,30.0
2025-11-18T15:00Z,29.42
2025-11-18T16:00Z,32.91
2025-11-18T17:00Z,34.99
2025-11-18T18:00Z,43.0
2025-11-18T19:00Z,47.71
2025-11-18T20:00Z,51.51
2025-11-18T21:00Z,63.84
2025-11-18T22:00Z,127.56
2025-11-18T23:00Z,150.82
2025-11-19T00:00Z,127.6
2025-11-19T01:00Z,97.15
2025-11-19T02:00Z,66.51
2025-11-19T03:00Z,50.17
2025-11-19T04:00Z,43.61
2025-11-19T05:00Z,34.49
2025-11-19T06:00Z,32.62
2025-11-19T07:00Z,30.81
2025-11-19T08:00Z,31.7
2025-11-19T09:00Z,35.05
2025-11-19T10:00Z,38.13
2025-11-19T11:00Z,43.78
2025-11-19T12:00Z,44.99
2025-11-19T13:00Z,47.8
2025-11-19T14:00Z,42.16
2025-11-19T15:00Z,38.34
2025-11-19T16:00Z,36.06
2025-11-19T17:00Z,35.98
2025-11-19T18:00Z,39.34
2025-11-19T19:00Z,51.87
2025-11-19T20:00Z,67.8
2025-11-19T21:00Z,87.54
2025-11-19T22:00Z,113.5
2025-11-19T23:00Z,101.07
2025-11-20T00:00Z,87.29
2025-11-20T01:00Z,79.06
2025-11-20T02:00Z,58.99
2025-11-20T03:00Z,50.67
2025-11-20T04:00Z,46.44
2025-11-20T05:00Z,38.79
2025-11-20T06:00Z,39.35
2025-11-20T07:00Z,35.93
2025-11-20T08:00Z,35.39
2025-11-20T09:00Z,30.58
2025-11-20T10:00Z,30.19
2025-11-20T11:00Z,32.62
2025-11-20T12:00Z,34.5
2025-11-20T13:00Z,36.53
2025-11-20T14:00Z,31.83
2025-11-20T15:00Z,31.2
2025-11-20T16:00Z,30.25
2025-11-20T17:00Z,28.81
2025-11-20T18:00Z,28.17
2025-11-20T19:00Z,32.74
2025-11-20T20:00Z,38.84
2025-11-20T21:00Z,45.8
2025-11-20T22:00Z,54.07
2025-11-20T23:00Z,63.31
2025-11-21T00:00Z,63.02
2025-11-21T01:00Z,89.1
2025-11-21T02:00Z,48.15
2025-11-21T03:00Z,45.72
2025-11-21T04:00Z,37.73
2025-11-21T05:00Z,32.17
2025-11-21T06:00Z,33.45
2025-11-21T07:00Z,30.32
2025-11-21T08:00Z,27.99
2025-11-21T09:00Z,27.45
2025-11-21T10:00Z,28.27
2025-11-21T11:00Z,32.7
2025-11-21T12:00Z,32.97
2025-11-21T13:00Z,32.0
2025-11-21T14:00Z,24.28
2025-11-21T15:00Z,21.46
2025-11-21T16:00Z,22.9
2025-11-21T17:00Z,24.98
2025-11-21T18:00Z,26.97
2025-11-21T19:00Z,28.4
2025-11-21T20:00Z,26.71
2025-11-21T21:00Z,31.64
2025-11-21T22:00Z,67.86
2025-11-21T23:00Z,93.34
2025-11-22T00:00Z,82.9
2025-11-22T01:00Z,79.53
2025-11-22T02:00Z,62.07
2025-11-22T03:00Z,52.37
2025-11-22T04:00Z,49.84
2025-11-22T05:00Z,40.7
2025-11-22T06:00Z,42.65
2025-11-22T07:00Z,40.4
2025-11-22T08:00Z,37.49
2025-11-22T09:00Z,34.98
2025-11-22T10:00Z,35.15
2025-11-22T11:00Z,40.02
2025-11-22T12:00Z,38.1
2025-11-22T13:00Z,34.06
2025-11-22T14:00Z,24.68
2025-11-22T15:00Z,21.72
2025-11-22T16:00Z,21.96
2025-11-22T17:00Z,23.37
2025-11-22T18:00Z,24.35
2025-11-22T19:00Z,22.47
2025-11-22T20:00Z,23.24
2025-11-22T21:00Z,28.54
2025-11-22T22:00Z,54.98
2025-11-22T23:00Z,76.39
2025-11-23T00:00Z,58.65
2025-11-23T01:00Z,51.0
2025-11-23T02:00Z,46.41
2025-11-23T03:00Z,37.09
2025-11-23T04:00Z,41.44
2025-11-23T05:00Z,37.5
2025-11-23T06:00Z,46.4
2025-11-23T07:00Z,40.82
2025-11-23T08:00Z,39.24
2025-11-23T09:00Z,37.18
2025-11-23T10:00Z,36.76
2025-11-23T11:00Z,35.82
2025-11-23T12:00Z,33.26
2025-11-23T13:00Z,29.7
2025-11-23T14:00Z,25.67
2025-11-23T15:00Z,24.93
2025-11-23T16:00Z,22.65
2025-11-23T17:00Z,20.42
2025-11-23T18:00Z,20.5
2025-11-23T19:00Z,21.24
2025-11-23T20:00Z,23.61
2025-11-23T21:00Z,29.36
2025-11-23T22:00Z,43.25
2025-11-23T23:00Z,51.77
2025-11-24T00:00Z,50.93
2025-11-24T01:00Z,50.52
2025-11-24T02:00Z,47.37
2025-11-24T03:00Z,42.86
2025-11-24T04:00Z,43.38
2025-11-24T05:00Z,36.7
2025-11-24T06:00Z,31.44
2025-11-24T07:00Z,30.0
2025-11-24T08:00Z,29.53
2025-11-24T09:00Z,29.34
2025-11-24T10:00Z,30.23
2025-11-24T11:00Z,34.36
2025-11-24T12:00Z,35.58
2025-11-24T13:00Z,36.66
2025-11-24T14:00Z,29.83
2025-11-24T15:00Z,27.62
2025-11-24T16:00Z,26.9
2025-11-24T17:00Z,26.25
2025-11-24T18:00Z,24.35
2025-11-24T19:00Z,21.48
2025-11-24T20:00Z,20.53
2025-11-24T21:00Z,26.24
2025-11-24T22:00Z,43.87
2025-11-24T23:00Z,63.82
2025-11-25T00:00Z,68.2
2025-11-25T01:00Z,66.99
2025-11-25T02:00Z,64.59
2025-11-25T03:00Z,65.53
2025-11-25T04:00Z,70.27
2025-11-25T05:00Z,50.53
2025-11-25T06:00Z,53.8
2025-11-25T07:00Z,52.1
2025-11-25T08:00Z,49.32
2025-11-25T09:00Z,48.79
2025-11-25T10:00Z,47.65
2025-11-25T11:00Z,59.38
2025-11-25T12:00Z,78.32
2025-11-25T13:00Z,72.18
2025-11-25T14:00Z,34.76
2025-11-25T15:00Z,27.9
2025-11-25T16:00Z,22.98
2025-11-25T17:00Z,22.2
2025-11-25T18:00Z,21.0
2025-11-25T19:00Z,19.83
2025-11-25T20:00Z,15.91
2025-11-25T21:00Z,17.22
2025-11-25T22:00Z,42.8
2025-11-25T23:00Z,55.26
2025-11-26T00:00Z,42.89
2025-11-26T01:00Z,32.13
2025-11-26T02:00Z,24.37
2025-11-26T03:00Z,21.98
2025-11-26T04:00Z,22.44
2025-11-26T05:00Z,21.44
2025-11-26T06:00Z,19.72
2025-11-26T07:00Z,20.44
2025-11-26T08:00Z,21.44
2025-11-26T09:00Z,21.85
2025-11-26T10:00Z,24.83
2025-11-26T11:00Z,32.33
2025-11-26T12:00Z,41.52
2025-11-26T13:00Z,47.04
2025-11-26T14:00Z,27.73
2025-11-26T15:00Z,20.38
2025-11-26T16:00Z,18.42
2025-11-26T17:00Z,17.61
2025-11-26T18:00Z,17.76
2025-11-26T19:00Z,15.62
2025-11-26T20:00Z,13.55
2025-11-26T21:00Z,17.92
2025-11-26T22:00Z,39.98
2025-11-26T23:00Z,70.7
2025-11-27T00:00Z,60.07
2025-11-27T01:00Z,52.56
2025-11-27T02:00Z,42.08
2025-11-27T03:00Z,35.23
2025-11-27T04:00Z,34.97
2025-11-27T05:00Z,31.99
2025-11-27T06:00Z,30.88
2025-11-27T07:00Z,30.88
2025-11-27T08:00Z,34.74
2025-11-27T09:00Z,39.96
2025-11-27T10:00Z,46.12
2025-11-27T11:00Z,51.51
2025-11-27T12:00Z,49.51
2025-11-27T13:00Z,45.7
2025-11-27T14:00Z,28.29
2025-11-27T15:00Z,26.41
2025-11-27T16:00Z,22.3
2025-11-27T17:00Z,20.35
2025-11-27T18:00Z,16.82
2025-11-27T19:00Z,14.91
2025-11-27T20:00Z,12.32
2025-11-27T21:00Z,15.29
2025-11-27T22:00Z,32.26
2025-11-27T23:00Z,48.79
2025-11-28T00:00Z,40.71
2025-11-28T01:00Z,34.16
2025-11-28T02:00Z,28.19
2025-11-28T03:00Z,25.06
2025-11-28T04:00Z,28.47
2025-11-28T05:00Z,27.99
2025-11-28T06:00Z,28.3
2025-11-28T07:00Z,27.89
2025-11-28T08:00Z,26.92
2025-11-28T09:00Z,26.2
2025-11-28T10:00Z,26.62
2025-11-28T11:00Z,28.17
2025-11-28T12:00Z,26.7
2025-11-28T13:00Z,26.11
2025-11-28T14:00Z,20.67
2025-11-28T15:00Z,16.76
2025-11-28T16:00Z,10.86
2025-11-28T17:00Z,4.81
2025-11-28T18:00Z,3.67
2025-11-28T19:00Z,5.36
2025-11-28T20:00Z,7.35
2025-11-28T21:00Z,14.73
2025-11-28T22:00Z,22.78
2025-11-28T23:00Z,22.33
2025-11-29T00:00Z,22.37
2025-11-29T01:00Z,22.38
2025-11-29T02:00Z,20.65
2025-11-29T03:00Z,18.81
2025-11-29T04:00Z,18.78
2025-11-29T05:00Z,18.08
2025-11-29T06:00Z,16.4
2025-11-29T07:00Z,15.07
2025-11-29T08:00Z,15.0
2025-11-29T09:00Z,16.82
2025-11-29T10:00Z,16.94
2025-11-29T11:00Z,16.99
2025-11-29T12:00Z,16.73
2025-11-29T13:00Z,18.57
2025-11-29T14:00Z,18.74
2025-11-29T15:00Z,18.84
2025-11-29T16:00Z,21.14
2025-11-29T17:00Z,23.75
2025-11-29T18:00Z,25.04
2025-11-29T19:00Z,23.89
2025-11-29T20:00Z,23.04
2025-11-29T21:00Z,17.44
2025-11-29T22:00Z,25.26
2025-11-29T23:00Z,24.52
2025-11-30T00:00Z,24.68
2025-11-30T01:00Z,23.02
2025-11-30T02:00Z,22.03
2025-11-30T03:00Z,20.99
2025-11-30T04:00Z,24.18
2025-11-30T05:00Z,23.57
2025-11-30T06:00Z,22.21
2025-11-30T07:00Z,21.55
2025-11-30T08:00Z,23.61
2025-11-30T09:00Z,25.92
2025-11-30T10:00Z,27.8
2025-11-30T11:00Z,28.36
2025-11-30T12:00Z,30.11
2025-11-30T13:00Z,31.77
2025-11-30T14:00Z,30.67
2025-11-30T15:00Z,30.69
2025-11-30T16:00Z,36.01
2025-11-30T17:00Z,36.29
2025-11-30T18:00Z,37.57
2025-11-30T19:00Z,38.56
2025-11-30T20:00Z,41.68
2025-11-30T21:00Z,42.85
2025-11-30T22:00Z,55.41
2025-11-30T23:00Z,68.26
2025-12-01T00:00Z,65.0
2025-12-01T01:00Z,72.75
2025-12-01T02:00Z,70.92
2025-12-01T03:00Z,73.35
2025-12-01T04:00Z,71.12
2025-12-01T05:00Z,65.28
2025-12-01T06:00Z,55.65
2025-12-01T07:00Z,55.89
2025-12-01T08:00Z,59.25
2025-12-01T09:00Z,59.82
2025-12-01T10:00Z,64.99
2025-12-01T11:00Z,80.88
2025-12-01T12:00Z,100.0
2025-12-01T13:00Z,106.32
2025-12-01T14:00Z,113.21
2025-12-01T15:00Z,84.27
2025-12-01T16:00Z,77.1
2025-12-01T17:00Z,71.97
2025-12-01T18:00Z,64.32
2025-12-01T19:00Z,58.19
2025-12-01T20:00Z,56.01
2025-12-01T21:00Z,64.05
2025-12-01T22:00Z,76.15
2025-12-01T23:00Z,106.46
2025-12-02T00:00Z,100.15
2025-12-02T01:00Z,93.37
2025-12-02T02:00Z,99.13
2025-12-02T03:00Z,91.52
2025-12-02T04:00Z,84.02
2025-12-02T05:00Z,69.7
2025-12-02T06:00Z,97.93
2025-12-02T07:00Z,98.7
2025-12-02T08:00Z,89.63
2025-12-02T09:00Z,89.47
2025-12-02T10:00Z,106.75
2025-12-02T11:00Z,127.47
2025-12-02T12:00Z,159.19
2025-12-02T13:00Z,134.02
2025-12-02T14:00Z,60.7
2025-12-02T15:00Z,36.02
2025-12-02T16:00Z,33.09
2025-12-02T17:00Z,27.07
2025-12-02T18:00Z,20.72
2025-12-02T19:00Z,13.3
2025-12-02T20:00Z,8.49
2025-12-02T21:00Z,8.31
2025-12-02T22:00Z,23.26
2025-12-02T23:00Z,34.22
2025-12-03T00:00Z,36.08
2025-12-03T01:00Z,33.48
2025-12-03T02:00Z,28.94
2025-12-03T03:00Z,26.88
2025-12-03T04:00Z,26.02
2025-12-03T05:00Z,23.02
2025-12-03T06:00Z,22.05
2025-12-03T07:00Z,20.87
2025-12-03T08:00Z,21.79
2025-12-03T09:00Z,24.13
2025-12-03T10:00Z,24.6
2025-12-03T11:00Z,33.54
2025-12-03T12:00Z,43.71
2025-12-03T13:00Z,42.4
2025-12-03T14:00Z,28.81
2025-12-03T15:00Z,25.5
2025-12-03T16:00Z,23.39
2025-12-03T17:00Z,24.63
2025-12-03T18:00Z,25.07
2025-12-03T19:00Z,25.4
2025-12-03T20:00Z,25.14
2025-12-03T21:00Z,29.22
2025-12-03T22:00Z,41.11
2025-12-03T23:00Z,45.08
2025-12-04T00:00Z,41.92
2025-12-04T01:00Z,34.44
2025-12-04T02:00Z,30.62
2025-12-04T03:00Z,26.89
2025-12-04T04:00Z,28.93
2025-12-04T05:00Z,26.62
2025-12-04T06:00Z,20.95
2025-12-04T07:00Z,21.49
2025-12-04T08:00Z,22.42
2025-12-04T09:00Z,23.13
2025-12-04T10:00Z,23.09
2025-12-04T11:00Z,28.66
2025-12-04T12:00Z,31.99
2025-12-04T13:00Z,37.58
2025-12-04T14:00Z,43.7
2025-12-04T15:00Z,53.99
2025-12-04T16:00Z,51.39
2025-12-04T17:00Z,56.11
2025-12-04T18:00Z,57.0
2025-12-04T19:00Z,58.28
2025-12-04T20:00Z,58.97
2025-12-04T21:00Z,69.51
2025-12-04T22:00Z,79.03
2025-12-04T23:00Z,105.51
2025-12-05T00:00Z,104.49
2025-12-05T01:00Z,110.14
2025-12-05T02:00Z,106.55
2025-12-05T03:00Z,101.62
2025-12-05T04:00Z,99.66
2025-12-05T05:00Z,80.38
2025-12-05T06:00Z,62.5
2025-12-05T07:00Z,47.91
2025-12-05T08:00Z,46.29
2025-12-05T09:00Z,45.01
2025-12-05T10:00Z,46.47
2025-12-05T11:00Z,58.0
2025-12-05T12:00Z,69.26
2025-12-05T13:00Z,72.09
2025-12-05T14:00Z,59.16
2025-12-05T15:00Z,59.01
2025-12-05T16:00Z,53.49
2025-12-05T17:00Z,41.46
2025-12-05T18:00Z,35.21
2025-12-05T19:00Z,33.41
2025-12-05T20:00Z,30.17
2025-12-05T21:00Z,34.88
2025-12-05T22:00Z,57.13
2025-12-05T23:00Z,77.75
2025-12-06T00:00Z,75.54
2025-12-06T01:00Z,63.75
2025-12-06T02:00Z,59.32
2025-12-06T03:00Z,49.71
2025-12-06T04:00Z,45.54
2025-12-06T05:00Z,44.06
2025-12-06T06:00Z,45.17
2025-12-06T07:00Z,48.1
2025-12-06T08:00Z,46.9
2025-12-06T09:00Z,50.9
2025-12-06T10:00Z,53.44
2025-12-06T11:00Z,56.26
2025-12-06T12:00Z,49.36
2025-12-06T13:00Z,48.67
2025-12-06T14:00Z,35.01
2025-12-06T15:00Z,32.59
2025-12-06T16:00Z,27.73
2025-12-06T17:00Z,19.07
2025-12-06T18:00Z,15.18
2025-12-06T19:00Z,5.46
2025-12-06T20:00Z,2.47
2025-12-06T21:00Z,2.12
2025-12-06T22:00Z,24.0
2025-12-06T23:00Z,36.02
2025-12-07T00:00Z,37.66
2025-12-07T01:00Z,36.98
2025-12-07T02:00Z,33.66
2025-12-07T03:00Z,30.88
2025-12-07T04:00Z,34.64
2025-12-07T05:00Z,31.02
2025-12-07T06:00Z,30.52
2025-12-07T07:00Z,31.35
2025-12-07T08:00Z,31.18
2025-12-07T09:00Z,32.04
2025-12-07T10:00Z,33.01
2025-12-07T11:00Z,35.78
2025-12-07T12:00Z,33.31
2025-12-07T13:00Z,34.49
2025-12-07T14:00Z,22.71
2025-12-07T15:00Z,10.57
2025-12-07T16:00Z,7.18
2025-12-07T17:00Z,7.21
2025-12-07T18:00Z,6.87
2025-12-07T19:00Z,7.19
2025-12-07T20:00Z,7.2
2025-12-07T21:00Z,12.38
2025-12-07T22:00Z,34.96
2025-12-07T23:00Z,48.12
2025-12-08T00:00Z,50.04
2025-12-08T01:00Z,54.05
2025-12-08T02:00Z,52.52
2025-12-08T03:00Z,50.88
2025-12-08T04:00Z,52.02
2025-12-08T05:00Z,47.42
2025-12-08T06:00Z,47.1
2025-12-08T07:00Z,49.87
2025-12-08T08:00Z,49.14
2025-12-08T09:00Z,50.64
2025-12-08T10:00Z,57.02
2025-12-08T11:00Z,74.67
2025-12-08T12:00Z,76.11
2025-12-08T13:00Z,76.73
2025-12-08T14:00Z,37.81
2025-12-08T15:00Z,32.88
2025-12-08T16:00Z,30.92
2025-12-08T17:00Z,24.67
2025-12-08T18:00Z,20.36
2025-12-08T19:00Z,15.28
2025-12-08T20:00Z,10.9
2025-12-08T21:00Z,8.4
2025-12-08T22:00Z,32.23
2025-12-08T23:00Z,48.26
2025-12-09T00:00Z,47.56
2025-12-09T01:00Z,41.63
2025-12-09T02:00Z,37.44
2025-12-09T03:00Z,32.73
2025-12-09T04:00Z,36.51
2025-12-09T05:00Z,34.22
2025-12-09T06:00Z,32.07
2025-12-09T07:00Z,32.84
2025-12-09T08:00Z,31.93
2025-12-09T09:00Z,32.92
2025-12-09T10:00Z,35.08
2025-12-09T11:00Z,39.93
2025-12-09T12:00Z,56.86
2025-12-09T13:00Z,54.97
2025-12-09T14:00Z,32.28
2025-12-09T15:00Z,22.14
2025-12-09T16:00Z,18.45
2025-12-09T17:00Z,15.86
2025-12-09T18:00Z,13.13
2025-12-09T19:00Z,9.73
2025-12-09T20:00Z,4.4
2025-12-09T21:00Z,5.0
2025-12-09T22:00Z,25.13
2025-12-09T23:00Z,44.87
2025-12-10T00:00Z,39.25
2025-12-10T01:00Z,34.08
2025-12-10T02:00Z,31.36
2025-12-10T03:00Z,30.6
2025-12-10T04:00Z,25.1
2025-12-10T05:00Z,23.89
2025-12-10T06:00Z,24.83
2025-12-10T07:00Z,25.12
2025-12-10T08:00Z,26.66
2025-12-10T09:00Z,28.3
2025-12-10T10:00Z,31.72
2025-12-10T11:00Z,40.27
2025-12-10T12:00Z,38.18
2025-12-10T13:00Z,34.67
2025-12-10T14:00Z,25.78
2025-12-10T15:00Z,9.97
2025-12-10T16:00Z,6.86
2025-12-10T17:00Z,5.65
2025-12-10T18:00Z,4.54
2025-12-10T19:00Z,6.98
2025-12-10T20:00Z,9.42
2025-12-10T21:00Z,20.1
2025-12-10T22:00Z,36.84
2025-12-10T23:00Z,64.12
2025-12-11T00:00Z,68.3
2025-12-11T01:00Z,60.94
2025-12-11T02:00Z,64.34
2025-12-11T03:00Z,58.2
2025-12-11T04:00Z,50.68
2025-12-11T05:00Z,41.34
2025-12-11T06:00Z,39.17
2025-12-11T07:00Z,36.65
2025-12-11T08:00Z,34.36
2025-12-11T09:00Z,29.63
2025-12-11T10:00Z,30.07
2025-12-11T11:00Z,32.95
2025-12-11T12:00Z,42.02
2025-12-11T13:00Z,46.26
2025-12-11T14:00Z,32.32
2025-12-11T15:00Z,19.16
2025-12-11T16:00Z,12.79
2025-12-11T17:00Z,11.94
2025-12-11T18:00Z,11.16
2025-12-11T19:00Z,10.7
2025-12-11T20:00Z,8.11
2025-12-11T21:00Z,9.64
2025-12-11T22:00Z,29.35
2025-12-11T23:00Z,43.8
2025-12-12T00:00Z,37.58
2025-12-12T01:00Z,31.98
2025-12-12T02:00Z,29.56
2025-12-12T03:00Z,27.39
2025-12-12T04:00Z,27.26
2025-12-12T05:00Z,25.64
2025-12-12T06:00Z,26.51
2025-12-12T07:00Z,26.94
2025-12-12T08:00Z,27.47
2025-12-12T09:00Z,29.88
2025-12-12T10:00Z,34.01
2025-12-12T11:00Z,44.97
2025-12-12T12:00Z,48.28
2025-12-12T13:00Z,57.81
2025-12-12T14:00Z,33.51
2025-12-12T15:00Z,25.64
2025-12-12T16:00Z,20.52
2025-12-12T17:00Z,16.56
2025-12-12T18:00Z,17.35
2025-12-12T19:00Z,18.95
2025-12-12T20:00Z,19.51
2025-12-12T21:00Z,22.07
2025-12-12T22:00Z,37.21
2025-12-12T23:00Z,53.7
2025-12-13T00:00Z,47.54
2025-12-13T01:00Z,46.53
2025-12-13T02:00Z,45.5
2025-12-13T03:00Z,47.4
2025-12-13T04:00Z,52.57
2025-12-13T05:00Z,52.19
2025-12-13T06:00Z,50.05
2025-12-13T07:00Z,50.72
2025-12-13T08:00Z,50.49
2025-12-13T09:00Z,50.07
2025-12-13T10:00Z,50.04
2025-12-13T11:00Z,54.5
2025-12-13T12:00Z,51.25
2025-12-13T13:00Z,53.31
2025-12-13T14:00Z,45.83
2025-12-13T15:00Z,34.71
2025-12-13T16:00Z,35.17
2025-12-13T17:00Z,31.31
2025-12-13T18:00Z,29.37
2025-12-13T19:00Z,30.38
2025-12-13T20:00Z,29.42
2025-12-13T21:00Z,30.42
2025-12-13T22:00Z,43.38
2025-12-13T23:00Z,50.2
2025-12-14T00:00Z,48.32
2025-12-14T01:00Z,42.5
2025-12-14T02:00Z,30.27
2025-12-14T03:00Z,26.84
2025-12-14T04:00Z,23.7
2025-12-14T05:00Z,21.35
2025-12-14T06:00Z,17.52
2025-12-14T07:00Z,17.14
2025-12-14T08:00Z,17.74
2025-12-14T09:00Z,18.52
2025-12-14T10:00Z,19.77
2025-12-14T11:00Z,21.88
2025-12-14T12:00Z,23.27
2025-12-14T13:00Z,26.27
2025-12-14T14:00Z,27.55
2025-12-14T15:00Z,27.39
2025-12-14T16:00Z,29.22
2025-12-14T17:00Z,31.04
2025-12-14T18:00Z,30.98
2025-12-14T19:00Z,29.85
2025-12-14T20:00Z,28.47
2025-12-14T21:00Z,28.97
2025-12-14T22:00Z,50.04
2025-12-14T23:00Z,71.08
2025-12-15T00:00Z,81.02
2025-12-15T01:00Z,82.06
2025-12-15T02:00Z,75.04
2025-12-15T03:00Z,66.38
2025-12-15T04:00Z,58.13
2025-12-15T05:00Z,45.96
2025-12-15T06:00Z,46.92
2025-12-15T07:00Z,55.6
2025-12-15T08:00Z,52.07
2025-12-15T09:00Z,52.57
2025-12-15T10:00Z,54.84
2025-12-15T11:00Z,82.47
2025-12-15T12:00Z,108.11
2025-12-15T13:00Z,105.99
2025-12-15T14:00Z,51.54
2025-12-15T15:00Z,34.59
2025-12-15T16:00Z,27.07
2025-12-15T17:00Z,25.02
2025-12-15T18:00Z,22.58
2025-12-15T19:00Z,20.13
2025-12-15T20:00Z,18.94
2025-12-15T21:00Z,20.27
2025-12-15T22:00Z,32.42
2025-12-15T23:00Z,47.24
2025-12-16T00:00Z,43.94
2025-12-16T01:00Z,38.14
2025-12-16T02:00Z,32.07
2025-12-16T03:00Z,28.87
2025-12-16T04:00Z,27.38
2025-12-16T05:00Z,25.72
2025-12-16T06:00Z,27.24
2025-12-16T07:00Z,26.57
2025-12-16T08:00Z,27.18
2025-12-16T09:00Z,26.96
2025-12-16T10:00Z,29.2
2025-12-16T11:00Z,33.28
2025-12-16T12:00Z,51.81
2025-12-16T13:00Z,51.31
2025-12-16T14:00Z,43.4
2025-12-16T15:00Z,39.14
2025-12-16T16:00Z,33.52
2025-12-16T17:00Z,26.02
2025-12-16T18:00Z,23.95
2025-12-16T19:00Z,24.15
2025-12-16T20:00Z,22.39
2025-12-16T21:00Z,24.93
2025-12-16T22:00Z,35.55
2025-12-16T23:00Z,46.09
2025-12-17T00:00Z,43.29
2025-12-17T01:00Z,36.71
2025-12-17T02:00Z,33.61
2025-12-17T03:00Z,28.83
2025-12-17T04:00Z,30.05
2025-12-17T05:00Z,30.82
2025-12-17T06:00Z,25.31
2025-12-17T07:00Z,26.22
2025-12-17T08:00Z,26.54
2025-12-17T09:00Z,27.38
2025-12-17T10:00Z,29.49
2025-12-17T11:00Z,35.06
2025-12-17T12:00Z,51.03
2025-12-17T13:00Z,58.42
2025-12-17T14:00Z,51.52
2025-12-17T15:00Z,44.64
2025-12-17T16:00Z,42.98
2025-12-17T17:00Z,41.36
2025-12-17T18:00Z,38.59
2025-12-17T19:00Z,34.11
2025-12-17T20:00Z,34.14
2025-12-17T21:00Z,30.85
2025-12-17T22:00Z,40.17
2025-12-17T23:00Z,49.34
2025-12-18T00:00Z,43.17
2025-12-18T01:00Z,29.29
2025-12-18T02:00Z,24.21
2025-12-18T03:00Z,21.61
2025-12-18T04:00Z,22.52
2025-12-18T05:00Z,20.56
2025-12-18T06:00Z,20.64
2025-12-18T07:00Z,19.03
2025-12-18T08:00Z,17.56
2025-12-18T09:00Z,17.21
2025-12-18T10:00Z,18.73
2025-12-18T11:00Z,24.91
2025-12-18T12:00Z,25.97
2025-12-18T13:00Z,27.29
2025-12-18T14:00Z,21.72
2025-12-18T15:00Z,13.94
2025-12-18T16:00Z,7.87
2025-12-18T17:00Z,4.22
2025-12-18T18:00Z,2.15
2025-12-18T19:00Z,2.11
2025-12-18T20:00Z,2.56
2025-12-18T21:00Z,5.53
2025-12-18T22:00Z,24.72
2025-12-18T23:00Z,51.86
2025-12-19T00:00Z,49.75
2025-12-19T01:00Z,50.6
2025-12-19T02:00Z,48.07
2025-12-19T03:00Z,52.56
2025-12-19T04:00Z,45.43
2025-12-19T05:00Z,36.32
2025-12-19T06:00Z,36.25
2025-12-19T07:00Z,33.52
2025-12-19T08:00Z,29.85
2025-12-19T09:00Z,28.25
2025-12-19T10:00Z,26.8
2025-12-19T11:00Z,28.69
2025-12-19T12:00Z,29.36
2025-12-19T13:00Z,29.11
2025-12-19T14:00Z,26.36
2025-12-19T15:00Z,17.77
2025-12-19T16:00Z,10.36
2025-12-19T17:00Z,8.03
2025-12-19T18:00Z,6.4
2025-12-19T19:00Z,5.49
2025-12-19T20:00Z,6.12
2025-12-19T21:00Z,6.09
2025-12-19T22:00Z,20.81
2025-12-19T23:00Z,26.43
2025-12-20T00:00Z,28.53
2025-12-20T01:00Z,30.07
2025-12-20T02:00Z,28.78
2025-12-20T03:00Z,24.22
2025-12-20T04:00Z,23.18
2025-12-20T05:00Z,22.53
2025-12-20T06:00Z,21.13
2025-12-20T07:00Z,18.68
2025-12-20T08:00Z,17.42
2025-12-20T09:00Z,17.51
2025-12-20T10:00Z,19.16
2025-12-20T11:00Z,21.66
2025-12-20T12:00Z,21.97
2025-12-20T13:00Z,21.36
2025-12-20T14:00Z,18.03
2025-12-20T15:00Z,11.4
2025-12-20T16:00Z,10.3
2025-12-20T17:00Z,10.15
2025-12-20T18:00Z,9.65
2025-12-20T19:00Z,8.51
2025-12-20T20:00Z,8.42
2025-12-20T21:00Z,11.46
2025-12-20T22:00Z,26.75
2025-12-20T23:00Z,36.79
2025-12-21T00:00Z,30.58
2025-12-21T01:00Z,25.58
2025-12-21T02:00Z,23.84
2025-12-21T03:00Z,24.38
2025-12-21T04:00Z,23.5
2025-12-21T05:00Z,22.11
2025-12-21T06:00Z,22.73
2025-12-21T07:00Z,26.4
2025-12-21T08:00Z,26.05
2025-12-21T09:00Z,25.72
2025-12-21T10:00Z,23.87
2025-12-21T11:00Z,24.72
2025-12-21T12:00Z,25.15
2025-12-21T13:00Z,30.04
2025-12-21T14:00Z,28.16
2025-12-21T15:00Z,24.48
2025-12-21T16:00Z,27.03
2025-12-21T17:00Z,26.98
2025-12-21T18:00Z,26.68
2025-12-21T19:00Z,26.57
2025-12-21T20:00Z,26.28
2025-12-21T21:00Z,26.53
2025-12-21T22:00Z,37.41
2025-12-21T23:00Z,53.67
2025-12-22T00:00Z,50.06
2025-12-22T01:00Z,46.89
2025-12-22T02:00Z,37.95
2025-12-22T03:00Z,34.1
2025-12-22T04:00Z,28.88
2025-12-22T05:00Z,27.1
2025-12-22T06:00Z,23.8
2025-12-22T07:00Z,22.97
2025-12-22T08:00Z,22.94
2025-12-22T09:00Z,21.43
2025-12-22T10:00Z,21.6
2025-12-22T11:00Z,23.38
2025-12-22T12:00Z,23.26
2025-12-22T13:00Z,23.87
2025-12-22T14:00Z,22.11
2025-12-22T15:00Z,19.9
2025-12-22T16:00Z,20.28
2025-12-22T17:00Z,18.34
2025-12-22T18:00Z,15.45
2025-12-22T19:00Z,13.86
2025-12-22T20:00Z,13.57
2025-12-22T21:00Z,12.05
2025-12-22T22:00Z,21.01
2025-12-22T23:00Z,26.96
2025-12-23T00:00Z,25.81
2025-12-23T01:00Z,24.07
2025-12-23T02:00Z,23.0
2025-12-23T03:00Z,21.2
2025-12-23T04:00Z,21.04
2025-12-23T05:00Z,17.72
2025-12-23T06:00Z,17.57
2025-12-23T07:00Z,16.06
2025-12-23T08:00Z,15.19
2025-12-23T09:00Z,15.9
2025-12-23T10:00Z,16.91
2025-12-23T11:00Z,20.26
2025-12-23T12:00Z,21.31
2025-12-23T13:00Z,22.98
2025-12-23T14:00Z,22.26
2025-12-23T15:00Z,19.42
2025-12-23T16:00Z,17.97
2025-12-23T17:00Z,16.89
2025-12-23T18:00Z,17.89
2025-12-23T19:00Z,16.6
2025-12-23T20:00Z,17.12
2025-12-23T21:00Z,18.45
2025-12-23T22:00Z,29.64
2025-12-23T23:00Z,39.83
2025-12-24T00:00Z,31.2
2025-12-24T01:00Z,25.04
2025-12-24T02:00Z,21.79
2025-12-24T03:00Z,20.1
2025-12-24T04:00Z,21.8
2025-12-24T05:00Z,18.04
2025-12-24T06:00Z,18.37
2025-12-24T07:00Z,16.81
2025-12-24T08:00Z,16.96
2025-12-24T09:00Z,17.79
2025-12-24T10:00Z,18.74
2025-12-24T11:00Z,22.0
2025-12-24T12:00Z,23.53
2025-12-24T13:00Z,26.41
2025-12-24T14:00Z,23.35
2025-12-24T15:00Z,21.69
2025-12-24T16:00Z,19.06
2025-12-24T17:00Z,17.86
2025-12-24T18:00Z,16.43
2025-12-24T19:00Z,17.21
2025-12-24T20:00Z,17.75
2025-12-24T21:00Z,19.84
2025-12-24T22:00Z,31.94
2025-12-24T23:00Z,38.09
2025-12-25T00:00Z,27.65
2025-12-25T01:00Z,24.29
2025-12-25T02:00Z,22.04
2025-12-25T03:00Z,20.19
2025-12-25T04:00Z,20.5
2025-12-25T05:00Z,18.6
2025-12-25T06:00Z,17.55
2025-12-25T07:00Z,17.19
2025-12-25T08:00Z,17.31
2025-12-25T09:00Z,17.52
2025-12-25T10:00Z,16.91
2025-12-25T11:00Z,17.57
2025-12-25T12:00Z,15.59
2025-12-25T13:00Z,18.11
2025-12-25T14:00Z,17.23
2025-12-25T15:00Z,14.72
2025-12-25T16:00Z,15.57
2025-12-25T17:00Z,15.94
2025-12-25T18:00Z,16.12
2025-12-25T19:00Z,16.52
2025-12-25T20:00Z,17.2
2025-12-25T21:00Z,18.26
2025-12-25T22:00Z,23.8
2025-12-25T23:00Z,35.82
2025-12-26T00:00Z,27.37
2025-12-26T01:00Z,21.04
2025-12-26T02:00Z,19.06
2025-12-26T03:00Z,17.94
2025-12-26T04:00Z,17.31
2025-12-26T05:00Z,15.89
2025-12-26T06:00Z,14.98
2025-12-26T07:00Z,14.99
2025-12-26T08:00Z,14.56
2025-12-26T09:00Z,14.05
2025-12-26T10:00Z,14.1
2025-12-26T11:00Z,15.51
2025-12-26T12:00Z,17.68
2025-12-26T13:00Z,19.64
2025-12-26T14:00Z,19.4
2025-12-26T15:00Z,18.38
2025-12-26T16:00Z,20.52
2025-12-26T17:00Z,22.05
2025-12-26T18:00Z,24.22
2025-12-26T19:00Z,24.59
2025-12-26T20:00Z,25.25
2025-12-26T21:00Z,22.76
2025-12-26T22:00Z,44.1
2025-12-26T23:00Z,60.5
2025-12-27T00:00Z,40.38
2025-12-27T01:00Z,26.13
2025-12-27T02:00Z,24.08
2025-12-27T03:00Z,22.13
2025-12-27T04:00Z,18.95
2025-12-27T05:00Z,16.46
2025-12-27T06:00Z,16.88
2025-12-27T07:00Z,15.13
2025-12-27T08:00Z,14.43
2025-12-27T09:00Z,13.03
2025-12-27T10:00Z,13.09
2025-12-27T11:00Z,14.1
2025-12-27T12:00Z,12.78
2025-12-27T13:00Z,12.86
2025-12-27T14:00Z,11.9
2025-12-27T15:00Z,10.19
2025-12-27T16:00Z,10.72
2025-12-27T17:00Z,10.56
2025-12-27T18:00Z,9.52
2025-12-27T19:00Z,10.16
2025-12-27T20:00Z,9.79
2025-12-27T21:00Z,9.87
2025-12-27T22:00Z,17.01
2025-12-27T23:00Z,25.19
2025-12-28T00:00Z,21.57
2025-12-28T01:00Z,19.32
2025-12-28T02:00Z,16.74
2025-12-28T03:00Z,15.07
2025-12-28T04:00Z,16.73
2025-12-28T05:00Z,15.32
2025-12-28T06:00Z,13.08
2025-12-28T07:00Z,10.38
2025-12-28T08:00Z,8.85
2025-12-28T09:00Z,8.99
2025-12-28T10:00Z,10.86
2025-12-28T11:00Z,13.3
2025-12-28T12:00Z,12.85
2025-12-28T13:00Z,14.01
2025-12-28T14:00Z,14.71
2025-12-28T15:00Z,13.24
2025-12-28T16:00Z,11.2
2025-12-28T17:00Z,10.34
2025-12-28T18:00Z,9.45
2025-12-28T19:00Z,9.21
2025-12-28T20:00Z,10.61
2025-12-28T21:00Z,9.97
2025-12-28T22:00Z,15.68
2025-12-28T23:00Z,20.12
2025-12-29T00:00Z,19.46
2025-12-29T01:00Z,17.64
2025-12-29T02:00Z,15.31
2025-12-29T03:00Z,14.68
2025-12-29T04:00Z,16.69
2025-12-29T05:00Z,15.12
2025-12-29T06:00Z,18.28
2025-12-29T07:00Z,19.46
2025-12-29T08:00Z,18.94
2025-12-29T09:00Z,20.09
2025-12-29T10:00Z,21.01
2025-12-29T11:00Z,24.0
2025-12-29T12:00Z,25.61
2025-12-29T13:00Z,31.09
2025-12-29T14:00Z,27.53
2025-12-29T15:00Z,21.86
2025-12-29T16:00Z,18.95
2025-12-29T17:00Z,17.49
2025-12-29T18:00Z,16.56
2025-12-29T19:00Z,19.02
2025-12-29T20:00Z,22.24
2025-12-29T21:00Z,26.27
2025-12-29T22:00Z,34.51
2025-12-29T23:00Z,48.51
2025-12-30T00:00Z,59.6
2025-12-30T01:00Z,70.37
2025-12-30T02:00Z,68.42
2025-12-30T03:00Z,61.48
2025-12-30T04:00Z,51.72
2025-12-30T05:00Z,45.91
2025-12-30T06:00Z,49.16
2025-12-30T07:00Z,47.59
2025-12-30T08:00Z,50.52
2025-12-30T09:00Z,50.48
2025-12-30T10:00Z,49.28
2025-12-30T11:00Z,72.95
2025-12-30T12:00Z,81.9
2025-12-30T13:00Z,86.78
2025-12-30T14:00Z,42.69
2025-12-30T15:00Z,25.33
2025-12-30T16:00Z,24.15
2025-12-30T17:00Z,20.14
2025-12-30T18:00Z,17.01
2025-12-30T19:00Z,14.58
2025-12-30T20:00Z,10.22
2025-12-30T21:00Z,10.39
2025-12-30T22:00Z,23.59
2025-12-30T23:00Z,42.09
2025-12-31T00:00Z,42.47
2025-12-31T01:00Z,37.53
2025-12-31T02:00Z,35.1
2025-12-31T03:00Z,30.55
2025-12-31T04:00Z,28.54
2025-12-31T05:00Z,26.68
2025-12-31T06:00Z,27.9
2025-12-31T07:00Z,28.46
2025-12-31T08:00Z,28.1
2025-12-31T09:00Z,29.87
2025-12-31T10:00Z,36.59
2025-12-31T11:00Z,44.76
2025-12-31T12:00Z,48.93
2025-12-31T13:00Z,45.77
2025-12-31T14:00Z,27.38
2025-12-31T15:00Z,22.63
2025-12-31T16:00Z,21.7
2025-12-31T17:00Z,18.65
2025-12-31T18:00Z,17.13
2025-12-31T19:00Z,14.4
2025-12-31T20:00Z,11.47
2025-12-31T21:00Z,10.36
2025-12-31T22:00Z,23.56
2025-12-31T23:00Z,47.88
2026-01-01T00:00Z,44.03
2026-01-01T01:00Z,33.58
2026-01-01T02:00Z,26.45
2026-01-01T03:00Z,22.42
2026-01-01T04:00Z,24.04
2026-01-01T05:00Z,22.66
